"beta_out[1]","beta_out[2]","beta_out[3]","beta_out[4]"
0.720756182065269,0.468236163394136,0.111929869506834,0.262642199610299
0.666616625553246,0.465538726107772,0.139447016815352,0.204458293369814
0.613860057328494,0.470620010818534,0.104463202254558,0.214099098079483
0.763518747136413,0.779132513789275,0.155720413871735,0.30329349786866
0.555215812593903,0.471404183144693,0.152014551103291,0.222453703604437
0.680500446186935,0.704972745532524,0.128033656778692,0.284140133113295
0.764043595042591,0.496633978323767,0.169300341003321,0.285178161758465
0.646492541969578,0.738605569008209,0.100209305027567,0.224180986870394
0.882509757853079,0.614420632793621,0.20710596852241,0.334387135714342
0.973278756385649,0.641288804622277,0.204529801174455,0.320656414567482
0.470903916015678,0.675986673025444,0.0860187875685103,0.215529648023691
0.760496746964481,0.464997352218421,0.171264384877249,0.23818030701483
0.536544609487898,0.695551466309309,0.101844690662718,0.230173445754323
0.587761586287787,0.579305513284299,0.130800972568703,0.253259746318408
0.67487955184887,0.689111845825156,0.132414681791046,0.238755369739863
0.703089903989683,0.616582748988598,0.14801313956228,0.329806447459127
0.673707949263623,0.553783867877892,0.0952250713504891,0.195544806191173
0.650360988912114,0.590433254295646,0.127990485100916,0.272870939054028
0.79019300251392,0.611340944180449,0.185928030941059,0.336399400392963
0.613475827702042,0.592372732719799,0.163232945603827,0.197933775382752
0.541897464424779,0.597394441229892,0.166567426286754,0.241923935326415
0.615718802057351,0.582772215442757,0.122349086206304,0.209499038159987
0.703092522088335,0.636409850455425,0.145593876193864,0.293894041417033
0.674873968749529,0.563676822202351,0.114433333024802,0.240707144489902
0.812725928772108,0.502605067542154,0.154505601599652,0.234813237912308
0.8368733515519,0.494107668228337,0.145252006186754,0.239829870231728
0.669809931613096,0.552483439628175,0.13129434872085,0.292776444409633
0.712846800532255,0.641209749863306,0.15859936340661,0.20869127963066
0.725029760239987,0.656833505435486,0.130484481760181,0.319086690479087
0.742628545696565,0.67869188512786,0.160992029645619,0.275904271203765
0.681176033090062,0.605849626456476,0.157562625838447,0.319631351456368
0.685163097347364,0.506648595707148,0.132017513676932,0.247073979508439
0.661555861714663,0.615291924693361,0.104023182613937,0.269571493903082
0.75666983698265,0.543633725243575,0.0992413789752382,0.241790072046702
0.687958764956054,0.521565780236173,0.105750197321639,0.239135412487186
0.538315704296053,0.584554452262453,0.140291128190307,0.252995436352332
0.726075398874801,0.657668052963126,0.158294776085376,0.305293008142715
0.743257214721693,0.615856442585376,0.169245162742466,0.288248845293474
0.6413858326013,0.57534747567063,0.117549176573185,0.26285422087055
0.637735063995092,0.58954767783771,0.147001809219237,0.253062130558041
0.636589929667854,0.581783084748358,0.153834870161209,0.247542622061874
0.749380595658602,0.681584033874673,0.129332097541217,0.293171931718239
0.821585943041102,0.708955148667995,0.166216963751074,0.255726424220114
0.796714123617042,0.647715443074793,0.168975347327553,0.273552818070538
0.578103202357562,0.551240433364135,0.102222930670831,0.247659078194191
0.728851396693859,0.653937626161779,0.21588284314632,0.372776421152329
0.734961973163447,0.649774594544692,0.119254845137053,0.261539046126864
0.551334132352748,0.50281444418328,0.14459666968711,0.239936228524017
0.588027499418443,0.485173466948517,0.132533233704217,0.234190993904804
0.682018836365419,0.390290434949325,0.132251354577793,0.22024546877068
0.55274407697032,0.507795226655083,0.171277927625904,0.221747284459856
0.722103965922397,0.626959934788582,0.0794213879772849,0.275261125908321
0.703900371998242,0.645257281995288,0.115415381158309,0.187996662049389
0.584290929159835,0.471280802891075,0.168996575651816,0.239370475066431
0.610590948304267,0.661793587750634,0.102064840764112,0.191874393273204
0.678481386921508,0.62546901304283,0.214268720408026,0.256069559708013
0.657987484491532,0.64795943622702,0.129856874065202,0.375517352266514
0.735264075782943,0.757536290630131,0.156056037635031,0.197442071407574
0.517044697686351,0.500330957385628,0.118046519518078,0.291711337055396
0.569551139996278,0.591764048118635,0.126283295040796,0.188990120890495
0.599579952632373,0.635880202802313,0.136034357833972,0.246587647343873
0.612431427972584,0.496583594915364,0.151897293118684,0.226395683377637
0.523713544464762,0.510451167388208,0.169241041832763,0.201558270347229
0.557734961163922,0.666659162379966,0.117735061002012,0.224335053336874
0.701955426629252,0.498704841164107,0.112202880443442,0.275607644024306
0.58999029604135,0.735837278888972,0.131362163422492,0.213461177622122
0.576959082237831,0.72148539498965,0.148421734263053,0.239967987450808
0.782241134130342,0.746112057038283,0.136328499505856,0.240596842475247
0.567682168431406,0.66808198510954,0.172167704216376,0.301278160277396
0.749649795836207,0.616937722141268,0.118893545520156,0.257073022599701
0.745854453913769,0.578576446493715,0.115568960454125,0.262183221679489
0.682768770171118,0.686859526162834,0.136109755461459,0.235870584997478
0.732995375265191,0.53970205894226,0.115690256164896,0.266350613181567
0.570797449496613,0.609748529239447,0.129693626236929,0.199393169635749
0.689583123424627,0.693359289333171,0.103035362371781,0.205002981553345
0.635501666166488,0.664702206887027,0.169793005290598,0.246742302658912
0.656049108839057,0.567397167340745,0.110350484835721,0.252939789504493
0.624922043307832,0.478834986891104,0.119857532425069,0.230222044938932
0.646967020536793,0.726701302539785,0.168206229803295,0.316160876308986
0.682643710874793,0.540923571999172,0.129660400466993,0.232088331834452
0.479669085016749,0.54377322688455,0.101008937717298,0.206873548491666
0.761280355520958,0.616977709068431,0.145541309075859,0.271081043686238
0.716852116646392,0.627105110686216,0.129565737906234,0.247446801975723
0.68507519280462,0.619483750603123,0.178430999681603,0.223499770776922
0.721696772427233,0.668892468678255,0.179164744301053,0.237204351329277
0.693065282332975,0.589978147673331,0.141470018118091,0.205935129309707
0.54208561844965,0.57523851539791,0.103264510553021,0.26268390292261
0.742977837160183,0.652381842719611,0.171465571084097,0.195713077480488
0.611542692663487,0.50191920468523,0.116872371186504,0.284906940357969
0.695965419300879,0.589159654035584,0.146963867787057,0.323789419646623
0.758401650392529,0.486182276715532,0.128140563386072,0.272887294712
0.52395359896053,0.604046484604643,0.164759964739943,0.3166674928623
0.595495731459842,0.576509730186014,0.162936724384478,0.205041429638606
0.864744870681665,0.589778074024487,0.158778199364196,0.233044422252898
0.753494859891425,0.66041586895646,0.115234941142698,0.292463461429714
0.636240442793542,0.487656942192432,0.147088511574482,0.204627860557946
0.736525499825933,0.632927936712286,0.120337515854764,0.259012427279887
0.68800931535507,0.625958904027821,0.163336550067176,0.265022300643081
0.790907884916925,0.746540305651971,0.199741262423979,0.262821414950415
0.701491199076323,0.581987330159528,0.119813831515066,0.256326676562187
0.851164372678814,0.751111073067042,0.168231070350249,0.251700941050087
0.904369459065434,0.635605710824126,0.181801898349135,0.280361978566568
0.875994490584491,0.633612811195357,0.151849973574473,0.313951660985822
0.892632725945436,0.581689108427794,0.197085864362049,0.362606741033013
0.594819233211973,0.691215195750501,0.137349910887642,0.253774296855188
0.729178445075634,0.557108503248039,0.114833519631846,0.257885164823798
0.640896184256375,0.715833498893991,0.112620266683829,0.250130284906304
0.659333255138661,0.695230638198557,0.110666745453524,0.24854904650268
0.811103125660216,0.624099850730501,0.208760349286442,0.284016446272185
0.697465199074973,0.812243727433244,0.109093922167514,0.254582524347124
0.748248899188985,0.612202949891269,0.097658934480276,0.315558209432523
0.732543353678785,0.529983351230402,0.201307614478725,0.227838970334698
0.564985107439676,0.534616289759672,0.0931680451448153,0.27845727255965
0.767635047943522,0.601271007403569,0.187631506354741,0.250537226570359
0.620069251622006,0.570135523370403,0.0884542836321401,0.280233379456763
0.65414147153626,0.6576058657162,0.0815191250332172,0.286838846696537
0.757672577422275,0.649942013863262,0.167017634317271,0.223264939768451
0.782745004698659,0.640142809575187,0.187273526365433,0.214693373217375
0.613647376322738,0.509390271379092,0.129401427162793,0.271150152443172
0.849889997876617,0.651058910623359,0.135711085673967,0.209965231963487
0.610618069197514,0.707806836574644,0.121297346052686,0.402228005809866
0.883901100779696,0.626696073141333,0.156319111117931,0.265094481865249
0.642738651681744,0.721934285103054,0.138266261732712,0.25195139921642
0.805813812329834,0.565957690069386,0.143991069207972,0.261344694144777
0.598948109682179,0.750562434925533,0.139097446510065,0.297139434226971
0.716937420331339,0.564345805849788,0.10413711056595,0.224553604582228
0.624689925905098,0.52103200146057,0.126177475750894,0.226392647531017
0.676063844447517,0.566243294496326,0.170038461118945,0.244265599762418
0.915814618687597,0.719759346644469,0.120935591537109,0.393336827330873
0.73669453256124,0.665489267409062,0.148623926712108,0.345033907592278
0.633797388182991,0.545835967465718,0.135009069453636,0.229363374901155
0.677602091201111,0.477788261153048,0.148420964607854,0.287497246469694
0.725187556721159,0.637626920409398,0.116531143739527,0.280802489378653
0.703523937592122,0.611322359826431,0.16901950073661,0.284022895684343
0.674905776504843,0.63719028324479,0.112503282187864,0.252081703994467
0.674768056573436,0.4627558699656,0.132446479587186,0.266221274444995
0.704342505102259,0.574733379479901,0.171627989116447,0.23679965468556
0.631993853492057,0.56491176388648,0.109522970574304,0.244150732409899
0.678428726025152,0.546087828269052,0.162945226245009,0.299865804750718
0.714811527443708,0.749542033450958,0.13817095324579,0.23139575159256
0.702809023638049,0.548500127236721,0.139769594586956,0.251835872869577
0.612706339835958,0.645325438563075,0.106939395939732,0.227125545382406
0.597835603954339,0.661172592511066,0.216753495254722,0.236966304617299
0.840548454337616,0.57045779530321,0.0923413743675915,0.28139423309521
0.540796824659711,0.571995262381582,0.16697752910052,0.237162345819177
0.712772041099812,0.546410577659025,0.0907549616443597,0.220958078633559
0.673983870284037,0.556470162872872,0.189322399189931,0.277557891400918
0.617830795864565,0.826855785676059,0.134067430842637,0.250276218827695
0.735576403987102,0.494890084895375,0.149919535718721,0.24586996711835
0.572466263735206,0.651910024665213,0.149143274538581,0.240556880202775
0.581507050595622,0.687893207865709,0.120759445843321,0.302550738772709
0.719274342509471,0.611525055372058,0.198501501157559,0.228389843911857
0.628682963213399,0.534487706471006,0.0997751272512551,0.260842799071052
0.595165911162342,0.551259649841274,0.167389529983921,0.195838052018095
0.606622688012263,0.588872442949078,0.0934881714469362,0.269507154048733
0.698185636970461,0.633115410789982,0.114315067305321,0.268129530207897
0.605084282059405,0.612871851407842,0.144648686180183,0.292699416113567
0.607853920840259,0.589271269274842,0.0840184317043631,0.251817196417296
0.815979298982248,0.584193166372052,0.187605273355314,0.243545557046231
0.689467773968192,0.474207422312371,0.130144260491112,0.248941459600894
0.704930170828594,0.475649054673151,0.115438022808829,0.266138036092881
0.735765212105547,0.663784436240196,0.136978109338781,0.246641048845701
0.596383309348927,0.617387423957735,0.12241754099006,0.25916217717395
0.693900248917768,0.524766742335989,0.140617073188069,0.27096573427349
0.620209434953687,0.44868281044478,0.189219489573175,0.223624454558886
0.629426112924262,0.703167498946626,0.0954848537201059,0.25548592684261
0.664856600499193,0.592285050882461,0.102059436900861,0.215510363801948
0.615646703024422,0.538629706614403,0.102149570705533,0.300664755423219
0.739660136799638,0.525460429476066,0.10368543534082,0.287693444456946
0.631306143336298,0.570900680626731,0.15638200533493,0.196422693622364
0.761091341814307,0.633384398096629,0.115213321571418,0.260375000977997
0.709610656395245,0.62158270258755,0.129189509406491,0.244639156269526
0.779583066183711,0.705025047702536,0.128883953229125,0.238977556999023
0.739128819868457,0.673816350429693,0.159751035876733,0.25509064119332
0.626097637676541,0.48234099349539,0.117532433231992,0.262258837403445
0.862112040507193,0.736326892904719,0.147540563712219,0.320323194215697
0.648670531041372,0.564627808993413,0.170761064097923,0.237697643330688
0.661858011653285,0.676260504158259,0.121370396640487,0.265274133482211
0.676501399098575,0.544067629669652,0.114632189033015,0.244539854315453
0.659493236298108,0.684488267688536,0.174226866206355,0.284794338388279
0.686582428231475,0.567174693184951,0.102450330042733,0.286511854099269
0.502142434357934,0.568309387965128,0.162280353922849,0.271127988158262
0.710844887348963,0.6118943727297,0.124426811635708,0.271363630872291
0.678543692368478,0.687051786262843,0.127244211311863,0.285505992453686
0.691462116705132,0.605315498147984,0.0985033417627398,0.265503858648114
0.66235233795733,0.752169683160767,0.0965075895236009,0.268422069544635
0.724135612541681,0.545906131254837,0.146062470233041,0.31270987970951
0.659604917395179,0.612235464986092,0.170976198207337,0.273852927395232
0.614570938124635,0.632544405569475,0.136341228647047,0.258227369889497
0.638845817589181,0.637365121905027,0.14498834211759,0.252359659312952
0.644189577084915,0.565972683577824,0.112239342082757,0.243354865896169
0.634663620289528,0.53538369661291,0.127468725175542,0.19885747175592
0.621667222839293,0.548632481011253,0.155631582269177,0.267313348643743
0.676143484877436,0.650953446433481,0.12023783142525,0.261901383003437
0.715637493092707,0.549210746523598,0.181948676815641,0.263234187065206
0.564622526444156,0.597279402100187,0.118032885088116,0.196424270669856
0.595204643780252,0.555892695745789,0.158592393575593,0.232537108956112
0.700726231053978,0.567584539515049,0.13744066893676,0.278846691358302
0.805836273083295,0.877955155731257,0.168698866187471,0.32383635393226
0.886607429118875,0.665314634237601,0.145389096995732,0.354079110725936
1.05305694735517,0.801534552402709,0.121371997745503,0.281347046526763
0.58704037586056,0.705004687254652,0.174533370903168,0.353384630060201
0.772075949818731,0.615968474555607,0.131190230094579,0.345940449745218
0.664803481154868,0.620963268297416,0.156906373761038,0.219132929141327
0.655668786653693,0.691363202551116,0.114417659920812,0.338287174211319
0.710931024507395,0.580325305830917,0.142109583744166,0.345502027489692
0.684715361616145,0.608282750607774,0.152115277127151,0.239113382139308
0.707835189222894,0.622729224312922,0.14459724732906,0.267284015400582
0.659388091855404,0.72084182175589,0.142252801033713,0.244279897890175
0.630261397991254,0.551571113693763,0.111230132593867,0.218990013023986
0.604084742248923,0.564509928266284,0.11186039035003,0.2200717932193
0.706171614742931,0.544022961379656,0.0917801094042638,0.247073993912799
0.600058534851138,0.533282939752745,0.152665331999328,0.210426758284971
0.665322379081314,0.609515808842103,0.110942098251843,0.271262234720782
0.664664632340985,0.617766768070681,0.18336959008905,0.22565228539184
0.734870991639187,0.568418315835773,0.0915723005862671,0.284965678098505
0.722847283722757,0.655179571019296,0.223868408961389,0.241434532699738
0.694309553667591,0.641315252255426,0.0877612445587499,0.286796821351128
0.70559912675552,0.574618285670358,0.112219524385312,0.261918696619161
0.676099431540992,0.777907877640252,0.181651203865326,0.25722810138581
0.79096369682362,0.641235082840672,0.148729051777816,0.258999447995143
0.589719062025198,0.596370193403054,0.108891974148472,0.189818564668801
0.864228470574972,0.704765403079801,0.153743768407657,0.256205802361206
0.718061638244349,0.526130433904501,0.120930483685096,0.31167850396513
0.735715780276416,0.644100929645651,0.13454744475068,0.275016081977132
0.532506521445978,0.475822498166843,0.118777635810138,0.285994458687663
0.67534606001885,0.540844334033583,0.126315879369282,0.229249578256933
0.643006528085425,0.598560329356607,0.18313651644506,0.300459352339232
0.695649805703192,0.655689384611366,0.1730922092617,0.254248717947292
0.776663622113274,0.654266132244941,0.132654290321062,0.276468556994059
0.552252639886161,0.452037243146495,0.14270091464406,0.20070402237275
0.638501558699853,0.564475342273901,0.0976028045374639,0.248821667076455
0.585484039445933,0.608765896390084,0.206961112306815,0.271418318428844
0.755833567771839,0.70059831570926,0.0889267418835139,0.22657035499383
0.735073043395893,0.70208431467967,0.0928377642441913,0.21719578849574
0.59827185286119,0.505810751058153,0.169717256374467,0.276680385342628
0.540677573594055,0.52424424498858,0.130977687907172,0.218703040635364
0.69967514766467,0.527985993324718,0.136596944353762,0.272035761417503
0.66726922087501,0.746087458308128,0.166809690206332,0.205961030717208
0.687421278990735,0.508976790191899,0.125176755488998,0.339295974269315
0.692104677694998,0.654677780577703,0.167752467866342,0.224148734965385
0.644585179047023,0.609081278495785,0.11587606001088,0.333783501033105
0.624136782215219,0.625813628150499,0.129527449592696,0.357376246653957
0.740333936674973,0.615225310230084,0.143860133770477,0.205369065545091
0.557398141924902,0.463111857704793,0.104735376738107,0.266795015360594
0.603340213409074,0.568247977130847,0.0892689299975938,0.241029481010291
0.630118692702278,0.446628466910929,0.13636119895943,0.194803879843041
0.655528006939497,0.548350675265012,0.106667753295916,0.282843228370553
0.708855914168002,0.750662088503824,0.150509253532477,0.204974309411467
0.758320653598666,0.89627118269414,0.126890497126574,0.318123015944373
0.538445986293578,0.476754472423704,0.115399798663999,0.189629247580383
0.737975835589379,0.629378302672912,0.133308501900571,0.245933229660901
0.574917719660249,0.708404362012855,0.123316759374607,0.245128659174931
0.613014894111023,0.758628546919935,0.101715207375613,0.254205337439297
0.88948694787367,0.545905977222991,0.178308999524112,0.224993512057841
0.765894263033051,0.792158608905427,0.129190710566611,0.252161421264413
0.801449571791678,0.661918027891084,0.150256318614029,0.277551562427714
0.734490193776732,0.587665410782589,0.141689025597632,0.261697366719486
0.834532087491765,0.717138450288334,0.159711831670399,0.326792013837254
0.650236189044135,0.532649852672811,0.165940096153463,0.295857160521414
0.83156278227862,0.736043051681278,0.147073723691658,0.255890735745105
0.769368133469198,0.740793690133625,0.1506432581563,0.323620595899152
0.749693091398915,0.656857737658428,0.132978755538017,0.333156182015611
0.64212831625461,0.616946205192418,0.160051170565677,0.245308508463725
0.583032356235972,0.568799611779714,0.0990929119759186,0.253857861444335
0.670720325378285,0.647254209907071,0.150725605253056,0.283102377155953
0.635254848582129,0.624996259102149,0.108425896211834,0.243156296214981
0.533499190714334,0.47237077699891,0.140030010555213,0.244830596032519
0.665297719707083,0.666663311751057,0.169441049282882,0.257781006749005
0.790097137014547,0.540583478700688,0.125395023606531,0.264499870803071
0.782020414433286,0.542580794312366,0.109734129951648,0.237023670769817
0.693872301144765,0.592170431354429,0.101267163575278,0.238261675344571
0.621764767906773,0.551219654111811,0.145678546512929,0.282013573042222
0.697513494273391,0.548295808940486,0.141407643088135,0.288702052713806
0.773647770227602,0.581125964126003,0.0992912824799322,0.333889864147824
0.541339470976102,0.606379018218721,0.131389982640811,0.163457009727342
0.564400398882999,0.52568129098296,0.145939602625749,0.33648559492026
0.905592788732631,0.778138303968948,0.136937068645035,0.218829394815714
0.553981386666968,0.559590977239431,0.158714138637696,0.278977931815657
0.621100554120579,0.532851075739318,0.130794946717583,0.321501217120864
0.606540728120146,0.575200437725713,0.145609018944481,0.229959961189758
0.592553772450893,0.452583679829865,0.11074697829147,0.259778669180825
0.765469754534654,0.696124554904048,0.177664272556822,0.267377755536602
0.851493356150876,0.702480971937773,0.130915815137296,0.267845218268526
0.947054861910016,0.616048842393375,0.105347813196638,0.274994860363646
0.572181205124154,0.660501982268777,0.192170549270192,0.333463186905101
0.808784532844448,0.508538747082026,0.112482240746748,0.206613673229917
0.648487782342943,0.498548306601652,0.145329614609121,0.310052328936013
0.701316099871997,0.573590071213504,0.178693642255665,0.28430767413064
0.834894699655259,0.642055646818676,0.140091604154378,0.212871241449368
0.552810804763454,0.441992737514325,0.113378568115242,0.249769611073455
0.697106727975369,0.666924174679061,0.135498787250504,0.221373781827991
0.599470282453266,0.472794436926783,0.148829630663385,0.209172614915
0.632380346376473,0.595334496092091,0.097201752223028,0.199126650654837
0.598373291093141,0.541162644266159,0.11718409869765,0.287328602900448
0.626297307213872,0.612006740874101,0.130512563902216,0.22157157921848
0.61105972889539,0.540348185999329,0.154123357011636,0.263995777678042
0.673159775619717,0.6282585348304,0.0983041691107602,0.238823013519468
0.730022713527419,0.62385924117113,0.177777848003922,0.280067196798298
0.715303750619326,0.630478244237002,0.126847235379998,0.260956852460383
0.647294359816308,0.617056460240175,0.144113250709518,0.241516093651091
0.783888952798703,0.739265272601553,0.125702960677681,0.213338768233942
0.711067203084984,0.590552619395495,0.114578424899362,0.220365190061758
0.662305114108976,0.591697112250543,0.147934474406627,0.244378216647568
0.764619376545832,0.726317125163463,0.163020584274382,0.302003599222589
0.635277525430906,0.67698488103042,0.133322452873103,0.299246848661263
0.830350482140221,0.650890274120834,0.171391318798539,0.247313595878479
0.620420515824222,0.637048125456914,0.110402956982605,0.264745573239346
0.649778668953417,0.485696364894371,0.167589100163466,0.227011670230435
0.538824215002007,0.61740685626984,0.121082856089053,0.204173260214337
0.689170688271296,0.739095266777247,0.211603709346476,0.310449896113742
0.674484123534759,0.541777913649465,0.110802690709861,0.26635240629689
0.675360472547314,0.69640380763887,0.155930561221443,0.270031735559936
0.694057948553725,0.54924813077994,0.148506715269487,0.2541418648461
0.554292638669293,0.583766481143016,0.132459479143727,0.26940335698237
0.791166253588033,0.628225955704123,0.147144196672929,0.250979900163291
0.693188788384304,0.575518669033224,0.102316785839508,0.237113266344641
0.89556017675671,0.634279485763976,0.187888752317949,0.223943603245963
0.558346096787361,0.657254613366071,0.143232257723459,0.29729063753269
0.638536729254784,0.585848668598801,0.151696949932186,0.209252159619223
0.648075634045374,0.623540275086204,0.12546598543928,0.325787673561941
0.649829841335562,0.586908074263157,0.112694608287331,0.31332134387106
0.691381456977306,0.704814334538027,0.172274282698599,0.202656652038951
0.747204142735054,0.608655106928506,0.0981120479873276,0.334435242354575
0.745346568994685,0.727722237712835,0.151955970239743,0.268044380224887
0.69902515151325,0.554100798913209,0.193566574287429,0.253387570080365
0.680040757023245,0.630843434098892,0.0878659451317019,0.265062741754649
0.657852883583593,0.686847543233851,0.177110404321004,0.255773849056838
0.751280313745545,0.548384441121029,0.113960291155449,0.246045207617306
0.677173307565279,0.648735966730524,0.120347848504171,0.201996419905747
0.609066024200163,0.532077662921772,0.136932146263459,0.27303273561071
0.669890343450911,0.859806257894789,0.155635051487154,0.256281328117229
0.723640285221194,0.561311331741065,0.119463088759082,0.264053055008885
0.793180317059565,0.595199719040624,0.152842230379437,0.209566652098874
0.598148454657746,0.578120776241518,0.123457682146177,0.303114850892411
0.602301239564174,0.608119594025178,0.142381193864285,0.234656025259758
0.630413722466407,0.530423351093873,0.141542984658929,0.30594924080059
0.791771533402225,0.751226835942535,0.147897707077168,0.26803723167932
0.699454946645945,0.534996004078909,0.128008507470972,0.258591347155953
0.717473016714599,0.630641923075392,0.120604862315523,0.242117034957738
0.658931074361529,0.487979739045835,0.144257181261779,0.292845542729818
0.55614448838101,0.537873024321792,0.0982107625885206,0.157822099152553
0.698685081732967,0.723473208157223,0.142693867917881,0.353076321705638
0.592651948807425,0.466347473114317,0.113359180048045,0.185181015783089
0.70394258443257,0.479262207262246,0.111092177697553,0.241051280719092
0.627122551568729,0.475378292774038,0.107663374251097,0.226624212827072
0.688419332280149,0.5725330379528,0.134214187225753,0.31327628105217
0.768338239178252,0.49100622167761,0.123855956819166,0.284238795122931
0.536454390796263,0.56911361257819,0.127363360261842,0.19645490942377
0.693123852870588,0.484475713944196,0.181438086775436,0.299672062187428
0.651140131281534,0.646651098488746,0.168020537278012,0.227222351420745
0.779669659699283,0.893238173622436,0.127863008028048,0.246821401345539
0.725713281673204,0.67396684342603,0.167122301200825,0.231877207357253
0.6622753204704,0.615766469240615,0.165938074044787,0.268642109298424
0.695862687510157,0.610622473947653,0.125859440066834,0.219496272310091
0.542004517492477,0.445035836658809,0.110578505291822,0.237652864907297
0.748373012908817,0.738333594369529,0.102977350950679,0.265385346818093
0.839390828437719,0.725294900061243,0.0933563741345544,0.262063662137039
0.823415799996026,0.729128166659707,0.103180879452231,0.278699049533216
0.786680850828507,0.678168525680838,0.18498807000502,0.292868629521715
0.834382302520518,0.667350573705203,0.125774911995698,0.229446454460649
0.751547420516575,0.647381649027742,0.136577973642657,0.246654877702527
0.647346088528674,0.694908583622608,0.151750508706134,0.268238674506113
0.733192059053643,0.616119779500046,0.126279896714232,0.234450208470354
0.574010229384928,0.617953151179123,0.128793644278337,0.231844697337667
0.588701099744847,0.590454143120402,0.125057826334901,0.224767511903579
0.71269814807644,0.616373178388221,0.149863304598751,0.255176597711071
0.591335736473477,0.579857573939652,0.133415242244992,0.317013943266089
0.698158832240822,0.562126139509158,0.120897688498625,0.297534407062203
0.713427306184855,0.69429093442712,0.163749973462782,0.213993915502002
0.668326332317448,0.516168421305143,0.0823505007180074,0.287791559090705
0.720402763204761,0.698405374755568,0.104977557257112,0.284869737496725
0.664383181437495,0.596485542595724,0.152688553140565,0.258032475632241
0.785527527507422,0.712553935528304,0.131698417702855,0.256061663793111
0.610921290592155,0.51204407428038,0.105739180888944,0.332821535622521
0.647072817726989,0.555067313735114,0.138054880003497,0.21022598402883
0.650900033650645,0.594450066017345,0.131024986465734,0.321846064736501
0.765851662842743,0.632750016120438,0.175376269964444,0.252399304594227
0.775292152174397,0.809344323746298,0.170149634467803,0.235582911882607
0.795341623197723,0.62694997422195,0.106749916530861,0.366948313894184
0.718283907693521,0.614732909222179,0.224430067582684,0.213102248224196
0.663382933975274,0.57147007667544,0.152180283273593,0.226325778679848
0.617974729748736,0.504829193136066,0.124699584660158,0.235506494686881
0.631654033922945,0.560381484867362,0.137787987055902,0.254638498029342
0.672183630625795,0.584581922489185,0.151613065005133,0.25629820351763
0.578836759921979,0.591329484276433,0.103781374993812,0.193992194623305
0.665632573953638,0.506278778374816,0.142825096262236,0.290287194716476
0.657289305149263,0.750861870001665,0.119273800104175,0.228971474335117
0.663046600136891,0.492441528676857,0.135673361496118,0.280514275367912
0.603831530987161,0.698609571455706,0.127474569511806,0.24423481069678
0.703165877154815,0.564896377855258,0.180767943257374,0.214070799624543
0.678120593846979,0.64628943305369,0.116304864622696,0.248926443722878
0.727240759672349,0.572643020729257,0.123326730515693,0.240327108107629
0.743279886070533,0.665407289718705,0.17180433133356,0.282423149004268
0.780812727416186,0.686573679230758,0.181763939456204,0.260144572767585
0.673993914251541,0.66217380477192,0.156824803163402,0.264428840262004
0.669783100616414,0.57829512900848,0.116791819786558,0.236204789899179
0.678552231730396,0.68306416354868,0.141538735187936,0.267662501327746
0.630830762792961,0.437950165403255,0.10921144201748,0.209095839557751
0.688966014887211,0.527114665803807,0.122989485328248,0.201173888675505
0.736371147775298,0.524451996809543,0.124570325429998,0.228551295876627
0.666740276923853,0.650339378979955,0.153109791435451,0.276526963316945
0.732801259767472,0.611424873807267,0.1306331292406,0.241763294299644
0.624335086641366,0.610467314622094,0.127793025610136,0.204805832992325
0.534556834801874,0.563941103505946,0.124270135136804,0.248026503524161
0.607291939574152,0.601712612976012,0.125703034505075,0.180226123624854
0.876180235903957,0.667366046016571,0.166201733945473,0.360313143051437
0.724390534967061,0.73823524377983,0.156026669978394,0.300750656232509
0.705351581991687,0.590050626980087,0.13727011151171,0.244009844564943
0.618295223970853,0.571096794066778,0.164122649420344,0.271140558267617
0.69319552670241,0.573908687193068,0.114744626078391,0.244395860736717
0.692694856655921,0.648230595429449,0.129859008892431,0.209950965021879
0.591858668034234,0.504976490488392,0.134620696071032,0.300456321159143
0.65287436716816,0.771781932190123,0.159386208858903,0.28238054316059
0.93704638890721,0.529651249511622,0.12734694026699,0.276644043149544
0.68149513186281,0.810697175187982,0.116163452557308,0.240967954125114
0.757898577969059,0.610158479587052,0.166236176386447,0.217227011430299
0.767011666659089,0.645519570086394,0.14341642666542,0.217211606294398
0.796994723957178,0.722800637850777,0.141549044983645,0.244229642587582
0.823093729938688,0.701934631866015,0.15044392497727,0.261446359419247
0.90957695560519,0.620576150075282,0.119402099928466,0.263112747179326
0.979329975120571,0.588197725968024,0.102543664499571,0.26404271054354
1.01072511624857,0.667910633378953,0.105350854634444,0.257238982128607
0.812937129699134,0.616123902395113,0.133089326277236,0.249085227702852
0.496708294460383,0.531292832567399,0.137498271449976,0.212027844519139
0.702125157373749,0.563270502982562,0.137578992788696,0.250162341236693
0.617771885082924,0.60863056223346,0.129374236585862,0.226391191929156
0.740157055187722,0.611144814660329,0.126052891504499,0.247184146523856
0.686024465494194,0.723887690800787,0.142744602173339,0.248950647528459
0.750799862895557,0.586421722538999,0.139281272693038,0.25144803719951
0.583046924534563,0.520393745954778,0.140460848315017,0.249115906928672
0.763076607860292,0.643890701358559,0.14119084863942,0.276908313581661
0.675994539211681,0.645265550900489,0.144908886155202,0.207308855322065
0.785718446991683,0.56510812857424,0.139733122786138,0.316231384997944
0.704855529625912,0.547874539842565,0.149556160283251,0.217928853469533
0.645723551472216,0.611543939275025,0.166323703603856,0.242701283325295
0.784090591103237,0.641005082079527,0.113213007167437,0.299829649683663
0.735978733944976,0.647838000595924,0.208328247549048,0.270214262159729
0.778432259485003,0.636660133590997,0.110675827853914,0.302911298715706
0.614018446732509,0.558584337898924,0.168355799011148,0.23310627729088
0.753926885808739,0.545744298193576,0.0883322204916338,0.29012485810454
0.566895339891484,0.700797172490265,0.18282183991616,0.219423026351643
0.640155906503484,0.726485580845275,0.188395069212688,0.192764605730251
0.83351845724497,0.561202853310288,0.124133530547755,0.385088705380219
0.637818432145242,0.595106850725786,0.146884253302214,0.208101034045096
0.634139619460013,0.549407301850343,0.0816927595504143,0.247807759592071
0.733457304164709,0.538198689799748,0.117941877510025,0.215988829062558
0.579561895040143,0.577970178239832,0.140217560619275,0.286279746698942
0.679036315742576,0.567557339259835,0.128430994443311,0.332893756850639
0.709008301348126,0.796221093632002,0.178097853502181,0.280353855839856
0.610703703725753,0.705171328999099,0.185057786253612,0.310180698395194
0.612864579152022,0.642183559745073,0.15540173429957,0.312364463226997
0.72981194468583,0.707988095960173,0.15305707933845,0.305569359751373
0.716739145352065,0.418244991474013,0.127745425765981,0.225901269502535
0.588068947842167,0.646445607637705,0.134272587000909,0.250455234384188
0.645278574867264,0.6226664325844,0.114604993195596,0.294564619817336
0.727865761037446,0.54258536539793,0.136634134380858,0.238995243774244
0.782569777866611,0.769075651274587,0.145825794332444,0.231879094086274
0.776051694308965,0.609036977796109,0.139228606294255,0.290012142039468
0.642478701754455,0.70192748226723,0.119140701742119,0.231202250174799
0.687251701043817,0.535393933444249,0.176198118835114,0.308716789704681
0.61060399878066,0.644825378614088,0.0777803331319851,0.241051345185344
0.650756108593031,0.583088429384139,0.23310927054929,0.283185890868813
0.900009608080241,0.718051916091616,0.119890662383365,0.275536015938816
0.668695340745131,0.62193826506232,0.189318362382114,0.231717679562061
0.616954774143619,0.585271505957784,0.140905058253997,0.234174740352883
0.678616300102164,0.643479491590351,0.158316012908326,0.228123645889723
0.826549654171811,0.593054877408595,0.150603233178563,0.280087856833137
0.642165985081719,0.673719167331922,0.137455932836694,0.291589201070321
0.67233702018493,0.713448850737259,0.185076736353691,0.254070165798161
0.766120881259092,0.592350116934214,0.126477234069913,0.30391823523452
0.746752637077542,0.600077136721548,0.12822298732325,0.29445094598862
0.616350016689875,0.770913218209131,0.155450812687896,0.293029448966566
0.782511511042627,0.626436437368911,0.135170410765664,0.212526319969099
0.771748965638736,0.674476968861451,0.14850150829401,0.232025141046898
0.736047682017439,0.505007121412051,0.134655572948102,0.238592511284852
0.76982957289609,0.690823837485146,0.123250724952522,0.325383073506156
0.698782682415474,0.667925870611151,0.167404406522867,0.24038718644409
0.685682318946828,0.596679956121923,0.122185825710572,0.275399049929895
0.795610341230928,0.655258091728104,0.161080958029675,0.255348026901796
0.796813030253739,0.707528148287266,0.14107208849234,0.262722815557315
0.748130301136551,0.658531816131244,0.127862493041617,0.208873326189407
0.526288159968025,0.504491047864676,0.121147752788828,0.231504309477766
0.712869052692875,0.639741263533058,0.0989088792614361,0.254501441746386
0.51426006005881,0.51343739295038,0.086882588078639,0.335376429683984
0.507340048947823,0.489066048596712,0.0850612542029126,0.337344425397472
0.698255827096376,0.611242278472153,0.156250239285849,0.162580865991734
0.688295196616794,0.651418068123207,0.142509591151423,0.408195378555022
0.697433094220098,0.649717453554955,0.191288801796563,0.247009079081784
0.775137400910803,0.619202674164088,0.13848173729856,0.268928103318535
0.799188806977964,0.82952219208156,0.139655025011283,0.30616960579407
0.761021635284274,0.698389458249498,0.188246328115834,0.295337760316372
0.751623457691024,0.728081505078694,0.124666629629249,0.291893994635318
0.720828342494559,0.708139887088668,0.164900488546831,0.288125825537796
0.71245389323036,0.548492123062292,0.195666115209922,0.245678012845296
0.742515246456401,0.612019980896868,0.189909397568183,0.200517758276365
0.681010490714453,0.646727176182156,0.150107015568208,0.30436785254373
0.644269435200765,0.493281099146019,0.119349449243443,0.196289245179377
0.618651297027937,0.551650985362584,0.140837816906972,0.302349354895967
0.595699964799657,0.645330207513026,0.162206614204012,0.226416979345795
0.644997096840688,0.51384128407218,0.101721066427141,0.239832375914516
0.56320979636059,0.654749991414982,0.147179177345873,0.225446253589755
0.675983499654024,0.510699258236518,0.174353709178232,0.257698930269301
0.731599563954029,0.74842954442105,0.0839217700839619,0.285212835177766
0.837025458861632,0.600005855959944,0.182721131938625,0.227510778558738
0.431539235234182,0.529864284078771,0.106005655074292,0.222905727624217
0.670349091370017,0.511442454149058,0.114699569344683,0.229708369140308
0.587955162043144,0.600190303730945,0.141701328215393,0.206199135203397
0.849184741032646,0.624099118976534,0.108689513986535,0.227808976950959
0.705657104808534,0.572457818616194,0.125502107766741,0.246597435156568
0.510411308292506,0.504546096211429,0.136736188263298,0.244192697608063
0.514537598199527,0.501255429344421,0.124430638383445,0.247585807759851
0.813034617648406,0.683688460459547,0.143073334469592,0.196114599940129
0.577569526745822,0.598081483223593,0.151620407279632,0.26903970264747
0.603850128520293,0.53684143830522,0.138430076137625,0.263776947814904
0.719986641741271,0.719862180724295,0.145863019515395,0.267151494951984
0.868874324550582,0.623038358146288,0.161997636243675,0.245922776498774
0.61938978952541,0.64917926166379,0.119275828598346,0.320753305791407
0.718643304215805,0.576227470841675,0.156849554703826,0.239181466296388
0.719984610739069,0.645616156450718,0.130544720213888,0.330733185143777
0.66298707623143,0.602502175350504,0.121267076590443,0.289193253435711
0.643861121347999,0.644790579181777,0.138770398860977,0.273065902933537
0.757498618175959,0.662968797538253,0.13361713654667,0.249693549872247
0.753569440663104,0.673261943747142,0.162856065705282,0.244008470491473
0.611782418715364,0.51722523367155,0.105968857478985,0.249772763691778
0.678312643383134,0.654680874238872,0.131950878217912,0.227600817828223
0.74387428504115,0.63684962079499,0.143350569482861,0.336856165606007
0.677391609533182,0.736535313277432,0.112731296646499,0.273633036447048
0.662895849923622,0.611793879016491,0.125269748780351,0.244981904037468
0.711487262228078,0.521757224597956,0.146168922102643,0.256298459730782
0.61422453699273,0.605853379915194,0.181773443062941,0.297536026636885
0.700421695692136,0.675789956900033,0.106158512898056,0.273361749303967
0.681788626131886,0.616749654929409,0.147054122291594,0.24669911019029
0.759507712920018,0.693908593377022,0.13037974407657,0.267740280814345
0.541511523225756,0.5623242109031,0.10560412352624,0.227121139439548
0.541308313721372,0.565151154905755,0.100594270564969,0.22438612547611
0.713206375755659,0.741079758767058,0.162648730568983,0.314240181091745
0.750630494619862,0.615105991096888,0.116744323164014,0.238446871383429
0.781978364859817,0.604605007049366,0.162001954012797,0.303829616482557
0.667418350821055,0.550178702210014,0.117808032614227,0.225765574213174
0.748289122464356,0.680264730612813,0.155761982345962,0.311798661796963
0.758335236849627,0.49205006799184,0.1514602550627,0.228787106634709
0.756980816832951,0.783204150525441,0.14412614068677,0.276378671637232
0.74772081432216,0.794672618549027,0.136778842053354,0.257575650593143
0.67217088696129,0.636193331926016,0.211597234221417,0.294827642376978
0.8526161909319,0.797073372555091,0.125759063579487,0.279890685660479
0.753391781475402,0.704313359563215,0.223874950731763,0.269604783391029
0.824626066479278,0.716583497751939,0.181417408216792,0.271257540814823
0.725928706034928,0.770782241060259,0.170282319196137,0.357268715872266
0.740996128257617,0.727519736562399,0.142761747258457,0.329255466546497
0.880138799526521,0.705610503001245,0.123594574033038,0.317014201592493
0.716260249123785,0.70570110765622,0.221440397103269,0.228442034121365
0.627579320825513,0.653237032784611,0.156636228538898,0.296175846533926
0.792790360675701,0.587637838999127,0.123525808347832,0.239114250684077
0.812528001077045,0.736348627328396,0.155046491325748,0.266623964762087
0.609537177511795,0.574063286342519,0.108970557516109,0.253934351972848
0.661452461377011,0.646135111238843,0.214848633598644,0.242135379784517
0.665849663745565,0.554042294597083,0.087361983408149,0.309499099040874
0.605316110484175,0.557944325838209,0.196496896598637,0.220031109304931
0.529324872704777,0.531027487317801,0.102671022978285,0.219754788289145
0.629879561282651,0.53954546340525,0.168582200186457,0.217082480832974
0.631681068469988,0.573395812633379,0.135563387086147,0.228368320804903
0.522225854969492,0.518709523616335,0.100949840630734,0.242137207428233
0.453693222434412,0.493129211479889,0.115821422268139,0.227249531781637
0.724724641645624,0.601070014609081,0.12271642999783,0.196898332252714
0.562226528625531,0.495059799297643,0.127266363469827,0.271849633385374
0.558696825312508,0.501568850682141,0.131634691386927,0.259538864720197
0.565786705744908,0.516563659084795,0.139404612060608,0.206195670295082
0.650209667649847,0.501794260249173,0.143552827830876,0.169847893419124
0.607673340130801,0.494459865273015,0.130617084840869,0.157726544578674
0.712816504897927,0.604182088928253,0.142023348555353,0.318541339177205
0.702668329548963,0.628769968858655,0.158002572874498,0.220287392563794
0.735837839675057,0.666142223024338,0.115405611808989,0.264366117859687
0.658140578024569,0.529632662077376,0.11227513615358,0.237493873325287
0.606614080097787,0.593254159685835,0.14625297641593,0.22584731537737
0.671011391882001,0.624710748330591,0.097856654023854,0.267088204113294
0.674003084573073,0.604670815125536,0.146381747310319,0.242245594597247
0.571813440541556,0.668895095782172,0.142362017799065,0.239246536657022
0.621165927847728,0.586343430934328,0.127911947629569,0.178794456363674
0.584248686635991,0.524683122500223,0.155188685814346,0.341233261752841
0.742097817193917,0.649257830750689,0.184067916542548,0.16978858940443
0.650184568690805,0.697927334704665,0.12554897613503,0.383081370841101
0.637470131515053,0.681663371083627,0.129598404058592,0.367453072866272
0.752582984561953,0.548475165285534,0.168605240301396,0.249508537063853
0.601091597886119,0.639774641692041,0.0997570719414038,0.21058633819346
0.634037031285799,0.53074731577448,0.174382234170063,0.256053134265469
0.567820887830323,0.62907130214688,0.105822890047268,0.23270754528308
0.896356369374089,0.535237410338053,0.212804987500797,0.322797791349976
0.728304675414294,0.808065623162993,0.136829242079852,0.305699319598477
0.795388788052517,0.836533332232908,0.145880052084793,0.282735723763285
0.827620300640361,0.781117916433168,0.192640649548012,0.259222524265103
0.779005391840991,0.73002407725521,0.0835613827594362,0.352105582235554
0.830749319922952,0.721936091287672,0.147238651470677,0.23765614644534
0.774705958820854,0.664177165557252,0.144516314308982,0.273477102269979
0.746026809425605,0.689361533736274,0.130364983332873,0.314026816775782
0.715809112578409,0.4932581992341,0.159970249882088,0.233368389602888
0.648638706012434,0.602954301659881,0.121867806484702,0.254140431314703
0.693432306472798,0.693086747520199,0.158461604530664,0.242821856585744
0.736738016394174,0.567665877641379,0.130639914088154,0.241229263777795
0.665019948764339,0.61006911103594,0.138658524506765,0.267611940175924
0.737001987360887,0.6652471784667,0.151907417938011,0.257161196885942
0.729838932525363,0.694523000595921,0.115969234963081,0.288722439761348
0.726196172615475,0.580565147576482,0.122043821690306,0.270062303699055
0.737611221138142,0.692112133259347,0.126189397211247,0.223789991879884
0.656907470988009,0.654325531351889,0.132487347122495,0.273726479831919
0.678754281708096,0.609498544643441,0.161285621857069,0.323715547724494
0.713005691029262,0.622596358220465,0.128621985425771,0.224827097858922
0.790986453387117,0.608960955514775,0.147232905891337,0.24677950689073
0.729122185167504,0.739303365108844,0.154360737391684,0.322200056050496
0.601013232170632,0.524720905509832,0.105072390249045,0.202763124191334
0.688286946286964,0.588761315211853,0.146725359940768,0.281719671871329
0.750857563756513,0.632160107684463,0.120277048307426,0.277180629480426
0.667561619464043,0.677441406563718,0.19255931920463,0.268436114037083
0.862591899128431,0.636661425793981,0.119265463757444,0.268727537920128
0.591191302313626,0.621034096956005,0.185621924268313,0.264515537710497
0.6037960821418,0.615289600265021,0.147966100092491,0.267041251001214
0.862189690371217,0.601429139948311,0.148401142663265,0.273382126617398
0.567304763855913,0.662371826816497,0.144757253027884,0.227216969804213
0.908719296313351,0.515052277703314,0.155699819959939,0.252215055111011
0.754488265178433,0.746018852733568,0.108611128857681,0.308373925513298
0.815655737132158,0.473747525638714,0.199949361653685,0.256339464784449
0.539154235456819,0.666355391990845,0.0837262051967416,0.307286469520059
0.631115669062809,0.433414830805756,0.122731971089388,0.265308675913286
0.623690452189894,0.566991890275406,0.0836154390326529,0.228559146647592
0.630834990519593,0.509199516936337,0.148209777974669,0.249373854355819
0.67119647910045,0.627399289104442,0.152576533370086,0.230087258957306
0.660388094441901,0.576025925340158,0.12304168289211,0.291803726642629
0.654609277140605,0.70832421947845,0.142069328897851,0.21964346452659
0.837737241196288,0.61449553436989,0.143561080267793,0.365513475191467
0.759986588134226,0.844234780057094,0.185799907732442,0.252693261006158
0.721693338270992,0.565913658339297,0.102358020942862,0.280846310763774
0.76768493270489,0.674022329407818,0.145584287573436,0.263133899972999
0.804725930823683,0.749799775084575,0.153334317200438,0.310958020463075
0.781282323121379,0.672902519805388,0.147274481478613,0.236473481575829
0.676480290606403,0.623906646304606,0.131784202846935,0.269398326602794
0.616488449817852,0.689695496778146,0.129940375376643,0.322097916890731
0.519615860278141,0.668391971072352,0.138522436822615,0.332478461903786
0.560117288376258,0.60951622731622,0.125126044092988,0.363221653978077
0.850818980541588,0.535384462048588,0.154744864712343,0.168267663243545
0.655920240813388,0.710946074906621,0.126016537757924,0.331714724330246
0.652354398909388,0.660303205912131,0.216090434370425,0.281875787473157
0.684539826047598,0.581913017854644,0.136591886644223,0.277437900997996
0.691815677538775,0.541335258859797,0.129922590072592,0.261085246963339
0.72059077641427,0.594936537761112,0.134201011069472,0.301490763354884
0.660368586833693,0.789169293418401,0.18307111857717,0.285309401925522
0.932282826473183,0.563627069948389,0.108253269824234,0.297472152746027
0.752064786527545,0.628530095041021,0.102082056017649,0.318177210526591
0.851645810706135,0.564658226090805,0.121861881539395,0.275269392150887
0.665796880167882,0.665119171956914,0.210395311312379,0.260965133447667
0.756419680781793,0.563166675927195,0.102490615053656,0.252729855237452
0.57226514859077,0.547308234427891,0.18662605364539,0.210042696178879
0.570298960918804,0.511456876427076,0.0864271749235702,0.219531538284242
0.667835184296914,0.509267114655211,0.173635348150178,0.201186519632291
0.706319183428204,0.564863831161012,0.0968665411281093,0.302294418147583
0.56643317815341,0.611725481524389,0.213993293766354,0.255356282525144
0.769667888510992,0.67856056275705,0.157892618351392,0.240936568932592
0.695217763132624,0.544524244614772,0.133682246869078,0.265963885221575
0.766742624330985,0.691413372161254,0.146754698813887,0.298989584543027
0.836634185694848,0.765765937808136,0.208936034854851,0.297891574875941
0.66097717946529,0.548509999204512,0.189252255920114,0.258912474067965
0.560615903001151,0.496652447402277,0.0950279577385152,0.236579086473664
0.605229702213718,0.550923341175882,0.159570345968884,0.216317094955403
0.65398785475489,0.423737916322552,0.124524464299944,0.266384186552855
0.575813888578323,0.519588547611009,0.134638235000198,0.230409071337798
0.676903817452234,0.578933529126864,0.0913369994498678,0.279768009150483
0.591796493950539,0.52312887395186,0.104906999059289,0.269834888872396
0.662425671154657,0.641565947772211,0.157368613035281,0.243749987436558
0.670887378415069,0.688910354670439,0.124115881570896,0.222459165534309
0.624143132226821,0.65140077630291,0.103738920946197,0.204293317516459
0.710112823690024,0.599685530304544,0.118561494398054,0.286540776920354
0.759361882596084,0.603294905236373,0.160421402789839,0.263642799572156
0.706644281476863,0.669560764286926,0.143785638087155,0.311174413095446
0.681771061916611,0.59370630928517,0.128884651026991,0.208918985578358
0.756536546519225,0.705838736197053,0.122804423995298,0.353241937019454
0.731183479447026,0.61617698730295,0.127978698580166,0.195828103129408
0.668598359940761,0.584871838010514,0.141169697305992,0.27792712059412
0.920012385494595,0.742712409916907,0.142814366539443,0.225886008633651
0.714098645061749,0.587736543804252,0.173483907310421,0.342346075347428
0.731889582218278,0.584852138394437,0.1622563654347,0.394279920305706
0.77247110201787,0.756853088267483,0.108185412305725,0.20365327945557
0.702740687563795,0.654856059278689,0.119306976516523,0.241852877852693
0.710669762181842,0.538891006387583,0.144650031471076,0.258205962545544
0.744633893546763,0.657823868619299,0.14728792189134,0.335111127386545
0.697859574042925,0.591436765136296,0.144202694047199,0.334960721397227
0.871875626085426,0.752449831460802,0.126392163915386,0.230256453538761
0.740773394934764,0.599572522736321,0.132912519038509,0.29301271276763
0.807609651436146,0.681358490443999,0.17430021558597,0.280890976688418
0.781422753033942,0.607140753563511,0.13202036253919,0.348479793184535
0.661700325852823,0.789796593352975,0.189783216423317,0.2980017029712
0.612942708451928,0.560845979168739,0.0940779755176417,0.216321182009552
0.716686092161716,0.76733724515558,0.145332012305658,0.262936760898076
0.732852563310623,0.5949461645822,0.166428387383474,0.340567037977927
0.631544061077242,0.616782853339478,0.144251227465066,0.272117929034158
0.627067237207147,0.566256742421386,0.15429496824409,0.24697951785004
0.842176308289963,0.659858217189845,0.135027950823357,0.246544083929522
0.539189552895019,0.598277632458086,0.146040309370307,0.272681101619949
0.562604950408462,0.574065376999756,0.163249128725592,0.29409706654144
0.820414982062714,0.509532175538445,0.128976282845507,0.218029014542182
0.544171751729554,0.540540961235532,0.145874839915896,0.291912592266685
0.774760754659289,0.657317034265977,0.132796134098667,0.238313988091952
0.722292486312205,0.629492358804369,0.155681934094595,0.278877206683302
0.707301858047012,0.811278506526611,0.142372093137053,0.311648734498815
0.76454797498984,0.667480632829825,0.124444845412486,0.237249089820167
0.56079675085887,0.609319524197308,0.141923248616234,0.24567160109987
0.765310575629154,0.614460180732112,0.0874700450319956,0.226772787525223
0.662489626678718,0.669720301880411,0.127394868430054,0.258977023239336
0.715824467611119,0.496937408521446,0.138017602397075,0.308211747825859
0.603175391651001,0.693989617035552,0.143478602107341,0.211962681624726
0.617602419659033,0.483949695366462,0.12170629890811,0.260752700333035
0.62052543534811,0.620315036968399,0.185894411691604,0.271741035007481
0.549577671460404,0.656234283352275,0.178847712837656,0.268963018043584
0.62724756415488,0.681669006023396,0.132172095453657,0.25889234256275
0.70370098403853,0.532430687270507,0.148319990537974,0.235444881486744
0.731187376418272,0.624888127102069,0.161201102404491,0.242783088187726
0.626492492008951,0.542009337036997,0.104352458369969,0.285619826667104
0.635166242709253,0.520017815598295,0.0995067867698894,0.28853318605362
0.659912933243994,0.525683839640997,0.0977739028833082,0.265992465053855
0.601563023351375,0.594109963969178,0.160218098819911,0.186930519517024
0.579134541654326,0.613832805515036,0.109757915040068,0.308923526768511
0.636002785366393,0.450237740563898,0.113997749730221,0.185467810273553
0.567424447751193,0.490172718257409,0.119180668215526,0.204079402297376
0.56644528156864,0.548615228881683,0.123836442044435,0.214277155624353
0.59817507812603,0.560767761037555,0.131319557935878,0.216210350979936
0.765352103859276,0.689812386020057,0.129937589264218,0.251994169682373
0.63670310503842,0.547561344245657,0.116440523541195,0.262468246124113
0.647128770122813,0.643676225272243,0.142874849963072,0.21237357762708
0.687327745918046,0.653304005190547,0.0884326447586915,0.236421955349101
0.567032161417572,0.417675280563534,0.158438283987108,0.253517963927549
0.591607038472324,0.733219474726767,0.117443981513079,0.24469798061218
0.812863131388635,0.548429358723215,0.127337941853511,0.202305427101417
0.660539150288456,0.764303278465984,0.12829438288533,0.275131259186141
0.72041884796615,0.506557173463013,0.131560743621138,0.370118940702937
0.519925621092179,0.678337062694547,0.172774959463848,0.210374782918277
0.72786446988145,0.44773756302641,0.0979562264877574,0.201635399163049
0.710080391080582,0.442133446263331,0.100310711489836,0.21917192411141
0.596821540012979,0.660402288032456,0.119120544819746,0.328235225696638
0.641770851961217,0.54247109222717,0.114289421966345,0.160961909446645
0.642995831035954,0.587128485209932,0.131354485658174,0.356438816893691
0.700193337769101,0.67420876514287,0.125826479718977,0.283508442735198
0.623383880298627,0.545307952890902,0.0987274014947034,0.261170938447564
0.759558676978119,0.743046934874285,0.140654528396153,0.270893856858825
0.754321436213526,0.592455594114794,0.110288386313546,0.313614926475582
0.617927670579641,0.576367382297683,0.122375864980051,0.211610055754384
0.64786531880512,0.543276978959363,0.122975410008937,0.253863126733635
0.700730704524204,0.641522444556993,0.121481276238042,0.206226981656547
0.584571396065393,0.490428757938076,0.145242991878656,0.277422839657237
0.60009084602947,0.666929526777255,0.103129362087118,0.242403033404985
0.580187110177682,0.499772900420963,0.168760467413546,0.232372669417065
0.732587931462211,0.558482790823453,0.141892900046176,0.25757411330272
0.741846764337148,0.639041811758865,0.117864944543928,0.242178736038367
0.630172635696085,0.523496627845582,0.142555158664376,0.267119789037611
0.688850602190981,0.725380955459422,0.115464335605429,0.235301280902492
0.793329250375229,0.722234517014352,0.136713491850037,0.234201960888808
0.687038630314397,0.491353760581658,0.143369582995188,0.308009522798566
0.805589996065836,0.648972094544064,0.149535575002338,0.210980023780901
0.601574436491122,0.622473668533166,0.142536272061649,0.253648790787306
0.735187146690697,0.69930205996952,0.13663990593847,0.21382011296892
0.57875377632779,0.615276774221772,0.128090173455704,0.293399368974791
0.609504282391637,0.438216064563562,0.128757089912661,0.220902388952826
0.683525968175796,0.779446825787697,0.110504257243214,0.298661912880937
0.638535742507733,0.487418284950598,0.192130387305696,0.282969512608738
0.742936012464685,0.662099956083814,0.168386270853473,0.354550848650205
0.619546344015924,0.596879129298365,0.13412302483861,0.346331391723935
0.657027800686485,0.604173375081471,0.103431106576066,0.287732998468134
0.7722267270382,0.675082784023583,0.143712164001567,0.278623038864548
0.664641828690482,0.691152661690312,0.184672475568599,0.197876000465198
0.718226019769026,0.583172351508412,0.123725470162382,0.343978656820435
0.65100800282626,0.645842552518582,0.133023396210235,0.148994307499974
0.679436676286483,0.533908124283423,0.108772434036061,0.188520613144323
0.635131008343225,0.549739798177799,0.114183453024907,0.278688345324932
0.760640958816973,0.660632124093418,0.160235122580772,0.251558526791281
0.698644688916243,0.556333779193037,0.126686657588988,0.224568624851057
0.614860457279751,0.616401440683151,0.134307224140944,0.222278502854532
0.646085499265575,0.589337628224815,0.0855867691893977,0.253291505735779
0.738615794831687,0.788016805845836,0.165362289469154,0.272678587651111
0.717395329142194,0.687927124032967,0.121017829651518,0.264209466845525
0.686564817765601,0.60339024205733,0.145718445679377,0.197339152521144
0.584206739422431,0.459904067992622,0.139073520158477,0.268539976530252
0.693697326146996,0.595800532545778,0.109414897765739,0.219333421152741
0.636954761366288,0.606405012777545,0.143084295732653,0.266086764336814
0.630299226467322,0.483493627007838,0.136098299568733,0.273501668630887
0.801483133432347,0.752737135265951,0.14126360733463,0.231289354974983
0.634793778456332,0.637493547125958,0.127034480091465,0.270233538027014
0.824815356521534,0.663061068409789,0.16198512258083,0.241105107389704
0.739257883251045,0.645585062201628,0.131960595776546,0.306234592076081
0.598757289794458,0.656240682440084,0.14458418372594,0.248302353702774
0.959641817629448,0.755011085149522,0.15099116098501,0.243625768912614
0.777357007285017,0.655367205079639,0.157287979391249,0.213608804892437
0.85956183740257,0.588742361401049,0.142600611942265,0.295254596476795
0.686420181663719,0.840313161327014,0.148408060942102,0.22513517119465
0.793516004772999,0.797351200708502,0.160946166938871,0.269247561660406
0.673392945469169,0.457964113674881,0.140834664665003,0.28307699437538
0.790131237376002,0.721654075080154,0.149762557547144,0.214394786182927
0.787434692577133,0.782527897747096,0.153036403166131,0.231339118343313
0.826825770203909,0.65380531281847,0.12092456789734,0.219890811165834
0.610231069927034,0.497506356877791,0.196894257391687,0.253735447225584
0.714771030015396,0.652904030588365,0.0972277771403912,0.241170939534722
0.705573739429724,0.562712141923921,0.170037944386346,0.26478781333364
0.80338438386431,0.588474306087315,0.128646087441114,0.29899216961712
0.736640368005729,0.579979029204517,0.115555135243065,0.202705766780624
0.64330450172269,0.61661252544451,0.143246028332462,0.337056310992822
0.789619486968772,0.724485768410342,0.158719044518412,0.28465205148014
0.616986208507254,0.516789370441799,0.140660099445624,0.267321225678832
0.706495398001253,0.578580589139562,0.126119466915723,0.198812119081075
0.623128255355663,0.588959993713045,0.142074546681728,0.192043096083812
0.629741865047672,0.715680184245768,0.102247612314236,0.28126699540943
0.603095704970652,0.560364841272942,0.160967765834567,0.240167344165667
0.636041824807219,0.563303622285249,0.10154590487977,0.199080491273393
0.636159960017598,0.589205777664796,0.156232666312547,0.261369124744887
0.483215266145318,0.598343234855354,0.112156842971402,0.231850070186097
0.735354013461001,0.61035870080596,0.174591714679975,0.232830582747742
0.638580967196083,0.740731499690961,0.143801012256785,0.243322847338596
0.691924937699362,0.561888811435816,0.142544634142698,0.298336342902129
0.70086206246071,0.618156164639495,0.133033905556903,0.27875129969155
0.656207741075726,0.618931334621216,0.12858064061711,0.233362073854076
0.654299665803335,0.645235560658806,0.119080132283082,0.274778628439643
0.818011002319612,0.608135939141897,0.133455653298815,0.241058720709786
0.687951842290292,0.657142011256989,0.127436300986222,0.31971602534176
0.759234699346404,0.619032141827117,0.148108557219448,0.221369758440639
0.618036352172518,0.744750253397617,0.136985124802886,0.325794374622295
0.624968913206296,0.524833196705589,0.125146123810365,0.257563529518136
0.739614818059962,0.710188458512441,0.174272611461034,0.239933380105905
0.695647338514977,0.601868750662429,0.117303358568447,0.290819365810326
0.628220826888563,0.849907811542778,0.160622526014483,0.238815900670928
0.604012803257782,0.500070288674862,0.133574621982655,0.235277430740001
0.610261579909093,0.572927393781776,0.160420419893445,0.186591011005796
0.605869086217304,0.530426156981086,0.0983750184099048,0.20277045504524
0.661209078652375,0.646296183601156,0.153403800630392,0.30504891599691
0.697883571430476,0.546398786596623,0.120075429682613,0.205708507954873
0.661277586495399,0.483235468285617,0.150034125766339,0.269259125365451
0.735460367670368,0.756361786472676,0.187888780572857,0.276896562004516
0.654614326985521,0.638710330789647,0.118292917494,0.362029088899137
0.714544594593607,0.548297904200911,0.12608017019625,0.21938177868319
0.691135197192163,0.773119615848054,0.142927674556672,0.382156023524176
0.720493386684685,0.558931033767381,0.146644213715732,0.295642136019992
0.612396693305305,0.652865463424325,0.114011152769335,0.20722098680764
0.577524738023685,0.617949800035394,0.125653331969222,0.208985557279801
0.62560958994995,0.487006937432294,0.137845322920058,0.17649116992221
0.696208455247571,0.712276111604874,0.13387696684149,0.319461449248089
0.66954046740956,0.588906263022899,0.19964050323753,0.236979729115731
0.71735740700347,0.60630547607572,0.210944421415388,0.266549105251899
0.707264054430304,0.636583311546804,0.139861280090743,0.311373120411385
0.597633470487709,0.436023849789064,0.14232065965969,0.211568888523722
0.609618222842961,0.711239330425861,0.0988806069949934,0.230934925045604
0.697405093642022,0.465996006234224,0.123996273585048,0.219137076729738
0.673099702667812,0.654023389869394,0.143188009320065,0.295172275336238
0.684840728936826,0.561939202002982,0.18725922913291,0.23015385023845
0.772147140671142,0.645022971650034,0.197578179691097,0.242391744007726
0.602215669146186,0.544400902370141,0.0849761962916115,0.216098633596204
0.714564010268439,0.577117770431162,0.155817320577881,0.208292218945389
0.598609405690277,0.481961036311042,0.123058888482597,0.229365342958547
0.605885736180304,0.522791586791202,0.131979545736709,0.211043314336781
0.546961012867298,0.560676965895622,0.109114561573181,0.26572291654868
0.712278610378381,0.549771744625398,0.130093177346985,0.21268450277868
0.574981694730057,0.723423828393464,0.122353931566876,0.317215287277525
0.84866154650754,0.574241853048808,0.158622156423237,0.248271133083795
0.539431042017676,0.713052680657621,0.101181466513585,0.246758800109235
0.69737211372431,0.550168264284793,0.138058396400793,0.280692465549425
0.639801094002325,0.654885943195898,0.113105930438921,0.262241655476299
0.625825775565412,0.574575659218499,0.113017463169807,0.277804277028676
0.760134812318753,0.534629058852913,0.119938746184749,0.263761252745762
0.627337673819757,0.601057032326551,0.160610767445933,0.236871521147654
0.75749996827005,0.4697737554288,0.106904523383972,0.202848936641895
0.666247471744911,0.659961569387414,0.130941369601003,0.246195774216531
0.580488484763875,0.644639926196323,0.15068862059334,0.287767198642653
0.753881611468088,0.543797755984099,0.151818804342803,0.297428904509083
0.711575367480311,0.712769111292546,0.131800359734957,0.275536561724537
0.665330959583316,0.622933401030352,0.1830279423516,0.260872239849461
0.805115334407746,0.696959336319828,0.111557907890967,0.268052768469009
0.898559659442593,0.604482718859459,0.163523376483795,0.230137556631635
0.785466638593268,0.810156861602044,0.129481199545062,0.293361516602958
0.766390843402127,0.711724507975613,0.115314707536379,0.308881201081944
0.606256236601147,0.577687726122991,0.142152552932371,0.216511984655046
0.773077078878269,0.608317016626787,0.115222162868895,0.31329357222206
0.612730739566645,0.58531902256104,0.151334778622644,0.234847305499712
0.728456259242389,0.569233211831811,0.174754415784597,0.28692518317645
0.620527602284465,0.624548026395904,0.0841036090953145,0.20980084450709
0.69794526079656,0.564210449748594,0.199507557150014,0.367996777631998
0.729530220599915,0.686933190214763,0.135299704947645,0.242952939272545
0.630994307326487,0.568128889387235,0.121262163565641,0.284558478713334
0.725057168252925,0.626981975147952,0.137081862419212,0.260778597617523
0.659806674648376,0.677061825718773,0.128514029849292,0.245583411095902
0.933905536978951,0.67946484901713,0.149306174929953,0.288800224999201
0.671204794016815,0.950912286795789,0.184543603585461,0.361671697951309
0.952269779816719,0.601460151108584,0.129407696989433,0.267076167674443
0.721947517064503,0.499229776834603,0.210279214604567,0.259068695168045
0.654648916404888,0.791010358699511,0.0939830475486373,0.210437753869247
0.699550675410705,0.499462739071656,0.232950357987985,0.321331022115646
0.885669333420373,0.582229991922387,0.170987010270998,0.233421551790754
0.884780456448576,0.550657691709434,0.151485522499526,0.213236597130404
0.618320545649155,0.701205009601941,0.129023511330283,0.296060476172669
0.823071320374449,0.602405658107594,0.138686380845984,0.226878438194437
0.699744112645777,0.720095968111987,0.148988232650817,0.303051559459953
0.825702116142471,0.671561036983915,0.165294509186748,0.258437436929616
0.664732590715797,0.521322009090323,0.126747260195776,0.263946913751894
0.782885436835682,0.613620123607683,0.148817211817412,0.184856960795205
0.651595399695246,0.512469480100406,0.126989756750223,0.268965846295395
0.772980901864939,0.614284506584156,0.155755378806082,0.234079113067717
0.69872680078058,0.550101490718561,0.113029370641015,0.279794667701976
0.606247732000793,0.553629008193838,0.118469308499953,0.259841802945842
0.648108621252627,0.534262091184704,0.106773207482236,0.315695436530718
0.773506212692737,0.703795710765831,0.179761482456219,0.206721857192387
0.692410374874416,0.621695006493277,0.115004030716447,0.294110985743048
0.718955066831028,0.658534830450816,0.176145901608969,0.22095422514559
0.737818595694659,0.703139586404499,0.11562293463706,0.307988202044602
0.836035036205144,0.719464147721198,0.153712626015633,0.271552460186468
0.561301133219367,0.530353087557059,0.12521503566127,0.288153577540606
0.712136394053511,0.570106690856472,0.163811566236861,0.275939511409286
0.603966317532552,0.471752858981365,0.120554869453429,0.222257313165528
0.644556473190382,0.599914929028891,0.118738363164158,0.248987262268903
0.659085597574043,0.584402341297931,0.105645179136887,0.234923299367152
0.79120324311747,0.619903938698367,0.177451782332387,0.274195331132761
0.65645892527316,0.550915496538415,0.119277835035564,0.243700889448434
0.595623419070233,0.550042169124682,0.119776900326007,0.272098107232923
0.710633767052352,0.698813490032979,0.18114182181713,0.279226798293532
0.740210216693789,0.720887839004113,0.120353193441,0.259285734757012
0.752229244418025,0.779247433651744,0.148046484376714,0.304895143434374
0.67943105085684,0.490567504632719,0.125206615830885,0.263163507642372
0.865287541315669,0.940859135526822,0.162987112954168,0.312407925579755
0.841926270311305,0.706137775130724,0.149537208591904,0.263233348105443
0.867573278860328,0.723599274575722,0.149993621399458,0.268812954556744
0.702665490282005,0.632994456624798,0.134202245687019,0.250791379406076
0.724203503158481,0.611632998740187,0.147364170505533,0.246655079567813
0.611260362874131,0.599542932461303,0.138090120448614,0.296885102048948
0.64875140771761,0.620398898393599,0.127534480308688,0.329690308501909
0.699394682463773,0.721871281534949,0.16078596190598,0.239722098250345
0.769101127896391,0.65424043386986,0.183079756955436,0.298721543814646
0.736641939090355,0.685925686611106,0.163841459504354,0.310705229796143
0.59746590482084,0.570077526216649,0.131839200250246,0.253190542892069
0.710850532747948,0.540519974607377,0.124736716259808,0.187671912928746
0.647443374108566,0.59925751200437,0.204569125259296,0.257701459396328
0.641793868497296,0.584130187013474,0.116348688064384,0.234388767053831
0.661096481105653,0.631524051440506,0.171286425133267,0.285586385426836
0.584803567188337,0.745375297277094,0.11478415628144,0.270339468439266
0.607846197516371,0.51627061476309,0.135173267735301,0.200959650761014
0.859322653490843,0.598595235395635,0.150588665848708,0.284345472291316
0.576095272731573,0.54197615945078,0.130603378666316,0.255656493278665
0.766398033650621,0.686112709194055,0.152166164157878,0.204694985249224
0.779585035316986,0.507807792955219,0.184925201355547,0.241095830795561
0.688239610400581,0.647315028842179,0.101457537578285,0.215151595893121
0.698080680695697,0.564336363518222,0.114815729420456,0.276943886439605
0.653604950362948,0.568506407072333,0.135422458095869,0.229566821749132
0.703612341109859,0.533513275168381,0.137130971383476,0.224230178239597
0.64419395272436,0.533907680348398,0.137225797023226,0.250933087086869
0.691947416018579,0.628615689501775,0.143762722417802,0.299001769474103
0.732204193125191,0.720427101688599,0.138998348098218,0.245325675806849
0.717341822683008,0.667354292234963,0.148732261275135,0.24549698183605
0.580188436381203,0.643803454878467,0.139815296700005,0.244127083594867
0.528140951258749,0.509679243320392,0.108914801422627,0.2514695358346
0.661358389419654,0.473004879082045,0.160642898188987,0.241793940425538
0.646529714292769,0.678645276837016,0.117791514170067,0.260776963719224
0.812210533099396,0.515636703061821,0.145644041483097,0.251170925508832
0.48393827116808,0.603572250995156,0.131348809617081,0.231491019103729
0.853251178341946,0.559821511784832,0.114398448019806,0.264278394570363
0.859932933293934,0.66225658287989,0.0940089754734582,0.284394868482045
0.774765049171882,0.698819900683371,0.11003615551362,0.257108192356116
0.790652159886568,0.7687526116627,0.179120479737205,0.33266514561342
0.662666686069334,0.72891805973408,0.185381649290631,0.248829000989331
0.710888692621653,0.543291513303099,0.123945980298039,0.229156221033754
0.711284459702299,0.66200438652325,0.163136306526275,0.246717324407287
0.69308157524837,0.649191384981185,0.136785154830482,0.236046492476755
0.750942305307503,0.567474115963162,0.158978503189472,0.327592972582059
0.765313798259108,0.725209746077179,0.141377034715199,0.301339559039147
0.789275825109567,0.610312101747117,0.162830623980876,0.258738412937542
0.663449063701192,0.569263303831958,0.118282303430316,0.275023714976356
0.65302690319799,0.531566135702437,0.159210735577497,0.224002286550705
0.570361535259671,0.636075070769865,0.133563730753722,0.247486553843298
0.571400647197169,0.574031866750358,0.118517964644334,0.244482421251845
0.977818807559965,0.78046676236801,0.126831329292347,0.273760824789844
0.688245225699969,0.515153221968783,0.20867448207553,0.346479203399797
0.586466012934958,0.610389839707311,0.0669137247030185,0.179121278887703
0.646835252024351,0.514768274607729,0.143454434850237,0.286733056869375
0.704885817955028,0.430043990524057,0.147130335714229,0.244629551868816
0.558589495075697,0.596796241628133,0.133677844482108,0.234821063943932
0.704349917163202,0.651077827219936,0.147106973217007,0.2180854583416
0.613988416083905,0.657652099035451,0.0971777690931896,0.287296164108771
0.676912673778395,0.677860305683696,0.108770538686196,0.248293090680535
0.621561354273206,0.710775304118782,0.128100964878809,0.31357676643764
0.602046399863301,0.599583150870205,0.149679615564376,0.263253734944011
0.577163818440377,0.625919508822143,0.152091149715034,0.240315280396453
0.667607997886048,0.598462935934567,0.112348543494377,0.29845615626413
0.620451223326517,0.590665298551618,0.100016626669567,0.270180463808438
0.732471160268089,0.566579947674462,0.138367843171696,0.292946524117598
0.675743397737696,0.643106961074114,0.0734567402262615,0.261304296375678
0.711924331680863,0.671556362411497,0.132829883803853,0.26387478939096
0.529816616093005,0.49352356790408,0.148855543527415,0.19721914744409
0.718833649360841,0.554268941865559,0.12913776210065,0.236765704327583
0.582232118428276,0.560254255812049,0.1634824437157,0.253163588768063
0.705148928025406,0.579338029809269,0.0940328932495341,0.247245867549488
0.670826623203241,0.527840627636096,0.0967059030872563,0.241492752265382
0.657760961579071,0.617546663277745,0.1643880775783,0.26889637005373
0.715098516824906,0.477846146844584,0.10544553674326,0.203470800740617
0.585536539973578,0.676938292575927,0.11977155281857,0.306441874634354
0.612483347572562,0.703808437329942,0.104785780062925,0.297096032778371
0.776908774276222,0.793330081548865,0.173615611543152,0.245864605677919
0.646213862492349,0.518430902382319,0.137769551026975,0.259837612464221
0.588772356475726,0.521421818156064,0.147083495466092,0.280486140394935
0.882864517541458,0.919019001088066,0.162268971022624,0.228355026148612
0.614230248749427,0.514208621067667,0.124675590369512,0.309011181774436
0.6643573321226,0.853087151307186,0.133934991339515,0.193025678349464
0.716336457972493,0.496037397094392,0.146922858055581,0.327924094615729
0.575438017314867,0.564828588803143,0.0874531384254264,0.206574399892599
0.753374089885115,0.578760207158401,0.209678121385992,0.308771113425163
0.624224503221848,0.739741110196758,0.106892714783289,0.211147355199663
0.731880517280502,0.496807934427138,0.156029280019336,0.277206479294782
0.63060182795101,0.616509387303097,0.0901615274278982,0.219167357546452
0.506380216011533,0.506523128054495,0.164320145384613,0.295073453967885
0.64261682024301,0.618427548854843,0.0994724300000494,0.20317390419287
0.622518365546985,0.454715240650942,0.199584677402281,0.230812249608425
0.635580579635308,0.727037894048963,0.121190824077384,0.229927916752899
0.752766278216977,0.64499656248042,0.155378837531752,0.300738261898546
0.624593470263799,0.611989546703631,0.137068424485243,0.243445049646444
0.664556912397565,0.545963787072628,0.125570403159526,0.254129739021923
0.740943414065191,0.519566246460127,0.137497255177302,0.283264609842644
0.611724963149864,0.574451743981686,0.107195963667149,0.246733951886627
0.686570694245741,0.567704177882722,0.167096697128397,0.229150699525521
0.796126046213714,0.65128976847181,0.146387621119442,0.259765022501295
0.64901001004756,0.540225066106674,0.135283672974122,0.310514280252572
0.697140777262272,0.529948532398688,0.129638024082353,0.209485618367067
0.79594918441545,0.530015348229493,0.144355418040892,0.30528824041929
0.685192715406352,0.57137038961964,0.146403175010723,0.223796196827998
0.656532544496941,0.537060310522181,0.125911122230975,0.262207100559244
0.726544870067893,0.568228658810674,0.148736805543286,0.281081790234624
0.590178927775166,0.600628494246328,0.147623326872432,0.238769767495354
0.634331115485415,0.516662139229235,0.159729819104792,0.2401153055777
0.76245027073646,0.715570817409848,0.108902933539812,0.312205051779442
0.610779728988943,0.515597190739831,0.206610430265445,0.218027166670025
0.727660266830485,0.62455186484851,0.0992435429976817,0.253947070125299
0.747975324707412,0.605891105419331,0.163747809127523,0.223438856641889
0.849458570175221,0.640085043218122,0.12727459450768,0.260629211147065
0.861259380901055,0.641911697643172,0.154105757553023,0.316729745606955
0.590101989294475,0.582757656393051,0.138814289551562,0.234488891388895
0.587554121829511,0.513671931357929,0.125418641441646,0.229884774484794
0.534679407589534,0.555257263532606,0.118592591695627,0.221593523127282
0.674495879197139,0.430161099859763,0.106652121551789,0.243830951613988
0.676262264368044,0.577638650478161,0.134137181130004,0.268803841508052
0.721839952443382,0.560178106908655,0.161443392320083,0.213265987503761
0.697107951783174,0.692844132343088,0.134387789952558,0.212018162998679
0.794362071153649,0.591942356805144,0.14201677866168,0.210015379174557
0.674875697175298,0.654067197575751,0.153105414561427,0.308708312404597
0.620060929001239,0.704319696697034,0.121972557496331,0.328096046632282
0.680128166907763,0.609675198948625,0.183858357467312,0.247187943880816
0.753154944940761,0.692862534659595,0.154591517847114,0.252994990095889
0.650995606297149,0.596262130143841,0.134974613104912,0.279470457087461
0.79349428451994,0.623430301668938,0.158324025316378,0.221970950209112
0.708078668389513,0.619135926426482,0.132497225807241,0.197903811390214
0.716581118169178,0.671558500806611,0.153365603505602,0.245649452438175
0.625662848454053,0.608123639237283,0.121447824477177,0.235868912125974
0.669485396617609,0.67226338710215,0.133771386527619,0.265734147595884
0.715090309096428,0.585763259801054,0.136759272248401,0.236270765049979
0.6474492686496,0.63106237286579,0.126281921047992,0.244233194798724
0.628008438146965,0.581798625583812,0.155183604217639,0.254799847949486
0.592236216182888,0.595695876976202,0.0974341489990857,0.229514759843592
0.928803208271134,0.648882273594506,0.193851227286343,0.278074628231069
0.614388942938995,0.771241630235639,0.196317732917618,0.277227355045199
0.703307645722798,0.599715886528732,0.127247850512571,0.293047453456489
0.623136377728533,0.558354715162692,0.217026165285345,0.312475810132218
0.758220862797939,0.570783186527028,0.180169503854422,0.26040698576111
0.612984947109165,0.47492713132544,0.117110143885355,0.231623514529977
0.539755723654209,0.601036169330321,0.126167716418282,0.274202515401152
0.801349797353816,0.65288785489449,0.132983293420657,0.224698609260685
0.732937456126283,0.623341012191916,0.14261094986451,0.208121297077352
0.800458700434534,0.584993049032209,0.13758745198516,0.253660638181066
0.62636259638709,0.675107378750071,0.148003067827425,0.247574152267392
0.676353412395578,0.652749333260961,0.156183974833247,0.252055341734774
0.772787533952026,0.72301397750847,0.146852770128978,0.246285145436094
0.627665945162413,0.619946032030362,0.180849889964266,0.22805360840421
0.614881377313646,0.63843714322835,0.109605560864243,0.236090922911964
0.624250808613979,0.558520584582489,0.114678426685819,0.283792334016451
0.790392175568881,0.576225252692412,0.133789904040294,0.191735204726909
0.686505160636594,0.785965313555523,0.157293989381312,0.348592987236402
0.735893148149411,0.701648672617571,0.176191199054133,0.279055172528909
0.774320523360138,0.600045715509942,0.174210496121352,0.25503104667994
0.894476738882763,0.600809651200892,0.146931710829953,0.304643625283762
0.657610689590219,0.635474719926449,0.136607599074115,0.371558171199528
0.745083654143774,0.578602111009085,0.159916378722375,0.153154514461815
0.579312804093497,0.579832031087102,0.125723841295892,0.310184360688102
0.623415321597713,0.570632306692808,0.153167096584126,0.301178493025058
0.654352452317005,0.593812435848587,0.20502816364077,0.320750679710789
0.664452858691289,0.661009286861192,0.165170854615893,0.321256928392058
0.706945663496784,0.605837228651735,0.132429411251702,0.247990905503891
0.706288988530832,0.667292380325552,0.175190030663612,0.277530883263743
0.717119772307411,0.70827665548543,0.100261721992002,0.201378714290326
0.809701066609716,0.626130294259829,0.176429602751629,0.269720914303339
0.808129964341429,0.712273497539948,0.13773312079221,0.261564202073568
0.596958861713961,0.556176997374387,0.13979975789314,0.267499515755257
0.616448067747597,0.656386937976542,0.106413889394715,0.249594391974316
0.678831929639713,0.608692959118454,0.193370164584916,0.241088357159535
0.63275812826862,0.683396012601947,0.141101374549763,0.288903909026931
0.638575223305216,0.503925888532471,0.153734916008184,0.246665121174928
0.716648576163462,0.564890370010894,0.137074324755484,0.201523397708202
0.6410380280676,0.531113051452685,0.1105957472684,0.327477679210371
0.676276904499369,0.573950435525545,0.194385815191737,0.285760395997284
0.654657356790539,0.591040665849405,0.137542250969049,0.273139423715793
0.74170414239593,0.742567388338708,0.0903263805848258,0.193869108973663
0.58060837597035,0.44983200086669,0.164748628010751,0.270934403105825
0.554982751000073,0.475852620647786,0.127798857945376,0.194762058229204
0.616626366324652,0.538169895824933,0.138974035633368,0.302929983285935
0.726826518350351,0.652209819356816,0.160079499882368,0.31212430862745
0.787302026628702,0.628183723062295,0.143841526957308,0.284491761589866
0.722660038008357,0.646951708052118,0.146936726080314,0.300210921008078
0.720655529785506,0.732503080062722,0.179645349758453,0.26749400062629
0.704399401730993,0.57858626494166,0.171898872192905,0.29390264504292
0.662242324570139,0.554743048209428,0.13407252702669,0.226310839769086
0.552802644336075,0.480297739981057,0.104725571226834,0.250203989669404
0.639076233897048,0.541987410676568,0.158352295694218,0.227491908083992
0.641989819367833,0.557986215030006,0.0943811822810314,0.195865621177822
0.695755316230986,0.565548008780025,0.141572221033221,0.223677325207788
0.608383467501685,0.570971933939179,0.144335439571283,0.270133791387138
0.752876977616396,0.607486265326906,0.113457761058128,0.284592970238947
0.766769256425602,0.725133320165422,0.12694399137259,0.26312036526003
0.712043768357292,0.664914865640315,0.139226734919778,0.26629156700897
0.632066486640657,0.57547641023019,0.115960146861834,0.290725883376828
0.715799101715746,0.576898764762201,0.130215102455349,0.277031672652653
0.696733180354108,0.557228637183177,0.15040817705097,0.281559986909407
0.630772393688975,0.552675750318957,0.144342638928847,0.209088104577653
0.55447693165654,0.595026819085486,0.137698898126391,0.255244572054294
0.738525949355299,0.679497942249891,0.146249172352628,0.288780454419062
0.633666456150147,0.673620555285852,0.15369019750602,0.260809359274684
0.772412124139726,0.581324875141903,0.156882159297987,0.305755816196121
0.807732540680301,0.602115626922575,0.153383179362898,0.255718027592439
0.599792671624701,0.641868651243389,0.15526441414976,0.273231127960981
0.686091337384571,0.654736950470607,0.171562305309056,0.283810002288238
0.687287110371455,0.653065707931823,0.165974640809351,0.263065403533292
0.76118661284859,0.715242315343559,0.119819892191109,0.22376426059794
0.797649326179798,0.571747114565711,0.154320060476131,0.379136624000203
0.614948101563841,0.642518221468033,0.155222234485201,0.19538524650962
0.807562009591346,0.588833118245229,0.152686919862966,0.429885740604949
0.66491811014562,0.634295942011149,0.155581542112258,0.223481101912666
0.662331685228048,0.648705688946603,0.153351075770759,0.233134830576338
0.581444545387072,0.552595899517674,0.117569246239256,0.210305848390505
0.524868325848612,0.533872034151092,0.136771435135493,0.273214057169406
0.785734862971111,0.626980076838879,0.154244024657852,0.224133885849456
0.743668631763344,0.710736966464609,0.172788454269029,0.240626472860966
0.825010918899385,0.62902230730525,0.164034191106147,0.33348775294085
0.734582429727517,0.741311798159552,0.118213997504371,0.207965277071855
0.769590038000574,0.518623848424145,0.149329309003708,0.290739723051212
0.504901898372117,0.529792882122886,0.110392118856891,0.216418320560979
0.647653827933198,0.557458341830139,0.139257059514416,0.270244305438197
0.589986656920862,0.604760969386787,0.112327764308337,0.280707551174441
0.767632198584622,0.493916242993553,0.11830422507146,0.267502731165107
0.589661583037775,0.666190261124,0.159905257776677,0.186748958366342
0.749876097677524,0.45642784489403,0.130443895921763,0.302967540581949
0.656769472110968,0.760436950124132,0.130383606589388,0.193141855147203
0.693854033865321,0.515946872711307,0.158729639919616,0.34632730021979
0.718420086816838,0.493188629798035,0.146830986498326,0.338821660259897
0.650776628170803,0.639911787098001,0.111174175802947,0.213398871328845
0.653309380505399,0.625288580105328,0.114791093715251,0.216071518973357
0.736999187271471,0.664729734780672,0.123811336730317,0.265144326613696
0.657469568651544,0.508349017402281,0.123108221615334,0.238928017594676
0.688525543341217,0.5796252678564,0.137113008468858,0.305926421856479
0.681245364755901,0.677058656689605,0.160938586802857,0.273309359651294
0.66758337878067,0.620123050090357,0.133590961912909,0.236598448643072
0.711728311569834,0.607200399259429,0.133890172650251,0.278741543256384
0.588023926673186,0.75397966846945,0.13789677718418,0.277574612321073
0.758201248856464,0.52750544499365,0.11918213729605,0.264355210663022
0.566492172704962,0.530808195990065,0.105369555782126,0.361258512001728
0.661148159819404,0.541476465688742,0.113799464095494,0.33439896970877
0.776834982016015,0.735848333041231,0.14962921616774,0.319998378076512
0.660888556207208,0.590642655440638,0.138093789955759,0.26057955979982
0.752255161347024,0.563530399087375,0.128099660360924,0.256742148545288
0.707288930707694,0.814021239790454,0.149937506137336,0.253888163515821
0.71002845564589,0.662065361662571,0.115113562078029,0.411011962317206
0.790465588702103,0.645420174565066,0.212279019311753,0.234398923926843
0.567927816750699,0.536109030953178,0.102855191798952,0.292865421446239
0.64436885255073,0.518428748530926,0.172271109033859,0.222138744253668
0.676071258992992,0.783101838578637,0.125722721852145,0.245470484084407
0.692119366740158,0.557593126447108,0.123714131182413,0.265748012477558
0.569306714795525,0.582695084985532,0.109980072328901,0.212952048259729
0.743009356766068,0.570092980771102,0.169687829952584,0.290069141315768
0.598816888710769,0.613669993170022,0.14818102776542,0.249606476403415
0.770463982793762,0.560218704472206,0.112063453183212,0.286721351340041
0.651725998952388,0.63755565205878,0.169191323460091,0.302301599031273
0.618016208234223,0.701927422398838,0.178669409317166,0.221053218316103
0.673949675697234,0.549836739693098,0.16377252057396,0.34673324459073
0.924583062129528,0.754767933288262,0.1491777906029,0.268585572333021
0.543425381951572,0.540708603753576,0.129261385464884,0.259237358274743
0.833466049200195,0.619813828009238,0.148122933417266,0.272143907365812
0.771330676231052,0.642722486770458,0.138487342939079,0.264304802429765
0.814370967490496,0.587230427451966,0.184360663692299,0.269325775428625
0.60932349125747,0.592806686873148,0.135547844053532,0.274191678726357
0.69446550397302,0.522138410777541,0.149509158308102,0.204221785746755
0.705090275681758,0.560357303421582,0.154840496094599,0.202849307916243
0.66566618402612,0.611072048118259,0.120041116539201,0.340581285524034
0.643841061705518,0.573877676934056,0.124928159296416,0.236270314126018
0.616480023008819,0.577091840329366,0.12854276741156,0.226033422104885
0.752780449495006,0.581066653311223,0.124892251900849,0.247752777459506
0.632300789096558,0.504089637158278,0.155598812560328,0.240560599577946
0.712453547812027,0.595349027374488,0.0915274491831425,0.267413941114111
0.730595610279727,0.748983043013729,0.213477940571378,0.275022179538372
0.839816238650232,0.637232425394449,0.148086509104927,0.352878680631513
0.831299530207066,0.782606620635786,0.157038984396446,0.341415800930887
0.654890202543802,0.539550595868504,0.158167774922062,0.27885729471155
0.603423659201579,0.63391768995045,0.145027723665474,0.270076440433046
0.637573927698309,0.491007972448615,0.122827660779159,0.193110411137164
0.740256080375748,0.695298076245943,0.142114614215369,0.29954743366948
0.735895340098532,0.627691242048057,0.126629710084632,0.206071668204695
0.712742290476715,0.631880054541658,0.095305687504844,0.244198952753116
0.775222797607636,0.750445208597148,0.180433981985125,0.356577289395512
0.80856831833866,0.683282586067721,0.167261182400943,0.264961988050618
0.644550520324512,0.510560441219759,0.111546678489751,0.223109382786192
0.635829888275296,0.588038585276388,0.111321123719644,0.252862900811427
0.714578771800505,0.610283757623595,0.190482445751825,0.305887900507486
0.739375019727851,0.660273622270334,0.198597498318222,0.294774962160683
0.649293068996669,0.566531082288262,0.119944971127049,0.245036651752775
0.666982149405658,0.666075246385998,0.170659511213135,0.274698438677608
0.747907966632475,0.788188934025183,0.130279481493921,0.254488626164352
0.769995754839002,0.638803599385482,0.119418179445218,0.234925629192312
0.902385344992838,0.795587724046473,0.124935448181998,0.366422891971688
0.836639916780084,0.780645058667141,0.11989180309742,0.389987159767836
0.703410061936596,0.634615210883972,0.150429270968469,0.311163362653333
0.672486520333676,0.685179932164186,0.117528767532855,0.237052122470901
0.72651348042793,0.512590714881741,0.162077467398791,0.287556341591569
0.669841301206762,0.641190695332589,0.139191494125095,0.245452263198952
0.713146705726983,0.563163314238522,0.162028627112784,0.282098513139006
0.644323382648958,0.61889592572298,0.0948756554890893,0.281080322304311
0.564719871724151,0.617183941279268,0.0859969894583666,0.229244843239442
0.750710179938346,0.423862794955196,0.178269511780891,0.248188900756216
0.65574495792505,0.675205352909827,0.0981650828691607,0.224514884668973
0.596532708550617,0.596159383566484,0.150136137859014,0.258998306200524
0.669770166380254,0.647690359029695,0.136288805752154,0.229990094619899
0.745736676658508,0.648491905180506,0.105234330953992,0.208717388072734
0.682182578144996,0.534098395302396,0.139382951860627,0.284191657117793
0.740663480944141,0.785145615265484,0.0873312545680447,0.217576562712048
0.727365601700129,0.472537623442282,0.182475237463432,0.355541091809591
0.662318038697422,0.514326355845672,0.146721628536836,0.293088689856798
0.714569494284953,0.605064077409861,0.170458670179765,0.195112399139981
0.646643034942131,0.585247915815524,0.0987477841452628,0.282406997000568
0.67317150389775,0.522371377898895,0.120678724142534,0.233230682003115
0.734800054764313,0.616866782806412,0.143090359245802,0.330141925760014
0.708727168596253,0.625100736739225,0.126318221363768,0.224164435160311
0.53982557605028,0.576230849862387,0.140930665250608,0.303827557507766
0.863961980072011,0.695344109045464,0.1666571406555,0.301487312384862
0.923536471538976,0.576411058922042,0.16290948031972,0.260671394112471
0.653192675225887,0.526811538657494,0.121892602516019,0.196488313458686
0.820787378907696,0.813546302954535,0.181446559858814,0.318540739781235
0.825221096069985,0.612720701323509,0.147211780512177,0.238427844298623
0.623765109997855,0.645208689021968,0.154654512852949,0.291164092018142
0.537870095005388,0.623217624078676,0.168601608670211,0.291194321180737
0.535403994271183,0.619525413584201,0.176748753536734,0.262014206104758
0.686824613968462,0.607622986138183,0.0890316785310549,0.220797449717979
0.667395673493232,0.595014739722616,0.175243141948637,0.250235459404594
0.758381982025116,0.694312131448847,0.16641830595993,0.261129768318032
0.823348994452639,0.574084921050313,0.169869290215752,0.19538954018174
0.628271720722593,0.717740337687321,0.150774065370166,0.356873376913974
0.634856246676981,0.642729260704668,0.171469738866625,0.433811481233399
0.814581551343178,0.643660753587932,0.151592466477252,0.267218654181523
0.778678087308125,0.74408626446187,0.191999956138351,0.310572513925353
0.751706985328079,0.706409106396247,0.146249469748698,0.23559390678744
0.775269834271323,0.560602444860382,0.159027274328704,0.27726632236718
0.6890697427151,0.509738405527965,0.117765462894253,0.203904821197112
0.752996880690494,0.605682148326681,0.149701232366979,0.304749255280031
0.747738750912141,0.674360079350925,0.105025255820063,0.233630383572394
0.732374684887687,0.835552850058439,0.131933113579027,0.217379803022222
0.823883333224677,0.694280780252096,0.138755653097491,0.218532669569441
0.826972762382297,0.704155365734307,0.141945518531022,0.222787646587827
0.591668574822651,0.675317126973894,0.137597510237478,0.290846362816461
0.728790117582128,0.578556577895984,0.126160898823503,0.323608252047992
0.669518999406083,0.558251090945781,0.198082059443737,0.206048967935129
0.59455991867526,0.614048622302733,0.115800985975475,0.195809519048146
0.597101329467079,0.450496103262806,0.133885348837648,0.216368665517195
0.714006970123921,0.639725536042031,0.110415061490723,0.254945299875974
0.720331194900773,0.654621205351372,0.164774865743145,0.225999220014799
0.611483429159193,0.551803238737446,0.0960935330498961,0.275240558555242
0.616870015343325,0.507751412458326,0.1324811632003,0.184672511184668
0.567529252502049,0.53799204027286,0.106417479207251,0.262022621855946
0.695419400314451,0.629120642816501,0.124349121668341,0.208701781162694
0.617929135074538,0.598566841556412,0.125053223352947,0.229075930873001
0.642661955792763,0.594158015518845,0.142510689318851,0.240149133410987
0.682925250451081,0.542943367956775,0.130908577453384,0.242409750494145
0.666599102620004,0.536333225443921,0.130163550603839,0.233453711113873
0.60467406109857,0.534275147723337,0.111555320018469,0.209172804127601
0.76018783491959,0.650823592109605,0.127176164392668,0.276056043567271
0.74598767519436,0.583474333969695,0.116177591006296,0.24244477751722
0.660092234686188,0.717714768703173,0.182015097401938,0.279038132445262
0.992754721126621,0.770323451729474,0.136336951229827,0.323250461006848
0.50405908781968,0.644876103441504,0.117107454335894,0.243120649395659
0.656328795768214,0.449213101630144,0.127185212591186,0.233188287334022
0.59871287312316,0.538812009656749,0.11513858048092,0.234086676657299
0.784616955608296,0.602500398738226,0.156090548116013,0.245814576853902
0.618903392755262,0.591555181778241,0.120486598463553,0.243272956132843
0.787987964398165,0.664062394240155,0.156272147788604,0.216541080818239
0.705818920634661,0.474821119419671,0.13380644283123,0.20521882047952
0.66788609289141,0.49078734027619,0.103480562149286,0.215161683028376
0.703759192064572,0.680128274413164,0.203996600205546,0.305827567823106
0.664144563095916,0.600668962677647,0.0927412448000808,0.234822461364223
0.573694322417849,0.649746422670639,0.177642033866321,0.24436832649005
0.61293244913316,0.569978830640712,0.118353149215486,0.258203408025537
0.795016612027705,0.626459411785556,0.12092574244919,0.260098790711321
0.736138654306111,0.58601247809358,0.111425273546231,0.272023512214421
0.615601071689802,0.608663945563593,0.195280559059558,0.269467513018049
0.647472168491847,0.7134483033661,0.11433679394244,0.289584061678433
0.661950620441489,0.566992812612419,0.131812970334158,0.209911953104963
0.622565296253618,0.647158273635902,0.140130570147183,0.225162878837278
0.729594625003299,0.573300792670296,0.125368021392422,0.276591145170974
0.54964587139047,0.471742728998332,0.123543967699401,0.198981207031132
0.771032156536278,0.534532183892457,0.141126896396705,0.26924591989585
0.616827715576235,0.811287602274166,0.14942962257552,0.279734763862207
0.766584814123342,0.722210605045219,0.122282158428087,0.31874870490375
0.70409237658414,0.578135916986348,0.207050912277871,0.206940588457898
0.673070158358474,0.737468306187581,0.106403006219267,0.303997054325297
0.672898454622911,0.793901273560787,0.118573432223154,0.30085361056517
0.706896558961209,0.562174667849277,0.144657110155397,0.260182328796827
0.911287028932476,0.701348635440274,0.175083903856971,0.253597696269559
0.65920063282275,0.676993754334686,0.181851343548643,0.259726055325393
0.667858510093786,0.57134818516476,0.17395789702621,0.248227197894594
0.648503895283438,0.648622885332291,0.119778297265987,0.254571388919406
0.616710751410004,0.533777787508133,0.162915212532639,0.230854103349359
0.633028757170745,0.517386317061083,0.108347237813827,0.229531753492714
0.709739443708717,0.588083118095937,0.168570536898561,0.191348693560289
0.709385606062955,0.613205111066422,0.123255973734498,0.256183091970078
0.692144014675575,0.634684695181808,0.151480994299019,0.3260918238136
0.674969327100239,0.61883025929169,0.152786506373156,0.231766135090453
0.688977699366289,0.605986931008783,0.13164096719882,0.309346613496212
0.681048137658847,0.5688815392136,0.151971325970385,0.219125385290479
0.634189907928792,0.573646863464696,0.104326808320414,0.248743165433326
0.670528312216361,0.569222150320439,0.182886194023773,0.255538975030006
0.771740754153516,0.481734317621031,0.166046784055549,0.243358996939472
0.622737534113349,0.671796032056882,0.148534488784785,0.291789935703352
0.616415325701691,0.48923805225935,0.0809861181793232,0.216685298514453
0.620906690528663,0.481456090321534,0.0833160985616281,0.214470572202146
0.725974300140088,0.656952022778234,0.197948452953337,0.274954914096737
0.671521959191479,0.630920687679533,0.112755924698749,0.25622925760678
0.684117217352813,0.58665503411692,0.120005436663332,0.293193660293416
0.696068198179888,0.614828997321694,0.0995873033082525,0.286886166834334
0.64113533939496,0.532540448609692,0.243391304366386,0.194365475266172
0.613774663186803,0.525305849695462,0.0802893829913383,0.284034968472994
0.529029294136905,0.431925660249729,0.167501253486832,0.174318364046745
0.625368819206153,0.514602770309053,0.192572123499359,0.157209112883103
0.635897237758659,0.810590502404855,0.0907550613476193,0.349789719411916
0.826448906477828,0.671692994839471,0.195109486989123,0.215230255014291
0.692487091199392,0.546959375696955,0.179834261324483,0.268317898671415
0.653292985820932,0.588903921611641,0.153008737762281,0.268849430836891
0.5702221572789,0.554912952895776,0.104491650484611,0.236823144432529
0.648449881600869,0.608196203422261,0.115174574683889,0.234208073743337
0.577109479378679,0.489404227306445,0.137170648144981,0.224228082227547
0.666526568433634,0.538933492045801,0.156158692449924,0.242873462009442
0.666110360034884,0.639933979123025,0.151422273254494,0.239749533026569
0.668936954680979,0.576371114036588,0.147777457667027,0.2924052001378
0.64377031101274,0.697151987838184,0.12081631744596,0.242277781947082
0.596515511160399,0.691758980212286,0.157372071011428,0.230938085247111
0.895714131068337,0.652708316049577,0.17249175642684,0.336195320850926
0.753601248829313,0.692866001858647,0.1464136106637,0.27326100503198
0.644780938376269,0.695723173034655,0.14557908045517,0.304199295417462
0.922617884860674,0.572777368656723,0.131477748988099,0.235494188652708
0.660011902461808,0.637895733731155,0.137224719795584,0.27382814750063
0.562388930451021,0.474792943212208,0.110253323965446,0.225307280479162
0.558111034756314,0.449083342897168,0.107419587911323,0.222700230542468
0.636565727370955,0.693726114062623,0.154310369507166,0.216259465619335
0.633135675474848,0.501213773180905,0.107039434937882,0.251732810357433
0.62463859741936,0.64672670302335,0.167380918726078,0.233265624920763
0.587440209243928,0.671919801852014,0.144338440743301,0.249479373663773
0.70342668213955,0.585431758844285,0.102703313948503,0.303562365314307
0.553470229773029,0.655302495258424,0.204728855213604,0.290747313299278
0.693847704085042,0.538714496603519,0.214295066917324,0.240749179761126
0.597375612701008,0.66342587837986,0.102989269636132,0.241212891926049
0.74539961215911,0.575368891303987,0.200370800370728,0.268231205796195
0.632678770541579,0.717716440976852,0.14971285071004,0.367013046222226
0.833463648942114,0.602822456683547,0.148756191942742,0.195387724036047
0.639241087056489,0.712090442141499,0.151531216599627,0.307111179791219
0.765678932202564,0.614198818076779,0.171932480025827,0.256556529480191
0.678388267819833,0.646233212803142,0.126700533174665,0.225712342564483
0.788131895278508,0.603713529793568,0.140062904572538,0.272158712767421
0.736031580350352,0.758525360012589,0.151462401038363,0.302407889445981
0.662794983774122,0.493467341146111,0.11297965590776,0.228963737443572
0.650374548629792,0.564488889286253,0.115496621970695,0.239493127375336
0.644485122265602,0.742106595321306,0.144301683265905,0.230929766675992
0.730826543165191,0.564211100245816,0.126852881429957,0.280088957938128
0.788415728917182,0.71207871828685,0.158921131206088,0.340269039771865
0.564557170343338,0.659389067669454,0.141332680413127,0.220342438955599
0.86890692776757,0.6656371949862,0.168753963206024,0.339782291677133
0.885894517395801,0.637352505239266,0.158492506743859,0.306597139577954
0.622211708602145,0.733830536306605,0.138060843475446,0.278289213825619
0.825802123206854,0.644058997869155,0.149472954186037,0.221682661367585
0.567881555098866,0.653376957859247,0.125479024457674,0.290124948934784
0.921642496906641,0.632536724356823,0.168338595041408,0.221769740245756
0.853139620991517,0.71242257627822,0.150775147427619,0.337351798875061
0.68936856173031,0.64383374475883,0.168063515589331,0.23639211703487
0.541734884161064,0.492364760201721,0.11104752255606,0.267312692249731
0.730681126121927,0.616515071484281,0.152419815134216,0.195074165239728
0.571598925789126,0.584096305680759,0.117315764477203,0.242174673307523
0.593686429412582,0.48165671772469,0.100777288158084,0.198843518200732
0.534950334317575,0.537203114878648,0.0880123345394526,0.215554145895934
0.561147406477512,0.541281691680572,0.108061843031984,0.22921789896059
0.568232228411073,0.505834531364058,0.123951167963726,0.269163550730349
0.734635783616223,0.672104421462479,0.182410260258847,0.25312253350846
0.550997086025464,0.451998045232655,0.145586350234298,0.248432283706458
0.790261054547477,0.612444435208847,0.109784338268298,0.203919199732682
0.581334701265212,0.528794987871592,0.110005252236473,0.198981622868428
0.706482297648064,0.611752844639357,0.152927449718827,0.292445568479161
0.5396855254938,0.54430688697181,0.146594041208573,0.260002623069718
0.944861538400566,0.697160404841533,0.122287536418115,0.250806550773145
0.712184487367368,0.640032050417481,0.16849845733545,0.342671188921216
0.669599252226797,0.504609862264654,0.0985650872496804,0.184830924232977
0.673089153334824,0.684213519312999,0.121959702045645,0.23982388132967
0.65180968012083,0.601030357172839,0.136659264497265,0.242286383865929
0.671136146082335,0.710482572169597,0.096130569269934,0.195858534726396
0.66149593158432,0.47771114301823,0.124448740593745,0.240148399667136
0.582124821203366,0.651262594736074,0.138316501054525,0.24750684386507
0.812936250703772,0.624016604434325,0.16027803264185,0.335120299266444
0.620886260096624,0.589711644540893,0.144201642222321,0.250429211873051
0.604700924996842,0.535132007187589,0.127441955876034,0.194013381341723
0.740515873024242,0.538962252990491,0.126599519273975,0.316890125562708
0.663236047619747,0.694248263653506,0.136616185618209,0.239320413501119
0.781169215450844,0.596155718731257,0.116925263619493,0.309039234987005
0.663816411477945,0.644401739999123,0.158445135107142,0.23980511572277
0.839475360532905,0.589587946228392,0.0986111158216417,0.257468915789289
0.589020584068259,0.703192766261262,0.197003259972074,0.218086616896385
0.707678918257108,0.662110149831658,0.0928427701977085,0.254017915304737
0.649489716680669,0.616917771579755,0.169571549389388,0.271618946662948
0.590947887103934,0.494419134992044,0.114042846975749,0.303923911373255
0.745214773734502,0.552589809476605,0.133542750314011,0.184660709778056
0.671453440869598,0.722046558098283,0.194106823542198,0.344697999103657
0.679033991941639,0.65685041928707,0.115841362634353,0.199487335749198
0.709515759387305,0.506506866875926,0.0967637395201711,0.218953294863636
0.708940005146594,0.634546060100222,0.199093627907685,0.289984084382374
0.623883478930095,0.65548982066741,0.103458928899646,0.205664861485772
0.732915454054286,0.604640884826903,0.109188409358586,0.225392684892341
0.799471225993201,0.689190580211394,0.176363603399825,0.299725424129077
0.805156744253812,0.687520024663753,0.172625759354577,0.3013145354638
0.762082678381255,0.891561304230246,0.172862533915817,0.231278759367098
0.782972913725616,0.55292280089676,0.0949355015166526,0.293124172762719
0.802133093574465,0.55809776913481,0.0998186014406974,0.301552414963474
0.603646828167453,0.629419591261565,0.117392753537944,0.224634985096029
0.673235939432338,0.679812907048219,0.168162805112983,0.274608021198383
0.599039827211424,0.56734432912803,0.204610937802978,0.29077472895165
0.60468386686309,0.669765586281828,0.110780691330772,0.239952896720299
0.689404480183522,0.670041022132794,0.14778310451163,0.213687636575826
0.626129742639237,0.558195848565505,0.137024290427108,0.269923459504898
0.651964424321871,0.608266494092315,0.126977437788963,0.236221699867204
0.841676970069047,0.55769385171545,0.17024801456182,0.248430546180559
0.667805098710392,0.588476361292284,0.116077870207592,0.230239023558086
0.588038333619322,0.73061874167774,0.1382905259158,0.271586545468122
0.655502498095004,0.574858488931381,0.0818981417484222,0.188122435420399
0.696742078645917,0.789825994250783,0.187591372800245,0.318263312574185
0.730247685109253,0.644167711977124,0.113068780533944,0.244590004329407
0.590348879255489,0.527790713789697,0.1618515814446,0.260949608897139
0.679093546167192,0.643101263705159,0.107290729885281,0.261232713725913
0.610919093964154,0.52037179861179,0.142347528003804,0.19358910847754
0.741009875701919,0.584230482198785,0.161829833465124,0.297336067511916
0.682361011874779,0.626609969334788,0.164893817875394,0.352302882935139
0.715773335119262,0.624571050104001,0.151466311579024,0.357522694001578
0.748260026901797,0.581037089282933,0.104207374426009,0.21134112350671
0.626895643665399,0.65721726207256,0.115798614476041,0.184486212236864
0.72448269196225,0.614424752272178,0.141000063270279,0.367750721681009
0.680583383408414,0.631292124453881,0.138372578418214,0.225619954289088
0.586192250740892,0.58366364523264,0.124892657461946,0.231114473463338
0.705316421736308,0.539639881620326,0.138786088046809,0.242254999010114
0.775059560023526,0.496088427992296,0.141969787731212,0.256682120267279
0.730466603078813,0.60299002848041,0.101803959045915,0.222134010598173
0.625828231414031,0.621167526333367,0.185264821005075,0.265780569992447
0.750370370150481,0.58946075777567,0.104483183516222,0.201779295468258
0.782606695908074,0.568676561420012,0.0981991213437935,0.211481979804141
0.634876711564957,0.674363931707838,0.166086508923234,0.316640725816046
0.5416846976687,0.53449809428801,0.158686018938499,0.28245869794009
0.604081976726501,0.55708382857095,0.166469490882653,0.315491874012946
0.589836688614247,0.564892614164834,0.10823295823832,0.180096167014181
0.737828882786093,0.544531724964604,0.115303461512043,0.207052644616691
0.517694974027728,0.680439798416171,0.136168091577602,0.257969471675307
0.789880024472223,0.613841980807906,0.137118068200011,0.255591016394337
0.727163915581143,0.465289727868088,0.155675599719115,0.211019585440416
0.593371197821304,0.634127508140256,0.09912542237512,0.301872086171981
0.694190768097274,0.549517121647672,0.170452116363789,0.188787406802689
0.71679120669686,0.535102765801798,0.15496847517543,0.170504395326714
0.821624779227882,0.560173008293653,0.152643959270586,0.176616704292213
0.672785786766662,0.722275721415664,0.122388177625291,0.353458411218902
0.764785401556446,0.68343962693017,0.144665751528214,0.251569152498351
0.54335376330786,0.570692714701103,0.143624110893268,0.243373117730021
0.805076119071802,0.556405228971764,0.137043142044474,0.334642809855224
0.608614813320348,0.588987189311846,0.123176765451813,0.18337884632868
0.560577952530806,0.560016368483277,0.0909012984392256,0.239264907047978
0.687430921278446,0.585577688789612,0.171787514226067,0.291964894652325
0.751437779205472,0.603374243677209,0.123343185504969,0.251138786147129
0.726153387742333,0.538920302477525,0.139057067190495,0.255880055244142
0.698524203474406,0.659142454862854,0.133194028444045,0.238678511502942
0.799927965164341,0.567648441537588,0.16930214323683,0.295538368484165
0.760568266224441,0.547469458747791,0.212192854495172,0.316495123576471
0.575241694854105,0.627920753601497,0.0952502973350483,0.213740428628803
0.630139877445258,0.569337850602252,0.118174761925453,0.213873897762537
0.643149051180219,0.499964876033166,0.123979140832587,0.235723693502657
0.747937842492255,0.5819389925779,0.142692337992497,0.257797883214119
0.701814448953335,0.587717523558235,0.0748081384618342,0.27170461067717
0.634025228371904,0.536489558812643,0.174564248932195,0.232057999081351
0.571820137394083,0.577865713723146,0.110898822574374,0.223993006281929
0.702935448458404,0.529197577485874,0.178039928945195,0.25369475155566
0.667240110853658,0.641593638967813,0.0973742721850312,0.303021528551699
0.745652797853223,0.664013792202676,0.14818056575573,0.334628192205965
0.728403797685781,0.707472072912054,0.158188892423517,0.400970061605411
0.590339970456738,0.535241545554591,0.0966378367338251,0.16323292620494
0.559032487700489,0.625669405542262,0.199473309076861,0.378410885657519
0.848872254125957,0.514271348399228,0.107819055772103,0.203334632952201
0.708155999783702,0.633990441530176,0.0968197609882707,0.210414711147683
0.679311815502265,0.530134141890579,0.144114065944271,0.257841622518269
0.695848557020801,0.636931028889711,0.152395337076307,0.246607941222298
0.735752177024584,0.646869999305865,0.11199786584788,0.276668588836656
0.738862326038963,0.79656832319445,0.130511033666375,0.221292557724022
0.782968473159296,0.854431034242369,0.149750766017297,0.301325246159552
0.555411649873227,0.582799745824952,0.136599548053045,0.316677862867521
0.671124295848727,0.601194314976707,0.106544394277024,0.306580831713876
0.693514532194908,0.57581323045406,0.14979133474544,0.206485733604357
0.545934605479306,0.533760422480312,0.0995284078812361,0.300842648014266
0.761006900806577,0.479441128839767,0.131489023424134,0.222480345375975
0.468102909338727,0.406062598434531,0.098525221999247,0.202042319807937
0.585191870304291,0.537669440615008,0.155128957532414,0.200236588431635
0.474398386497473,0.449004027191918,0.109248917653517,0.257966815233752
0.561541969380162,0.495882898566985,0.0989636862319838,0.20944010156355
0.573003525644464,0.493809965649989,0.0938684464989172,0.284512679976808
0.563087725491809,0.493262844894286,0.0961964928800935,0.281256082943401
0.574657023875182,0.470677072387111,0.123574537566223,0.188680925054862
0.687061891280634,0.613882103011974,0.121126536830278,0.276097259060748
0.680774294851416,0.57097608388212,0.144187111235479,0.251567465715853
0.719495546420139,0.639007575844225,0.136016548833304,0.250572554224637
0.759513713163486,0.605697168598647,0.146617152667609,0.273764022635385
0.54322198886516,0.53180892134651,0.129351439545423,0.213738613593262
0.743847315859819,0.50820225758147,0.104529224236469,0.272060555272492
0.624414712456909,0.689923014494198,0.160804940597814,0.307450234047494
0.934719395794136,0.62304193228523,0.143148071464431,0.296156612253104
0.567465303674775,0.668167664259596,0.182825350534596,0.242464270794502
0.867452428361406,0.58893797519199,0.135025247846753,0.252096829348033
0.492690828109906,0.647445618665698,0.184601093251989,0.292257547560204
0.889067979942797,0.608919158687181,0.0808773091167655,0.239049680001055
0.623513938770111,0.624509287101865,0.165342615399135,0.280526480939395
0.633120620126096,0.637582803253321,0.12080317347766,0.340311931883753
0.885114304919948,0.687666727249395,0.168111859033922,0.202487780653751
0.613453674893692,0.621513857135896,0.119662578381347,0.255284759159121
0.641538449070981,0.629866750229211,0.123969208697822,0.252035255716584
0.695536198238222,0.677165263516685,0.117841387172068,0.307295293199911
0.774884047361445,0.622212248974992,0.158735741681831,0.234897597775765
0.663344933067665,0.634444231014675,0.196917600287879,0.377504101943539
0.766081657878474,0.631358471850333,0.121316093163932,0.205428776293167
0.693135229352043,0.638406611189846,0.150983081847366,0.374301827061018
0.652383530646962,0.627559972962838,0.132773589202204,0.200391753622312
0.635633862325031,0.562969391583057,0.141605074744645,0.26726681542892
0.592464972681486,0.654374362124768,0.123355493983737,0.179816581800802
0.673504641888622,0.49847287580909,0.138156797521356,0.308342115101722
0.600116790382335,0.62201237874469,0.142481411317734,0.233152652945046
0.556926114085481,0.543671633677485,0.143927603407386,0.266576049526465
0.749521328514312,0.617151650098377,0.141693268425679,0.266765510219811
0.687054370674046,0.753960115258787,0.189050303648924,0.23137173868448
0.708442379942242,0.619554632510402,0.097298805717607,0.329157437672386
0.665235535525486,0.567159208033938,0.169948602748353,0.204235047288586
0.706887484613122,0.632884629099047,0.0974876983283528,0.247571707158398
0.583280826839793,0.544112576682194,0.166679925197581,0.229898745762431
0.736745612405993,0.646812729519987,0.103094647425248,0.313734066015671
0.684163164400361,0.6494780997704,0.241319013253644,0.260432181850012
0.825368981331349,0.559438067738496,0.130943623383133,0.250580538118573
0.781946860933103,0.638937189438686,0.128944295487753,0.230402251406168
0.906481919199593,0.791073611641864,0.179560231847407,0.364720197903343
0.628862423774514,0.593673961621941,0.113690275070974,0.227556867117771
0.584893987017373,0.499317271593601,0.135139337952278,0.207765731827082
0.682642211914887,0.486773334817222,0.103340714365544,0.205378450313972
0.756032732323995,0.471038435198376,0.0817109847728236,0.209394433278755
0.6368347763459,0.686665336748581,0.152462517234134,0.282726033795283
0.777274476355721,0.628463137766165,0.133920666387509,0.321066307973516
0.653576558066327,0.528955011514008,0.163848131832982,0.208495241652482
0.716401297570938,0.635588366551663,0.113475227371678,0.203723757965847
0.535679572776175,0.584236753578582,0.160588647656705,0.319779245788096
0.706307966559011,0.530585287255024,0.102320295643183,0.261701396943369
0.562260900021218,0.561003534130515,0.192071779515868,0.227726711897834
0.852624106632766,0.550931334174446,0.0951995674714896,0.291533191702968
0.709715601555102,0.666799562414022,0.207984945304346,0.303905677247404
0.770396467374387,0.74540170675137,0.155356567011086,0.291004596479962
0.781491973333923,0.782455520549351,0.143418215699687,0.28558044032793
0.744615850590796,0.741131577795852,0.169595554745795,0.302810048867518
0.559951066484052,0.497371507926714,0.0991302751506672,0.236502915490366
0.640200040752897,0.606983166068788,0.137755589787975,0.243058916065225
0.801530514300401,0.678098467115779,0.121340448450311,0.281842950506429
0.696776226931878,0.636678688917221,0.155242439737047,0.229215608258804
0.700997218263366,0.669407546245977,0.139821223483243,0.307118643161926
0.567582489610569,0.567164372886271,0.140650644549771,0.185284326552515
0.64148101737112,0.569375268389903,0.116854934492494,0.2289627378316
0.549351921299643,0.542637652498433,0.121151706751087,0.253979818191642
0.63668073179364,0.597166554094306,0.136149504303837,0.248982575573817
0.763757746214534,0.545992800037375,0.152446095635289,0.291514996630509
0.620555124168628,0.652965662914541,0.137880104060126,0.266588080431187
0.744493606298233,0.635059626835675,0.156004864805888,0.23227326567036
0.709920691678531,0.641342247953258,0.141734206663898,0.267756276460373
0.791032206165005,0.663043180928602,0.146084334630387,0.257326570438128
0.673925547502966,0.723580589035107,0.22354356192308,0.275457186455441
0.721754434873867,0.692503652165641,0.235763526589782,0.386912332385357
0.716398677733544,0.587060853706717,0.157870305240724,0.2231211260457
0.653619105751283,0.601691396828283,0.157969093248427,0.240257348675408
0.670569094280893,0.637228693815104,0.117440653401057,0.236838195331216
0.612521186695984,0.446433362658335,0.138409006323569,0.304878409695557
0.61707941238464,0.5716803544168,0.103913472682836,0.189372412472714
0.607758453438818,0.585575843304089,0.155635819595627,0.255906256809385
0.568380286575222,0.489651991315387,0.100471812385402,0.198841846525291
0.634578828626561,0.471046068809852,0.131125172834987,0.223619943822046
0.662799449935473,0.517176723374824,0.117439926100132,0.232687272731901
0.613436983809313,0.676393515168086,0.112553558744284,0.275683157647253
0.757569357523484,0.743276300265596,0.134251603097794,0.254436419884126
0.616996178816579,0.736832654499595,0.194943815447687,0.227983057222409
0.784884250786165,0.586760063553214,0.109130957757276,0.325914801741836
0.646345186316374,0.764164802614466,0.188938761817615,0.226716162048112
0.734595058356232,0.618240882349105,0.141554479404912,0.282938588378335
0.77220808727355,0.737960728900811,0.190317823127438,0.34625123170186
0.771011584631953,0.656953858717404,0.174583565404042,0.448356214905289
0.739707032591867,0.646644332862326,0.151790784511804,0.393790087311262
0.782928210256675,0.738635310080987,0.171901188434192,0.277665126975617
0.645830565421283,0.569588156530936,0.127756377913944,0.252559469658095
0.726053017059955,0.665879671150577,0.118236714487669,0.240133872857505
0.775666165344364,0.589933301887689,0.176833659485499,0.272167862104757
0.675499820510156,0.672568430740852,0.188149408126824,0.301197395824632
0.737569051357622,0.48247285453299,0.111613630963509,0.266380840344762
0.657269462196199,0.672206799203643,0.14798842781709,0.23650222360032
0.771524530098828,0.588749884621675,0.128976693146331,0.264410759531237
0.606145403723829,0.58099257656819,0.156146502333412,0.29041788152632
0.773105196398848,0.613862941594471,0.137848630395477,0.208874819304499
0.628129582792399,0.593109395364644,0.151046070480167,0.24436439833264
0.586221252780971,0.543343431562255,0.099194081872343,0.1916367743646
0.64786366395004,0.646174118507523,0.123290827290467,0.244504430243719
0.630238055740121,0.548342234484524,0.120267499840326,0.242012783565314
0.64578771946284,0.769584469032622,0.174764952240676,0.253801972761946
0.701515781546079,0.596915187600534,0.119332421734715,0.2731889612417
0.795598348285253,0.687969000157104,0.176711427986462,0.283567526861475
0.739208256334269,0.714603834636163,0.127568215729605,0.319856682598483
0.725896967062746,0.594885877653083,0.156544542743641,0.358883357847872
0.721496048903289,0.719325355143632,0.122460474355541,0.234833785481514
0.795009358568245,0.626944537237608,0.235836545819953,0.271749944071975
0.632788265604783,0.779459310152625,0.176459745322785,0.250608506970897
0.6466167748143,0.67377010309141,0.107294441316153,0.269778012209227
0.689635200119363,0.708467045566663,0.159808834807135,0.233582034166851
0.685559922886429,0.618248608242873,0.127785410479952,0.259875950215507
0.586032351949386,0.694231489426769,0.137952021086054,0.213223818033829
0.660987669804628,0.52375869978047,0.123626376952377,0.267425159229173
0.610903861007418,0.426628125334459,0.128945009222728,0.269222104785807
0.634529128226316,0.774580471653569,0.12615779517599,0.199311121192959
0.691109405663358,0.527458621550493,0.106512763752418,0.266502587500198
0.621336163522781,0.610070353784508,0.166747098270836,0.241921782021153
0.785930503629568,0.655974891932878,0.125344036648073,0.252754256185569
0.631513100296689,0.622791668355444,0.134748196315628,0.253937632009678
0.580909343649783,0.456280182349093,0.119148428185053,0.216980233798785
0.53722483577481,0.536843403648441,0.150464293968371,0.303526482433727
0.635073242524041,0.588421136639255,0.136772352763338,0.269647335572488
0.698925043539517,0.486723536028321,0.162666287490357,0.280690365178548
0.641142451928195,0.555915580843859,0.0961655363559109,0.18308998836292
0.571848589444128,0.582761042215682,0.165801614203972,0.279539021233161
0.677130778570827,0.597581823500735,0.187589961352342,0.308976417576515
0.594269054139162,0.578336006163778,0.121537412206176,0.22354447956939
0.58799356070363,0.579849089410187,0.138018223414956,0.21108961333459
0.922247050436868,0.602924304022316,0.124455729604377,0.271214593867605
0.586206031644239,0.590683591342052,0.163770556880012,0.254878452714371
0.541277759923266,0.430305598623027,0.102561553929918,0.21418969275348
0.674996730057785,0.619684603635223,0.145207414277881,0.306986802327045
0.643520084336814,0.64487306087187,0.143020774260761,0.249960838819267
0.771850223649437,0.70971941845863,0.128056994483606,0.267181501058626
0.915599077990381,0.691831585607445,0.145127941699867,0.286363400543458
0.679737674675669,0.660335206855031,0.141610348811192,0.259763710238125
0.854663795906356,0.664630290511226,0.13630976735613,0.259545173173379
0.73540654610969,0.753541022349905,0.135370429898685,0.296653389520534
0.936459535474962,0.722062925731216,0.147901594493998,0.283843813346472
0.570592869367178,0.537751085489886,0.129623476650709,0.254835946547993
0.497727350535367,0.506283087181835,0.117020544993268,0.198099831942383
0.774060199506613,0.569489400109385,0.141152005591387,0.239171864031297
0.73603175666304,0.558670316528909,0.151704271409722,0.219346177221805
0.561469082848345,0.723011187019304,0.139692821239573,0.271481628952915
0.719404267334735,0.476009429014909,0.118943184006895,0.371081484568353
0.788271756225105,0.467573744386105,0.127095638341305,0.387926385837304
0.626793863347998,0.532980931497443,0.130640719562118,0.311146835907911
0.709170664163743,0.786739716140549,0.165813425554,0.221935330848207
0.783946608586836,0.630608788734374,0.145298385854015,0.252589800298111
0.717432124516813,0.774782379760015,0.162530308029863,0.298741882795393
0.93412181500256,0.559881060255327,0.185602300844106,0.284073341854986
0.589788421325049,0.631155176102467,0.115237766578134,0.249795843171647
0.631118502394907,0.541659098873437,0.153108050154874,0.213747544259013
0.631909147837994,0.725576266302904,0.100863151828811,0.299261388091381
0.787144315585733,0.554091283603342,0.238960183076684,0.235008098896703
0.683133501048325,0.703696307861573,0.117413531036495,0.30274653870207
0.646614016790398,0.620850003091814,0.118565652102957,0.298375027794249
0.641450183082179,0.622976524031458,0.18660721208987,0.253173003932738
0.515093404460687,0.643101906433291,0.105061810116529,0.221161650538832
0.639032677877111,0.492115458642282,0.0898437183337299,0.249322051183587
0.702340126365683,0.546541315437897,0.130532836569346,0.241924413896228
0.648773295680953,0.545519975704502,0.146829191866061,0.25948318989852
0.578495639578237,0.63520095595441,0.124755273738495,0.252785680459422
0.784389486292391,0.620546545910947,0.174237862995338,0.346302813328143
0.642178195810736,0.585443055354412,0.110792862792395,0.184136191300846
0.736863821001037,0.572350975925732,0.13638542368503,0.30856911905017
0.683016845193392,0.528054239807646,0.12457739736416,0.277219243160521
0.732362444356693,0.662616130421254,0.128511838157731,0.225077637826752
0.773943050135806,0.716645856477807,0.152563834243022,0.278096924617542
0.520920815720443,0.541637546516973,0.1410935724378,0.18154204729669
0.573838898951686,0.498129313804024,0.119912076271298,0.230462141373922
0.63071386987518,0.591347589176143,0.142527712619498,0.184880589829641
0.702463212997401,0.476415798521633,0.170774708909596,0.206984254373768
0.619960483437369,0.506061240497866,0.112911280389895,0.270742347788484
0.765593015026338,0.48748298467282,0.138022433141199,0.201827226239471
0.675346401010277,0.599287349901713,0.145647056896183,0.349773666049645
0.645040019537427,0.603754243791371,0.135346098521672,0.218219061441557
0.617032695585832,0.510150571097029,0.124713350513101,0.319903940103323
0.605511379593955,0.645105607101064,0.121989809971422,0.177133364970112
0.676386473492464,0.638481150247718,0.144313181398345,0.36675147512559
0.631210360694892,0.612603936828144,0.140442250631014,0.16978389371744
0.665073468032312,0.570726694074544,0.102371633334944,0.292175110762351
0.619398974807174,0.537477148508027,0.092633250918382,0.232855942458559
0.704589371494365,0.568757660123214,0.183804682971187,0.249364996689502
0.696970562398294,0.649524619640148,0.110203563261555,0.257782426432266
0.85838203001743,0.570268111349825,0.136613708994942,0.3880798771923
0.649373076651396,0.668930738654954,0.127599353336972,0.254585079790102
0.754094345450411,0.676207366383974,0.154075738185186,0.279449613741226
0.702452402546758,0.728810635776805,0.164439267777603,0.234094250588823
0.796528878899338,0.648292875046806,0.177094418517325,0.245121136419816
0.616697783230469,0.662674515509157,0.0844820863976641,0.284322160065154
0.629941954687474,0.620203905110338,0.110988071789999,0.274087798517134
0.628862968752966,0.621127629060214,0.121066509922225,0.245248460200352
0.763763873324665,0.629058033575664,0.129135301747592,0.219526265046762
0.711798909307566,0.566711582138911,0.140432683173945,0.279432321188073
0.652404228505554,0.526398307872757,0.15761714719357,0.20839305850515
0.646344277810532,0.588568271685284,0.203388580464261,0.299424312512391
0.789778586638839,0.689483737339653,0.108230455162529,0.283712925750627
0.792423362860984,0.611498236504427,0.103717977913218,0.29101535936542
0.771109048819978,0.534058437500618,0.128215829233978,0.211974843959259
0.640881486307875,0.799356599400007,0.167784924124509,0.321134372483706
0.871686645634264,0.719709509092978,0.158815455794504,0.26477456787491
0.659974149883978,0.529371833962483,0.141119977996728,0.234638673876455
0.720978697376783,0.619222732026234,0.139478044613703,0.245909976353491
0.668310575579963,0.554717819846282,0.130041993349712,0.294630349057248
0.673007855950992,0.641754268780829,0.112880507417974,0.242845702171441
0.656214795978919,0.546203428656328,0.149337467090688,0.210991247193501
0.557882516673963,0.639134318718656,0.167165800036786,0.215052404544932
0.752902963910313,0.593116017041573,0.113641719491084,0.261188220742848
0.705804703104356,0.756000782091189,0.188456370912067,0.230854170055399
0.64768595164954,0.528346997411829,0.106130446348649,0.250040100000757
0.643359529031521,0.714310983759715,0.177770448266017,0.257086588829789
0.596750137373006,0.505122297652559,0.0988152435129862,0.192940052770124
0.627572299317161,0.561398397148562,0.106843685082483,0.20394187033494
0.798006462032378,0.545676386053716,0.150906302698989,0.272987752215385
0.798834683234974,0.70147767952212,0.11591400393447,0.312084620216567
0.768720178880567,0.686594092427272,0.197948190023846,0.267357782279325
0.765014786574213,0.620239785331707,0.147610998276324,0.286287121627042
0.699223759542352,0.779350526559944,0.127765279252141,0.21957819170011
0.675421647574181,0.528712634328535,0.137858293497293,0.26089022574592
0.761856648063376,0.74911733978438,0.140011796658428,0.288709657340605
0.722355357744704,0.650926889800907,0.142959683612492,0.266695131074449
0.721242193130279,0.542720691958448,0.124160693498355,0.278774435871645
0.60987881391386,0.782608146681173,0.173645626686138,0.237940306803655
0.63564627210349,0.694602753900835,0.163606578645925,0.260849089476723
0.638816217484326,0.589755980965734,0.107815315374512,0.250579088157449
0.655999557026946,0.566682055060441,0.118646580522392,0.231677807417061
0.823848673276161,0.737136081813904,0.197831935252779,0.366696974556221
0.653289991188545,0.490368992267165,0.0798625240491593,0.265043756738537
0.689960287514926,0.793762195807687,0.15597796048366,0.230897539910778
0.706614424047403,0.550780956326784,0.139923068097396,0.237299684898521
0.594052557503152,0.555413403933651,0.105847957178874,0.258299606231945
0.736093025207261,0.573613463004492,0.18883156831683,0.271298850159171
0.593929606305414,0.659214468012529,0.0819226208722181,0.196377721481624
0.58391252128357,0.627950063553813,0.0835185970148763,0.208043484492249
0.700394967321847,0.526283585604539,0.190868978981184,0.334045988584604
0.68268386262714,0.696565011175574,0.126978336000072,0.274130606204722
0.70805580156845,0.539401719295074,0.193287575421972,0.299818747301417
0.805761054105632,0.808040792713748,0.105116140208598,0.257577954793275
0.84742858123154,0.617639227035386,0.230707201671377,0.308877839402958
0.681643897181571,0.870086586379647,0.117823365566786,0.297122265846674
0.665305973201538,0.65848053655269,0.137423786885013,0.251196921151542
0.660353474126354,0.728019172503986,0.204238685685748,0.299273702427681
0.774083958513693,0.725330515258842,0.126540507973416,0.2866313257246
0.765248162921258,0.729395837515037,0.141797294213394,0.321480844474253
0.718991639428972,0.633959797664399,0.177736043661282,0.309659343415614
0.727085631955996,0.648899503384094,0.0997716597720848,0.201912053635977
0.665964149641591,0.620261430166822,0.122095159571822,0.301410561777675
0.591270234302451,0.523134751267964,0.126021065624256,0.212873864595788
0.540087077331997,0.564080146848042,0.153490277910845,0.201117962627788
0.621944857928522,0.682964240576868,0.127717028060282,0.243767199307434
0.682992608521748,0.530127512580752,0.125374022463282,0.236324016675365
0.598912589184983,0.575617833903626,0.122933599233926,0.226733813590853
0.607947359767827,0.516343296351976,0.194795116156029,0.219303238482453
0.63118995105533,0.631689664378009,0.07655941424794,0.24326379088602
0.732255787760699,0.543026093897174,0.15826817925198,0.21427568064162
0.713632912827113,0.674717012491589,0.138626613918415,0.250296700278066
0.696328060330126,0.660810071943483,0.165566923925226,0.277220968248145
0.799128793537983,0.728118495242587,0.148572788323857,0.213695120539424
0.741211065468194,0.834505689648606,0.190136747807841,0.285345283153679
0.746906911196776,0.548830039741958,0.113868159351625,0.332481986039172
0.619147729659445,0.567508404973355,0.119947980472807,0.254859742075592
0.71804170069881,0.586734616203366,0.119665606865669,0.262723820131093
0.774681957497422,0.632830745460653,0.160299956780614,0.277018316292125
0.740917103572758,0.561297819104208,0.10760062451415,0.254427320351121
0.686515036718024,0.696687841671542,0.156414885667295,0.264349706306978
0.690209259020606,0.580151904259975,0.121853653916424,0.310526897392692
0.596144482854723,0.578428822931506,0.127006422700431,0.259536365890195
0.884926949101992,0.658134404352533,0.147262247670164,0.224708954547336
0.537730446628905,0.615161988406729,0.151533259521882,0.288428507272184
0.75471343787586,0.576981392214338,0.172431582315583,0.227953840132342
0.655259258220155,0.703434327036166,0.122199736768617,0.239255572656155
0.616542663242747,0.653453472452818,0.148558417583166,0.29409398538324
0.66494233896245,0.646523177717379,0.168652663576415,0.342633227226784
0.833119863207373,0.665477522861548,0.138139968770499,0.219652794658396
0.51996467047161,0.51524416610045,0.159191633060463,0.297558455287163
0.802006921861874,0.55618247643923,0.0944936933771145,0.191762072787953
0.63828793701176,0.647158545497258,0.123071276331724,0.232604038563729
0.634591022364967,0.495351852158121,0.137262413473473,0.259713982526936
0.765338533802951,0.59840088896898,0.104401866896936,0.265897641640286
0.647129205717429,0.630087002371478,0.167050275010606,0.294650583020955
0.653379654942391,0.490196665297299,0.105223326663602,0.228548236272329
0.589678998426623,0.57834748393296,0.173971180276343,0.19782718706492
0.689223912373522,0.681940563426786,0.114958902685786,0.308549778085001
0.61317814658358,0.655134173187706,0.14511052783983,0.227775716050636
0.622152862490958,0.612303059187098,0.138624934745499,0.206133308705688
0.699781069914787,0.552200961190362,0.151515858086287,0.255845627217001
0.736699405306376,0.751205376712759,0.124364060647032,0.268618909664038
0.754112118287895,0.56827891532674,0.190600062218043,0.263261391839966
0.725521509754371,0.511790446813054,0.17531624554327,0.297770641931564
0.652043312158251,0.614084254597163,0.137448556795011,0.312907752863217
0.797979665966085,0.65769582090829,0.141826453748766,0.269771121120675
0.683169520091339,0.513134410515731,0.113818719394733,0.229343593121653
0.709516731922696,0.793898321517809,0.11868592212077,0.291149211214411
0.538784703307472,0.534494235796292,0.127920819749848,0.27262995884334
0.596438651537893,0.520820364839682,0.156150908650277,0.222225852889445
0.697541616613375,0.724877154906474,0.142658910312409,0.257682824717662
0.749269318732241,0.599655976518314,0.108382963245257,0.317445574961265
0.615876786200899,0.647637562382119,0.119271187000821,0.255974428937212
0.69132227334272,0.51904124002244,0.168329811179176,0.255404693823404
0.567740568854567,0.615929127200666,0.135322013435454,0.25554114914597
0.576413197317078,0.63063230383706,0.132299971349016,0.245172607503869
0.927266901926306,0.567302065640784,0.155631509679631,0.267051891563467
0.654518124342875,0.664497384719516,0.137473574619226,0.258417959921755
0.707577166388733,0.562316990992397,0.114763296049101,0.279524678291827
0.731418236121388,0.704572054187559,0.102307783064578,0.295925686686174
0.784727494780786,0.737425903131282,0.10154502963405,0.251663369764495
0.72122249653592,0.723411342452464,0.0953904010528918,0.267362786134064
0.712029249379249,0.716832927782624,0.165984913326586,0.224352507007127
0.865008616163505,0.564276651581278,0.112114729626419,0.299025923171752
0.563883694200703,0.486949450537659,0.169669174041185,0.21886752640641
0.894449909622325,0.663122127409418,0.125377887740863,0.315025413301819
0.545252918897781,0.606307567808547,0.174784738917507,0.233736573009215
0.956017054018261,0.677275721664048,0.135166646782971,0.241268573778984
0.993093548361915,0.61767678005481,0.14093719489315,0.254097346181084
0.590372002216481,0.529288094743958,0.145331451516063,0.225205516058397
0.661415821353829,0.552236365916901,0.108372850652846,0.224858371217944
0.783145329744114,0.637554671836334,0.156069809113134,0.255433075939614
0.627813866775417,0.50020867917654,0.116585325559244,0.269129183283257
0.64079158236648,0.570204910703623,0.169532461572415,0.242816889127533
0.678003219079037,0.603409819908357,0.139948501802968,0.28665052827768
0.720688052037129,0.585066765955268,0.128826561126431,0.306268576133992
0.701286116053691,0.630421069354661,0.139463464520481,0.28768617423424
0.803006297901316,0.573293884674124,0.111676029287921,0.260585621580043
0.612308471852382,0.562890629118123,0.169245497930272,0.259426919933841
0.655290250604368,0.553404015305019,0.114190295394523,0.237128600033324
0.654858822385713,0.507062668104029,0.1151845108058,0.22316605707258
0.686487351029431,0.576539983049244,0.141635233204714,0.275470987933443
0.79877371253743,0.748993203416403,0.147875852723075,0.325468712869646
0.670532421582741,0.626260963263926,0.214683469065302,0.276934241910126
0.844944834442897,0.596255244906518,0.10948412886864,0.313564065025984
0.557854573417789,0.491604108938284,0.118676313847489,0.224279216647188
0.694773790087302,0.573463999134657,0.16448636526819,0.265553373459371
0.687080527703061,0.629311513945734,0.153764763215278,0.2909699459395
0.671891058648156,0.62924595041813,0.111298702421827,0.249744025010028
0.691247828955664,0.630765027090206,0.166822931920228,0.199662253192749
0.721054728901092,0.542450496883701,0.126789916925203,0.32083888623726
0.672797263677636,0.677257850442147,0.203311794017984,0.29430512783258
0.725869579027697,0.675131495985637,0.125395332569924,0.311254907904105
0.671196244061426,0.538291282388046,0.163711321004022,0.250529284309161
0.500022977441043,0.675367365550187,0.132269936779817,0.248596065742801
0.49756231878775,0.742706417742754,0.150953186875072,0.242412243687003
0.709212538375946,0.403471496215645,0.14116759756374,0.205804014985138
0.576577591601201,0.701484313010684,0.118974604772878,0.282671985169557
0.822030833318152,0.61919857036241,0.194041970198529,0.253693243524229
0.816055930910842,0.576345431831758,0.1771754188336,0.276671151049575
0.776562416384106,0.748607053313534,0.179367549943388,0.284652036667876
0.793171008773839,0.520114821849507,0.133533339591473,0.244902746577178
0.745709599298817,0.646113266442234,0.184126531751235,0.306885783284826
0.73246562476408,0.55129405554753,0.156399397416697,0.285649521881155
0.67220127770829,0.681299226942918,0.133179407396985,0.263431339571022
0.71866647428851,0.660441388150298,0.18693467370684,0.242819404371869
0.728129695154081,0.780042469103475,0.12527276382209,0.312018780281295
0.797220481172916,0.567081496358324,0.210292948332458,0.223951295271533
0.685713768750281,0.686025720423809,0.143715540513485,0.291264297966451
0.721335924056152,0.632052761654653,0.109032081800894,0.214813421110036
0.778386402210511,0.681580860606063,0.142992326386251,0.247430119560124
0.687329949330039,0.660883687964659,0.131213269994153,0.296041228431701
0.770567634696399,0.604658385531213,0.161640349940299,0.311114830196674
0.535380770577684,0.463276120887633,0.113277451413133,0.190694475922103
0.659822444542705,0.571670125320994,0.134595724689382,0.28630883158698
0.70555787927004,0.585297941213804,0.154576717246949,0.25160617128188
0.85185530060614,0.681307046261486,0.137154453197514,0.299110118170775
0.76071624672322,0.616124777097754,0.126002516394841,0.202982596123338
0.627544643254574,0.557366393425556,0.123114731860351,0.271114687026273
0.835618738513726,0.766663584633367,0.145945619106267,0.251315645927775
0.778970304171587,0.672244430028773,0.173090421599504,0.34209164893081
0.689044826303829,0.69895996454591,0.117786890476019,0.204557126355087
0.690951819244833,0.676093935845336,0.166879732838185,0.316144531460617
0.603478693765181,0.582257209006904,0.108523770020724,0.320274260913934
0.881964953627242,0.712285463944984,0.141669512547543,0.276389969529431
0.746242075778758,0.766127305868298,0.174975095468039,0.280137210033441
0.784700020839209,0.651506985428947,0.16610735582014,0.223325625112101
0.666227239526197,0.630659172300441,0.162880154391106,0.244770402428653
0.635867013606937,0.62540026128938,0.100393082125765,0.27496910733176
0.674874907105837,0.595543445102454,0.167187619991132,0.281788382576429
0.67513456875051,0.711566607281757,0.134508696744424,0.250068169653158
0.753701998236825,0.61975094075439,0.162390724351964,0.339948621309415
0.586673609539607,0.595290320924793,0.132969287745166,0.260134553194689
0.634167699615628,0.610504287932895,0.134590583023154,0.218729742346776
0.69680018344163,0.532150647952693,0.122822066531492,0.243244860525498
0.600585970286327,0.727817903562057,0.114728921252939,0.239555752574087
0.577459985448549,0.565415969856182,0.14965287450748,0.263746769493219
0.733026234298676,0.673453334175925,0.0993839629488092,0.243850241463977
0.638816197234822,0.566266130311038,0.150200602396938,0.246456595259362
0.646686842001221,0.6571904124682,0.130081751319617,0.275538548670733
0.730809967285125,0.730612323376625,0.145726512409191,0.277570028954384
0.667419230902219,0.605053502280814,0.149949725340759,0.257976142115629
0.619395292688562,0.56854876400086,0.120293316809346,0.3137389480183
0.680625242671716,0.699063881078172,0.108572959179372,0.205911681910147
0.965204924866867,0.712783717931883,0.185568162265708,0.216394782850949
0.830635768836948,0.57617324181775,0.122861411623855,0.365307746161277
0.712692497858844,0.643118536364115,0.144844994902146,0.226255383923031
0.743790132148937,0.512599844596991,0.128819848890695,0.326770905022053
0.681416276354096,0.554869169780099,0.123267012641179,0.302167891117402
0.675984075978111,0.724626206726311,0.157037190458786,0.213364268514715
0.612284236885342,0.684097651518272,0.120113775059683,0.313618088713873
0.64185401673004,0.585697329031517,0.14954280399956,0.261000950987211
0.675597537246473,0.524110060680865,0.138991022471065,0.302627515788479
0.75519199794955,0.625323734256087,0.154917174023244,0.265345655233507
0.682284249995461,0.600788675051641,0.123375224546903,0.272138302468833
0.547918187033349,0.486943882506797,0.155801250251836,0.222724918875226
0.659815940327167,0.655925376575986,0.128131501454314,0.205089926189333
0.557668171131246,0.630246714724387,0.130503918312779,0.28441654648366
0.710472664552395,0.575103442445556,0.133605309089762,0.185623460803341
0.712630432367147,0.558351379081588,0.177023023809519,0.19321643602527
0.642003177452097,0.701068920642062,0.0944859307002891,0.315081280633419
0.657318609781208,0.547903465217218,0.17041663989669,0.181658650352507
0.70433632423242,0.733634892490793,0.121436755346085,0.239306848337768
0.714429918725336,0.744516167265682,0.124937218231736,0.203792546456733
0.973696199510494,0.712878602254136,0.0956383879613641,0.228699317303489
0.630764939925228,0.591417795949689,0.176484623932308,0.316045231327846
0.703914312550537,0.571023073545396,0.0822002501246523,0.159154653485011
0.694540629073123,0.565690311783405,0.0817057338522788,0.158737334655449
0.654321304464073,0.516932653070672,0.0911886853357904,0.183936409178071
0.609813473646161,0.606954477367373,0.227262979638052,0.34042624962047
0.737236690815262,0.650324264992243,0.188732604322127,0.292015132697471
0.772859922650075,0.539594104781177,0.192938243712145,0.318332850851428
0.75856609029676,0.565579828382473,0.220157872406549,0.302636728232129
0.773673270398666,0.629385131827895,0.223238199746033,0.303127014079542
0.703053512459947,0.524100275483032,0.131861929606424,0.279134507863106
0.633739655106104,0.636780324514895,0.131816018942706,0.241412863557979
0.689499091225864,0.510882573570241,0.1174078506209,0.206712437010638
0.673405402814825,0.543404935850607,0.130531486541002,0.220670218205897
0.684814637889057,0.562355204060469,0.174890988641301,0.19379925222165
0.578094063881273,0.583261500140598,0.162910684360879,0.214792096595967
0.835305006097223,0.733324609038093,0.119688532934386,0.325211770089798
0.76892821044595,0.713559961771966,0.21965525933171,0.294654918225193
0.665085187437812,0.568957615042988,0.122844821443764,0.260325719450002
0.598835268273439,0.538596018320362,0.169431948984776,0.24389808690113
0.644977308650138,0.742948850511165,0.101078069980979,0.286981087908608
0.63848133260245,0.612301795589136,0.167217272918674,0.204320808994416
0.724033332901829,0.569005656982488,0.13931061206668,0.268092399790396
0.718634176007343,0.687030569434003,0.112910421597819,0.244054541297272
0.630423692069904,0.502008951714163,0.119706454516236,0.237052004268404
0.770286513621474,0.724541595802949,0.103196141355106,0.23839758011205
0.65690503638525,0.66736973686035,0.139011917523262,0.257846873651736
0.795790649413575,0.672671791253018,0.176857129324733,0.273306225204842
0.743150377230034,0.698989450575621,0.124316221196117,0.296347274072338
0.501024191410927,0.480510855362443,0.165851271238608,0.194228790786625
0.677593941821999,0.605646894064102,0.1359732880547,0.252675741787855
0.626105013992413,0.516080986137123,0.156650176936725,0.280862761248249
0.632743889975411,0.57035345542421,0.1349042324604,0.219587523793653
0.606981022489981,0.561326613595809,0.159348308514884,0.32247084878144
0.607239148782829,0.636751181146663,0.102916221781617,0.20182327691057
0.619843558577373,0.463239618038341,0.137283959227091,0.233498538401666
0.780069002773144,0.71777391687914,0.129326045494281,0.208075085677891
0.832088231683458,0.514775756023159,0.126176939487999,0.261211253549117
0.65970495424663,0.684112988344038,0.142893758271162,0.318532416749779
0.714500976272938,0.571190106572526,0.138262594720646,0.328132578926641
0.802320057224349,0.757263288341626,0.176538919456809,0.260416083502988
0.604132906784894,0.616978805551224,0.109928377020339,0.291934505801709
0.733021470776037,0.673995014551169,0.178794688404886,0.263782778928338
0.727425448533278,0.69512545875149,0.104847010744225,0.26652579320858
0.56840851292345,0.54507832762155,0.171190557689199,0.228346739050486
0.64356153883227,0.594713080420808,0.160209533088599,0.260961235631194
0.686403342490719,0.559701738821719,0.108387192145309,0.254625522552252
0.755215108046516,0.733756747524638,0.158250962974043,0.300994304146056
0.68476043746596,0.599337637275892,0.136491772505438,0.209774235753767
0.647962040006664,0.550292842036172,0.130448040823548,0.27663334967434
0.681567821408149,0.656549109484063,0.114313142572744,0.195919377638696
0.664367099444496,0.481571101021156,0.149357121131627,0.25103566907252
0.564769575038125,0.60460328861752,0.0960378103892519,0.202921515056919
0.855583634402912,0.493425728260582,0.144301548273172,0.25300595126809
0.532097385756355,0.698603969184091,0.150773727255417,0.262784338126551
0.774280090204855,0.557634557640574,0.134844541054929,0.245547868992899
0.571886114692948,0.770120584592664,0.142190340492677,0.268215938602223
0.725157602834874,0.48653583919219,0.143177270423618,0.294817183608449
0.726283483296872,0.487250656046845,0.143484497670429,0.291714546568254
0.611982274033622,0.659395174903725,0.119499812105742,0.258308140921402
0.632348306585089,0.518158370201072,0.147281290604744,0.21037093779445
0.650415629623715,0.670537720024447,0.151494343186216,0.295114726738047
0.786371392134732,0.541031145591947,0.124142660721509,0.337311963229073
0.627898787503894,0.645425732779988,0.145687627819519,0.298095632781138
0.693871658904679,0.56800553298771,0.122821566809696,0.227925622202724
0.727526092485886,0.656524355601124,0.139193900780391,0.284292433398142
0.602979335293115,0.516705265980639,0.128545039112639,0.228769504882024
0.739548130882867,0.644204594883806,0.136742086161528,0.217562871444934
0.636740701015242,0.505938345740934,0.128325479331408,0.226167183032042
0.628957208887848,0.476135035443171,0.133465619081002,0.254450787492952
0.652379058964275,0.520796186142758,0.12609167610545,0.279331432501158
0.673131303296171,0.637165249837013,0.135530390724523,0.193469681775171
0.771164273256593,0.61257535996336,0.119479527580121,0.288681307097803
0.859286433810026,0.829559033384594,0.101182488632026,0.286508955687833
0.594187539495468,0.52145990783359,0.187489047461057,0.295853660750222
0.674956511264006,0.629967554770261,0.107660211549468,0.200216620057572
0.720071599234759,0.659160447332024,0.199004493526562,0.369244461583326
0.828716597723361,0.739000590117109,0.118966300848217,0.254049798395628
0.641620785807712,0.664900102119794,0.180389969297338,0.369371353726912
0.619590292582849,0.568879523385087,0.132176171324022,0.275614833681966
0.605506027925833,0.54374579666384,0.137424239806244,0.25535638788818
0.713896137293774,0.585943751060535,0.134134517682347,0.300717269176857
0.736924736231599,0.620136999731284,0.154432084972642,0.208531818504461
0.620039168227041,0.537160545661928,0.119771040459344,0.264727367544238
0.862272508656625,0.764001429348606,0.18963504857506,0.228270183197334
0.592637473414455,0.465057546506718,0.139667369861758,0.288939699181787
0.610597484798926,0.495227850741072,0.126265621550439,0.288023139398283
0.718316071102815,0.567191502062945,0.116283668723655,0.284564124619279
0.549328726328295,0.580585279516281,0.124842402583971,0.259335720067242
0.71567151874033,0.613014826523699,0.142942632606787,0.322957295053404
0.731694048797299,0.518317511522491,0.14481029912861,0.287999420932934
0.880913425333451,0.560170971469387,0.126095601724403,0.307082152906074
0.629594492777006,0.686478661848341,0.17300231133916,0.220403697977921
0.806105243074357,0.603678190767143,0.141731535310977,0.298640263323084
0.666885727244243,0.876500920577638,0.12292398911325,0.308191297375816
0.621213001360923,0.468990789944006,0.12924391744128,0.205715379596365
0.708622820814247,0.549394608382935,0.146017372008336,0.169518826968625
0.620749301114317,0.589138719378841,0.107047347937922,0.194274398991987
0.652005168559997,0.569492685013391,0.124792489232156,0.26061981930103
0.699508647235455,0.620914325510887,0.190876197779379,0.299816520861682
0.655476281470396,0.615307152748547,0.138625790844091,0.342701087763595
0.799735221850524,0.678905545073406,0.204670391798096,0.277196680009019
0.641937275502832,0.734158028858013,0.122240463004975,0.277915555871168
0.714762818675374,0.712461517333914,0.15051704099463,0.32806199699213
0.619811933661386,0.596517891195732,0.175429524141526,0.180537758830549
0.732314506997221,0.589053306678254,0.163221589396451,0.337763314975215
0.754191681552059,0.710844173138099,0.162090185557484,0.203621151592804
0.630867648484257,0.610460906074384,0.0984514802404834,0.314382803576808
0.719002785192359,0.542383324493119,0.153905433159443,0.185988199936348
0.675648414065687,0.522778951900501,0.124527035338879,0.222195116082087
0.687159267462139,0.667330513406307,0.165258881125229,0.299331520347394
0.642373164908247,0.701316753898845,0.149753704540779,0.254101467654327
0.807728629407307,0.592939121720181,0.126797307778173,0.380378559038162
0.730105640268983,0.64470527996961,0.173344171944559,0.20985997627797
0.698887088305214,0.619673783091774,0.10489188956006,0.225819197141897
0.92971294614553,0.840133621640381,0.2288442222632,0.320442202977522
0.713130363795842,0.67034289888613,0.137130470826188,0.317275381466598
0.70359091514974,0.614721275675298,0.143485501418876,0.301835242556641
0.741894942135331,0.615638550913873,0.129343188178907,0.201379040148133
0.553037680203143,0.511863958031827,0.105781535454578,0.276318362553568
0.536723078037569,0.709591231290873,0.116976992740709,0.24467196080819
0.661901619567419,0.463997269268778,0.102409781759361,0.314964266200554
0.708540919565875,0.602340987089309,0.211779094417542,0.219915709027424
0.658630678179157,0.596991760526078,0.114772336691269,0.3194404159162
0.691358458962457,0.683678835589805,0.234146227663234,0.275748479357286
0.670106753047624,0.631554916757931,0.0913874419995174,0.217943172769561
0.660985228850584,0.498730560517626,0.17464268019667,0.300053886317075
0.776175033960822,0.835993614678907,0.118445276010145,0.261859970227231
0.673308457562851,0.519900102438338,0.151223121280925,0.290960313373276
0.671191961471491,0.623556327627141,0.131042915588368,0.17827639465449
0.482868448954558,0.43500567742425,0.0931359567681308,0.265371674404992
0.717799537615835,0.572078851254834,0.18844835926215,0.214246974826889
0.683601697601341,0.607811189444578,0.184546699886432,0.212138749528054
0.67354199693531,0.671821258636729,0.114845633160779,0.354929944107528
0.74719693694859,0.573860778061943,0.179203317394456,0.211595022446178
0.637107555260464,0.568346005561387,0.113137694502367,0.336736452691492
0.749814868332103,0.77305264978742,0.134285143669345,0.250939489835141
0.729574319149403,0.544415542624043,0.139456330378985,0.286978767804418
0.692630657475387,0.713454105724451,0.119087655564966,0.20820497876951
0.5583041264923,0.451244715574833,0.151419210779427,0.311213576219727
0.66756859227031,0.621135604623532,0.187539839972693,0.247440781343216
0.62867511046466,0.589180670322458,0.1106132256328,0.24544398739359
0.5819098080954,0.557182123615141,0.236368440299724,0.181376872856292
0.653245670715877,0.548401334144844,0.160825060509905,0.215944091863557
0.708637306899523,0.593845293573861,0.109394896227621,0.22265871656044
0.755258840766465,0.458946319279223,0.0972147146781308,0.203100369237527
0.701847724166184,0.754673611303216,0.190322859454929,0.350885811030483
0.829342386570169,0.459107729414893,0.121382919602134,0.204982475959138
0.673339305573155,0.68616630166653,0.143102553400795,0.246666032796163
0.759056032076357,0.695615536149718,0.135422496497148,0.290087359989806
0.648451685044151,0.630428456272058,0.136415332725146,0.247417775934763
0.553449291414171,0.524507040635277,0.134489782903879,0.230700779706536
0.674780976119733,0.642210944209384,0.126989236706051,0.242621143299898
0.723273621315105,0.720879940745577,0.139609399975367,0.264295973573267
0.760744279272882,0.583825289893102,0.124898260218559,0.294307105771673
0.684835921203751,0.614282136352542,0.128700278653075,0.223021419182926
0.701904273000455,0.597074700232114,0.15207936016747,0.263964673680844
0.687152835138479,0.574215823943216,0.109517348137969,0.225439194993394
0.617976648129766,0.500917042718784,0.149699719416727,0.231593106738281
0.582637253487006,0.601420600050503,0.145147856575288,0.23532805071522
0.626636441685829,0.583597590525493,0.155229138242089,0.248588912783311
0.642610552133162,0.603380443476541,0.134260939012117,0.266704671783509
0.627832814491094,0.525390598096011,0.159888441209851,0.285396847538012
0.696822933920947,0.665621999927162,0.140210759562765,0.269593871324336
0.75339919436274,0.609215948875806,0.0967021020010968,0.263050202430358
0.611562628436879,0.617550892865333,0.116030779008344,0.276284629261614
0.75175725653008,0.652786626686712,0.175157943796416,0.214592441564791
0.696114014208331,0.662576755387935,0.113704046120201,0.306973528042212
0.731927592480269,0.579016384295506,0.167376919614727,0.307657699105496
0.660111467584338,0.583127803077763,0.124599966112026,0.288743801781928
0.764493958656555,0.548142947582141,0.147883207287806,0.22753750324132
0.616005772116466,0.552587855118131,0.11560513841705,0.271953135638888
0.672064021655374,0.723825850088806,0.144557948001088,0.212281208541222
0.715500793381608,0.527638349910206,0.137668279540003,0.270474239782154
0.629430167996313,0.644636729863328,0.12953621042739,0.210737888312758
0.669239639354855,0.640177281614504,0.162658183919641,0.317052728938234
0.836973164327914,0.815412492058435,0.173878733429265,0.256214785207571
0.545501789855685,0.521272547454897,0.146296190512969,0.235919802815293
0.692284358906747,0.664920374766475,0.133751975039459,0.266935317203978
0.628098271111158,0.609678876040466,0.182021459697126,0.275067357865194
0.659382214862195,0.525297058800146,0.111956059272557,0.240600727517348
0.706326117478276,0.575377495759704,0.149330213640358,0.255341054647296
0.753455142523319,0.640982520999307,0.131737888129767,0.227107195630091
0.60420347285207,0.504501645905702,0.156277064863764,0.275239647416884
0.739423783362089,0.629184961942906,0.103894270485243,0.239216048189335
0.656083731406698,0.593007874500147,0.146987167067052,0.286755975171809
0.821837993279753,0.701615110463811,0.137624193860459,0.288480304725637
0.635176331306266,0.738036174587321,0.206783192570055,0.233344001377322
0.651960356851149,0.478533725135199,0.108540503703581,0.368073948498505
0.792836505452316,0.720676669033332,0.194284382932603,0.186104710118246
0.7352957942014,0.65886755106433,0.117270337464529,0.279284630725416
0.729149045726725,0.579468898681713,0.139444336039873,0.319732458930695
0.516231315834996,0.658130470759871,0.0990878578105702,0.243724100816608
0.942004796999824,0.607941325225252,0.134876964352071,0.307525387619064
0.688033795237034,0.641743371487434,0.142465392698084,0.259476465853673
0.815194733514504,0.631183771060936,0.132710429143054,0.276110276607357
0.610372756495895,0.530939571050645,0.141031597262106,0.247020039316025
0.82601758278684,0.600589935800173,0.163838335811559,0.294693445553154
0.760136252109864,0.644749805798388,0.121802541725188,0.225065360811049
0.87550602343917,0.558664645470211,0.171862919306006,0.303530139511397
0.7741270468712,0.581773806441717,0.155345862837062,0.286729371921655
0.732584102099459,0.734641437418312,0.183647914640883,0.231869448642921
0.718301438141066,0.710055665337918,0.203829298370015,0.24131870660692
0.717367262460643,0.603684785551007,0.113367998855422,0.267189712369302
0.608659414721341,0.595782894662311,0.172219080045304,0.214344117027971
0.65801778121263,0.600279613527712,0.114315950295438,0.273890588498851
0.66180023028008,0.65728417907511,0.107849998628662,0.229343953113458
0.621574206735135,0.473712285273239,0.102292809131808,0.305615023779544
0.578935179207255,0.595052123686942,0.161901926859732,0.170732196366412
0.599658775356089,0.609685646870974,0.15515584339961,0.174282950600869
0.617685579818959,0.550178731122696,0.0968629476513445,0.286081671319761
0.74553605059256,0.676173651832035,0.154725752194849,0.217751879237357
0.67514417345027,0.480617586461637,0.125029104559397,0.295770776878265
0.84220524449946,0.545259335843278,0.118918993496607,0.251659354298472
0.617420722971426,0.676141686118279,0.155761118711195,0.278719716838596
0.631522750947764,0.792332269097976,0.147763372364545,0.252920630346943
0.856087266812531,0.494589614284632,0.125099674803481,0.283064668211415
0.465129499604816,0.680687094776043,0.14546750704205,0.217633159221467
0.771795559961464,0.549833537270263,0.13052442182414,0.270313101745293
0.616185892621158,0.654012282673108,0.145684492394309,0.275457723375734
0.583964090550877,0.449642819691528,0.104588299265409,0.217204544208518
0.728795602926929,0.724736881685404,0.203478840921387,0.350437941266651
0.887135688805355,0.879909102802987,0.14432416005802,0.230663880461063
0.636225409289835,0.600131243590422,0.150623745057462,0.295158163998185
0.700059685837351,0.642203741020807,0.155279482490306,0.302332258846225
0.808363839029569,0.655412823060515,0.154894750005653,0.267450568254989
0.767385261296332,0.613875640450236,0.136347990780273,0.237866016090345
0.604880677614394,0.622286178991444,0.135659189261108,0.267232874361027
0.712335285291957,0.648072717533434,0.127858437260558,0.231901890496199
0.785620173477651,0.642821587109368,0.135294997769756,0.272680740470835
0.704005350396076,0.556096296347303,0.130084518067737,0.254810513432061
0.596268044999196,0.771178994266111,0.105295322703903,0.199783456584326
0.721698756683896,0.505433552394727,0.158917266289936,0.309175663760674
0.631615373971177,0.455862683205197,0.135200016972529,0.303610685619608
0.676337679087838,0.709193432005398,0.14755207626293,0.175246893867604
0.789369568541577,0.626730903977545,0.116517377964319,0.396093544237257
0.790119292243656,0.741736153525033,0.136480076933351,0.280259187232054
0.687781109279013,0.650312274549096,0.147343957473197,0.238437621234465
0.744533074809586,0.685166107287735,0.144831069916484,0.232621036802212
0.7037417834216,0.714411366969621,0.125608598258123,0.259867141669295
0.723066306398984,0.590160602604852,0.18598655890367,0.281957959221762
0.622441072136941,0.714527096434898,0.107593609945025,0.215309201610602
0.668850111193762,0.552479559742874,0.127396060788796,0.273677202421924
0.616335630507857,0.562959496834314,0.130647332204696,0.196275761724456
0.62314084738209,0.557332768483165,0.106688915895864,0.260465735414756
0.648150130730931,0.62098268588641,0.173295004862043,0.200983480512324
0.736453510592731,0.587167032336268,0.172965604143171,0.173618662863625
0.707949942929908,0.601082549300514,0.104453987735029,0.279417261321993
0.681954130250439,0.755042344260456,0.107628872185783,0.215656879993928
0.740087073246409,0.689167113477095,0.115683716682123,0.221677408281486
0.858842677313291,0.74573305071372,0.174578979851202,0.303024197332845
0.944733686939939,0.578655942397039,0.194132462115757,0.344345827332084
0.682579700934013,0.806520414863623,0.177892914305525,0.265904918019066
0.696725011607506,0.698345143500083,0.105655321321074,0.225487353529458
0.600919920073335,0.614524477436717,0.216969720556857,0.307436761967473
0.781236822458938,0.803492625590703,0.0918476451613468,0.289029869578553
0.730734238108164,0.602261300497684,0.190770366914894,0.285899329383863
0.574996328575838,0.732308361604556,0.116323298943548,0.251931119288813
0.720457932113993,0.560538656897243,0.138692435535588,0.291963879598488
0.63784825196117,0.673173486754313,0.166163837395313,0.213745301160364
0.669060488626621,0.557695972450733,0.143782905014868,0.251260864465994
0.629065004781171,0.598112106861002,0.102979934958004,0.333256854822418
0.681612627603915,0.512133053289438,0.0983090917762703,0.33864297504429
0.533833253742898,0.511514437916324,0.172121855388581,0.184057505724959
0.741665658714099,0.548436574212663,0.122943017049282,0.299037169541745
0.48971151557847,0.438185633313317,0.139193055699648,0.209297864246785
0.746884612924639,0.640683317456574,0.120157514633789,0.218345466508267
0.721090995004894,0.639675624502162,0.161414831841634,0.267098133969299
0.74305849212577,0.640553099761356,0.125160410841682,0.266862458445038
0.74010848621522,0.709231196308469,0.171281607418366,0.229295587055529
0.863960752067533,0.733997422465748,0.188423631621584,0.323922780149179
0.79062173299927,0.665295306430469,0.125422881073266,0.248495068653349
0.706962097755007,0.687225369774242,0.126763874102955,0.303374912024921
0.76778591449293,0.661053237210337,0.186020751264293,0.268323507348487
0.719962295209002,0.784386300466985,0.142562273344727,0.333717964669927
0.99504722716163,0.741633212659107,0.199420817005013,0.324847806820025
0.547936079334965,0.593088421240371,0.126658762596759,0.279874035268284
0.707604176046591,0.499981049300033,0.139693153229774,0.202958958441879
0.555750737911531,0.489666356234134,0.120678020458658,0.227405511594282
0.744550722267091,0.659134386121411,0.169435589299154,0.19534596779209
0.595156819086694,0.680095866940423,0.138852992991488,0.335384562592958
0.88557022536621,0.543436210803738,0.163673091693485,0.24772580329558
0.763171263711495,0.679533889488824,0.133809388047774,0.301092678357289
0.863990471007629,0.556328923671833,0.127255255035252,0.227047601700662
0.788832238824452,0.614032985481147,0.13439233150212,0.231601653888454
0.619417912739498,0.649179468831928,0.136467295111625,0.267647765630478
0.674281451444884,0.613586629098556,0.119770545487772,0.268623152206917
0.772059118934327,0.63060313829888,0.122685486348474,0.199149563910574
0.674260707598105,0.553186294312526,0.150897684304657,0.366361785952606
0.744297618383317,0.597888985726944,0.114529047598057,0.250248230902525
0.574380089959039,0.630572144208425,0.147901717398905,0.245511574751354
0.734162769846315,0.505874547523271,0.112176230418806,0.25745697387566
0.707970935761322,0.779915536773998,0.152136759493686,0.26187947502671
0.7390621245898,0.670418601643356,0.131168248814215,0.328573887767128
0.698417823165646,0.495761293358381,0.12366277411967,0.234084307883
0.561464525207494,0.60798348105824,0.13105870976562,0.207310807937954
0.57509010645907,0.558256454758544,0.107831073692243,0.202207487577744
0.596688004318121,0.560985236816005,0.161346614355448,0.323645622145369
0.624012048157449,0.547600455761486,0.109803815617793,0.23359772783425
0.62238796268777,0.600340502778853,0.143477817090295,0.225221017741338
0.837170545557576,0.589476320816175,0.118811203967538,0.242078398842926
0.569137454116026,0.496381279017323,0.142509618261595,0.21313625145003
0.626193326397691,0.566348740451546,0.116517556888505,0.243526768681406
0.620852930683968,0.680702140356835,0.0803411827108641,0.192775372836707
0.691447921754473,0.537239289968863,0.128148482828757,0.296567648279278
0.634273587217935,0.573906486606255,0.151493778741087,0.236546197480992
0.656270489282623,0.624289953190786,0.178898521328237,0.333450964438203
0.812607550292788,0.641284134562317,0.133229442860829,0.234554825553871
0.783417979714475,0.803618355221949,0.170111396743888,0.305611018006035
0.787225002148818,0.876084996512418,0.156439462277411,0.32080038158526
0.706409368911432,0.542997196344404,0.196889062243299,0.270936072791565
0.538429675296744,0.57780771595522,0.0898453318097282,0.22122685053983
0.53954025312505,0.559934709033995,0.0939152894361988,0.202239958466528
0.651150167195733,0.429200371317647,0.122714245077367,0.235719800257584
0.619165072718733,0.687156321302333,0.152838201110279,0.278838856945609
0.773313599925624,0.472339124432477,0.10471392091698,0.237813948646207
0.602452587379145,0.625538091652862,0.135276978369807,0.254608746272657
0.735732985079795,0.572254611730069,0.123063410966075,0.373763184222906
0.626001717123118,0.599111325284886,0.149687815995533,0.192680582030678
0.85877497715562,0.61342216555345,0.157674744684723,0.347484137688444
0.555615088598263,0.552503994249411,0.0979821513335926,0.193460805631653
0.606503031017226,0.579282991691795,0.161604837406174,0.250243036693438
0.814763487783865,0.636527115333328,0.116335059862294,0.210997615329152
0.545651612095269,0.600580666883263,0.163522031773421,0.251490450383833
0.567649860716626,0.619577252534146,0.152859851813183,0.253837876489796
0.680493315788345,0.505563329135683,0.125811231231082,0.273805763887426
0.666664331986619,0.562142067333626,0.121602567008324,0.292847850631374
0.607902720176591,0.551997034542533,0.163243293554391,0.273306663549879
0.739886035370579,0.590130956279875,0.155598174950187,0.301233299875196
0.597136777084484,0.664171171971408,0.145942483181543,0.216407465907961
0.652154277422835,0.437834894846762,0.138233593399894,0.281609413803371
0.656980259019523,0.786330686190605,0.13682697274223,0.265528245415181
0.731321601608823,0.558613536616359,0.138414441451226,0.258060493168072
0.617288022888786,0.623282955213517,0.149959745285482,0.26658094826695
0.691305787759218,0.759509355268966,0.161133294785232,0.209665584160271
0.837919054362501,0.736577792235044,0.119238398811827,0.319796567541518
0.827217878461854,0.776770203625288,0.184465590071164,0.365268873190379
0.578193613182074,0.459498397251791,0.110075865701971,0.224299131896801
0.668663738277134,0.639348298462705,0.196065724776899,0.213390393578248
0.70933432762576,0.781888124212049,0.192853128842389,0.239720774954841
0.720357711487418,0.545031331343592,0.0944521348453411,0.247579643060573
0.598501368925694,0.522998495483836,0.158494900586419,0.210415757922654
0.718800476513295,0.472357617424526,0.0950436730448795,0.194400727122158
0.485887954718869,0.63755948587242,0.147084677426863,0.291983931825428
0.666281783238698,0.53600373245089,0.122515340277748,0.202283669734929
0.66497986469707,0.611245879951739,0.133253426774151,0.284324548044426
0.737626719752855,0.658849312212428,0.137272837133798,0.237997667545484
0.619157908263058,0.474938295159667,0.127840116238708,0.220587195083507
0.6066910914666,0.645915075287081,0.120011187288456,0.270276112934353
0.644739009884507,0.745553683992425,0.12300674874755,0.257090332929078
0.689998617163803,0.646500065782381,0.156996945361041,0.255398880095142
0.807681884381387,0.664063108090302,0.163902201579508,0.264319199581551
0.607962727841203,0.551080071168459,0.100602110600106,0.270364658168183
0.619051355641184,0.568805528337793,0.19883858656619,0.241671051872717
0.710734714243646,0.573641934288697,0.0918860901290316,0.23863643059529
0.588945696408699,0.553764259423394,0.161229328684566,0.215024068644121
0.748053737376932,0.655636225199133,0.128119941954793,0.292676467194743
0.612506143962545,0.593436917109503,0.154063384666209,0.16519161826616
0.660926960698727,0.503925347351005,0.120623695450445,0.281149768157746
0.645116479315382,0.611463809384075,0.176820980933377,0.21759181180252
0.602011705290482,0.566748607189552,0.121793751590432,0.340315448426979
0.652666395884971,0.740968100575869,0.163629371878944,0.203057813198749
0.715446373261118,0.533292587565109,0.0987566383049493,0.287805900027116
0.66089951552269,0.597869462092527,0.160197184014447,0.226650697644971
0.773961483109868,0.635123088495847,0.140153414199552,0.279168696906366
0.841577460029206,0.96452361946616,0.173588237460244,0.308470683814402
0.850069316705266,0.586624608979318,0.14507270295006,0.272246005249479
0.646179569463735,0.689476513200544,0.126518684428602,0.275115119516749
0.627693723320641,0.652363442484901,0.116406812632655,0.264302675210458
0.684570916418761,0.51819435056143,0.150543766549254,0.206684891087019
0.603834687240124,0.440957474268461,0.142899643822378,0.230492864631734
0.7795678572514,0.730055766533952,0.134896460145999,0.273514249544073
0.609712492075622,0.581627349641616,0.115314786381731,0.291998218947858
0.577227325573301,0.532754195178251,0.141742200425872,0.190503765889397
0.609621414598364,0.575045098549536,0.12497287104352,0.239706989474301
0.539463881295604,0.5339971992366,0.148904445683504,0.227942430191627
0.629895559671939,0.531303908517693,0.128635685952854,0.214380949744115
0.644335759498689,0.582763279367785,0.125550063815226,0.227841269493215
0.692731544615339,0.615133815882567,0.137426325734263,0.273736527700702
0.769544618262164,0.498859357675669,0.15263587823037,0.267352753002719
0.806468637564732,0.542223708080892,0.131986051289317,0.260393326764023
0.697043056981469,0.660592762603977,0.109427822970899,0.203277946153308
0.684520498533723,0.448058607924867,0.143316534845516,0.279641558407903
0.530936671941379,0.623858472273989,0.113501585031865,0.198949938209157
0.858490726346266,0.569365792012805,0.136041895166335,0.293394534987546
0.635275726231101,0.621784957546777,0.120650457124401,0.315925699641088
0.614143395979909,0.623089247487126,0.153890912991909,0.279681872490362
0.636805686859516,0.597069551798697,0.127759395124011,0.262167322407737
0.593814158421686,0.508279850893634,0.0935431409739394,0.283194558450312
0.545463686406255,0.477901918826329,0.150920890977096,0.228388131213811
0.691566932781136,0.61531729121022,0.0967872775653007,0.239156455562166
0.673247637454265,0.661240703623594,0.112057748202351,0.19197558165752
0.671447210497801,0.441607959819576,0.16790293278814,0.283146406415651
0.63382982672659,0.762543560895471,0.124011192725171,0.236448605719951
0.731921838138162,0.605541778552458,0.186718045041583,0.281986285924571
0.75596638207927,0.666954333901544,0.140980488710979,0.316468458818912
0.599984401419766,0.611816021142299,0.152207010191634,0.21383455887334
0.693412547254286,0.57880619964733,0.104032069138649,0.25649580686478
0.678837693885364,0.596503523424706,0.103307643463937,0.23004255898187
0.591061956043436,0.605872012863096,0.128215089636805,0.220033745922825
0.498128322508046,0.474600258772592,0.0850390326260322,0.165176541619919
0.627388616878243,0.505403540236348,0.134235569556339,0.261112822476923
0.631920032130689,0.499198097260142,0.129896290974831,0.316569834041326
0.622601718024251,0.702196884573049,0.150937107516051,0.216796485152119
0.666737843228699,0.635432031061753,0.136442361591722,0.24870285350926
0.61545616651986,0.555844322759713,0.159410466264018,0.17456198808581
0.850409619725918,0.630467304998876,0.139773611874081,0.313412136243522
0.663062201138328,0.613691667360189,0.146647425241626,0.21045630057503
0.558519880162833,0.511317623149183,0.105515872698985,0.311436650262707
0.695269473651102,0.493689447178324,0.107555561016473,0.190989760656719
0.758531826635279,0.632538605677908,0.168974500882066,0.300501741663038
0.714838061867262,0.792810345964236,0.137713985723109,0.314763071089117
0.838229562504752,0.56378714713021,0.18484966720234,0.238464701232371
0.658748558697293,0.68242979130192,0.119873849281834,0.283507263460873
0.646004750967656,0.628919692667924,0.127830600379595,0.212789078664687
0.662306124701817,0.620244749542332,0.146315739083409,0.32222659289385
0.668791283930764,0.516969592305305,0.114089623004435,0.204434783240206
0.782770170934896,0.623108081734906,0.134506210751989,0.272892957087615
0.764236082950986,0.688697497889204,0.130678848443747,0.264131248717768
0.676170707075709,0.53858922372315,0.171435328286935,0.290742908789657
0.663501002816283,0.609585973811221,0.116151616418818,0.241535515565865
0.568847409866135,0.685528715941691,0.115531855332509,0.229930827718011
0.719181182282217,0.427100529564218,0.164249693992441,0.275935141322934
0.733983985815196,0.910744226109819,0.116238202450795,0.257604130729287
0.851090419471562,0.635561285823406,0.205350458934298,0.346855463041216
0.587786951627152,0.621170093539241,0.139661900808535,0.270305709843096
0.705561550561156,0.648619101595912,0.11332077945602,0.273557653186376
0.717430227521446,0.782119393376044,0.14115061602918,0.197615165793054
0.715327444533737,0.762855627277198,0.102734257670567,0.199280834769604
0.639198365623634,0.481248428337778,0.135909883445929,0.344577621974817
0.816929887411029,0.730952883940556,0.137272029928469,0.287410451561386
0.603453659041583,0.687446549232515,0.145739983767438,0.180892332766544
0.680716662860552,0.577083648651334,0.117726998484329,0.26580120194094
0.809123732372884,0.788834436983756,0.174201200613235,0.268661913078342
0.664087844310219,0.626047182199659,0.125413955228545,0.280298883299638
0.642266941944126,0.603304358268275,0.126968620422483,0.356188625181303
0.686357144915746,0.589537208393772,0.153223849212972,0.247898062683097
0.685459707280169,0.687105064323161,0.104738690952171,0.206478790671653
0.595023724205944,0.633439548236933,0.138833272533588,0.282940231179066
0.644575183393077,0.556084480100212,0.20735827915546,0.281945710859565
0.702833127874618,0.683722526952581,0.115542910326162,0.232405498033456
0.66483236197598,0.684219228725079,0.169936864724797,0.252553486786537
0.699138092411136,0.534935845317961,0.164862001104156,0.278946748548419
0.661160715115526,0.798852100786033,0.116870285250335,0.25507936258351
0.677734266017745,0.543701672011581,0.102218935864027,0.272104062683047
0.721746847141391,0.593608856032733,0.20502115338614,0.191374108536506
0.59529477300732,0.514380510578322,0.0767440882749204,0.259080571666384
0.460437588707534,0.531202693534378,0.107573961091057,0.23279443027859
0.56039270034463,0.554428561543358,0.120718549791663,0.235390515606164
0.636989867906032,0.649862669668789,0.152709566905931,0.213697692694127
0.700430643349843,0.55527240270066,0.10400417705962,0.20146801384627
0.692150139832858,0.628853637153262,0.218246457714996,0.297791826634057
0.726672693562493,0.704402425430873,0.199788446583743,0.285365508415269
0.734563317255794,0.691671766981569,0.18354162973564,0.261637516936668
0.66617702678134,0.513420235539235,0.111109072335384,0.247154177226696
0.732189369774718,0.746050027070103,0.217303646270364,0.277317649928523
0.797621032039618,0.651931380243473,0.0914142684769449,0.28916448845353
0.742523924854809,0.541659290558244,0.0957413703156262,0.337857922894231
0.757314864304564,0.543330065233088,0.093282393330136,0.334495838748414
0.643309393069127,0.609620518765394,0.177336712679149,0.25700753074898
0.727359767302258,0.705619654787771,0.123089768349448,0.304556310955836
0.599898279587491,0.583242538138366,0.154341527180683,0.235263893074112
0.681415158137845,0.609429621468839,0.124096478550079,0.232178861885957
0.682559494138881,0.619881476389598,0.159836687764202,0.292257334872369
0.597709899512316,0.817810927113621,0.154434769098979,0.209539431710813
0.607199597532844,0.765405782247398,0.156736350910602,0.219968189568374
0.606314668814876,0.639710811317619,0.172409867337271,0.278611245789639
0.727786438885392,0.653476079504847,0.149673923813642,0.240328288623838
0.530636322941349,0.563251616073676,0.129010926640096,0.194445724769514
0.556966303135812,0.508014986247757,0.150537893955809,0.247124930317408
0.683181122677203,0.557589354337751,0.175645399166419,0.231252547330901
0.768929666245421,0.809116142217311,0.10040873070581,0.316096505406764
0.783366523564728,0.69109103923495,0.224489160306124,0.213408814196574
0.642839324890184,0.529294610268627,0.130509730303424,0.283277492935604
0.654998042277805,0.579284568161239,0.123942281651241,0.268043673638727
0.631985299667674,0.535040300947498,0.17964425363324,0.311201210726825
0.758936149670301,0.809161456794445,0.137489110722828,0.268424631045164
0.78460427268075,0.805139697308451,0.158558537604652,0.271697509221787
0.675022812632764,0.444695442717678,0.110361676429628,0.218964773303984
0.632908209689592,0.554413170741432,0.115664561159231,0.236260290631594
0.636969539201724,0.634698497535473,0.152332922840213,0.294006343068096
0.740431813966229,0.720870281324138,0.151582246188812,0.228200931690872
0.716554383169601,0.699613928910506,0.150564334541007,0.322475401818985
0.710552296381861,0.570024582511549,0.139264813339227,0.241523260737787
0.693331885221842,0.551074408434737,0.143737343843329,0.315699871268863
0.715590252591356,0.634591828905275,0.146187192828878,0.409959743958612
0.819371517043574,0.578864942872595,0.1172091428045,0.255738873704324
0.886873959609209,0.666856285538093,0.191257545088131,0.25426106925043
0.742654560390335,0.611975485469304,0.13006771409199,0.310353470073919
0.75818047610804,0.658178090053926,0.119860492440376,0.237128913920003
0.583745704310887,0.526713253391302,0.143089925988918,0.264733123720061
0.669858367942577,0.584900435795324,0.143924852949763,0.223878040766402
0.655796833727048,0.65535192716853,0.124169297877262,0.306492735011308
0.564201472417086,0.645632440196895,0.132906266772717,0.231301320103229
0.632748107647069,0.548416477148724,0.126899225307284,0.287104936526797
0.80669177503777,0.794567039348488,0.111547141110754,0.230067357927585
0.636811945349309,0.619106019502654,0.17207401915809,0.307061581050251
0.862470772031218,0.771187497329657,0.131807786374314,0.230781949692984
0.665859197456564,0.545550835180883,0.168670235563304,0.29164002679348
0.695813348716061,0.559146617214489,0.128296457756854,0.190705282489431
0.646786863183314,0.476825221441438,0.142980621341223,0.260140625354232
0.657349174920433,0.491607043715043,0.0971761192609337,0.176497172174545
0.563506160196622,0.539824840640101,0.151079240247655,0.241782128622537
0.684836040407478,0.564163777781102,0.0999764688358868,0.207064681663665
0.657347835136742,0.557048711010256,0.19408322034756,0.268443873015126
0.645878232365725,0.59233588223147,0.206628367137555,0.308297783252743
0.67453239304729,0.431584133502899,0.0921361516857869,0.215200835132037
0.605584012705955,0.615704982597495,0.175214089347399,0.36521039663148
0.765151488728904,0.749199663891788,0.141577142467173,0.324536182460083
0.697650163921441,0.763073694402242,0.111033486457765,0.350484114032824
0.692937480239527,0.641089344131604,0.161409545723686,0.281268720616203
0.722255816466974,0.61518229513962,0.17149831424398,0.324424469111684
0.627116689129756,0.547990978919676,0.115775516485198,0.250270715476711
0.579206467691278,0.61427296852551,0.136865274618738,0.254913070810973
0.586160942374282,0.703044685606059,0.109346687115471,0.270898619049471
0.683463258464366,0.498323153611684,0.14569302642024,0.250381649851841
0.57217594194183,0.748046355590401,0.109708897658662,0.261291234254115
0.805302924774091,0.528475220855746,0.149427465705258,0.220180114029698
0.61664008017364,0.564527532291381,0.127419083095904,0.241899713551744
0.684864432536729,0.659423093321447,0.183139099538898,0.23146348516056
0.749216930754535,0.675020644295794,0.131889667957086,0.29392399204177
0.553358477485966,0.612457245904118,0.143594975829097,0.208621459249748
0.695447237091698,0.656179713000421,0.160807371714454,0.266575240165088
0.609523736579424,0.710647114037253,0.136677254548596,0.200797461327002
0.593712198229556,0.495109943902949,0.141832637849654,0.246503223891926
0.604701411987131,0.502019146924488,0.127873493897961,0.271452510254602
0.685509205893176,0.587056631143701,0.134284523593737,0.239334559306226
0.670293614329429,0.582237478535269,0.149228883369589,0.215326248950814
0.609695203734557,0.657733760176332,0.163048414325384,0.209752392650779
0.750893680634295,0.641892588559013,0.135993333590471,0.321485106122685
0.554979177018157,0.587978990144267,0.139777676471139,0.212666126170724
0.636150878784873,0.614500517861478,0.138298940807135,0.177746410483441
0.472997189448425,0.468637728052505,0.102078463883804,0.24509281792751
0.466034938823169,0.445669831883697,0.102834584588433,0.239929313507682
0.616620632451563,0.620903701551959,0.0940314702864896,0.257074710453508
0.584145061909613,0.458403115054691,0.141596822583881,0.206087212631035
0.568162603063179,0.40337146130383,0.144826023962676,0.212005765552104
0.519527379281392,0.493344177521583,0.14447739099203,0.2593887017771
0.524913827674738,0.37866880772254,0.0963405075626783,0.167430929176533
0.755043162485115,0.628275399413015,0.164455657640064,0.254629535499252
0.671315762487781,0.742579793245635,0.134761210663053,0.301622984521754
0.648896991267703,0.593473983063158,0.111179637533507,0.222579573421835
0.703225300336836,0.612476428456281,0.133283471529103,0.243971180454803
0.681236818802353,0.60427568539414,0.10152463145648,0.256398649127615
0.584772398758238,0.496392522874977,0.130543669086457,0.182948135987276
0.642033647327834,0.546788469381234,0.118361798042646,0.324247404197975
0.923792999492234,0.718536062440012,0.19982558599374,0.271620609084317
0.629973222008219,0.523268187396675,0.122151067063281,0.29641613303828
0.603416920127916,0.577873674719838,0.123624346108221,0.276967023001337
0.717984200244221,0.617291843206562,0.155934931651909,0.192403885837891
0.774802359626234,0.661918216449112,0.117871568725795,0.280814679065059
0.784544474880072,0.647962117248188,0.115271482230159,0.273833015367149
0.739096501983792,0.641450625712854,0.172633747829838,0.220722937941498
0.586249944690903,0.54220917263412,0.123293759974592,0.291066878333539
0.537642368735863,0.510519153088192,0.165223051614174,0.276689855008943
0.565658921109761,0.571353196419376,0.167099781830595,0.266535421575903
0.664964738809394,0.627303044386193,0.116457317398859,0.243448014479164
0.658603669385742,0.708104930583955,0.178339061823024,0.309239423914791
0.705695991613339,0.661651572246011,0.200276070129089,0.284481940691889
0.798703690491321,0.64919933338582,0.120073692450633,0.294392239943146
0.733959236184046,0.727797652148276,0.174422738216082,0.248317971130769
0.719515883880828,0.599419549343301,0.135375498828452,0.284984290141014
0.746673439431963,0.616567840555353,0.142561030489187,0.262498612167662
0.773901597629428,0.558964099422894,0.121858818144221,0.281345300278546
0.653345834874599,0.627075234092141,0.183704948443387,0.285026484855285
0.667139277722687,0.508369097425711,0.104451936185212,0.202872700698539
0.715879044175755,0.574875464988779,0.111500748236564,0.321847060937527
0.71083169560945,0.550452055011245,0.149389058785484,0.188371060593548
0.609763850205609,0.524630824100383,0.113951435012815,0.306173454734436
0.626350652904457,0.608674739765938,0.154947211188796,0.208939440091632
0.743120705417017,0.552442955309763,0.0941569557541765,0.28714620476344
0.733824227228691,0.619557641652422,0.0951430241990849,0.274137925310547
0.702610054249447,0.505695141687528,0.161031616143021,0.2106844913152
0.734235014342207,0.594671429180893,0.13011517117417,0.285060710629704
0.712987827438466,0.741002801165116,0.172313631383072,0.230792267421877
0.753972190614059,0.767714304399197,0.165522442257881,0.287614059955694
0.706243984097448,0.730168737724923,0.13359978580287,0.24566478579854
0.717696211705281,0.706115754204593,0.143212971927154,0.229847218100853
0.800984615108648,0.683149692485744,0.116600757599308,0.326149021670843
0.774726109138992,0.79728958144442,0.0823084474798697,0.213647111435042
0.611590248761494,0.756585215450589,0.131271823476993,0.310514830538413
0.720006376492279,0.65728341047076,0.105735764427091,0.257738516242594
0.528540717709754,0.758355873121656,0.165985277172398,0.220011125277754
0.506955932746052,0.731860396684828,0.162633673535403,0.23326747167525
0.505861161835694,0.674045503029133,0.125353122869693,0.259469802266469
0.561094926977722,0.662790555139669,0.153022553310399,0.277462290240037
0.751052366042928,0.553868091565176,0.105824857950486,0.19005323237988
0.668066453696103,0.644588609976535,0.178608655101725,0.297446718952407
0.686263067156538,0.575601342788763,0.100080534998822,0.247219441642978
0.67153748427116,0.694745428025506,0.124712613348532,0.260391581764592
0.784077238204627,0.562264024372159,0.116358549240146,0.287181986341201
0.707220457032627,0.777869911642447,0.125335602162894,0.270562137368761
0.677210732402655,0.648668392793786,0.157895860004052,0.230339335482735
0.59658310171883,0.457919201196554,0.0992189987475861,0.27757645244992
0.609696324260654,0.580434804345963,0.149533347424556,0.212178628446698
0.620258853428864,0.570591623614391,0.12498354552683,0.324797009046286
0.624566232563646,0.665718782500439,0.141229863752291,0.195986867544367
0.706305056152425,0.543602617414233,0.112326356438314,0.272329402646708
0.650713250693792,0.588263394983594,0.1122211188173,0.318628564574013
0.706637358867526,0.608669826489133,0.173371155374374,0.273254625635801
0.570623551375583,0.526133218954223,0.113151170780801,0.320318952963829
0.76913828707899,0.690427238023476,0.160866650093097,0.221456821465319
0.714010687580095,0.470059876138423,0.101630944361249,0.346694564087882
0.664203271272305,0.686106367730746,0.126502039114315,0.298715290464292
0.734249323609553,0.612765413606025,0.151551365088293,0.226489639984679
0.69143240440594,0.629553892018236,0.154089343892647,0.249897179284741
0.734057069551614,0.597052050827364,0.106734335197929,0.233577182765183
0.547194136323912,0.612677849452422,0.146751371382107,0.304982866557318
0.785842833690851,0.722265740393992,0.143086136599205,0.273789476031455
0.844370504891982,0.628225499625806,0.206796179723972,0.344060644410521
0.759626206964912,0.660091818376389,0.119346743056296,0.291658891809115
0.73322805747807,0.703707061433692,0.152471921198022,0.221151482901218
0.670296473363217,0.573851201765481,0.0991980754004088,0.252309034359454
0.725116023943814,0.639333017173283,0.189116026347288,0.302351535408337
0.661517320607126,0.524703807711418,0.109811250405382,0.200939531809504
0.590789132849603,0.551848787894655,0.117775163557561,0.253986189916534
0.598543411408881,0.524958126977818,0.135500718087049,0.232757740626473
0.771493919937742,0.508998016531652,0.12634573851665,0.222173068471898
0.649160778721512,0.704080800014746,0.154089706257975,0.315484847347103
0.908815786102296,0.581747519870822,0.160269050754907,0.248540611832801
0.590680900662712,0.605125559360861,0.147502342517456,0.201100815822137
0.654576217788618,0.481269390674496,0.11211727129463,0.288298799922793
0.652305696161453,0.71722005966539,0.153439410512353,0.216639424092254
0.72163934369374,0.721439952656975,0.13941060954616,0.257898881929214
0.727841216997764,0.704595431507229,0.146811025614005,0.25402180441849
0.694072487949272,0.685911340477875,0.168673805221766,0.28346044615819
0.807105358929655,0.634765466363666,0.156109868684792,0.205251106769591
0.725794790538628,0.738653733757248,0.146098312421331,0.373366404057698
0.727490764398774,0.73172535255324,0.145098099105932,0.375047876058464
0.794930665188245,0.697894403323065,0.149834899674755,0.176443036731176
0.690474532995947,0.696280837954664,0.12823013423783,0.241349452482679
0.807955627522439,0.52335661644826,0.162545942599017,0.319007893900513
0.618855966115234,0.676551246231666,0.139667536949635,0.218806187356202
0.569679756218932,0.542722553475373,0.163640815954308,0.250731097955158
0.778724021504843,0.773120521491088,0.20288980775435,0.17549157233253
0.727055240988511,0.62651597630557,0.184639227502725,0.241261034459568
0.682545742403144,0.567028433966502,0.100311140237828,0.339390380340915
0.651572504762829,0.572109493109999,0.15842203542738,0.23443964667226
0.694965428042989,0.609226095541073,0.198738033750787,0.201925988480606
0.720682964615451,0.459146659454618,0.107204156072753,0.259909788015951
0.703520811337979,0.47703053945079,0.102494040812869,0.26420921842277
0.597756147494451,0.670024031369816,0.219315104025362,0.201094149407371
0.669867921657586,0.445124986173496,0.107260042659981,0.327116232218215
0.6557831461995,0.442700117342959,0.105570940741855,0.327910209846126
0.604630340414601,0.668024636062845,0.164713132340772,0.221296841038026
0.660560624902619,0.517549292848615,0.108119365620703,0.293033958452633
0.553086584668776,0.50370711130304,0.137623603473068,0.227749619469479
0.639525144914639,0.546499514159927,0.147418083669446,0.26601059821443
0.667510107627103,0.52723677330452,0.14167367482885,0.286221517747338
0.567072151896229,0.605178951213214,0.130319239577997,0.179039082372632
0.792768841571242,0.764412325974235,0.151585268297448,0.33067058496879
0.731164668920772,0.562943403411354,0.162327160372,0.23890888260105
0.655715265292299,0.66638053891819,0.160518590093629,0.234278409453194
0.671389480423825,0.562055678381475,0.158830865277389,0.208604646851293
0.742485034201205,0.632513481417816,0.122161099117623,0.292373014644439
0.749196976247103,0.607416756997046,0.11962797756868,0.310655416880358
0.640208378569012,0.706865581066563,0.153537276591974,0.267218536842009
0.727227105657695,0.554042073504781,0.144337652923804,0.243381270990436
0.644488599288988,0.499140165578786,0.143818546660633,0.223485956577012
0.634780702470136,0.5188669755473,0.132085320227294,0.220155583635637
0.692538033713736,0.69326320716248,0.134612151311156,0.257787202729986
0.634329149286459,0.533207275482325,0.132710880773204,0.271077239289041
0.678953672579504,0.678859620242303,0.171420035532915,0.254389425340407
0.873926733305209,0.696609887589652,0.138458857162672,0.339640665410989
0.658995234164792,0.556308102711267,0.175222861614332,0.317076622502691
0.611638693294252,0.467328335380564,0.110455586669836,0.186117595408538
0.725385490790438,0.646985662469666,0.104466792339451,0.20838441426349
0.620548064552357,0.474997290073507,0.136432376544437,0.222539890485674
0.770910011818934,0.701156617323235,0.139859965002884,0.309225300435497
0.849925982624817,0.627146656319861,0.208807701637405,0.273940477687012
0.72630606549319,0.626517929700266,0.0971790060397903,0.300644707601869
0.673722058088053,0.64114126649485,0.150306823310534,0.194059535224093
0.701428622487691,0.631371043501923,0.125516669708237,0.316898322422316
0.702452318820434,0.585266339443971,0.118002460021767,0.192992642833211
0.751965454703021,0.54806998926752,0.151933108135063,0.289234541540161
0.576313744504007,0.543030873801645,0.146919705153564,0.274000548664498
0.756952935445136,0.620512387776111,0.109148542936982,0.217849959968266
0.53771524326089,0.490461164716584,0.129844888311519,0.342720357165019
0.607619670152658,0.445539172880171,0.125475206611575,0.342693535358993
0.719953435693341,0.679953890316881,0.137459295805723,0.173408904508076
0.625047882902407,0.526735925487588,0.133398620714382,0.349403850997241
0.665762393832296,0.648354781881739,0.175980983244403,0.218738181467013
0.640828066307329,0.552322555160834,0.122603681916625,0.321440353838035
0.584407505114512,0.639114271698913,0.135020121087026,0.200386727566339
0.655269022125801,0.529765045409892,0.131046458723219,0.292557116633805
0.880752754335678,0.863233273557837,0.168524442654699,0.326992020307316
0.873182195080536,0.741631475197462,0.137112125498996,0.335992864201451
0.717371336786472,0.746081623749929,0.115767447005121,0.314384298310718
0.817545132415979,0.819217447891841,0.201703214125921,0.288545539275119
0.885390780650959,0.951411766501666,0.159318373544064,0.292280469315368
0.783709789031352,0.750944668347747,0.168878282620702,0.316158198795467
0.69636728677891,0.581736644245927,0.135965928990493,0.279025972458776
0.74793500500401,0.763948951785322,0.111559118692182,0.184238199360307
0.644317510793199,0.54826007320977,0.143537967712753,0.280598681627874
0.73909529503377,0.497263183128655,0.100193492194357,0.267994597135802
0.603855875423643,0.485475918512842,0.136876777283662,0.263671648625756
0.777192807796792,0.989317567877877,0.120786426713967,0.292805338183266
0.739382985881255,0.523971282182646,0.169150958297926,0.264320454870655
0.849323183485024,0.62166198816952,0.135015538626092,0.261212198842791
0.744959572314576,0.716502893437877,0.180853581253609,0.273027886134276
0.733340694366705,0.756358867173395,0.0953944056175549,0.360896753490057
0.793204956605659,0.619568402903876,0.204697456256432,0.211793338066371
0.693704252152656,0.676734845220302,0.123230076911305,0.321966654991266
0.784781428742486,0.698400858147355,0.22626368779682,0.257862089642691
0.778396406286754,0.666511897057682,0.181194429075069,0.28157824281934
0.641036785458125,0.727171488061102,0.142469502962563,0.298576611156884
0.763461584221559,0.577431621753221,0.153118304027216,0.234582295309141
0.653965897725349,0.737449731417017,0.162013962019818,0.352731802350956
0.76334622130483,0.608131760861735,0.135138791206677,0.236066389687368
0.855489120523596,0.602501658615847,0.147817359026757,0.302488730178232
0.618465043537651,0.688486146999428,0.172539174586683,0.251510424357486
0.645558623140033,0.48977995583021,0.151921076287739,0.23270030764255
0.628856626279541,0.550526151301898,0.153963495023199,0.210206196809722
0.593908284398331,0.523175203505948,0.131515262738243,0.237246203648701
0.604196219360619,0.53080688245904,0.133011148827322,0.253965283403323
0.719486949473751,0.58806439298321,0.129045373547671,0.251308417869472
0.58227137962112,0.677343745875159,0.188780685389187,0.290160869985334
0.623865409986107,0.68430411988126,0.152910719112684,0.279684751204133
0.722760179467585,0.476319555005614,0.0943341668123438,0.245015147686991
0.651054940134462,0.711011003399995,0.170421500918416,0.262416213919942
0.722085231241869,0.540644372816642,0.116964205355568,0.338604993582666
0.827167773202637,0.606319776677495,0.110919439869722,0.234484768021738
0.614100313719187,0.58522715456019,0.187277367644705,0.359359299952889
0.668683517700869,0.616973410007978,0.0964663558438291,0.177382632850967
0.714666993964054,0.603913078768696,0.132676943870689,0.20565198438129
0.611970491183696,0.625851472362464,0.180138585300655,0.311572244230702
0.7292607713854,0.687206351122738,0.124936455298416,0.218912137270923
0.779854181318943,0.530511350138517,0.145395212977528,0.262640186251729
0.612192076769516,0.541246341134989,0.0809433769821747,0.262828901071124
0.75772454808258,0.698937177366562,0.166728544538491,0.214464692231997
0.547140793826489,0.483869644603553,0.0984199513378492,0.259388699306939
0.664180127425507,0.692200284469366,0.103773550438502,0.194614587081732
0.660597465421978,0.470554112706005,0.148190871348901,0.188230494855332
0.79923267167295,0.653199052852409,0.143301777122345,0.29405900459789
0.774615218415257,0.55314529711925,0.114797760296665,0.259372527334784
0.729056158670913,0.61339125332169,0.0979969727071597,0.240129591171818
0.610934475177572,0.521230926058031,0.162410900363917,0.301534023537339
0.591932264900157,0.710730594942007,0.120794577835022,0.242348020973564
0.765306585098387,0.648784725471515,0.16017339005308,0.279855529445037
0.775277319237228,0.751750389575922,0.214275489185622,0.303929572771948
0.699322157011968,0.770402202484202,0.151166884604074,0.373969039218866
0.850326207350235,0.705322795182022,0.162054906416666,0.277433562258262
0.654836908252533,0.438192989493342,0.135695699420267,0.274337055648899
0.6199781614949,0.53451252621161,0.167839702601382,0.277630184480986
0.669401323761063,0.531520675319421,0.19486162064487,0.268434343021844
0.794458225639125,0.774972666980044,0.131196994740323,0.269884498048544
0.659241093604852,0.626884158665424,0.165048112219048,0.256622851969515
0.736832702666198,0.524756928963908,0.0889860941463285,0.225752686871343
0.731699386674753,0.671719971417812,0.170854437391927,0.33620763938804
0.70199855225127,0.679684722464973,0.163495551518322,0.249374428354862
0.714276429995284,0.635411060301693,0.127256248577601,0.254592044593298
0.568465219389888,0.570508987886781,0.109260512384358,0.200866267784887
0.684861893450243,0.492847561464835,0.138368509598125,0.292595861063776
0.673307697368705,0.510602123835108,0.151964864512493,0.28046874455267
0.674906077964123,0.542170605998553,0.126455867531005,0.209773775302059
0.639048625232852,0.536774438202235,0.132827673114564,0.201457285130391
0.662675654171137,0.527295560236502,0.124213502177375,0.251845959196574
0.734674161749937,0.702011698133924,0.150567338203612,0.285745439798028
0.695921624017277,0.597802866015525,0.149998570433314,0.239476202091423
0.661474556442596,0.578569372712662,0.127208701708137,0.225805913313542
0.680247249943439,0.594259701204529,0.146386945377942,0.284740107715866
0.632229900633204,0.604966210686714,0.161962517654271,0.261053315443199
0.630003260100234,0.605173820789264,0.15105276916417,0.265078892675885
0.752736106729551,0.684577322967807,0.116272476861466,0.235914364840666
0.554297589832262,0.562193257222607,0.197247112746441,0.222608695642455
0.683445136711958,0.621321993996092,0.100954564284627,0.235714487601349
0.600162149759883,0.592166236923936,0.163302251455637,0.259965884942261
0.731763515775401,0.616436065646015,0.0914425617709332,0.257247147026841
0.625594703185121,0.635566748451892,0.112894207789468,0.201859556290523
0.524485264435192,0.488301516851349,0.154133641717545,0.277201601407431
0.577638405002614,0.554157997003515,0.0941311557121458,0.181805233286209
0.673055429779541,0.597266339860505,0.15281651334245,0.338812394912632
0.774329693417984,0.574478109416434,0.15545737564904,0.276605375578153
0.84769451861613,0.712854713627575,0.16480772609341,0.364324446305596
0.836715660537304,0.676372317387098,0.167118904649513,0.366373998925009
0.841588994417094,0.719706039118323,0.163928343969754,0.353846750465919
0.546713416756291,0.566598135052167,0.120888062796938,0.237235861793606
0.536501618938378,0.557285056640419,0.112359328182801,0.238439544202867
0.794110895369022,0.603703707417354,0.149325568582985,0.205296476259863
0.585666980791699,0.657707414613785,0.125344299739109,0.321627787228074
0.649844608103975,0.518986612124858,0.132644495802632,0.161321077551317
0.656993171934712,0.514890610824363,0.125011029982825,0.16819904968768
0.677190626203675,0.548047771513076,0.110877469669894,0.252635562963863
0.621476495295412,0.496315186786912,0.107797400102863,0.229490284738649
0.725005088238141,0.653053785331172,0.159828330675941,0.234452922961697
0.627718924330441,0.605496233447054,0.121012641549388,0.248225774063242
0.748601216114561,0.599223625652592,0.154265760559079,0.262744889731627
0.768149304749145,0.675985019748029,0.166968021666712,0.322537609093457
0.611446849210737,0.508514239622898,0.122142732323296,0.267109361424333
0.569641484218782,0.525859002999851,0.12240944622132,0.236818408917707
0.524856275025863,0.509378620636955,0.143921025836965,0.290302417098835
0.619193193156218,0.486289876924069,0.123296714271725,0.236171252788374
0.720255617348768,0.614169352052341,0.13999116365126,0.345196980256956
0.852861922263773,0.663637911889006,0.152761672241584,0.288368407365066
0.555116536931616,0.600864244330865,0.144356835374258,0.193388362924668
0.888770157509081,0.616765876616863,0.124103308656737,0.251802405007047
0.726226158115155,0.707126089224794,0.148400490440064,0.274667806447539
0.745164751949625,0.670761559556825,0.150371964253141,0.251206604432312
0.731116407029002,0.677431650142366,0.149241999908435,0.25431204877162
0.706824447859616,0.594676273359067,0.164134642310913,0.23641720577598
0.661431445690889,0.587461524960635,0.117636795434362,0.268942741110883
0.671120333601784,0.569019249001145,0.148147686009819,0.243106581589734
0.610343812909547,0.506082925145268,0.132450681304839,0.228636748856348
0.695875800903487,0.655316159877441,0.130646992295699,0.243719900983096
0.70284319257337,0.641929077292222,0.150753762057795,0.261067036504544
0.522648682295146,0.588225915684494,0.121290883440549,0.183155711210615
0.807004248583439,0.569395673631729,0.133735381453152,0.343954822737128
0.732439575187587,0.576151741691067,0.125135738497517,0.284130725111767
0.601025955946074,0.781705080184617,0.17234484552598,0.218639142073873
0.817499610277325,0.563566794353827,0.116660459123806,0.28489837820225
0.675790990588313,0.629056093636418,0.155950889124598,0.23911500167418
0.692450918848336,0.697464633813178,0.164616054169754,0.237174256452997
0.850217640107079,0.646961184901968,0.134121543995887,0.341058842140083
0.697640321285015,0.725176740542444,0.172987847145676,0.217561307408509
0.714266233269647,0.55820248359471,0.155501457681596,0.187274731190356
0.62092814518589,0.631354682016556,0.137090353554657,0.230140142890501
0.658389378380183,0.574338046608274,0.182245412016968,0.262339402943006
0.640974727569676,0.729080941287868,0.164210259515782,0.209220973426779
0.827342169691561,0.547202321165483,0.128504563110333,0.323915460481997
0.704362532223296,0.666820945887421,0.133538724891484,0.227247512545792
0.630021967608326,0.633432400369942,0.149659342119098,0.272347251371366
0.785393420451859,0.548814465107919,0.148597490751654,0.269276927248445
0.689187534561954,0.748139963510754,0.108372597952416,0.308247707248842
0.768260243261399,0.649098899920139,0.149318895938491,0.259122674534817
0.79234417549979,0.61132161645802,0.169541260011791,0.282102184408116
0.793137890280666,0.593633201045972,0.154591917636829,0.290630834509131
0.652631183883736,0.725669744040671,0.141472363224566,0.235975664876144
0.770615642652621,0.560211552885173,0.112178992621192,0.241339662134644
0.660483859181476,0.661600031424856,0.13386935316412,0.228948764185262
0.7308525605305,0.5930862131244,0.11310424560899,0.272449893661297
0.590772992597264,0.514219189768128,0.147145027655574,0.273456977813943
0.641455783346568,0.642804494715691,0.144258385590805,0.331454067322835
0.675658511763474,0.508584306783209,0.160644105023027,0.278140698710208
0.689048994924824,0.667795996977655,0.109009298872596,0.183341764401615
0.684787854171014,0.474508965583178,0.163578771636514,0.312708878836629
0.803346524982512,0.83068242888352,0.158310922382286,0.251986085627018
0.636243865079283,0.511027416860095,0.0932288861359452,0.253521206875962
0.650160910224806,0.616543070862143,0.21563555301877,0.268942597209612
0.675718748595372,0.633513813140058,0.122796054665261,0.249439830682902
0.7460561613395,0.603852503958357,0.151647751467018,0.295697217822317
0.827860146837689,0.656401739644785,0.0956459748651986,0.266362405349402
0.758292221955337,0.578521837395485,0.176781160545312,0.242871875344978
0.571463699337258,0.584165792943192,0.110503701689169,0.287769698207937
0.944240710741233,0.598674280238202,0.130945042297375,0.184227529305311
0.649777353781637,0.662443866568655,0.130794620562347,0.322877907232461
0.664460547779336,0.689612543000781,0.150239280839246,0.272187096862352
0.967151411718836,0.656891412107963,0.158469362434244,0.308671449750133
0.88194997843472,0.667296646683981,0.16732284877201,0.291882431720182
0.906202237871482,0.72883092720102,0.144091090406655,0.283329259762973
0.639790527848259,0.622241758454132,0.134564692728878,0.218004171710793
0.733472352492348,0.638219850807691,0.167027891438243,0.286614387886275
0.579418776738611,0.567834052573628,0.152620460943619,0.23035252563428
0.715881718620804,0.566993621892574,0.132451580449352,0.294199271600122
0.680230367720253,0.713751450338338,0.13421264999391,0.245133527504718
0.714485522785883,0.626005617680015,0.14607048161951,0.266572302830639
0.686218939967388,0.551835276576126,0.126630482725941,0.193852954015342
0.694510531736441,0.503971130235581,0.112827221323295,0.187526178078506
0.700745573086972,0.536919477734363,0.130382244760853,0.31188130312064
0.575222948064628,0.477584004128598,0.149013742847361,0.226606069525154
0.593113700551686,0.478690984458759,0.108981608505232,0.193227320121676
0.682768453440312,0.625444831765225,0.13302879198024,0.228377679445776
0.688093114910468,0.556402825346703,0.149687548773565,0.235625676063009
0.622812925462438,0.592011514795018,0.108415961420298,0.272684282232102
0.618064818022227,0.603815549223957,0.115589665719889,0.272885031521915
0.696669156555271,0.658441773713622,0.106591298914831,0.293531710380821
0.774348744036753,0.580904163878353,0.129303878720802,0.239632398911778
0.640826591169337,0.604863000936437,0.147881253130134,0.250346533355575
0.73758398562723,0.572429556984332,0.14364505196955,0.253707871011859
0.617077959222425,0.693093404378355,0.171695578038231,0.337798515170534
0.712885669503181,0.593756493919173,0.120996136504281,0.190303228043994
0.683727884274141,0.59388937415679,0.189729235135232,0.266852200147491
0.671852477918114,0.640621626414688,0.176040703887983,0.255458544738894
0.673987409289704,0.703703328610445,0.188750702340305,0.227456478678313
0.724646995948621,0.709657560853895,0.159867255009384,0.28266983940898
0.737112566356318,0.694768163470351,0.165784283410343,0.271279174219356
0.835243775351227,0.682398629440234,0.172444655329972,0.285102935231276
0.556402699708341,0.48214946654331,0.13371072422213,0.242161161801057
0.683364417945587,0.563814444229534,0.138138182441255,0.22641839585792
0.519462228205182,0.51608835955056,0.126232904530271,0.227611596068185
0.787568143889478,0.719787395422691,0.15478038054576,0.362748821129602
0.897962149458109,0.636880150022659,0.158550963028427,0.245195437513314
0.627223102782102,0.600851757514802,0.151546815391412,0.244032944568248
0.668510259717506,0.681440264640131,0.172432812768904,0.233947872671238
0.680868766071883,0.640545958808276,0.156421811756687,0.23092028615285
0.845987381768971,0.614959273211538,0.144707584537339,0.26762549115897
0.688710708354572,0.845892476615809,0.145151367267439,0.301277952103867
0.696882938567936,0.805091048207004,0.15619462300472,0.312801509039206
0.671268771231605,0.829334793843359,0.164459409215493,0.323879930720922
0.790719019218224,0.655293624195149,0.118977097814315,0.225503939465822
0.631185428331947,0.567705061938027,0.119757944068814,0.258813382098625
0.639046584183166,0.610222888650645,0.164066301218009,0.240561297434999
0.688361316495239,0.713899319344694,0.0958203148463179,0.287906743981848
0.692688560724603,0.501244144487948,0.171913117597888,0.242546760085878
0.637385700195453,0.626334030505779,0.125314911407007,0.237523308477919
0.83471832521459,0.586313137033692,0.165233088834966,0.249386459603905
0.902901757850919,0.581901357643076,0.157939677170813,0.239643084694324
0.6194263534037,0.638989626799431,0.132969372594663,0.293834362537807
0.973998486069105,0.575679093652777,0.169710126223185,0.232357276202026
0.595685771970622,0.855392180249313,0.110370736415424,0.260066790119283
0.951469010431468,0.547322792768935,0.188964209078604,0.277898549062206
0.664280822887066,0.855165089669536,0.119243872896953,0.266491401580342
0.88359765916489,0.482160430211142,0.140055991158495,0.231865438320568
0.56023061271694,0.725066207960322,0.152208997217726,0.314349822799547
0.976116551088173,0.73058406481952,0.150681329846204,0.259323586556775
0.794396867381835,0.731820096130019,0.152535260211985,0.405290014428388
0.832812119144037,0.751898971255448,0.122347482534952,0.230428125712475
0.654954432543033,0.617843440335107,0.165260699114532,0.232356268407428
0.654357665187571,0.606762658221208,0.106623989775632,0.269856896351086
0.630893559207235,0.632689599881991,0.167067334260795,0.264599318124279
0.601465773054178,0.603280955017834,0.147661568483883,0.223218430843963
0.590086089754272,0.677619522082214,0.129041120532336,0.245650171879939
0.663903229230516,0.55667829132715,0.144184172409333,0.275412362790222
0.663053594112095,0.542717564710298,0.147788584625743,0.280946872619878
0.557372591828691,0.617822232703939,0.110861383483475,0.216386819079454
1.08646210120242,0.634810769888417,0.190221734107609,0.337339545882579
0.778650695361808,0.608943817745408,0.209982995489215,0.351119832829559
0.743050350106564,0.774460616042999,0.156587399472223,0.271901042091094
0.908098035972108,0.66945615852661,0.158436545612487,0.309221515025923
0.801924686970532,0.821436549327464,0.145598615708085,0.250581437509525
0.824433966034034,0.817171900849143,0.214380170167031,0.354882621261077
0.578806369773671,0.663307539432816,0.125130369508871,0.230705355272808
0.720729282869904,0.516215583353622,0.115639812726951,0.259336178450669
0.641394615768694,0.492056066074118,0.11131181742075,0.250962403911712
0.683229144832456,0.669110475728926,0.171294339685493,0.211256226762838
0.558172769908594,0.769723818901737,0.183642347459359,0.203890491392564
0.704234459295674,0.507745385412126,0.1014300662961,0.26353949228231
0.529478496358572,0.541924231598497,0.125109138612328,0.20022829866611
0.697295313621613,0.622600168776756,0.125098812667695,0.280232589153713
0.752366645663099,0.752554494450641,0.218287163219894,0.318176347295424
0.664593722545955,0.546138395591137,0.111964545271407,0.250871424131733
0.756779844433801,0.621691012146669,0.160981654113559,0.204793149091116
0.805500104930589,0.723158492420256,0.139383928392204,0.20710409597448
0.704044118327436,0.867129629316739,0.274570743448331,0.357566621972387
0.829475406547454,0.633877036284192,0.140743614387641,0.285554404958809
0.666141122963282,0.576173582322176,0.149169038000441,0.177687519569249
0.562360174655034,0.582313670517176,0.0945393025466422,0.21696328902365
0.538789138900767,0.566835349573228,0.103980064758035,0.237816040049232
0.673584656087342,0.500673637421178,0.168696779526964,0.25885302476752
0.598944159742806,0.538392381765637,0.145499478136615,0.227046006909918
0.623884477128077,0.772224467861361,0.158651303410266,0.27344381529322
0.713080273924647,0.516354279728794,0.125331993473786,0.218886516095968
0.686641225523634,0.608863737998311,0.116907290740665,0.25836904730422
0.71502544307578,0.519703677077433,0.15206548759905,0.272258252212467
0.67581483287041,0.558812674673797,0.140831010253061,0.288902446177802
0.733194531925936,0.644134357218681,0.109159914060232,0.24676258685831
0.628207856262549,0.482341584447525,0.123832992567956,0.247413977371637
0.665706983279891,0.617357184080478,0.117835318367313,0.201250131441224
0.552796060247024,0.658984458933693,0.139957940127084,0.236822849874263
0.67783857774634,0.511555593168639,0.121173533105768,0.311274581628099
0.573482088527954,0.559658510814956,0.125825390610806,0.295124307393786
0.584599181154991,0.595537901374915,0.103426409874031,0.25105672327387
0.726227414684299,0.542075148675337,0.178644800692157,0.243436437783547
0.74150481734364,0.68374763205572,0.112132166530177,0.216758943373946
0.703578147588016,0.570605354488337,0.169465848044141,0.279036427947117
0.721119224419405,0.578442532589578,0.123596192037258,0.271688431270933
0.747528057360351,0.565947497487724,0.133140327644865,0.24475554745072
0.708915879781758,0.743550749374636,0.167138107200363,0.278632885011076
0.673975523934645,0.565378681605862,0.142360885932906,0.217079871716269
0.67374780374805,0.701792032842924,0.0951463888745767,0.246808516188485
0.767412695958302,0.549534387642389,0.199420609212586,0.261182381290393
0.662137310020393,0.818561974205594,0.139150147327739,0.249939439445903
0.624109007604231,0.67603410926474,0.131120827337033,0.225749169230496
0.709019309811614,0.645523667457998,0.144417395540182,0.219117219698266
0.748018538742348,0.704950405331631,0.152685963844463,0.29579603139717
0.777205775728295,0.662601427445745,0.214039631802089,0.270853899379963
0.792047669723181,0.742259366052025,0.106421465475824,0.330937807438163
0.595271944761287,0.592546489290451,0.165948944172207,0.232334203804847
0.586280519761763,0.525713019786962,0.105130433517193,0.253794438710121
0.721477808030057,0.621077186010188,0.094210722026411,0.223159663967276
0.459708577545159,0.549922476026759,0.172960118041814,0.235718729036295
0.584144836672222,0.387868680679696,0.0894941544094728,0.209789825872866
0.723512405149183,0.66567985901448,0.186723677216033,0.280495254394508
0.836947747999852,0.631782024301918,0.168457851546588,0.288511907292478
0.513405489688021,0.652953024480344,0.0994067414485904,0.202884976117325
0.723484964413418,0.541133725709333,0.12628065607428,0.252374740860843
0.651540562492453,0.50981136906075,0.134143303427666,0.290892622803843
0.725357110977924,0.576979803455334,0.157304252420065,0.227017724827608
0.668953454397782,0.619973005638385,0.128908268703328,0.26500636300609
0.679588816915594,0.387555196821343,0.111035191638558,0.284594800651805
0.78487822538888,0.483482491670779,0.122981209070169,0.272463317799381
0.49644295528886,0.731956752074287,0.138906550033764,0.204488468456229
0.736909081263004,0.406360710443449,0.107389500778326,0.298522963054596
0.557671686800381,0.523615213416919,0.145793201616303,0.165772737160395
0.544080533279993,0.602752917998375,0.124373367551284,0.201352988479303
0.673719681491592,0.528920263191372,0.141852437354416,0.224993018472972
0.619882406613427,0.564264019528213,0.144957045954889,0.237631512721614
0.807659189205156,0.597136383395425,0.163531539991298,0.276029908657289
0.838052764082292,0.711536214731239,0.145704112320434,0.298937261960414
0.805336005325291,0.787935598862072,0.1299402762381,0.247889037227284
0.797266300956734,0.645307087613759,0.1416618044479,0.314413833257623
0.692986768112568,0.657393748527585,0.172164582968192,0.30962387840324
0.714801825723701,0.672128072931561,0.139226874124337,0.234086694053636
0.683599370059384,0.500897009659889,0.097681197237958,0.291274703268449
0.600685048619634,0.620270318643839,0.170355876135361,0.270923127445924
0.681147198578552,0.567403443023167,0.0977287926409552,0.194693804656878
0.657041951161229,0.576464707075574,0.100338592792437,0.215877542157563
0.615347659836236,0.581587509025347,0.170428576432414,0.268219743054564
0.702031857380441,0.516197086938498,0.0979204264768248,0.232522005872385
0.62736434564226,0.614776781086821,0.15416972762383,0.236677289997014
0.629672144069289,0.725595614530155,0.0823644819365853,0.274393598778621
0.749294440306622,0.590625236407198,0.193467596348938,0.243864067852067
0.576781236973878,0.543312968757287,0.0919042324351543,0.299573152255902
0.610941779826225,0.61208485951384,0.187066525811331,0.225467488107322
0.637798394171262,0.592367357148139,0.0890291720553926,0.363810975139283
0.631699862659453,0.524742395195906,0.12612766345919,0.206149686452148
0.784490782722292,0.679858704078977,0.138253010529548,0.21492891071511
0.746034972441852,0.577003965729843,0.138522844484089,0.290284005198716
0.676272633639397,0.70455632037964,0.144654154510907,0.205192811537182
0.58524237630701,0.636644772798226,0.103278573328295,0.332353197361398
0.709613135172034,0.541068501946791,0.127280921729004,0.281158076762606
0.587987538770437,0.6484891269968,0.136994000484507,0.181564629538635
0.596913818514819,0.470198740413524,0.132250730429087,0.213195792731045
0.725925620238151,0.640556459023166,0.138283636474866,0.348235287188799
0.810516270277971,0.684742864724339,0.173869685761983,0.306194961891704
0.575418448200213,0.758452772804947,0.1645185223523,0.285494277610783
0.751414804666153,0.597568862737889,0.152849523058612,0.262619202512722
0.874862301195014,0.752186260434684,0.185819539689025,0.23501804117251
0.66559197724317,0.620217561190059,0.104672172892073,0.35381477661916
0.645442090121919,0.567981101855346,0.146708224001569,0.308776114060311
0.712838934425993,0.823353959480733,0.158913542622019,0.24082813687387
0.793495047129104,0.481206176988636,0.141630579684027,0.284253370003468
0.585777530834987,0.576040942753327,0.106576960316097,0.221742860195647
0.550819627716644,0.633794917019501,0.150405525549488,0.321454172361442
0.697607189245931,0.663265249203549,0.152500363635931,0.194706162720919
0.701718996691215,0.57925508471069,0.142800307695451,0.30650532944453
0.69332118719647,0.558872295537763,0.155631065614119,0.274633693895936
0.743720434724944,0.577168404619266,0.140888984332519,0.311781961982336
0.718211256958713,0.67586038986118,0.137146632838605,0.227954138125514
0.680392359796188,0.612190342369317,0.19795599620698,0.273595748928648
0.896555550188385,0.698877709818078,0.123313931049933,0.225762511454939
0.551844430765878,0.602533838007725,0.204434567784786,0.304281847689435
0.779160527889653,0.60502396911829,0.0758172827153524,0.204156321041382
0.621867603411833,0.677565582999091,0.21898989795053,0.323476934755593
0.771760482980186,0.565355292272174,0.100584920073802,0.176581468661964
0.703746823638557,0.587863722129621,0.0874756999502123,0.253229439406264
0.603859472608361,0.525143053522696,0.100383861768167,0.161213515847228
0.606943110794837,0.58723922721477,0.0808702633570328,0.207755249623068
0.767872176229653,0.795559505813335,0.214416570549496,0.377341428664129
0.765002290341372,0.711349028531801,0.158391680909053,0.241090053806642
0.68927912643676,0.58319758218168,0.124974790265956,0.290536169746867
0.686659046018431,0.628296299997651,0.151246591003352,0.254389911275016
0.596414873485361,0.494948787043631,0.119324081730246,0.239348549146199
0.567596551920149,0.655496843478057,0.103824964396891,0.239607749531383
0.783973417630221,0.67582401420754,0.127439781193523,0.269342573788709
0.632755149599713,0.603222500940575,0.20283648111533,0.239790180155769
0.795062962679442,0.700853727962214,0.109533651245218,0.266993532754733
0.670191237853029,0.668071043556943,0.146589859255605,0.268292591078526
0.716686808283165,0.568083857463519,0.166786957136426,0.307071805508415
0.657775871036482,0.709101235509659,0.185286569224558,0.262447792118743
0.797200559779523,0.625994626000924,0.173408951875794,0.212191280793094
0.562129370446679,0.668120341347249,0.137093899542387,0.298288383678476
0.680714699644685,0.708328412390928,0.155705238006748,0.213193892669633
0.712769386302634,0.599582887708492,0.119550935877287,0.296612757648
0.727131059576758,0.702766061182166,0.162825569887398,0.258610140806135
0.641631295859447,0.547274797608505,0.132318813381861,0.256732946335401
0.724961602453449,0.554502448308913,0.132681162634633,0.198562994577425
0.672177278678795,0.508758606138764,0.155721069371846,0.265549007850856
0.661111218012348,0.634140821221187,0.13325208335883,0.227675493438701
0.758359827390696,0.483250436594377,0.149476741545104,0.250779917163179
0.726308428359674,0.529120372554251,0.12478374168703,0.222031304848763
0.710369289475841,0.516257222396952,0.10533723227057,0.205368748494861
0.639223259918515,0.57338265466133,0.179070881511161,0.290118057644231
0.564865901829595,0.543497712955389,0.130945421252099,0.215664080828226
0.727470112203456,0.521160311936988,0.0789573922050953,0.309441101875654
0.513235719683195,0.599070617624496,0.160112490207954,0.241223827261038
0.717380204001434,0.531939584097583,0.0962357234129652,0.245589890727342
0.65989523097069,0.611223438341068,0.113486929590347,0.287382317832631
0.598046415981775,0.638374378985471,0.142929546579192,0.215015141016209
0.746459063401927,0.593112334190248,0.0948850727589548,0.234170988774233
0.80067146125637,0.677977514468145,0.117364078766285,0.254165051835432
0.775785730413262,0.734125325443267,0.148587485663233,0.33152749807954
0.667676128958871,0.646391386373339,0.146190018754416,0.308776846022079
0.650079582015079,0.564663807414459,0.132422997365423,0.223361844765891
0.622825471051602,0.541300051481926,0.129947767477066,0.250730997768246
0.734943841569219,0.782276049965725,0.10961289199027,0.253631659738369
0.710155889574521,0.627863011274977,0.180019389659369,0.287717348110084
0.760924492097653,0.646737385548775,0.144799519466159,0.235222866646725
0.607969874227365,0.50963643248018,0.131386524815019,0.242580672219213
0.586354438567287,0.589908372989399,0.153442412290982,0.280276189060188
0.732166778508463,0.542303678401807,0.131957453715987,0.259696676227892
0.655447465055624,0.699335958041658,0.178954863541485,0.219185993700046
0.67658405886113,0.696597705479937,0.108219704038798,0.26399048464145
0.922012788098793,0.695970677241571,0.18428217397853,0.23599257911631
0.756273776598925,0.823534936742602,0.158724578524546,0.337682031421571
0.745688395770522,0.632296848804813,0.180042027716252,0.202145177872645
0.734757505539625,0.704553476250493,0.149882363143282,0.286195592092788
0.70480148324899,0.604546078990978,0.160271465723786,0.205036244673169
0.657280125692258,0.594091177415849,0.132381831307583,0.311312254522899
0.671905232229419,0.559483793970254,0.115583937864448,0.288144998001367
0.655573701264688,0.634477945479811,0.135638956795085,0.258332803286059
0.75320417893346,0.709469965181462,0.105917334949207,0.254232391868302
0.644866738080287,0.66860822125909,0.134131195127903,0.35233003209155
0.688403045733056,0.632112914612276,0.23551468429383,0.158924749446466
0.663750907094429,0.756566949471474,0.151663530351733,0.179821664235951
0.722861872975826,0.531958700938228,0.155924953557237,0.220178500667473
0.719030458757592,0.507358140312271,0.161572458881283,0.217617166653911
0.815354071479256,0.729801810942707,0.127082405300382,0.357611991700358
0.484337672290847,0.475243797994744,0.132577842181502,0.21039084253694
0.485604752151246,0.48371066512311,0.143581747826673,0.198962004310149
0.789229560617243,0.603020217725763,0.128804901980969,0.309085293321224
0.575583952414051,0.579332243145853,0.120397674610359,0.269292447138925
0.645620309642814,0.624583960708362,0.16211845726474,0.198238405016921
0.634269098021051,0.610650643889283,0.16590729206669,0.199593036063014
0.597751449871872,0.546149127904772,0.0972297251445497,0.211037592017923
0.548630219726926,0.568992219060663,0.100855913344286,0.203422976736322
0.481510188177468,0.607041178173243,0.0998304475703978,0.169775393828354
0.581057488139536,0.571093186665915,0.0986278172063114,0.193617610271393
0.582525530530994,0.597192260888912,0.155594120510172,0.193927760044262
0.837690786889814,0.640925726747402,0.0994398528399468,0.233343574220725
0.628335674640214,0.700754737520676,0.205476753850554,0.232137934058505
0.851089051827451,0.569557719560496,0.0918942479623245,0.22179431884456
0.725380637975737,0.673500426566091,0.192561067906119,0.298734466817152
0.642474094744626,0.58958116188138,0.141433395713153,0.270215419901622
0.590731289872819,0.531741161700543,0.144108138411877,0.231514892134678
0.514587913193175,0.506564832549114,0.101401916285034,0.231734172102479
0.75106412472002,0.696971893019294,0.196071804300914,0.288385301142052
0.574991143226683,0.601822148631441,0.116027640661014,0.319824353052054
0.754001985512439,0.645055848360346,0.205700023463573,0.279308331708181
0.709537784706437,0.555649792259158,0.0922436184450365,0.26460777497515
0.65863934360405,0.589141833026786,0.155830944691513,0.213519957359307
0.700814899149102,0.595225502992567,0.112211462426306,0.318070567355102
0.786340006141729,0.655481347440822,0.120471725323985,0.250297544503817
0.545992740965396,0.531608536188417,0.110533147684557,0.251737638689768
0.76964597616935,0.508799288097184,0.149842414711792,0.202989965986735
0.696142013404162,0.562975083467552,0.110018088303246,0.21006393615851
0.689438485398098,0.455127206878755,0.151997929389777,0.276132342189563
0.629181127507218,0.652832673911213,0.110736398477564,0.213009162566325
0.657993805238135,0.54767512455602,0.138411911379463,0.318548572749745
0.653339527962481,0.607122276528931,0.122882191566947,0.251937784250947
0.795271713775285,0.632866352262295,0.132178045552924,0.252280964419893
0.697346944773154,0.560313113040069,0.13732760310116,0.252254725228269
0.718592170284433,0.709086832976805,0.123252885545919,0.23096949212217
0.68745867409874,0.614229508754831,0.145105216475289,0.250334122338524
0.675248466385486,0.567348451462382,0.135680645802336,0.221048505159683
0.650026575915803,0.62327173426728,0.17635156184895,0.204870145886926
0.702195653743442,0.684778481147593,0.123341501937741,0.388127390414986
0.639520725289784,0.646409279052711,0.178998378964744,0.249364723195981
0.637328186304149,0.584564917053156,0.14384759820537,0.289712359365945
0.735138642701667,0.617552689196266,0.128921642791228,0.264044729998281
0.727976188984257,0.620306289772107,0.134512371466545,0.263123530871062
0.670167155529212,0.697112210312512,0.200248542446224,0.306617620384082
0.643224298879199,0.639557401689005,0.127788295095614,0.285216699865628
0.577059737440509,0.600917755841043,0.159638084145653,0.303650404946666
0.671344259191915,0.569060036108057,0.177583665330979,0.277934617521014
0.74525585721482,0.629839078853804,0.184723191242365,0.268370920700998
0.727270008970081,0.680796986763767,0.161543354785074,0.232432416205309
0.766146886700444,0.708981087439505,0.156840800807774,0.234436312677669
0.768025387444802,0.727138213702538,0.132416020540616,0.218319957863013
0.62916787345806,0.569805442501363,0.146920606972512,0.303828872006894
0.749316926502355,0.744558803421249,0.120805889839573,0.211874948534491
0.894526010966088,0.672811718139833,0.164901363012959,0.259029335425182
0.905033511689652,0.708744537974208,0.15211346165079,0.26580344198127
0.657842314982669,0.613748339666335,0.158070461452833,0.255972116076277
0.769006148173169,0.681209671206541,0.14845253834297,0.255997417438577
0.72914417519384,0.564716206651608,0.151888777796853,0.281111243081022
0.736036745426953,0.586144435879558,0.166077035877624,0.265789393245944
0.61171884699486,0.553499370395087,0.131151896724233,0.258774059753586
0.755979040723833,0.585966554162665,0.138116474257132,0.28437525065733
0.581475540197784,0.667604700360754,0.174090616130418,0.241177575950436
0.841732323837658,0.771169647522392,0.0895184619603293,0.312563101559989
0.807919983067561,0.604078215800046,0.229750629856367,0.210604451637153
0.72165587337913,0.610746914268204,0.0932512584707997,0.287722266105316
0.716983464767491,0.625476552738418,0.153025163280814,0.281957068396551
0.700462277336285,0.718207473308525,0.154127636887394,0.289224561803655
0.688616815152071,0.624492706896218,0.123620457322545,0.280551649089777
0.72773304974709,0.7115320738246,0.175393823468285,0.231801308481958
0.650933698310197,0.507994709334128,0.125532859439163,0.236138407709918
0.629896563934559,0.655541296438427,0.161953446719187,0.268526623914255
0.700971836159537,0.602624682537481,0.137572113336061,0.270550972299283
0.56565759271193,0.57159887168132,0.110524144982361,0.187915281330882
0.721343268861786,0.579383507506449,0.153031122058068,0.273312333266399
0.681594751861013,0.571294614748848,0.160706516757566,0.235548365630058
0.727673724597771,0.744163544245091,0.141095359150429,0.281236792697953
0.815894331458913,0.638501247318945,0.171190773490549,0.246677946194547
0.795174258427565,0.643223328501405,0.173551321190963,0.225506408383685
0.575234278333515,0.54108244418324,0.11802506771642,0.28596772507078
0.627220445020975,0.480735163669961,0.112178580984161,0.230143142850494
0.65223082676465,0.615917865709794,0.127866562964723,0.265168851330597
0.658465308474884,0.5095505295956,0.11118671772545,0.253486919984581
0.748646596297065,0.603593477324147,0.137897503238692,0.345064384773594
0.604048117031283,0.685782283351099,0.128174302286708,0.19192512189306
0.650890253730368,0.541875348170843,0.16211568662366,0.300360269536908
0.769458044960704,0.707957122348108,0.087646095674582,0.255452725619497
0.694753219363257,0.652899179494924,0.155777531188813,0.289237632867439
0.844545520967011,0.776485619339046,0.157031463011007,0.301032008470143
0.699386142067132,0.535949101902137,0.132225904357443,0.26942221301769
0.746988586032651,0.638557793736192,0.173695795145152,0.308046938209814
0.687322412344215,0.586046308904259,0.13325613292588,0.273788995089298
0.66144403947078,0.681144683777559,0.133378567822554,0.258352823923119
0.691958277916162,0.614373728287444,0.132847201699694,0.258577627317506
0.672553370640065,0.608366420428055,0.121931327309356,0.28027284400039
0.557403052498077,0.616310411013034,0.138232818490748,0.211937723911311
0.571338848734626,0.510226574615463,0.133254894660227,0.223776594404998
0.595331517629194,0.516709949214941,0.107376816174345,0.171789046695343
0.570243849583164,0.460968255654533,0.138906669581843,0.291485830162852
0.86285999563833,0.633083764358205,0.0926650689593245,0.250924604228442
0.613339183631468,0.655509880104276,0.165707255349498,0.330229913656431
0.856157922324921,0.687916718795488,0.156421871698639,0.197524921613645
0.571128041706911,0.677624610952612,0.180972415250242,0.266327434457197
0.849944805571085,0.66253859128936,0.111895067037231,0.275464705488595
0.681643016016348,0.711759014302864,0.195252813875155,0.272446488528689
0.721882848711428,0.424493651768858,0.0742324518943011,0.245662407319022
0.566283771207212,0.677271497968114,0.234004530349311,0.28138105179378
0.764429664247088,0.574058666345625,0.0972870320691203,0.264630395002453
0.529843038985869,0.65462868610074,0.190009950343421,0.228136202276427
0.73575060290271,0.543437309896978,0.120011146440809,0.268655769149623
0.59890680623159,0.523226619314192,0.139907238681696,0.247693370070453
0.754789950871381,0.572815090524144,0.113601484206283,0.330613878647255
0.742578512619051,0.52268453324689,0.2206871579963,0.238616609110646
0.726382876792687,0.699712841604064,0.123171254911116,0.231023861626844
0.580682956598782,0.519419990952633,0.15813538527908,0.300064238939673
0.847792353011721,0.667946428014015,0.130457039533499,0.258920493697394
0.673151035895242,0.718107449693851,0.197353956615056,0.239469422959576
0.698063972337694,0.637915323337933,0.111956230396832,0.318175434297657
0.710155892867648,0.640676407045128,0.179668444805544,0.259339472947163
0.732942945005058,0.592403827478486,0.126513237045659,0.309210983663723
0.609448692613151,0.571050529250645,0.163996053833525,0.284263893999238
0.851186131572004,0.661814605302887,0.129801231578028,0.227878419566677
0.948897227297511,0.626840625232605,0.149704261382722,0.2531251124906
0.868358365301574,0.596633194224545,0.129843291779944,0.27308322536946
0.857722392720678,0.584104832376846,0.148922971954105,0.292575913646556
0.587828368675502,0.733977934133738,0.11484936950519,0.227996784416441
0.635101326577934,0.545839646591804,0.11645047208584,0.245226010244351
0.566262922336751,0.504515846925579,0.130392207271955,0.236919992087503
0.744099595129363,0.660794032515616,0.1163888916496,0.277144897437641
0.707267036038163,0.635712910625635,0.133569471484705,0.285152955640846
0.598080656073444,0.466361875208266,0.105185362667864,0.192126410862143
0.53530975756906,0.55387519757198,0.154323944222604,0.189840080226055
0.71447576985961,0.543007505952578,0.129741491099606,0.274600192656118
0.743419281207355,0.582862548341931,0.166369821743946,0.233173928609767
0.677514131362823,0.697582113894632,0.133354174094267,0.288074424532669
0.72204920542889,0.595361259713048,0.154597465461628,0.290704631549454
0.624007623779497,0.511928641967493,0.14412647071021,0.23298871319962
0.727079810080649,0.573026673533928,0.13717154081785,0.338412722688107
0.735832126582648,0.589150933262013,0.142828035127993,0.331732182716453
0.713674642227299,0.719803368066667,0.144369817493236,0.271926306379224
0.654911908222317,0.512919219581435,0.115576638944897,0.284445017281034
0.721744812635898,0.642624630512866,0.168802470333935,0.20245727384214
0.739023480262231,0.638219891465237,0.157321221241638,0.280293412943582
0.650646520776561,0.647635042349664,0.0984068207268002,0.251333983446512
0.653604056815783,0.546311237466322,0.145369523319543,0.262511120695229
0.669573363935279,0.606464412326152,0.160610218034772,0.280112554199023
0.607681132696823,0.557101127827737,0.117893669563564,0.227646555601776
0.641384990202418,0.675081916828059,0.104173121001323,0.336572757655482
0.602019448754156,0.423709097230621,0.117880860477276,0.191813200165455
0.501440781559496,0.400259456024779,0.12426919555637,0.23349590742193
0.656302040469717,0.441453465371228,0.0944744376613725,0.238362248114063
0.649742405367705,0.727521632196944,0.143017969705086,0.208415428663692
0.586836978819267,0.500281167330935,0.132924093831164,0.271791700487453
0.717803432912471,0.569632969718381,0.146243195917628,0.211837516054583
0.601656729004339,0.554741677022044,0.104400808126547,0.251868481805301
0.560522759457522,0.51882240080279,0.11258779157736,0.276960774639393
0.693040392932546,0.546630990082345,0.165658166697231,0.182762811472897
0.630562462149805,0.56099716980914,0.144619112348233,0.199695989005016
0.713453167961101,0.589682541980453,0.130776788810152,0.252085567142621
0.754454223741736,0.590783855632519,0.183817075155636,0.262667732194697
0.633503248087759,0.623915004948294,0.141362162824878,0.225361214259809
0.600467637738051,0.541707212043654,0.143086732489468,0.182540801907121
0.662688631182963,0.61512075825029,0.141730343427983,0.226366310498828
0.588429283441948,0.527698896717111,0.146172012616016,0.229657633404111
0.707093006246953,0.554735753423669,0.124924062059037,0.270086597972191
0.605188297549454,0.545454176996946,0.194238078500111,0.225365051188473
0.688087884277787,0.650863238448431,0.101814852086287,0.368221296966749
0.821539992516087,0.698127159183261,0.207954189251156,0.239405607806585
0.638591578411023,0.501813215152234,0.111058868692749,0.358502470218451
0.572348679853177,0.638373550981912,0.138909559421925,0.149253322628438
0.717850335931468,0.615173650724348,0.122418611916617,0.185853118017215
0.706273127684402,0.557113666095533,0.144104530164768,0.222868369495727
0.685099866745667,0.668124949897613,0.136057515832819,0.255214583308419
0.589415616545448,0.550808248716416,0.130773917021843,0.285732045732189
0.715291214366131,0.621022223535023,0.146674058051227,0.225796703446818
0.697374358708289,0.633704920804669,0.12462022543177,0.313161952261599
0.60655221947638,0.816709345561768,0.134365142881788,0.24089664543991
0.708493627910975,0.780857645792468,0.154102016726247,0.27732244663706
0.780043494335471,0.528189298873436,0.134213973604323,0.294743318372816
0.645126430495384,0.548353255385464,0.115140784260228,0.190020118936403
0.632631098073495,0.652082932430269,0.14144925878026,0.266287398590412
0.600860909362859,0.465466793876029,0.118122436431858,0.195839885674383
0.830525731692016,0.748996700411562,0.148733430405281,0.327006968842304
0.77788447593254,0.683167895709515,0.185000757530249,0.325585561966982
0.860759860135974,0.641162987398137,0.117513216296621,0.247491508743141
0.641048046013527,0.580849762702003,0.119228553262881,0.243438055403416
0.752344543927191,0.623778274075462,0.139430959539681,0.234610258033769
0.743297442399359,0.702014047661286,0.148035378750163,0.277526121786085
0.564088137282976,0.4941155603228,0.145141182180546,0.201646130819831
0.711197667948177,0.571104804346497,0.0803386963679586,0.320859169268173
0.77235190659045,0.67055809986463,0.0998642210155361,0.212719905022772
0.741674418692501,0.678338148895536,0.241062667527208,0.274062339320949
0.762104670715674,0.749333452857577,0.21895157396637,0.262981288640483
0.8239695518959,0.706164397778414,0.128925859797471,0.300090925107443
0.851385315029977,0.705029409137605,0.124527316909582,0.354317225707413
0.84068819377071,0.621005870722478,0.192533255324029,0.226822712245958
0.830461350442242,0.615733059276203,0.199852472615234,0.27249181071
0.628913384148873,0.705978720682686,0.107591683395258,0.255146434213917
0.807900495713045,0.746341125885361,0.198639199720722,0.314489171185848
0.646101163736933,0.687482420525147,0.129009915578148,0.268254941417346
0.668396997500897,0.610774846508182,0.137000440526577,0.289024007048862
0.537924973212042,0.568181703265787,0.120465087900188,0.229280414424291
0.539875066391099,0.53928373170345,0.114860850486974,0.243773958499448
0.646749243889266,0.495815116302889,0.129001272868054,0.237908048547894
0.615013956476564,0.666495514749741,0.134994602582902,0.272747128497785
0.657198648809812,0.677473696501528,0.165112465911206,0.311440250701358
0.659588355021064,0.541610763843358,0.102540294017064,0.226010551419409
0.61941633345821,0.699128867581365,0.162350534582646,0.245130586742468
0.762897526899307,0.652037591255136,0.115430114618267,0.230176675717211
0.687309496685608,0.548781500149754,0.210836387298144,0.319413835284249
0.657458655399579,0.530790516989028,0.156023685671459,0.269787613842938
0.73723190283879,0.675583585356673,0.130275857666969,0.220609462576456
0.702936260986174,0.586051743982833,0.132051333454971,0.270135572884527
0.622817852361475,0.683863240714346,0.137894225608709,0.210756456973697
0.760282628669435,0.665167300282362,0.14086795866548,0.258182316925513
0.617976409921812,0.569407553401688,0.118000326598861,0.273360156405217
0.79878302745424,0.56481714573139,0.129885693310647,0.230122267288236
0.694843357959463,0.639971766664106,0.116962964712593,0.302461277802548
0.648962028235031,0.549940952044641,0.132489489801518,0.251376091517937
0.653388830627283,0.436961298561865,0.120159060543925,0.223045308847585
0.707670141326222,0.452628169192569,0.146999020934832,0.250409034764392
0.608748443041747,0.639751422613332,0.11299952025973,0.249388960047379
0.610640931345108,0.573804849286274,0.123450482412834,0.283412390857914
0.759357593352589,0.592852979313807,0.191229634835427,0.228587164798135
0.655273994640829,0.696667970237131,0.144603297024759,0.272872920576689
0.672491436117082,0.509276474613654,0.148843277508138,0.226306234259396
0.582938138754574,0.586470603721546,0.112559633867912,0.196904495029928
0.600584003199308,0.476531958201318,0.12011253674414,0.319287855100397
0.729324704500626,0.575682034748277,0.12374812698728,0.182220856145377
0.627407794239774,0.57442651501157,0.134979661263357,0.292686650151139
0.657729620947914,0.445665712805833,0.0953574654461381,0.206044477671887
0.762939627251258,0.582122288055369,0.0982477556727356,0.204204202993727
0.657346862795789,0.588253232477081,0.162094571099678,0.206843699871499
0.600015169272049,0.496160389740208,0.126360648338355,0.297865687298244
0.598088294482625,0.66811135502489,0.135462679829739,0.231217890250729
0.672967388880332,0.635537161364246,0.0977434644569391,0.221904656276993
0.649210700935536,0.68661665229982,0.0920812060211132,0.260444116070127
0.79548794858511,0.594796379819237,0.163259984539495,0.277180437019084
0.625665466375541,0.682803371356433,0.0999153710268669,0.245218892727883
0.651648349256187,0.616174282117515,0.102001207359798,0.253669629120065
0.704755329081252,0.613075833263642,0.160918012830273,0.238521700393597
0.700884594466584,0.595804934382696,0.14075975586047,0.28747270760818
0.717640487500345,0.628710439182083,0.143441417168528,0.251779558100328
0.753692690518567,0.620573666037875,0.177386752464355,0.279512614465695
0.691064778048037,0.594927289928054,0.175526074395775,0.275015152654065
0.736778505457984,0.671460913805282,0.123027238030663,0.303849157996039
0.715461333365581,0.740455025161432,0.158041755020903,0.230496507228879
0.642388166942922,0.537015422344117,0.136430676936466,0.299586922229421
0.631532640105729,0.602400265126926,0.137328474605161,0.216880493163454
1.00690046330687,0.767813167535466,0.142974199367263,0.312913249527633
0.62779190212284,0.559578835737658,0.122180723059872,0.211487527077997
0.853135369617724,0.698490269902534,0.13463656301499,0.28700764457524
0.703229828047829,0.576522017629998,0.129231584936191,0.252931737021079
0.749140536123231,0.713480259871914,0.155978698647972,0.294935418431127
0.702663552469508,0.662093067465669,0.139479729059395,0.321086826180641
0.654873941938195,0.540283942407586,0.142229400553846,0.251751180112709
0.579358129504738,0.618968078156126,0.104483354747254,0.236821017704046
0.651021643415527,0.530155113322513,0.136341905279544,0.236434522652558
0.574224550128619,0.58006384691144,0.130233553507925,0.20935165991481
0.629751203839689,0.575514982100405,0.130811852748326,0.259376436535676
0.633845012073033,0.55736249173497,0.130672810513716,0.225221807912406
0.594702976637384,0.538245819678745,0.128633088692887,0.271982978169936
0.626480202932362,0.527257781263819,0.15640751656642,0.245542013504513
0.621221554126948,0.661372051287142,0.103773341186751,0.247161979653236
0.673351988997812,0.5727630456565,0.101553571930787,0.22787393803418
0.669157760800447,0.554335477937971,0.088755487328595,0.234896889278665
0.78515926209783,0.78491686904802,0.171433309547132,0.335502128618602
0.813073214904727,0.638962845419973,0.129238253888051,0.228403502592156
0.515984536861313,0.56619880236793,0.120364709219998,0.233360493918809
0.664071771419331,0.541838154423853,0.125486236731986,0.273748506191853
0.694608002943756,0.698493649611059,0.131255688999981,0.271580146587509
0.747868964683941,0.620355824352334,0.137291769632589,0.229547963658957
0.489024770171482,0.542955530867688,0.143497369752258,0.316289980869357
0.705716239489663,0.576246662960219,0.091914317639017,0.284459466213585
0.611708872720099,0.629940185848672,0.157499452084854,0.198309972148783
0.737326103198231,0.674437718495717,0.128675700818767,0.315378435799785
0.755044738330855,0.632891303744162,0.105255351032578,0.305458686332189
0.680720686412048,0.583505143538081,0.107449726211748,0.244907657153253
0.67292919893445,0.602082919732973,0.106605683685315,0.252318235148908
0.613753015425659,0.468430147584898,0.174982779752084,0.228562733768301
0.665763230101939,0.46263487641274,0.13143481949896,0.258925930233928
0.68638310591022,0.556966059984836,0.148185646631678,0.294805078402495
0.683096611076526,0.49699507557905,0.199128576466149,0.243651980645627
0.87516609638797,0.711273651042999,0.161699673651819,0.222348452629915
0.581316942270933,0.609590044344695,0.124361821517676,0.303427584751951
0.653937716824915,0.63270903017502,0.142463438734643,0.179195848045377
0.734195771501904,0.485154034992326,0.125982640272599,0.274587481691209
0.644888017519502,0.638258334894984,0.11067846126956,0.182918796224759
0.651726926051243,0.48854204641124,0.127019063817465,0.216793402217893
0.677926860457247,0.528321190187959,0.136851063581517,0.252357631219757
0.630036792207831,0.496610954731054,0.136016360856115,0.217285089410118
0.667004074775459,0.572819960647236,0.132552922885526,0.219818196058405
0.669720737457202,0.589956153151933,0.154263396772388,0.277981211281738
0.681476199236783,0.70224701396047,0.165502847411094,0.284459659702728
0.796039212020072,0.634953649980901,0.119297426716829,0.24218014916879
0.615587764762808,0.580181017146096,0.165599326577855,0.283480994414644
0.656588257546591,0.500952169133987,0.0712708559291299,0.196682043213346
0.545203504348311,0.499822352841712,0.217872916231587,0.243021500043327
0.529896399361875,0.488650834249139,0.184350388525263,0.271674070026259
0.8843003269026,0.634012304487434,0.117724304438135,0.268622837664007
0.773867017172873,0.692877613927077,0.17941164963116,0.289433999043867
0.639758015904543,0.719044856985966,0.130042386861778,0.293540238633113
0.728571047358547,0.644981474556656,0.136603984272881,0.321541200746896
0.670999066409631,0.691747858851633,0.139596991291045,0.324499104954722
0.755911115229628,0.629942170953403,0.159608304610654,0.280172620913971
0.710429896750686,0.667432894110835,0.136238207195619,0.201491007222262
0.570107323891298,0.611189883206976,0.149794017983273,0.312990845297624
0.588085869882669,0.550257165256506,0.124073499605317,0.275423886455081
0.649660682824392,0.543342659057171,0.135245247989186,0.190518571640216
0.672113515408748,0.602717274593988,0.125789551713557,0.232406070740014
0.766753180603741,0.526907074639322,0.146941287947447,0.230731016061754
0.534138093605852,0.579804440579491,0.11455018591129,0.239778428400476
0.705752595611159,0.601219499286464,0.196971217986069,0.252669002976464
0.730504317475028,0.639072092397452,0.113575138383848,0.26598638139497
0.753946802108222,0.610478823537533,0.158020206358885,0.275926434563787
0.680199231691623,0.651217645885134,0.1542284661872,0.262237543678961
0.689986678199424,0.630361839689274,0.125798169382071,0.312284388875863
0.702229098160229,0.637746530061585,0.16622946361716,0.27481270155027
0.861622744439723,0.586982971246089,0.147281491840706,0.335194715580182
0.629472030779041,0.669445431052743,0.160069882737574,0.252022076612736
0.619868012874241,0.530428874370777,0.0942930868866315,0.292430090595663
0.616469734774205,0.482713945679802,0.10585532034143,0.282124834672923
0.649169344346818,0.484086560356182,0.0943131183972638,0.220314279210067
0.584724391783235,0.54805901724243,0.102412217353828,0.204239102540666
0.617637528938012,0.530756935175546,0.140705841608976,0.232566367539762
0.558618310205008,0.526201176942895,0.15801743417141,0.196560787869924
0.645047835209189,0.614133028331402,0.104694820352769,0.219630795637887
0.58044171300703,0.563996611678281,0.130859406143552,0.226978535645898
0.641396185524629,0.59318805467532,0.120783285961884,0.209501471878434
0.730903305355958,0.640557563836876,0.163488810227191,0.3472943233305
0.815163409311255,0.730140758763866,0.142256332167439,0.339894544964861
0.541374041825062,0.68569306364334,0.127147063877839,0.213288428223495
0.74624387194867,0.482204922754357,0.130949725153318,0.255247833797661
0.667513751871344,0.660397279373765,0.141979155700929,0.210235327321539
0.72265391040771,0.551698191554996,0.100669248090931,0.317678983334238
0.672892541152776,0.558501037362635,0.178052408697871,0.193888238485101
0.555650676082639,0.60630047121697,0.137634038764203,0.24033948178342
0.723522154601433,0.54628784274947,0.143697518392047,0.241922715330186
0.609449014259725,0.684748406007309,0.115307577215888,0.305314596418893
0.636616001845556,0.63628950277109,0.145278065837447,0.293037702372104
0.696563601653469,0.599891672296375,0.150706543924693,0.30533797551172
0.735081415937101,0.826098610775171,0.144906923058429,0.268681380549758
0.834061514594754,0.680873020965142,0.134788568414526,0.276997790266055
0.747249446287301,0.681431031521043,0.191432826622098,0.244685620883215
0.794530231259765,0.651647657554094,0.139434456154674,0.319206991512099
0.706625971414795,0.613024997921137,0.158364265137052,0.305258882274366
0.726615870327835,0.746962045834275,0.136328061439297,0.297674592845784
0.86775258642432,0.594674800251341,0.207637777163873,0.267979140023653
0.805160166077631,0.73237310767594,0.132071210956951,0.212429950136371
0.750275343382642,0.788848482864896,0.170783245123584,0.25577448395909
0.639764662387188,0.615254038485608,0.117370284464225,0.212107575743867
0.734882327312168,0.71386305797168,0.174861632854858,0.269174027154233
0.664782555730363,0.558787822239525,0.160206476715506,0.195837976128535
0.682420708880999,0.553127722850293,0.129553813765759,0.251515170290873
0.590475547110308,0.5575177410824,0.125483945152239,0.155346504994973
0.500801943244629,0.479682844744213,0.129077731745687,0.242028384813805
0.634044650043579,0.59166103450204,0.131742634088301,0.212568408390812
0.699683911435087,0.506134528395296,0.103717946992329,0.175776569251049
0.590185427713592,0.504452774005882,0.13348961103452,0.262740151448875
0.803580988210437,0.644123660516726,0.130786943882869,0.223561118065861
0.697514496333434,0.646391926992537,0.150291564478524,0.30643273472823
0.597721180728848,0.695335100627452,0.149993722660857,0.266064067739667
0.696258575809248,0.682926413305718,0.161184061526821,0.344057433627379
0.691016179606466,0.573224421677252,0.122199168659095,0.282896128621528
0.685504753811429,0.523818420592919,0.124676837685596,0.216818833742675
0.651881849298098,0.679650821898553,0.153691795938502,0.232659943326402
0.754270210355622,0.615027648228748,0.137333821324865,0.292021104635478
0.796287174165453,0.55561697531128,0.123994010305507,0.277882834530017
0.612638224549506,0.695359898341609,0.170391451818199,0.259297673448345
0.705601217866239,0.671099240389491,0.128133380673386,0.242432819060096
0.536122262462963,0.623184726601956,0.14319440964906,0.28537573196217
0.775842193206931,0.61198901956072,0.131512643187629,0.293059377444281
0.692171034753501,0.534104228110952,0.142227335311394,0.216210126178927
0.783548022342414,0.740586417623415,0.141948733729988,0.327251892482389
0.843904586433091,0.590668017650893,0.206796953986583,0.210961663774446
0.59256536100118,0.644700920409255,0.0990479057249462,0.272710089252674
0.811276599371718,0.547871097572729,0.189011362341116,0.266335943290344
0.709497516443122,0.671437478267817,0.129663852591325,0.266284957091952
0.756020681326737,0.728331681754025,0.122544903199874,0.190754175714869
0.612278875099088,0.566785394906364,0.127500756091454,0.340589792852059
0.62484928127038,0.565597817493981,0.127129311586471,0.34232227317362
0.579762218438232,0.557391633753968,0.115807196769572,0.218839834929625
0.678744861006043,0.497000171918379,0.116368420403029,0.239544721402365
0.629764007198817,0.643667327213114,0.141849975658758,0.230303270960223
0.647660460289,0.639170006129011,0.150484270588581,0.274574802526863
0.561181788542041,0.532480361346385,0.126124760089887,0.218809132981636
0.788615747484187,0.559813647311015,0.147606226543683,0.336730301256511
0.601438958315095,0.666532805308281,0.10099573797572,0.207147097623261
0.622942028615289,0.618027953706452,0.109518023040137,0.267900349508235
0.729454585183417,0.568459783502332,0.167308051002393,0.241790889118768
0.635616263611373,0.597212133380918,0.141280854092618,0.238333725689322
0.837806408975367,0.670938223690432,0.15584672838591,0.262601545723049
0.764011925960143,0.653667159474476,0.11933408065722,0.261507165311449
0.878304241302994,0.75692603672179,0.179847069030902,0.322466606777202
0.884337205321662,0.714132424508874,0.182568472850479,0.231014441819794
0.549979092641779,0.584788201340862,0.116004020367787,0.308605894842954
0.737553919525579,0.667843014564418,0.169101368499948,0.215839064231132
0.570320023507895,0.599511575587456,0.1032490469188,0.318427090661269
0.776459374447699,0.569779406875264,0.168177567997809,0.215322975214029
0.860834608360553,0.5766051386374,0.140640062078508,0.216648209569521
0.892281654392513,0.540676295497203,0.175339405741286,0.234343530124021
0.652452951066759,0.56862199683958,0.120561689665675,0.233179603733309
0.63750612611789,0.507812039327408,0.140000220735795,0.335445995524005
0.668811256686172,0.508523730597261,0.149025311421808,0.286924691074755
0.531748654492149,0.686110144523961,0.141064660816457,0.269695982726051
0.892007834652473,0.578011813318679,0.157305530468492,0.276479446783089
0.558883122120227,0.657061845183622,0.140058176976837,0.205164619489212
0.67113970830342,0.638363313115667,0.171923221244953,0.253712515724149
0.676332478262169,0.694833513490926,0.143474050289568,0.237773014808846
0.794960936797712,0.616079323540391,0.149732178895298,0.276381336380742
0.691630013133168,0.731746952837503,0.118731202724477,0.239749359598825
0.608101011726942,0.650357501155374,0.130397394885845,0.265176429434856
0.668182257385897,0.541443515938929,0.206079969613493,0.309772665024749
0.664325246885259,0.598710696643738,0.112454832995898,0.189840576677825
0.671804304872626,0.518189688191905,0.101064965988622,0.209752458789194
0.800247227132333,0.671130021484678,0.140688080632277,0.30232329979831
0.606044570899352,0.657453827674936,0.160754790458865,0.227473005731923
0.809539232828669,0.544688379144471,0.117848450309276,0.225334854370265
0.558285736428211,0.632435633136847,0.166277871478335,0.241106668030171
0.604612952911418,0.661353789419107,0.169880665217751,0.234164953566335
0.54991715060662,0.666390145825097,0.139980054279696,0.250714472856316
0.885039841642382,0.667587472968684,0.144800168886304,0.246946136866731
0.994298734420744,0.760737781114062,0.149755563263802,0.296710984177712
0.595903556690194,0.510820309851307,0.163893567087884,0.247394545189459
0.684997831027493,0.650493259602379,0.140407646763827,0.299241406709285
0.65010013370085,0.597014675830683,0.149535916748988,0.292074268085519
0.659694444592576,0.714609321418879,0.143958259623049,0.224025986856638
0.770838866509561,0.538932873584615,0.131657886445193,0.261011363662647
0.552791636307522,0.50921637736735,0.131186526869949,0.214343732366531
0.549617804666638,0.453840878097723,0.119463647659601,0.253264405225966
0.597902350534821,0.49403177369122,0.13647030364326,0.145385947108127
0.601713760124474,0.520595717799724,0.129834687040725,0.235194568330964
0.639052941526781,0.462864019762184,0.153520498056866,0.254359511825879
0.708753924692516,0.734574643964918,0.181353209792529,0.258280021426638
0.703552398682142,0.512916008925938,0.1232651122417,0.248798146711846
0.653611707580613,0.642832574841044,0.112692406799455,0.320916594777525
0.646493224168136,0.49588488344128,0.20056580382409,0.187757536696816
0.598319405281602,0.536003686376595,0.0977896211676449,0.243142161449474
0.62554972860735,0.51031133638123,0.100557597144847,0.253843557740769
0.671935030153911,0.699101506439686,0.166669508094281,0.273416823728071
0.686502043297957,0.597943295290749,0.119898629696619,0.259968248486257
0.69271611045916,0.552342623696162,0.095032442946851,0.192447452461185
0.686644462893181,0.621588917254757,0.164251034547683,0.297272735499439
0.75693982717884,0.695086927586335,0.145275763669581,0.208032467662176
0.679355323319556,0.56741559789056,0.127172713066734,0.255389380171702
0.674916304015533,0.509338898482389,0.12133132581899,0.229147161902666
0.605201615018861,0.607840435911257,0.167269722974922,0.245869833954596
0.630484662287204,0.488031994375108,0.125345549711527,0.224392419421616
0.781353061030339,0.646947373297139,0.126812329101052,0.23134957922875
0.737693322413384,0.657504327310601,0.104917041281431,0.302127276519687
0.722854755848806,0.710794539336304,0.123469616875576,0.232569828047763
0.733359613036825,0.734786973369146,0.154684807694973,0.20189864338476
0.634856631249775,0.555745192976292,0.121863522695288,0.345003788407865
0.670862319973547,0.615770116708418,0.105972681826517,0.255076706524885
0.747090983437462,0.519634064117092,0.159983167462942,0.197065584283713
0.615776369538676,0.610040645556783,0.148116613003486,0.254665221103224
0.593536239994141,0.692425617289836,0.157002754788115,0.223921970303052
0.800967034970422,0.44215452769731,0.119640171829391,0.285254655355561
0.692229687971129,0.641976905661261,0.150809225476847,0.233037500440941
0.783426968920173,0.586714660625059,0.122671717467178,0.270536659385369
0.612580597761765,0.600534750162163,0.145961568180827,0.280382039225634
0.708426498730491,0.552705670448392,0.109609247844006,0.202048777870629
0.66127906529477,0.55122343464484,0.157084047673129,0.305820901218351
0.675352761160778,0.56359162481126,0.144961988709647,0.276888238456115
0.729298672725197,0.692980343125655,0.144112788780255,0.268633481168825
0.716244426556898,0.628841794872834,0.15612513513684,0.238882216209539
0.669075769199381,0.658689082700837,0.113777781776308,0.302038690050431
0.8378327834565,0.595363709642479,0.149640218985084,0.212266989153206
0.843541248224743,0.596334617698131,0.143868623379933,0.215683142570825
0.546278886639128,0.500858266866383,0.10873318749836,0.249496914529858
0.53441162811373,0.53564035260712,0.0980585205193421,0.233066999034649
0.87233849377418,0.577276733695349,0.112084126051498,0.272856435040087
0.707432970197916,0.682233768411386,0.183416144696335,0.283421974261787
0.740567041196863,0.507716063003374,0.0830933043777444,0.207965313036346
0.598217333768264,0.607860798981508,0.157761052633155,0.265630988290498
0.678832536554219,0.490323376330644,0.0925823204605301,0.16892436187825
0.6132363773264,0.524440892609201,0.070549030683872,0.246906971014139
0.523792552978759,0.612385720554976,0.226797939901457,0.250413381296102
0.645927815277905,0.653580796556612,0.093689335979259,0.234077331329597
0.706145777325772,0.548624413610853,0.236351019149049,0.212797491447657
0.557727268128729,0.618121907416104,0.101221511674246,0.293870827143083
0.594836565022739,0.667063022897497,0.128815457075837,0.258015212255231
0.669700042521662,0.483165721371079,0.102733297505954,0.23742364081018
0.744151296833611,0.750477422523099,0.143935541457333,0.251888244646388
0.694892957526866,0.702738746155133,0.133309059326561,0.228365399260528
0.725500688529202,0.582011538376245,0.132448977576647,0.197735637839927
0.865154949414116,0.806741246971232,0.133307998136579,0.322022254973073
0.850159159405447,0.801144538922376,0.135174453218721,0.317814289602001
0.682052583482927,0.505721236815018,0.164542551939347,0.235447627453343
0.660550722366073,0.589856695253833,0.125145449534081,0.355527468055799
0.791209217899689,0.699301646764526,0.164074494409871,0.290334351976963
0.66382062802966,0.702517106112967,0.115223124736419,0.295066242945643
0.697361830148777,0.608443498660474,0.100577846439495,0.262345562843231
0.744366162988952,0.613867458161559,0.158851642505043,0.262329132679578
0.702190490614114,0.586143747746573,0.111602506616556,0.21915666473372
0.730245512447065,0.654369182933831,0.132017572851686,0.264319888320654
0.669585341357402,0.5561952141375,0.159414361098652,0.26668792312714
0.556137529704,0.590622134151566,0.200479518114454,0.297594372088154
0.626055839186559,0.497607034254092,0.0945146993398234,0.249095989048746
0.606660825747419,0.637583106360135,0.179476169650636,0.246125248073324
0.765013092713893,0.641239387665701,0.133564462661987,0.264416830882934
0.689616295493345,0.682459180032618,0.141972314769511,0.259521857322985
0.700359052583031,0.571622474028454,0.110825702541823,0.311033943628753
0.776661425493296,0.63555298347161,0.137269678131598,0.284933117464779
0.677444616704136,0.61294514608001,0.163456696922467,0.285093428643453
0.693128093520893,0.742255514094706,0.155640579941531,0.221301379156321
0.671880929537166,0.570818328545503,0.11826857998343,0.290214862897611
0.636722884665202,0.454655714257348,0.12489940798646,0.328615088182727
0.831128252107319,0.584508017514457,0.201889054986278,0.268807357702619
0.828677505916026,0.52567044964114,0.173424327616615,0.26895342385965
0.771355542115788,0.542817890443444,0.197048482169944,0.239681887498013
0.621679646147911,0.705937326087617,0.126453912423171,0.310808221210844
0.690635195624874,0.559420282724614,0.175903285874129,0.209271883185291
0.599232518985064,0.623241534745605,0.0997034134787603,0.281569353245555
0.658387560280449,0.518003522975089,0.128906317449372,0.213444976745008
0.68324934243153,0.727433182195191,0.146947885342378,0.317882432309167
0.700113460502342,0.621533077286528,0.124051680028283,0.257647996213224
0.703348133275553,0.611891539303361,0.162247566958527,0.277572768819277
0.702534412745422,0.577477448477484,0.159730653713639,0.281063352330754
0.702007565483458,0.721243137995894,0.107704255349279,0.247357928426885
0.586888818716583,0.452348335629765,0.147296087861321,0.260115309057107
0.795754744292819,0.651651586240306,0.0901298197097799,0.217169336594219
0.662364174162386,0.58599940235054,0.156267828485483,0.291539832176118
0.68234341730355,0.639472246265395,0.08459906089885,0.233480624833447
0.769921862562546,0.538063872134792,0.214195965681774,0.273452706872574
0.894762782628626,0.708456918323042,0.127620610703485,0.256919496463275
0.660236998405964,0.613189376265253,0.137370301128375,0.246293196878291
0.697267567633795,0.516661970601602,0.16088145797604,0.230466184190566
0.705469249253864,0.514382714904684,0.158251385684117,0.228911558158371
0.757889808534711,0.720513727486162,0.127511578432637,0.265617940710228
0.75072796147125,0.723585590574776,0.140026882754065,0.244257450275387
0.607305415390597,0.548537777854249,0.154976898989993,0.272163073076298
0.770309601209929,0.687674329952488,0.141356951679081,0.25478606318643
0.657683427748235,0.633452649982268,0.137241884207702,0.269558677211095
0.784950763971882,0.651227420554234,0.127074273397696,0.32929328990178
0.730493627208069,0.823486427817297,0.146050945728986,0.246534757368655
0.856356789302438,0.784887621729285,0.148104790719942,0.308652671100238
0.625604209402509,0.635657264745196,0.145311837643012,0.267608458092224
0.84067131658352,0.689924194839888,0.138577148595506,0.2796811221116
0.696723367890635,0.618843110398497,0.133393230016892,0.286786392758231
0.608253637408465,0.581258928099319,0.123978296386108,0.213441514876108
0.713797314343093,0.543048592172369,0.154233677928564,0.231021862792406
0.550279945899065,0.565020431658075,0.108921115881122,0.240409026100045
0.611250343404752,0.54628439880568,0.140717719667905,0.22474269984496
0.62705576914725,0.558494741726929,0.124777674294562,0.25863208264173
0.691339076011547,0.706274361020233,0.147127497360488,0.235642027726818
0.616894962652973,0.443622351940773,0.10891806690424,0.232719942689499
0.664424847494915,0.681596822929714,0.172110437177737,0.260622861636458
0.794956636242841,0.654488287653555,0.182247726249943,0.369595911314741
0.65073280045376,0.489070997759448,0.132805613596905,0.22630381162038
0.66229177901392,0.605180341565363,0.148333084566448,0.333510773689804
0.672871713231902,0.595693916007091,0.145681954942912,0.196170674122747
0.640938783740495,0.670372231130451,0.124891763317284,0.267527042564154
0.660223312402345,0.529474646776978,0.194100005606016,0.30670628147014
0.690605104048499,0.621720343850114,0.164665078751472,0.276078503830981
0.779726216057076,0.537697273109544,0.185743818902114,0.262791162633916
0.768455898693,0.607293282963171,0.150429568487531,0.295174705408826
0.741812537896563,0.628928852043799,0.158267315504457,0.295624995472417
0.721565940461508,0.58992152652524,0.155426418767658,0.343506279164131
0.695737699872234,0.570247413655337,0.126760648557652,0.194861418498518
0.671843630919046,0.559370310778935,0.140725684159469,0.283425146915726
0.820480788381262,0.629946616636523,0.181559330812649,0.273818976861285
0.653284043346086,0.547779934702459,0.177715758764449,0.289244583803291
0.661203296118833,0.640276882461875,0.147848775906287,0.225904753810183
0.677393833617149,0.714046725313552,0.158531827004418,0.231125673761215
0.617622074530099,0.661584460025023,0.102249297193035,0.209014982698926
0.808120208555957,0.56727666345773,0.15964941457678,0.29871406298958
0.59986959693046,0.447136481425836,0.108099992361349,0.245066950421087
0.679390727073641,0.723018696599213,0.149954081196274,0.214075069545832
0.670595777614592,0.689461942829154,0.131848025094151,0.222375520016929
0.645927103157668,0.580121012408702,0.131647286068067,0.301094808506164
0.81608386595551,0.679607752827343,0.171269303727269,0.264642823627233
0.674969472089404,0.638625306219029,0.117335664198942,0.240958454696511
0.844030876702874,0.56976990989585,0.203370246306678,0.268893044184808
0.737344299650957,0.609267886766565,0.103883369346245,0.267904794022484
0.644147063888703,0.564653311589415,0.175034675323359,0.228244690303506
0.635417895061219,0.600002203961781,0.0825341430967673,0.206888267546748
0.656459664669328,0.528595466417955,0.134294187131882,0.31497461677417
0.839137696749457,0.807340296756093,0.1902669877398,0.222918809011875
0.620472936604989,0.502195582258901,0.112048087707589,0.290656572420639
0.68009644866034,0.71753855899761,0.140701830500843,0.173495384919018
0.640841184458364,0.450841846904851,0.159842378707023,0.330347652242774
0.598726131740146,0.70246315447645,0.140168096186614,0.20476112330319
0.625322448006647,0.415341849661657,0.135010168022033,0.279339893421489
0.793984824506269,0.617112625614522,0.105613513634706,0.270231338543559
0.63446656857527,0.718457601775474,0.155621281308836,0.21423356507845
0.912765360326263,0.71943731028522,0.1103789505204,0.329968238020326
0.762345268848683,0.620918421248188,0.204649078413763,0.311006107533265
0.77015886103517,0.718367436975655,0.196447779047508,0.320347712489363
0.646531918849804,0.663938402892454,0.119019989655023,0.269945538238328
0.711902219275693,0.612857413720162,0.105887045142407,0.30220283216187
0.640829410843844,0.707016470771028,0.185451390599253,0.361855432495654
0.776945141461275,0.943060245177117,0.127971904362967,0.23654263412044
0.798169251588848,0.772115912831445,0.115659872920668,0.237874963555907
0.712869639985996,0.704900743482428,0.149670844913551,0.314727529115452
0.704988752455815,0.629071589301489,0.149965550742351,0.208250636032582
0.679622191168265,0.739281880035528,0.10485459536716,0.269690143329694
0.765511933662355,0.618009891106175,0.131298814645719,0.221150925302366
0.760192942665597,0.674757605070091,0.120987357061024,0.308228980941945
0.663109354299516,0.546922867189029,0.166341609147957,0.233269002430599
0.651567776614589,0.517181270870151,0.16115965073189,0.228617385859515
0.618927471136479,0.632524223864702,0.158704082240028,0.192083342059748
0.833048792078857,0.492600673004638,0.132287590845742,0.332934128633891
0.648019556326589,0.86923862925909,0.193433222947888,0.260485533122656
0.80449594251792,0.516832968961249,0.124707542821063,0.274274840422867
0.475635314737457,0.570258882465261,0.136243429147786,0.211733512710019
0.821627424334903,0.551298879220655,0.140585226882658,0.286717427134288
0.59709206014766,0.503155662689988,0.10748187057009,0.199871391259936
0.571201227708707,0.523202687027321,0.118668805268534,0.206105794485354
0.637695356352683,0.509465931408559,0.129534740486625,0.203556767371889
0.641330659272836,0.604098287225114,0.103527210003141,0.281518638742161
0.668246229876116,0.604051437184806,0.115357651818805,0.215676848234305
0.562571347378156,0.533437545727283,0.141572040473586,0.24664161144717
0.564382339635523,0.510039734607807,0.129298828530685,0.24493225346825
0.581504718135604,0.502027326255821,0.125925715811982,0.241763097049894
0.769655422594621,0.66090540923754,0.112703828268959,0.245990990876896
0.61245852595074,0.563227464812847,0.141882262323735,0.226236984456251
0.64739927613283,0.573620674405054,0.114198465133167,0.238305152609844
0.665444680761953,0.522702449509776,0.171620704482343,0.262770368403138
0.729228008253542,0.619363889482519,0.108499346495762,0.254447815941337
0.6787140499164,0.695943678356884,0.19830797965125,0.254880472537156
0.805802344524708,0.583578134916354,0.156280421535109,0.315857690613398
0.642705648165732,0.549778662738678,0.118472677067855,0.237404975195735
0.732315830082265,0.603438134686923,0.146631707756024,0.257814615884464
0.649050847162064,0.574696078834343,0.0946060710963005,0.277574931800313
0.70673513179345,0.531714930787144,0.111760994367142,0.181115975089841
0.546874775338961,0.632441340126105,0.141878762644574,0.26727254686494
0.647771166740833,0.528187640727137,0.127121299542053,0.206976926094054
0.655138449952921,0.568698856019149,0.112690362002764,0.250877777873155
0.627626900332839,0.584214537746084,0.10316734781486,0.239102315159821
0.5809434389175,0.547678165555302,0.169140428459463,0.286301944182327
0.577973560724205,0.548026785930464,0.169163283688743,0.286454865484713
0.608712055211136,0.658309523936479,0.131208491990546,0.200419375781951
0.736134258873928,0.521080337738307,0.0968007304490041,0.286631680658318
0.620415162168636,0.532299807085056,0.127713565033651,0.192911166228009
0.638546721518783,0.56589617274143,0.140522058413216,0.221871167746394
0.6529267664501,0.523571521252827,0.122874950988292,0.290977215279236
0.638194774490504,0.539216765836109,0.136738915684169,0.254802732496174
0.583375584433944,0.543887521753566,0.132822968589917,0.332388823402408
0.74469637229142,0.722056848884267,0.126161842113228,0.17426320712199
0.627088943642729,0.432615815122835,0.13837370222786,0.258034724825477
0.59047905583639,0.613232081607891,0.12536079200175,0.197633511524794
0.696400819985384,0.526170800290124,0.13765893567956,0.334970265059047
0.73174185375507,0.70359492668652,0.118937438007919,0.207905527852423
0.767813248419217,0.488481749067329,0.153204777913365,0.261590414151276
0.598102155373059,0.656650129007177,0.114318947217342,0.271039223666024
0.861356629593063,0.574895401593363,0.168806455045236,0.241401984199005
0.753191060409385,0.690529966687817,0.136792390969367,0.296882162460919
0.762975902192238,0.542933931212323,0.140281067953544,0.259489786970518
0.703869347506768,0.640723036894613,0.193673072839753,0.211973468111023
0.681164156618993,0.653325126810384,0.125449356915509,0.25428600889451
0.676971264423179,0.56974355414495,0.154230440833842,0.310353586862347
0.709245390713288,0.700225817441418,0.125481174709735,0.25023703479468
0.70058182691988,0.575687888226414,0.156746642054557,0.261059442238768
0.682916412413656,0.602526458249446,0.123553045177756,0.231244128884604
0.715444174024244,0.538482888965729,0.128876684577307,0.194783560867139
0.61238554613459,0.68780649935976,0.138838489716557,0.350000115909241
0.691816015077815,0.603115555211542,0.147163124627628,0.202792071419468
0.63726020484455,0.70908919319588,0.129175776702353,0.311202009231443
0.750086812399188,0.727917944246263,0.108143077686475,0.344975991445132
0.634761364551257,0.653331760259808,0.17509576184441,0.224962234658852
0.706012952611212,0.652637758661128,0.118148460860747,0.193984432514491
0.698282307201471,0.658727632610426,0.114434918433163,0.230994225211217
0.592201337861682,0.601199785639949,0.155107499750566,0.270274513832637
0.629693579300908,0.56539218391744,0.120122612824831,0.301457381403638
0.777277912691036,0.595402018271314,0.131250770500955,0.333475306651775
0.693609969702552,0.657851118103851,0.146426608057249,0.329612486848633
0.812529789898718,0.599903755841511,0.131368130581382,0.255159499193796
0.659190949270393,0.704836364810755,0.157111212949333,0.285848628264645
0.755530636079037,0.557110827478915,0.160596810140611,0.24817444527737
0.497085817123579,0.562579870918433,0.136144512497587,0.212269525238083
0.489812900879617,0.681859324528224,0.140646249845148,0.21696508202687
0.734202179719797,0.562849450241988,0.125276247402874,0.222102748519623
0.662346184354624,0.550798928007835,0.133039527524286,0.19798245304377
0.67587168289354,0.557242918043624,0.135835257457332,0.360821315076927
0.6896947618668,0.644027185898235,0.117426865716753,0.187974872293381
0.643401744975958,0.478745142808081,0.150270146075741,0.316017845306184
0.614298733102968,0.586435984477126,0.119845713058939,0.244748482140742
0.59404084545896,0.493921689951471,0.128934256124532,0.198965794207984
0.579891980662446,0.458775145823828,0.115872535786993,0.264794994900646
0.643968635912975,0.589375938195776,0.106420129188757,0.200866187239062
0.625211580854654,0.622376141045729,0.0831572482062517,0.268969500693283
0.621097511882069,0.598467529686737,0.0869095842420586,0.255775007031801
0.759678792498503,0.671821245392301,0.190901366817653,0.256206327378133
0.657815060062455,0.594730277401016,0.0950461462333728,0.265605467953901
0.626626251719704,0.553280144561691,0.115022698236545,0.305877013078878
0.761611565636144,0.74003506161842,0.1719551589024,0.242741647408463
0.775973764753483,0.642985974350618,0.142586947421052,0.262007228054176
0.621554354842966,0.589840301811414,0.136394575346096,0.270643263194801
0.657294866540103,0.591679362897563,0.191682578539129,0.237816009363475
0.682710450441044,0.508176542786485,0.102491165708393,0.227131099835853
0.684751018490942,0.679531108489096,0.209488199895667,0.236470251928394
0.711618249331966,0.787107305824073,0.0982679636135454,0.27201445041569
0.738839705136596,0.661200560498948,0.230000451874896,0.220027247406041
0.656395869685693,0.639664826862646,0.199483122521032,0.235936757669007
0.645246077852664,0.542957263115543,0.0788240538233337,0.223556513662509
0.695127827167108,0.47403058143041,0.105255010798252,0.236245735998836
0.668486169194835,0.550515534625438,0.133193376194237,0.260809928024801
0.618194524381022,0.599707968104135,0.137845464404997,0.244639925110324
0.639453449777503,0.583163079391575,0.127780032612634,0.227496613405517
0.724456296676195,0.584528239064105,0.199466074971775,0.265827255896077
0.724161864880849,0.619784424996178,0.101841231198496,0.299429661786206
0.729291743924788,0.595762261505776,0.142665035766147,0.223647788651801
0.778569671292844,0.550721819172906,0.144654384502049,0.346115388139832
0.767578354080423,0.528845423213433,0.14457807117647,0.230774150997351
0.610981813875801,0.470181151302819,0.146125652433045,0.304946649941245
0.570242570362502,0.616918633745658,0.216559995844731,0.235291197213381
0.808769820978719,0.607692623682787,0.113966330985765,0.242641445475008
0.592385655161558,0.665438066147011,0.161785178857055,0.251514070034017
0.725811342022056,0.562096525278089,0.125145927103801,0.284514660882186
0.694514578746182,0.815127336823361,0.107087027462249,0.224347470690052
0.671913805862124,0.553405167026807,0.134623285622432,0.264299035361337
0.795384297366541,0.520855987048523,0.126565040065175,0.200630954367875
0.67596781917448,0.675187941779767,0.220157953228987,0.244921727961342
0.690188657568685,0.644490000505188,0.165833628207613,0.241322470353733
0.626339714782195,0.613676393190671,0.117650213821759,0.236990771805385
0.619124046145597,0.644030794187182,0.157464368250737,0.261349481646072
0.633754384233248,0.690796377985411,0.116700702791676,0.293245911496521
0.64149702276241,0.695231101700454,0.0965116312646753,0.244794858673326
0.59447655009562,0.574270683644493,0.190644253036282,0.257161932631038
0.778580816057699,0.622682175982507,0.0880754801033125,0.269336694341033
0.648728688681124,0.5159594574264,0.114697158390094,0.287737576947611
0.77732070316432,0.68691514270151,0.157324088417744,0.249417050409629
0.674048788117882,0.510172788251591,0.14308929951907,0.294785590844925
0.684506782982811,0.557912008610118,0.168298038449792,0.269298169618775
0.697288953607861,0.547074539813938,0.138873001561766,0.355644974168173
0.736243003231696,0.620232098939335,0.126428056841837,0.29770872315735
0.707283783629939,0.579923471618608,0.140010782364993,0.287821310154399
0.536994420253311,0.500550065278794,0.117485695665943,0.227411511938676
0.715875376352604,0.563251946749105,0.137757504012061,0.224654152176299
0.700333008315718,0.629800766928025,0.142582267530283,0.325351197114579
0.779674963774895,0.655423592414036,0.142962416095641,0.282723019384487
0.652472131928763,0.746879679396331,0.106459973230786,0.217318830909389
0.728453793006024,0.625053583113222,0.10922424262012,0.238582281657955
0.863752970262884,0.5498712199823,0.181031360149951,0.246981829752111
0.711614202425703,0.604010811631178,0.126458204712742,0.196160310575366
0.626874839291269,0.674609089822646,0.159073958941031,0.280052501180975
0.619831010425446,0.66726851086833,0.146189240344688,0.270217036064862
0.790912033270806,0.707405865001724,0.102009664777951,0.241234018313152
0.688784533780752,0.695884286869035,0.154912577713006,0.296053643160929
0.71556872606199,0.708317459262229,0.153376459612417,0.232970294514946
0.928488760111937,0.629754257487137,0.154044589560545,0.23377895917875
0.637509981767437,0.811014906275824,0.16300040166477,0.263666859620297
0.833159413999691,0.727519099086016,0.134240744284301,0.338030115295391
0.562346729293668,0.486748542683775,0.172135594068981,0.23398552805308
0.603256375295032,0.552401686433059,0.141825794200314,0.229453832849524
0.685809224098862,0.596333167397028,0.150557528925062,0.322605789369034
0.721543970032337,0.665120510098931,0.1432414974846,0.187901812496516
0.532233522839201,0.594030977858054,0.114008474877943,0.322747244049578
0.670131803407713,0.455071271599229,0.137802469526406,0.180931411762928
0.657812202194736,0.467898468144044,0.151943081310611,0.178562665098994
0.601029838105304,0.589141642868478,0.144413441641922,0.276468476065252
0.662602788420242,0.569908719534012,0.147756919367884,0.279777645708402
0.707660582547064,0.639578565338018,0.107459447592824,0.231483972959358
0.592284468940505,0.628268946394782,0.192881904525145,0.303528484100938
0.606791609709221,0.71984380928718,0.182908660456461,0.245456714713304
0.955554826841621,0.711990853066985,0.129702688688943,0.315685211147261
0.521484101412952,0.675783829439997,0.177535661640355,0.324431772989773
0.944223378935505,0.742571928157595,0.123273526914178,0.214472276009823
0.617821512621261,0.743427984047383,0.182165047850837,0.2858314746194
0.813975487072159,0.555235972398814,0.121329507001288,0.24391434365224
0.688891778126608,0.611940769212383,0.130522211525784,0.266359578793751
0.669467559470047,0.597027442511576,0.1856671318409,0.237301849422177
0.664811437417918,0.662259235434083,0.116759492180505,0.244024858514873
0.695007480470611,0.507944033337022,0.201208506053723,0.243234412074172
0.76411504621008,0.685543281952706,0.0613689139260625,0.233428765594139
0.838252434017553,0.614845834739799,0.0715581717467726,0.292922686128091
0.622761714504874,0.636551636783941,0.183252231651487,0.227472776569392
0.763801555602758,0.589132208088165,0.109990783667041,0.293973418398046
0.664211802057903,0.659656425272549,0.204570307940939,0.277536707087881
0.732707826241196,0.739183364661111,0.162655357267346,0.237189806922403
0.747272325161547,0.707344085407917,0.15552460412642,0.249299494256561
0.736934585263076,0.768049169492108,0.116229585242357,0.308214746665817
0.699274869723153,0.686669527828689,0.124636450285031,0.197122717107533
0.718073951576497,0.756966170422163,0.156736355359593,0.32479288261856
0.784694574069158,0.720525341411526,0.159414319533736,0.296245143049703
0.778095587140286,0.674116413654788,0.185468075776288,0.313626482925959
0.630459308382651,0.589139422380812,0.112885132921316,0.219341826777073
0.794954606689699,0.618252527338072,0.160861486120356,0.242286542330318
0.722484521738831,0.67633383881322,0.150458637844566,0.21778761594341
0.777791549905705,0.608015018009853,0.120854516189763,0.349276148726466
0.739471456608823,0.737788885432997,0.169599320678914,0.269994864464388
0.791438822009375,0.831608174097437,0.158355531943097,0.33672792882345
0.701695768622526,0.580934720175144,0.160780461311954,0.275463656321434
0.638480324172992,0.683875360679052,0.139995543815064,0.259420065247151
0.848892874139943,0.554032700601106,0.15595435815513,0.244831651046754
0.6618394566349,0.640063859748066,0.158112111527407,0.242969285883395
0.724852332206848,0.646671840299084,0.158647945294832,0.235797402286404
0.675471089993568,0.510074302088269,0.126354894622623,0.254575500243801
0.608754433420836,0.603939824690416,0.187396323362984,0.226728783948416
0.676971964962474,0.498045583077598,0.135251161790503,0.217659083541269
0.748184631111204,0.485066179089757,0.14053483894861,0.309768287084844
0.566592821527781,0.742252829441958,0.154358997563345,0.230494980031009
0.893320730871006,0.497488814225274,0.121508451953402,0.237943084919343
0.81110808248356,0.539335799070749,0.0896145691260525,0.224622702292123
0.66096108080659,0.875583340590823,0.162093086904354,0.303022864582539
0.813461412089507,0.785010670510084,0.158301555086854,0.244259674238723
0.610192893800204,0.6351798527355,0.140886995788233,0.364184597955362
0.756381370405566,0.558368926815014,0.123347756989362,0.187187707833094
0.695256696407278,0.691474326260167,0.153117664062966,0.187711580493306
0.628912214543784,0.645748941894618,0.133409713320224,0.308518925756215
0.709993341228006,0.544076230946358,0.129377565828592,0.209262798317938
0.571057234519276,0.496591299877387,0.13526065365596,0.270157014549821
0.642771152653477,0.54356827190983,0.15518148101345,0.183150421863116
0.734819737729929,0.581681674695953,0.14717420984767,0.355488383071582
0.738139395786209,0.642135984987383,0.155285933570316,0.263854454643628
0.594410712850213,0.663661919472029,0.121384221555418,0.234450608795307
0.790375665981829,0.600118112555294,0.144310098566127,0.269440992185864
0.57404494787726,0.617746891428315,0.146153457688238,0.247219342583372
0.790194846780516,0.56030739644123,0.145764828066486,0.273055944107069
0.823974000331861,0.756522003194531,0.14819718376683,0.232673405114546
0.616665960041628,0.603746364071487,0.126672786763578,0.29182512361562
0.630074471861576,0.639773462426918,0.156259865372842,0.248667238854314
0.641574624766242,0.476741775483913,0.100709803164847,0.214886195203943
0.762690976782793,0.615139242166506,0.15719329575666,0.232214980669267
0.614702288460201,0.571891025485712,0.114957487104802,0.285362673923896
0.696353417120081,0.610271675490535,0.148894318473794,0.2589100415355
0.693320398970218,0.648207424423449,0.149118752880151,0.286584478726446
0.694456719518235,0.618522046065128,0.121141992115787,0.251840187378904
0.658163765578651,0.724810005412994,0.168301656089974,0.319132925093432
0.830997345350129,0.584183022763431,0.112624667579523,0.232459811932718
0.839312338899942,0.611993591525106,0.120581869295453,0.245604675575658
0.574825265449372,0.57457564224734,0.124918819774177,0.233318776124606
0.809740666197504,0.534249355554356,0.200499072319924,0.260981474600224
0.624162608900458,0.516686946977993,0.109981789343656,0.242902619548424
0.720147972526188,0.641523255624779,0.102313621302363,0.222857401861813
0.739609504785019,0.650563131947752,0.171573800719038,0.266649406582379
0.643325804336102,0.643638594453042,0.127997329009326,0.259335311142
0.760732312024643,0.613666445513324,0.148673687866325,0.281412272599517
0.683284048619614,0.539028521456167,0.128855200403394,0.297538710524895
0.563174294792037,0.643676306615059,0.121191831321298,0.21068477664736
0.681001261471052,0.534458998235811,0.143547940880448,0.259517927311752
0.733437227470569,0.743950287485875,0.172713749351472,0.28870489921747
0.687764084018945,0.653339097892457,0.128956742226384,0.272327750040843
0.606902633689548,0.727798850176368,0.108017979971109,0.257281758192144
0.715400383390772,0.457625809307039,0.158248368734459,0.216821371364987
0.595625408453127,0.760842999663997,0.111306103035318,0.251154314897732
0.760315398460385,0.544246406975993,0.183003023053929,0.261088444562395
0.847761986409814,0.545663544943705,0.103268927697848,0.283153218439077
0.650535758786831,0.691854589587661,0.19846283606088,0.262001028043298
0.662845943686311,0.558371589745917,0.117214617539181,0.292124042811803
0.808465824348882,0.702629913078075,0.121773224974599,0.270107468781754
0.799130041501484,0.62858771923597,0.179634932422279,0.225392451202791
0.795530326884036,0.602844442700105,0.148128652880384,0.21760801756112
0.72387223036471,0.618498572819324,0.11960473535661,0.317501559078855
0.937974027540682,0.589990095628203,0.202025417097013,0.30762672718916
0.73953693681553,0.721270302951287,0.118471410113172,0.284605896798203
0.674017234659551,0.508329092985746,0.12362273701783,0.207261850624118
0.53382660340791,0.560630343025331,0.140509614259848,0.196300896775934
0.693032939228983,0.65038735179827,0.124363458810011,0.232956386734257
0.894838608699635,0.623872895116802,0.180277210588705,0.285183109109666
0.666524730019676,0.739181740865116,0.122178203153932,0.248096487343796
0.716008277384342,0.662520689151159,0.175160122990723,0.2236415559623
0.741354389096085,0.591291751499542,0.0898470528561072,0.26170902722771
0.667040497299256,0.562799608239913,0.172816205082446,0.267607371999536
0.636166114074415,0.658028558797142,0.145222166555321,0.288866107195361
0.682161347526746,0.596458557311181,0.135949143425294,0.200683498358675
0.874091093402734,0.615754691097392,0.152146397523967,0.259383802830986
0.817218718323008,0.70588527553345,0.162112294024679,0.32507702425188
0.8325569637676,0.840502803188953,0.147417738430566,0.250062476920934
0.85899295408153,0.66542367328334,0.120509659879191,0.198487615947893
0.784978582158914,0.71295190769591,0.121853855926529,0.240454617462381
0.820769455012672,0.615619795271664,0.141428883704488,0.226678497985285
0.585076053442964,0.589448205239264,0.162357271333398,0.241249010010901
0.670774528242741,0.599769229693375,0.0980421119949678,0.247291682006527
0.666501946410545,0.684295851522806,0.113571767482076,0.296727544591222
0.581457276892787,0.667967240938371,0.158321574974962,0.249049921041377
0.782434199889879,0.631061733705248,0.103727836609272,0.21462210192093
0.566729232051751,0.633505832042017,0.237713083917122,0.282783412208412
0.81750849704081,0.539297154941411,0.119366726411513,0.24048377197645
0.715757229643829,0.818853558239782,0.128470740916461,0.305729958240442
0.833683223670529,0.575563288819962,0.118710332967671,0.316176736157985
0.750550937580657,0.51516893182473,0.170190770676184,0.275149321673105
0.786288400241586,0.67679124190818,0.110153547582603,0.274642344180184
0.753574614132809,0.669605918285476,0.211916331443081,0.352965214473421
0.673424129274779,0.617238120522486,0.121454166791747,0.288732237126247
0.760033481734143,0.548118208987239,0.174510373365482,0.250059701839778
0.589565197764359,0.719344233374105,0.108323428038447,0.254578279101603
0.794197095643556,0.542397884794309,0.167420058679221,0.277341498033727
0.570645579949956,0.707857637713582,0.107660898333489,0.252097776970955
0.88795695714027,0.507681710174425,0.171003337379581,0.246075199429473
0.603482032759082,0.742833184388802,0.131343465129764,0.292369092274226
1.04533844345169,0.682411699439648,0.182908702056242,0.304786625208851
0.776216796147608,0.68985623543677,0.203600730450461,0.354553859401805
0.641470039972602,0.682418270394854,0.0968395746998235,0.261506160736667
0.834433601623791,0.577199246129038,0.134576032635197,0.282926579651354
0.872031022377266,0.592306854121516,0.138965785717836,0.251584069173651
0.765116912011109,0.577235114406083,0.116703088812538,0.223917240165629
0.878713895976303,0.701149817013163,0.205020130541271,0.194369954513606
0.663991440839005,0.697583225181,0.119878041578162,0.252220740777816
0.660952684304699,0.568331233945463,0.202775360002887,0.286708890483486
0.705808246782607,0.516374713983501,0.134314539720369,0.221175619295869
0.680856823851163,0.627624854738862,0.169553218841914,0.314111851344165
0.710923403038983,0.64659631205378,0.119217676295928,0.232843642060089
0.61529044937851,0.478316585115936,0.128800354980849,0.223114766542807
0.526461802087662,0.493262488731522,0.155534395545675,0.217196102745482
0.603119740404249,0.50044145414011,0.116966723660275,0.210709361648553
0.584130645837052,0.559928789792503,0.178878539400216,0.199671735143182
0.683899759510094,0.595190006673453,0.0933973891243149,0.290508297871814
0.601531358508659,0.441867577427701,0.118699351750318,0.251380285987197
0.566352939799939,0.687457213572405,0.178731453668922,0.231045548558982
0.746423457836772,0.792769339313956,0.103418926456592,0.257982328619961
0.657803318753545,0.550239114837885,0.156960132737125,0.231382548787929
0.635500818118369,0.52480996546728,0.186935764453978,0.224090375274336
0.644540524167155,0.627206946596008,0.107031143839151,0.278824952861016
0.548768513370361,0.6259681951246,0.106968873406203,0.221192990997703
0.686588979273442,0.606188856305912,0.176254764956459,0.258426231539707
0.666591641193485,0.620523280039276,0.167554935968367,0.259374364632974
0.643462465356617,0.686864240123905,0.142458713046538,0.243919856566159
0.738303306513456,0.64836182785,0.125673214099485,0.270265020666351
0.756202910792829,0.671777022141969,0.124087569027499,0.265004491533401
0.771535346898585,0.673265371340419,0.11313674401297,0.266360167310889
0.851378476614442,0.855711597380629,0.113401044649286,0.266301900444648
0.635328101901214,0.557367352157799,0.186823126460705,0.320111581131664
0.890642626749368,0.692988672844847,0.151172778143448,0.263008922396973
0.782084139338589,0.737435291358323,0.123589294387582,0.350992319798576
0.60384031924665,0.696313077832112,0.14498574733179,0.213984875373481
0.67511381265596,0.582906837407947,0.131840485405754,0.319011436524946
0.563593877298364,0.633274627517752,0.139531056575324,0.175927217168179
0.614297932364201,0.517641370828561,0.105378897541012,0.316433276440242
0.646000633527965,0.518657390094933,0.159570574830353,0.241191686571629
0.669577844745839,0.577208347517552,0.127222486160204,0.263185833020856
0.654195685254577,0.634049916883681,0.116969715004156,0.201114243880649
0.592763064384224,0.578998749329197,0.147407808794835,0.265884341610038
0.61313987706059,0.607451408152461,0.100827791736636,0.281643250516829
0.637222049317701,0.629198939412484,0.171465143184096,0.273939168204338
0.698015887316046,0.671745174474922,0.11100018281543,0.247621323034
0.604078521407112,0.529239044397395,0.179546508398793,0.311635737574519
0.744368084675524,0.510201421664525,0.119382997040017,0.251775502096654
0.57897569362122,0.570708817819486,0.135239724691485,0.258714979401145
0.708224201572344,0.557633057890833,0.137206993975178,0.253554370893295
0.640026907138179,0.603445543221867,0.0937694101576589,0.219774319812367
0.661921216345295,0.520695680173389,0.0893325475326398,0.214276115483455
0.585792774606631,0.551784795002696,0.193124148037265,0.267079320693131
0.58745356479519,0.553170620846669,0.191034334482197,0.268832525463399
0.703935987352414,0.645732381297526,0.0973591033109943,0.278717718102088
0.723099149822343,0.683427855476522,0.119656330892866,0.247577255587402
0.759053697710808,0.576537242710791,0.121924711963005,0.271090106706518
0.747533328419239,0.669136216662003,0.166419542367633,0.219675581940893
0.753721713824394,0.72220395688659,0.181495411207078,0.227916790040128
0.689672998528444,0.618103477532026,0.17192839884472,0.245912016431256
0.71972438973202,0.503257923571652,0.113923518536345,0.272541042852964
0.894411864953856,0.796680839495376,0.171918957427329,0.240914793870525
0.69915246113931,0.519298707952485,0.117282150124884,0.246248687852206
0.789618237703606,0.578155837990542,0.117816027784239,0.260142757998411
0.774974603923923,0.612949760615516,0.140172193828751,0.268108280114578
0.722231078271995,0.72848819099422,0.1792940757431,0.253410280643315
0.692031485041358,0.553550224255452,0.0882540157897689,0.262785530433098
0.627793025336172,0.714010291751457,0.181026848012537,0.235017132001667
0.623406277893117,0.616553225461581,0.0867464333917508,0.236754698668698
0.664589709045005,0.656510448841524,0.190597053671842,0.277422093443033
0.768927415081976,0.659851695577441,0.199174516469813,0.280238592650487
0.703300751985659,0.629295173071331,0.148771291240623,0.230681317726567
0.836781836685601,0.759682294201411,0.137350510397057,0.277891469910858
0.802390226395603,0.748771218093918,0.114680684276827,0.263033684243998
0.819983741708404,0.77079558664509,0.16541479519924,0.303619491132356
0.883383610956614,0.646070553304465,0.12349132506322,0.355484886965922
0.667818472453158,0.688407882197455,0.146323648535784,0.248056366250336
0.812061289319349,0.655172148903441,0.163483113839209,0.302940428399735
0.732687637874411,0.673894724227648,0.14072825104811,0.239404976790362
0.703036607916818,0.638829037962132,0.13162420788998,0.270864916600769
0.790401802047487,0.617304255925681,0.0989714505730845,0.205303440380077
0.574998892390914,0.624066499204452,0.116238498887787,0.276704628221111
0.816628164907807,0.608113838445094,0.15729175406529,0.229525680210681
0.674779841293683,0.728885673623297,0.106000259786586,0.288354414562321
0.608480505598391,0.482047540907743,0.131924396340618,0.229678288291849
0.601934097686092,0.596053043937408,0.114845916332327,0.18282926748137
0.497978200987831,0.490535234497921,0.118707259557795,0.290845659767287
0.590999383936444,0.627244698198369,0.161419649474459,0.172366973683211
0.626883525734011,0.460978506395598,0.105734572628806,0.279504516144692
0.743849783533902,0.544682223769675,0.157488862463258,0.211529192466231
0.765866067450131,0.507139649262681,0.159259487150581,0.200398227744118
0.611140858468054,0.65911768179483,0.114160161139205,0.277122460914928
0.72986839002964,0.575894434852046,0.144218902222531,0.196242044219195
0.748053540602594,0.584486313432211,0.137584686925622,0.182798359269111
0.660855701930803,0.623107042229178,0.169535388079177,0.203178802036336
0.696198817710996,0.592963175765251,0.110563127203641,0.371277662106398
0.640846978671326,0.48483793245602,0.127933680847394,0.208741904376191
0.613458555125635,0.67449318884007,0.0967981931378391,0.168121485882724
0.66055390654704,0.551176683709086,0.14296583692905,0.252307453725914
0.615990346796847,0.563245429709807,0.120244189251236,0.230642015000731
0.741438443883636,0.596012849574874,0.179547644522886,0.236561860145194
0.713610907431148,0.66146911255118,0.154837999044088,0.236081653558274
0.704140452516948,0.644066435605333,0.173126757731935,0.237405505559666
0.669339070402299,0.627153896063513,0.170626284550582,0.24941034213475
0.683879208535507,0.659957068921512,0.106119426717901,0.277154872121796
0.616120926425562,0.490624521451219,0.162647023205696,0.248746381182456
0.661760002752384,0.647852472744624,0.104510846111254,0.345676722037567
0.599772538171608,0.493762182981163,0.158231259339934,0.241636996192954
0.662578870116408,0.502593674920276,0.121867972155621,0.204798979747077
0.8287128382656,0.593973107613056,0.128285206405559,0.27172158020807
0.700109650322469,0.596143146256244,0.161194099039942,0.356660591674613
0.655720268827538,0.654530878656981,0.126299858549039,0.230858489696927
0.654433046016362,0.567315446098743,0.107090374746016,0.235039218328021
0.708043357414084,0.6472097577925,0.159812301877975,0.256151373678806
0.550590188086849,0.538874964268924,0.112633845809718,0.272312015379556
0.535758978737039,0.551142751269617,0.116130712211787,0.270801742072453
0.653623999548654,0.645031337258076,0.111228774889465,0.239104173852421
0.834519664066318,0.711259717056243,0.183085495299052,0.2784246033483
0.709980739107645,0.613587279119873,0.126755552455208,0.248973694303071
0.690343009254163,0.612222172836384,0.142120382040519,0.184227578589556
0.604623038201612,0.540056597942378,0.109265806135645,0.216767774036803
0.640305245768946,0.614438159897379,0.155646890729279,0.287251132509465
0.796812642631223,0.807565484146213,0.11202858386251,0.333863445903649
0.685969146288151,0.582670458926107,0.192630207046392,0.296035554129815
0.667491436542428,0.567467643155742,0.148512081498539,0.190644493785581
0.694727346339738,0.665054913132677,0.135793179975513,0.203607559557142
0.793959523394724,0.559000985557025,0.157366319095526,0.231838792465978
0.697574034274995,0.546772778094085,0.127032505847032,0.319927072126899
0.677891946181587,0.695561207881895,0.131919291795434,0.236784619174168
0.626156575076361,0.606794832714336,0.113866550721832,0.266684249143358
0.662662988041406,0.561743726521145,0.0982924386412243,0.224735410752568
0.652185268128013,0.540289575240603,0.11970008048204,0.19528668275977
0.628808214054525,0.544025001504555,0.119578689240979,0.225904613414647
0.685504070951001,0.50945670250845,0.110777469791824,0.208531408244148
0.591465839450856,0.5677247216534,0.133984442376005,0.309506698747795
0.744640333120205,0.667037412404322,0.10863369298022,0.254132490972561
0.601307115432887,0.580549289752565,0.117566759915157,0.241537342307414
0.606313327513989,0.476673518716173,0.10566496741566,0.306160889860476
0.740980294114047,0.587174895050362,0.13715359125802,0.21287491683505
0.585674055939327,0.595740773730453,0.127223633498897,0.261623386316502
0.528350209997463,0.540246613728203,0.102182757002112,0.179935754873143
0.710482770134835,0.496315632521599,0.126836281519786,0.209738648301075
0.574105095519213,0.580133097058216,0.117665810716866,0.28536744134933
0.607079376419092,0.498287454532331,0.0969785483098986,0.238048348546121
0.572048910428239,0.561514723555018,0.123809279065698,0.225602499546816
0.599193616265431,0.433778379941514,0.0924167341463844,0.178977083161651
0.606889905196426,0.561249910127715,0.181489285481127,0.27258575621753
0.702070843521477,0.616715840633535,0.104403914364045,0.24995880982598
0.578224581926995,0.514235709928274,0.147483829425292,0.223711785099855
0.583057597287387,0.497639502756984,0.129721864925159,0.243603894338371
0.592398074669976,0.642473020425852,0.117820629501909,0.15776531645509
0.600035979946802,0.551735054000543,0.13189136186303,0.199987611435115
0.716117193856855,0.523467475075026,0.148266405435846,0.289839534899207
0.747048347406588,0.535040871366798,0.137238391633156,0.400292481151633
0.769928556299281,0.725824855249093,0.117242108823088,0.249635303143297
0.688319563151769,0.53308429024178,0.146634428824471,0.223480464133348
0.572714800538044,0.62671661123557,0.119554451882838,0.259757852031547
0.762398161252,0.512885410574695,0.110696296960792,0.208296008163553
0.517399249680096,0.56704774976256,0.119132081748525,0.252810252863054
0.581739441127831,0.597452852268134,0.0991716026738923,0.219104275985637
0.722955955968339,0.557269561513243,0.152623698895491,0.241983580413129
0.62779503345352,0.65815313147233,0.162323170609445,0.185330889794578
0.697988365223206,0.529448105999166,0.1404208812733,0.175071457180165
0.691353214348764,0.647875274089752,0.15624298686898,0.25206086062965
0.726709057807458,0.564088264758429,0.104043756269974,0.238641840437684
0.657404301699272,0.595878602383542,0.106259690116374,0.247903310084202
0.646956524732046,0.622825575135599,0.154908148097853,0.256385327944346
0.618725099512405,0.547619758998283,0.115704274626007,0.28685674135954
0.733226689565327,0.557393369302388,0.146997072737354,0.234365584149649
0.565677674314065,0.648908625795477,0.127050287698941,0.306862564202983
0.801840670568688,0.532861840313845,0.118090855185198,0.250455867926343
0.610991735436279,0.541253897448117,0.111749691957442,0.263212020668696
0.580847245955663,0.514627444414809,0.133317537126736,0.274010434874144
0.77751648175182,0.609178690279608,0.124381962451535,0.223087282725812
0.75017404601318,0.572235081075427,0.154458942647007,0.280929276411569
0.802981814597174,0.753383805975709,0.161394673753529,0.22333183479255
0.706346813453346,0.724651757184983,0.129538666578249,0.19831220382151
0.710917602688747,0.67248513376965,0.111141498143922,0.199174353641821
0.742011332489507,0.535842491490479,0.142869392055488,0.273338758868131
0.75218841106381,0.671007077392897,0.130977942628038,0.258833046590236
0.62425500905409,0.63329306617196,0.14853357031248,0.274452912196543
0.733935870448425,0.564924007259792,0.116956574761201,0.278444544164137
0.737600576499528,0.692749999764544,0.138834817495203,0.243316824397666
0.59644518198238,0.555591582266592,0.136323971121516,0.241433978522459
0.629612998669497,0.713007580635179,0.123802456734938,0.285598695041363
0.604468733138385,0.522316187024377,0.132342977093523,0.196342285812063
0.707968102626592,0.60277457144825,0.120568413724607,0.210295780335978
0.673965862325056,0.574795108081883,0.151686148940457,0.286740765558486
0.798077947052307,0.723879434566315,0.135331653198307,0.291474197360811
0.579606375147898,0.643298772470857,0.151628539311884,0.251301098455455
0.757778751719197,0.469329900561837,0.108739720385399,0.27282400240161
0.516939016577248,0.65174811065479,0.151907491396687,0.250244398824371
0.502257299856353,0.707459688025919,0.148263367862628,0.229919680571926
0.680666224972793,0.647691584067546,0.115078512798304,0.19473284799285
0.620640292697499,0.444247147009519,0.117671355215367,0.296060726319942
0.634767698477083,0.589801636909332,0.0963699114603575,0.271597472870658
0.726899948421579,0.523315142765578,0.116067317519248,0.215567377130478
0.669106967773902,0.637374649940238,0.157904346671834,0.270106591672451
0.790344075353088,0.590031960074132,0.132773151193366,0.334804130193368
0.7610972158725,0.713253014133336,0.244240007361961,0.235045206411367
0.829078657329708,0.685072515378134,0.105330446964986,0.261628739159297
0.783568417568324,0.679064788741986,0.097537275038107,0.309372464299653
0.872605184119051,0.713335459484234,0.143432261027314,0.258083964958605
0.796130277520293,0.605373975515678,0.137319554647031,0.318905329449989
0.819925871909642,0.63777084675081,0.0863231515706718,0.339651450234898
0.702920223447007,0.659557735867772,0.205301828858988,0.222758453800117
0.694013471334642,0.62706033935553,0.202036022081799,0.192744732207514
0.636440436284366,0.533622778208974,0.0976271296848594,0.321819342032066
0.689362590583094,0.508636853231883,0.182322381178533,0.223877578740247
0.76143122405101,0.704790823466842,0.124819388218761,0.382039579204631
0.617295672191153,0.42698044646668,0.151737574445377,0.185076452904771
0.715686010532063,0.713839500298596,0.123566328452544,0.272325547341903
0.634396156193234,0.53966019400809,0.132373485624595,0.237087029923528
0.611661232725433,0.536480678892897,0.158001064911644,0.297636836018941
0.620923602974752,0.638763442245739,0.115297764754592,0.203329014157318
0.653123092755878,0.531922837880193,0.162145673917068,0.291392267432893
0.842037858450777,0.534407622930489,0.155327077386293,0.265758999880473
0.742721524289762,0.615943454541517,0.151586925809192,0.256481969643892
0.715817137276036,0.662599573503564,0.105912653057646,0.248935500076442
0.739183384136243,0.564480199218252,0.187169337801283,0.249824601262504
0.757226464522098,0.56328215454149,0.169096469602964,0.293449485569704
0.783031585864772,0.649778567389744,0.21335020123291,0.247044710469811
0.760220912436521,0.629128102237455,0.218783904607742,0.280622482930388
0.732163626507699,0.680289263031159,0.212876666346968,0.272433391304493
0.70948910084115,0.614846421931738,0.144074964884353,0.296258696676362
0.754347794203159,0.650677190278058,0.129364400858165,0.271444292310996
0.556918968266902,0.506074751059956,0.143965749837739,0.238416505315341
0.645437081944798,0.435679259613889,0.126707114338145,0.231372957589872
0.712183701692262,0.775385911483915,0.162317196733832,0.309991027269992
0.729882707212888,0.760058869491457,0.209081209174817,0.314784538358051
0.725908009715514,0.723609349095919,0.154143039123954,0.287731300421751
0.946785775433239,0.591770562788895,0.25027697222005,0.335414952338349
0.707225685268096,0.73980655088641,0.115388929896738,0.254395767919308
0.696640237093839,0.677510020145586,0.138503098745448,0.249986104094733
0.787224151101358,0.676433781320042,0.119929775623736,0.345180347301814
0.607795893952986,0.569187270682525,0.1858429074084,0.185954114457568
0.695051180566419,0.627931420172443,0.106860898653013,0.298652933015852
0.773037866039957,0.726923734000157,0.15581830212337,0.214389810807793
0.616975183892143,0.558871029561179,0.171781227103441,0.339367129532377
0.83669916993733,0.702435059682842,0.120524341160661,0.27882593929746
0.681786308035771,0.661572399253461,0.156297783533545,0.243737349179855
0.629986399497673,0.519801147966138,0.0995342079685207,0.263610893824683
0.623716125046367,0.574629235631273,0.158954258159824,0.223629473084223
0.613325193541789,0.526190313301856,0.114489953171202,0.252370287188128
0.663802405970694,0.651335789074464,0.148621756590352,0.257715080499335
0.637202364080697,0.516018722637825,0.115933820421563,0.192029558445728
0.663502842300908,0.684863185154474,0.11912280086121,0.27350748556559
0.660968383836294,0.681290636465014,0.116860095164221,0.27093443100047
0.70095479787628,0.532965359252595,0.142667452402479,0.245386156265426
0.611339377406638,0.536420029419131,0.13936848559,0.262437050708443
0.673892631918494,0.433330726608204,0.17261665113052,0.226283278979825
0.526072273827531,0.58201473248065,0.117767362411566,0.202960994299001
0.892310611463243,0.71282770782588,0.172534739459196,0.389912256322214
0.663296058886529,0.644264690553849,0.127250026000586,0.193789915390332
0.720084809613112,0.655624823935021,0.119598120813289,0.204524575236284
0.669868889941144,0.532446497671857,0.125249554282576,0.257782227659569
0.88999447419198,0.64065143839921,0.169793462632015,0.258733541042376
0.815888248259397,0.581061706018419,0.193058853084883,0.280766001448355
0.644339713040925,0.742974993510466,0.102672544483766,0.256302197681797
0.672825898298922,0.484225546972872,0.159644388412269,0.23554761385385
0.747923983081642,0.842251460891698,0.150394042383214,0.333697668995844
0.782094185265739,0.575498953215563,0.137574674855751,0.222185996241088
0.659919358467419,0.421003046861999,0.13041205026071,0.241463138273074
0.52944276331809,0.63628357409503,0.11451305648303,0.192457797710543
0.676838154320073,0.497299379649811,0.131917810840217,0.306417945995792
0.665431544309722,0.81017828795287,0.124053258890408,0.257711867814034
0.655887014966906,0.455731727673706,0.138430427495116,0.277327641428744
0.618168886710623,0.623869353983427,0.104914139154395,0.203998171407498
0.871051628151587,0.485485452386298,0.188594465620019,0.32450885370025
0.795150033048897,0.459454337224726,0.18215607136651,0.287847840764655
0.700803193788628,0.574005213914862,0.189514251021423,0.292402467961931
0.750116692761849,0.576856064005472,0.148484731028362,0.228446625745129
0.65232975828934,0.598258727476811,0.118199255486752,0.27582119662743
0.822396276777295,0.758902961763955,0.186253218730069,0.290930489306554
0.687285612862795,0.513690352840057,0.103523713283811,0.239867072412873
0.725358543886036,0.690917445308938,0.17692871916836,0.259568861039201
0.76918450065326,0.670174845999901,0.126242455828183,0.266699504585844
0.673047602986759,0.649060344145366,0.129407126398274,0.253929000113712
0.641488862463196,0.578592202876494,0.0948897320446446,0.260417508715868
0.659224312645104,0.608857901006099,0.166034336787883,0.224481923371174
0.625389991844211,0.633986578042258,0.123951698067905,0.257143881632934
0.629116915540171,0.516813104637855,0.138984134791031,0.264351625906166
0.60177249807992,0.492081075049708,0.125289565174325,0.248538917293779
0.564019853133737,0.643855659331817,0.115178112907302,0.250760080207495
0.66639256449547,0.576742559875115,0.167316547443976,0.221620358466858
0.63002084478276,0.526658521317799,0.160537970390357,0.24578758160144
0.701550758231076,0.694432369522231,0.140965094743449,0.256821492997541
0.699616766188099,0.466279007751391,0.130693659098249,0.293290997465805
0.699644077404605,0.565650106911367,0.117853440550477,0.230309349238563
0.733956087668377,0.692553258109334,0.16598069131754,0.334572723546276
0.712990738651422,0.528532479127822,0.112329771269245,0.2251712471346
0.572937896284422,0.598875537918208,0.119188255005068,0.289598992524173
0.610985949929359,0.628116306973404,0.112959343000142,0.173024938499903
0.682137103240158,0.589308635276877,0.15690857125832,0.320747556127964
0.609622877344301,0.540117872745843,0.103619600425141,0.237008564072826
0.802702159269489,0.607909856892414,0.165334105801045,0.245576603497237
0.911744550540228,0.571501361916508,0.16646417689861,0.228848185636159
0.92690716953253,0.564831599664856,0.170505400891386,0.231003753475003
0.679895776511217,0.714308435886419,0.0988660182915111,0.265948529886344
0.709786214368182,0.550612440207369,0.179361391485196,0.289203654706265
0.668137369484231,0.529865434332376,0.119308670125866,0.249324069867724
0.667424159818217,0.534949648927013,0.161044023305197,0.235885717815857
0.745297247051552,0.609045721557226,0.109935071417307,0.254654031325129
0.619859686906145,0.614009745208722,0.148205122315774,0.280290539755234
0.65733072501615,0.633351700001845,0.172462582471788,0.231441418037225
0.67782959517833,0.544525126849311,0.124929629344194,0.277423926334928
0.699953980219673,0.554192129721073,0.14697969182501,0.212181992810493
0.77863724304025,0.604915299847472,0.13155850767119,0.331103318515845
0.607622432596917,0.593332787236441,0.126574533447692,0.226978527967562
0.790323473900597,0.563779485993935,0.146062521131328,0.252196535705638
0.784528825873392,0.692251749792371,0.145530575560252,0.317144688176854
0.76599026330083,0.771333972364762,0.130033787651603,0.248137552050487
0.758954990844594,0.542171487335621,0.138211254969726,0.279980251488878
0.568279350148731,0.698408519537122,0.147206389288813,0.234651096556327
0.727111775594301,0.517431511804322,0.12116551138823,0.249591028345079
0.586989364183761,0.725937604883663,0.159510358745941,0.231810828025774
0.943996443818558,0.552647616185291,0.151010105293771,0.292181718592103
0.906182798671713,0.631230742789729,0.169558363519708,0.282845588320197
0.52413128962378,0.647200025023811,0.115692288691004,0.260523196247065
0.780458715170618,0.554310132076123,0.163058623965669,0.243397254644096
0.79350751087233,0.809514917250559,0.185067004654721,0.265057595951199
0.705270393082696,0.503987273783054,0.109468260713849,0.278055929817588
0.642131130505013,0.653444527292698,0.136367773578434,0.225830948858149
0.846331254696806,0.753441679583623,0.151244791582985,0.172125062891481
0.562866965928894,0.622738369874159,0.163422339055226,0.340872436690596
0.896658083416197,0.677941350999265,0.140467986751395,0.227135538347819
0.619225697651686,0.585750078398389,0.135359512584923,0.295783227915316
0.641328176127782,0.58215001343507,0.1467181540184,0.320013232215806
0.741824340671038,0.670878097111215,0.108537098688467,0.213851121314575
0.747524656445495,0.536738657001603,0.141572936035998,0.23755860744259
0.584405456743168,0.651248936863319,0.158100846549466,0.217236208839557
0.791167555573691,0.604242616963732,0.107099821833627,0.271894669809209
0.548698363666023,0.704235973802444,0.181416436520542,0.280253025976749
0.92905589423108,0.769173811759327,0.105094971994691,0.257782974737434
0.602114001595392,0.623093249221857,0.165092090715543,0.271287103930343
0.980634532607016,0.821464561674683,0.122351054332939,0.26573700361463
0.612582746849783,0.639314998856581,0.148069642765116,0.231713783999233
0.660388307469023,0.569903379071942,0.0962773425568787,0.245770309904585
0.56470700533683,0.499565112509221,0.0982572312850201,0.203553423373356
0.595322783057874,0.470289966570834,0.152134699120372,0.239420454366156
0.680747962501292,0.521929394417884,0.185411689478172,0.236932768795856
0.578559392633033,0.717909923422566,0.104692425703989,0.277210815335789
0.843102746598696,0.567968994924027,0.22628281820846,0.242496869829567
0.630209936618556,0.602648931791894,0.0847396661331807,0.344963444724675
0.823572330487538,0.56035401138012,0.206161760176509,0.209180443224602
0.603413155077983,0.586208695667765,0.0960758954986738,0.295274211012571
0.715374080927117,0.585063741126448,0.202900851791666,0.275481050069472
0.627195660390353,0.595079269388675,0.107397253497553,0.191983825864545
0.697568985909757,0.54812762012171,0.188537183501598,0.302216963435456
0.710316097145058,0.70380923607229,0.12417160130174,0.219910857472114
0.674821456322521,0.620894684635293,0.142902594306263,0.301820087556136
0.707230190146839,0.601121973063513,0.132336255868384,0.214331573608049
0.631959448756287,0.667865394413253,0.163110798021591,0.228703064689476
0.761631339240829,0.690038791464452,0.135657418696113,0.252674962023883
0.663929863064683,0.645525100058095,0.183381266676666,0.270890554921538
0.603226120659109,0.480935818890607,0.0879617340082186,0.218073998329738
0.628965096417563,0.506101125785922,0.0900545553289346,0.191705501246325
0.576624139124965,0.546456768931295,0.161993578582891,0.226214331680845
0.634988182099383,0.520671022816685,0.0864171819837009,0.260527335807592
0.599191248340852,0.506329212981733,0.194654993443592,0.220347779349274
0.648636097659571,0.607380499986854,0.112216276268469,0.28345716078065
0.544182558739124,0.513806762506824,0.129286702590468,0.334998414802492
0.694244772397917,0.630674869439528,0.157074835406578,0.208835345037651
0.67892192858212,0.535938709650697,0.118492480155114,0.21608365517866
0.773163812913169,0.712627982225442,0.116047251701606,0.322658378679142
0.69533344232687,0.579798375377024,0.146859179886792,0.230893737190586
0.577072041859161,0.578603098840479,0.0920349172606638,0.280803338046172
0.667954576490715,0.568370989866249,0.175235919282341,0.224876864194558
0.717402020196169,0.487876298336774,0.0806314934733402,0.234921977693582
0.610876931145542,0.534339001408692,0.157110686130286,0.224444045119267
0.645344632674637,0.640716549807098,0.114502221929689,0.188598354105479
0.62442341002838,0.57294007306812,0.134222298369807,0.360897606376366
0.730645096755906,0.597390072774756,0.135301976154411,0.245164133191256
0.664052244830607,0.547196337562951,0.0921758573058975,0.210913508929103
0.699905979484705,0.455706244447531,0.131338872932405,0.257771363547268
0.588689281296039,0.726351003356826,0.157736018541513,0.267157533709572
0.894658572312343,0.642077537553416,0.142444307838347,0.284954924733861
0.64715780079365,0.608692154000517,0.163251908220433,0.249232179254054
0.813681101906956,0.619012620792698,0.151564381963043,0.293351862608228
0.688914226707553,0.688468252540112,0.133902649642295,0.246440606183804
0.675598608149113,0.625118950604927,0.113127169425444,0.359702515064864
0.824020445378306,0.663298646456246,0.175549679857254,0.315536977521155
0.711992611488797,0.623405596304928,0.106504665033169,0.272290253023001
0.753160250952684,0.565131022773414,0.125883682328827,0.247141791464999
0.547971327934207,0.590784429855856,0.155844477481274,0.240170386803552
0.738623159700291,0.513928505267107,0.112357144992552,0.275794184361197
0.68219853362397,0.653371917764768,0.142327104916903,0.244693316716286
0.65518161653719,0.447328887818716,0.146448428006168,0.243918915521098
0.716350249818582,0.524008906785354,0.136250367139111,0.232053637384768
0.596928058124918,0.507394506416626,0.108668110329554,0.274475941812389
0.616471804469494,0.457299184491909,0.133420523620821,0.211307490365856
0.61010860175236,0.658909978457761,0.124888027833033,0.268112631080752
0.810207747483211,0.648314816758756,0.182134049737357,0.241750926366859
0.738881541811945,0.608974944509612,0.125279420793509,0.297033329545005
0.83662516210456,0.709249219926152,0.170060442138559,0.296285020947436
0.56477326413602,0.560217960572472,0.124063839051262,0.242894921690704
0.705012300451248,0.59616064281175,0.141215934437608,0.254817881583805
0.669902251875054,0.703743139499372,0.125685954600647,0.226689063383756
0.751869229160641,0.572375461214672,0.174299939639909,0.305235029294817
0.697647636681521,0.575043359083896,0.157010246937121,0.221429848276383
0.670184583118004,0.58984129907816,0.167827261209386,0.234012644480742
0.705450806941472,0.717096325822244,0.107514026870302,0.285889196951954
0.796040444457689,0.67334464234775,0.103176602777146,0.277273321314801
0.7104793012935,0.799382772737596,0.172909399699534,0.251605118746214
0.89502453330901,0.580590316020017,0.11100068274192,0.241537893799118
0.904206486740078,0.522740040785538,0.139978584042681,0.234047139135461
0.777335462131662,0.621652559311796,0.135363841837667,0.182551905135769
0.576396187462835,0.55894893578819,0.130192841961147,0.275421000566073
0.623654432078183,0.533205611893513,0.1431643612174,0.272002742368742
0.689717996817713,0.62558287653744,0.12924431693812,0.221315849878759
0.738924951904445,0.588186060325549,0.136365036696779,0.259388999612502
0.69516166728544,0.705039154516509,0.106480986680043,0.237623794914853
0.681303692231362,0.518101876332488,0.164856881493849,0.24973504920133
0.651970584544938,0.584875548482922,0.120673713413908,0.24371512863352
0.646976692098391,0.572703049307716,0.120246967132488,0.270814701982811
0.533415370813796,0.608114994865305,0.13519004799177,0.237297702902598
0.657358269038105,0.448281752511566,0.133841841959448,0.270234707020576
0.556177870011546,0.497024934582535,0.132855186178857,0.269785011496396
0.680707825568599,0.489886771249045,0.0971884935189133,0.203004190684725
0.590097681583349,0.672738768705466,0.0981308816016333,0.234058725491359
0.681876655932794,0.582985374331398,0.135793608015162,0.212710186906894
0.788110315783307,0.688765355919069,0.145680425612014,0.323013500436557
0.70015968331812,0.611647538938045,0.113554146755224,0.220648728737046
0.577910517103787,0.646583031505089,0.137559538552854,0.396482593429781
0.636823020693549,0.606480374177034,0.105323657882886,0.237150337069952
0.77987607226798,0.529692527023899,0.202620366436836,0.261651776232763
0.790053913971081,0.71062428628872,0.109091557159398,0.268402773051993
0.817194757449186,0.625409764053544,0.18412193343936,0.384108814683015
0.639800648895503,0.722623230671226,0.142474997936298,0.167196066667364
0.665928648385421,0.508991162814938,0.110942743308801,0.326592157931722
0.639477305610304,0.536488871107729,0.200918970541089,0.205488343223928
0.722059739887037,0.588096281717056,0.110943438269432,0.256443588515681
0.56413182296161,0.591799847985481,0.13173832777525,0.215541486914429
0.530670977074886,0.561911513595093,0.144192440133446,0.179881358637011
0.723211763924327,0.530331307378877,0.117685604405446,0.31146487917166
0.585472099812214,0.635865276498271,0.1509782392693,0.19532274146447
0.572828785110827,0.710544134607381,0.158502504457798,0.233334377891801
0.932731849020427,0.638545005068767,0.147447244010806,0.280230595917434
0.591221953191749,0.537704191915351,0.142819082880184,0.28841000944383
0.674611504575333,0.461705152169657,0.153314609128957,0.254981966604229
0.67569891727559,0.573446514621498,0.123937742811384,0.281339810244138
0.767019111772622,0.545675186350373,0.150411889812772,0.263915480453462
0.658586043502907,0.715402166424478,0.125936558380572,0.312934360945041
0.755753727309549,0.615940244366126,0.136534364823043,0.249395337841304
0.699486822655336,0.734282638036156,0.147709896833086,0.244302233697318
0.871895009836765,0.865232795733093,0.172046675301499,0.253940257572466
0.636588164207165,0.480882583879983,0.121569658548092,0.262625630615379
0.668423287708573,0.500991678824042,0.159281054913338,0.254976344558657
0.643803740023753,0.466412671520427,0.134336968962589,0.276275105689311
0.621901250537145,0.730043037961637,0.152891807578986,0.226357144534489
0.564389161023614,0.419174240075843,0.114543167005981,0.221432412967381
0.638041678199294,0.680091728655073,0.134605853703178,0.266739626852577
0.680748627879617,0.541498082548327,0.0921532846644268,0.215212964216343
0.614129111699169,0.462062434478757,0.107298213766014,0.170078784240411
0.634708222548161,0.497499338143985,0.113868221485329,0.162728139227538
0.65497192803397,0.559338612575056,0.122987444936979,0.233467750832887
0.668299899693125,0.471124454142218,0.112565075246092,0.20034905089055
0.483249698466777,0.665593700945762,0.140886842737955,0.263034364177808
0.86198227400005,0.490023680602271,0.111075917778854,0.223288566378809
0.561904452790449,0.568724623464865,0.15391331611529,0.248827917323517
0.695020670129555,0.60743758198806,0.0931015637825513,0.253407366311508
0.657491797986286,0.553167284481064,0.182528559853661,0.23501559253707
0.680792431558612,0.663509307129823,0.106700068080174,0.25821904586622
0.637121500246373,0.549107580006214,0.185783413991635,0.302196173978629
0.550775584921279,0.463420027249206,0.0899567177138802,0.16325649613849
0.533990016182829,0.512597215306599,0.123526827481914,0.271692604420522
0.721870428691262,0.562861796093156,0.126576692931039,0.245777898437365
0.717435390616248,0.587770770405055,0.122250366093567,0.24662120546799
0.860437695381687,0.658400176885282,0.12251294924164,0.321481468785381
0.669659513584733,0.620198336958563,0.16385883242091,0.257398388774251
0.71962828130398,0.647938041476963,0.12870221262882,0.301697299741795
0.694700929811474,0.564167261465659,0.146332805764955,0.226534283791698
0.613093555776959,0.61231851518371,0.164719857122605,0.229241132927701
0.731959667768865,0.673357851598424,0.187348546768723,0.237714663959868
0.649451565030218,0.613986680416109,0.203031794706936,0.242128148401596
0.661203486497877,0.533042841389734,0.119225074117759,0.233836016403588
0.583804150774227,0.650414065025912,0.189401690860797,0.263366535171353
0.803511456532349,0.615984467870055,0.132787589373421,0.246784103865175
0.502044999586397,0.546205427795577,0.118363493904648,0.276006346029476
0.698782820594711,0.527366681851156,0.141208350732007,0.234301678215129
0.613449156859828,0.540593315706082,0.148379064273917,0.288877951242879
0.627950260817079,0.552690393490255,0.229843849101793,0.199020833166866
0.559449365299546,0.522187273345207,0.0672465476773116,0.220874460191247
0.644078728237406,0.559447479088729,0.167431446153716,0.214823924969834
0.605556037758427,0.558167892149741,0.0985240928771265,0.33261087753388
0.55367078493985,0.55643177939763,0.0854840266590872,0.220376149539026
0.618508271713185,0.531262263174914,0.0845592436028294,0.3276377872319
0.632238620443022,0.592598479051884,0.198087025044001,0.177248931964234
0.612576182453884,0.501702644550145,0.102472160423491,0.318305761519173
0.658246645284668,0.521235293067482,0.137759722431535,0.209282714504251
0.598541993331303,0.627286098701979,0.113755259055186,0.257903827216621
0.642167520366272,0.537899697034818,0.112006891059799,0.285436533007676
0.792979060168939,0.589150231832686,0.152090869028319,0.204967603565619
0.852638290193773,0.606141476756422,0.120107100877358,0.269450568737597
0.688594208437178,0.587034956814564,0.164685016238318,0.323376469805676
0.764284749433739,0.636781272524744,0.123771061038096,0.235487379482196
0.710346806273218,0.584344534182411,0.139271623457684,0.252349585397953
0.591094456288785,0.597350309856061,0.0900276117608554,0.237841693323557
0.726339216657797,0.629893389621351,0.166013641547898,0.226190947499886
0.620162728079189,0.716198751651251,0.121963364025589,0.282630495129298
0.779533362413619,0.556781241061494,0.206257701697532,0.301012492250371
0.788113875101627,0.701424750149334,0.181645493782785,0.309041890322519
0.792929186962506,0.715213505182316,0.173826269100039,0.288687072634339
0.737296621697982,0.6222777101242,0.136895120671949,0.307090777454518
0.542951631407487,0.527362458544567,0.130786822195296,0.192418212853385
0.674189814718122,0.529163593360436,0.132736677137046,0.247362391808095
0.647048304918409,0.591456367790282,0.131076204354807,0.285994405291453
0.663930657734559,0.518570190154393,0.135032925996714,0.226832302817059
0.762341461637511,0.700587200140982,0.126907973075212,0.281090366883861
0.819472247124997,0.643564141654843,0.169637503274672,0.252886269045846
0.597205946682887,0.549442724867268,0.112932803206038,0.263039150035595
0.786334998343503,0.791660046266494,0.146805116745874,0.223228362574815
0.74921191185359,0.74435894054564,0.112224228904141,0.284483585771032
0.672627650855994,0.484923831377787,0.158309715049638,0.193560626029822
0.585460507232956,0.52268160117283,0.162153505895848,0.23306779858908
0.584357568542515,0.664878303010857,0.0936316492992044,0.221303907725596
0.661590305793121,0.524531372249772,0.146704591779697,0.265326739161586
0.732131482315689,0.446027209836605,0.207757943453516,0.27475683834761
0.747572178264995,0.77879049211726,0.095213077896803,0.217469861843912
0.632732976221515,0.625271874274582,0.158077263463345,0.234351806238387
0.684158303285837,0.623605827533236,0.13894835075386,0.261402353701308
0.675765836243648,0.658340219596142,0.133206296940689,0.269790501194932
0.726002733603082,0.561143078710615,0.121089625875227,0.255271139580058
0.636373832304712,0.76257419814825,0.179020001087139,0.317579283726216
0.873896323797191,0.598052552198435,0.138083116469463,0.322975690796226
0.919136299403299,0.634966632473738,0.139269287986191,0.300189746295582
0.675056674387999,0.739399925293718,0.129487079013524,0.304211979723852
0.712827146062016,0.518971489706495,0.190475465655156,0.238492453527212
0.740564401702722,0.542772092809357,0.161279540438567,0.207222769142485
0.60183995968956,0.657679582317148,0.127414444524146,0.251694172329638
0.649283996016569,0.59131632325597,0.135598325612772,0.202897502476234
0.764409058208542,0.750569197158761,0.143607497387312,0.347963131759819
0.702639518711835,0.62321331252941,0.174638755402241,0.213453764272596
0.746322636198926,0.588127548602928,0.114353756019557,0.30476576472361
0.613454130591053,0.540829550190571,0.151304713026191,0.195626001006466
0.764463343824677,0.655899676775959,0.128648657963839,0.32177162848977
0.715490961773306,0.776056881138462,0.107491363236721,0.241757234759901
0.668016098923213,0.476851205939738,0.201401634919229,0.253862203135075
0.614657536158172,0.680425936715903,0.108813581151593,0.235435518966361
0.671104560460458,0.447351181053357,0.12291606703448,0.29101323531527
0.672674330514031,0.742919625771314,0.176432257329157,0.227011601396749
0.685114089936285,0.561868926579156,0.148328448975257,0.331053008743033
0.717842062150465,0.649902669940022,0.157673599966515,0.231529406575307
0.750224805833958,0.649068731484352,0.136367547036229,0.251053711844179
0.770399778202387,0.673516993355505,0.143268912113767,0.262815066341542
0.699634477426946,0.637180531795112,0.151226012064318,0.296937670345861
0.613009957672197,0.611366271765665,0.130341453128923,0.238949535264392
0.677991768325594,0.593441559485526,0.159827183223839,0.281163233027242
0.594678342668591,0.73185324684836,0.112083580625249,0.281244946710632
0.864356331484326,0.582832687475832,0.173090125799151,0.264925938531856
0.674974697704717,0.569254596793147,0.115107113070684,0.316454918589254
0.792707312473428,0.717058322855979,0.180922115913267,0.278866914550005
0.828197525515858,0.637669444242104,0.181410010970584,0.242049254821911
0.782475307474245,0.832729030099279,0.117480385368401,0.37294245544516
0.851224437919028,0.753708323845863,0.212207083473551,0.295492516906342
0.721949054355533,0.72321314716663,0.108370032651221,0.284685286667426
0.700993255761519,0.67195755731806,0.161080674129424,0.253134350317425
0.738938103756982,0.572379373155727,0.148417057587414,0.282584574030771
0.823225496511978,0.727748418930038,0.128562585856889,0.297574554916965
0.74338426586435,0.514855417051504,0.17776120246001,0.230988936518354
0.653515432835082,0.707497927473286,0.107815401616595,0.297503303029758
0.758417920046249,0.598521924203037,0.137993410318468,0.26151848672331
0.607330680871546,0.640001637790864,0.130521441620701,0.262382684615357
0.640901012372596,0.661964623821711,0.119367633958875,0.221003879530268
0.679280320919004,0.577016832654989,0.161173905244717,0.226287091100411
0.616664733383251,0.537996694125971,0.142178540037929,0.222461411211268
0.695770637263366,0.601339982034698,0.117774823827996,0.227587769190769
0.690917309891104,0.762600427385808,0.125426235605889,0.24705754437803
0.520561855525124,0.419886329097227,0.146914752329929,0.272708855583804
0.635164845713449,0.726043896989983,0.0998550626109558,0.219631097139495
0.637246466632316,0.602083011348426,0.0790213198160432,0.253930349292265
0.676644471636435,0.612571326195646,0.155960401468945,0.258394849560446
0.602998788215416,0.482904925054845,0.0976460800806498,0.228948982928319
0.622487063477862,0.660906001064867,0.142105348511179,0.261435645164143
0.708285101804462,0.530251847663464,0.105716952060434,0.257088921785204
0.825438927404965,0.82704132621272,0.174559827401059,0.302274634781993
0.718785869859513,0.73887252649256,0.088834387138597,0.307569616200468
0.8365677205613,0.745363123561446,0.235768232205662,0.227028693203796
0.720805033142869,0.702890644750439,0.10395491138189,0.29473561450028
0.686602098080388,0.519753115083592,0.178745377084274,0.193026581725973
0.66908658090464,0.602484382343889,0.0984543849894217,0.327961422736304
0.70156430792172,0.573036395727869,0.190014102998251,0.221588564424609
0.690594174136151,0.561845481805634,0.0973719742042086,0.310160154356746
0.646843820195012,0.611573438438089,0.155668027469782,0.20492734597488
0.633462405076719,0.552861850523035,0.115147601451378,0.242114976113228
0.630523668602309,0.585711094486856,0.100773189803362,0.246879357310393
0.630130866025112,0.682287535643249,0.164587259410237,0.268119812519197
0.671789705492105,0.542775767383921,0.215807988591199,0.29211579912622
0.990226339747517,0.662527840762192,0.129241931246863,0.287037537547749
0.605789742399165,0.570690195544663,0.215988904146796,0.254610611831006
0.664280822826716,0.738817674715673,0.188236471050661,0.299119582893778
0.650764265839747,0.4826532520652,0.106624214546872,0.226594867565895
0.603229835837373,0.573476798825085,0.144183081673474,0.251316014035915
0.651263968359436,0.473830000711507,0.122302416696922,0.216874062386029
0.659816356207528,0.578128750250896,0.121405534325927,0.219333329444821
0.798463911099657,0.668000329638575,0.148205696658478,0.245929339075844
0.768814682645175,0.610382238592059,0.116489220775907,0.253618913404746
0.625652285154716,0.611296350512784,0.1379374541985,0.291158723682965
0.614166956079043,0.664650729957549,0.189394448682452,0.33640409360666
0.892980835954224,0.644222613639857,0.175023333497327,0.252622379317266
0.545796067386955,0.52695525078329,0.105568955634917,0.251862456834036
0.628335369962941,0.637367186683846,0.126347995706755,0.214834307573476
0.674217057839552,0.623007259627305,0.115115135424745,0.21514856714085
0.645209638544007,0.595933568849778,0.153367658061162,0.227717380638325
0.701783389590884,0.599723320342145,0.114492109949797,0.226596683293341
0.808198869763642,0.667173236516981,0.18264571411937,0.307832371443091
0.682580787320576,0.750811795667103,0.111813446452111,0.295381601516522
0.685660752264244,0.51131421653271,0.252996842309734,0.26335642373861
0.861260228496557,0.772216385632212,0.0870165751276323,0.294426586858767
0.614383890952622,0.488381317669823,0.212812959755802,0.203241795654206
0.6313440281984,0.563380903098134,0.103607642695164,0.259544525765761
0.661679057626969,0.56403689613463,0.182628669149369,0.296554387832975
0.633623620163858,0.746116868394331,0.0950803521360408,0.212160002181985
0.755257911892408,0.679641922005633,0.154799262677453,0.33111257434545
0.81112455644149,0.625141788969193,0.142208618231331,0.238848680357949
0.728105156515631,0.646506590410226,0.183701781204926,0.279908900857138
0.803384109476624,0.689746194815071,0.121878818809651,0.299080927635694
0.605969869139736,0.483037905136095,0.129921848880676,0.213496807943779
0.63259658612747,0.573729851545086,0.135644734622491,0.197056943312618
0.525528315415315,0.638517357201919,0.139062752293618,0.210859718877609
0.627501147313071,0.577970099152358,0.112823247832908,0.216231895526653
0.604824345522972,0.495845415858548,0.16449435665533,0.217132347372549
0.775216372193172,0.718941982497623,0.134339837742397,0.318397394375114
0.768278053072168,0.607869509154392,0.159131698491689,0.234426145094589
0.635676869860931,0.666484343817246,0.128503864456472,0.318424830809434
0.728765162296005,0.543637737813086,0.125159729794802,0.186764814489484
0.598183547393952,0.582262413788354,0.11650901161557,0.294393742052862
0.860140165821026,0.677161190411117,0.173189300641994,0.248548599513186
0.784738757715006,0.785370999984438,0.133749628222739,0.374292748530732
0.795892833975645,0.64582188153757,0.17436101792368,0.234307261599761
0.714050707392271,0.60075836935235,0.170381282292647,0.188070809440946
0.668599004353657,0.588317271098023,0.117633779079093,0.291168281070708
0.747345166766621,0.553852067871595,0.112075558653763,0.259007087226683
0.642911481588224,0.617366671925767,0.131599282112732,0.219589079218278
0.661609196858391,0.59768328160107,0.103058502062612,0.289648505096722
0.58309934695959,0.572701782825032,0.154484321476089,0.238700069513612
0.636572341542822,0.664514060199506,0.145392871669076,0.281647903164781
0.694899202568198,0.626667449048981,0.194380289286622,0.301775157897777
0.580413403978104,0.542998011615989,0.091527277114092,0.204127269033067
0.651910214406771,0.514619124448591,0.179116494770534,0.258569879231971
0.685278596089743,0.69020334435968,0.17818151608254,0.271959157534788
0.833859876273264,0.676797415518529,0.107884339261797,0.253477435236588
0.681769840764306,0.463981058673088,0.167825592500258,0.267852702744966
0.544279114212035,0.738390853482053,0.121040655758635,0.240305362667172
0.693667758866305,0.762640145858291,0.154697488779748,0.289107922872395
0.766236455172621,0.701682023506873,0.176087591414894,0.270382122761829
0.871252282949924,0.73378151955319,0.125253908349945,0.323695425312008
0.664239512530133,0.589490363112158,0.149368369801199,0.258822170892337
0.780469514952438,0.579260018333503,0.138469255791211,0.222410095437694
0.49665544569081,0.486120263815977,0.132415529540859,0.237319344531192
0.692857320609544,0.426159362406674,0.115926957639209,0.21159737757096
0.69813383126502,0.540992524135861,0.114837087776376,0.229716688196485
0.484324682367954,0.506733589065189,0.109689636638309,0.233677104551437
0.662903665606291,0.519123510889709,0.125039401314096,0.200787557596075
0.633342480781614,0.680693566784131,0.111198308880647,0.220715464421131
0.612412350030421,0.662373042340922,0.107685408977299,0.186683872039903
0.755833818833235,0.506354535890882,0.170425860926,0.281815926757925
0.671749700614749,0.664214407325044,0.132271590931045,0.208258953886325
0.87242354377426,0.647099173825388,0.110373660135206,0.373157715297428
0.572899087972503,0.622361040536693,0.172664663907442,0.218477798741965
0.71859003470746,0.616980052191487,0.126242434284127,0.243542088068867
0.61787230824541,0.649649821554944,0.147304780412923,0.269630591596009
0.689082217951214,0.601975227261347,0.136098017909598,0.186779060416689
0.684476608016034,0.62565150278599,0.133086325283675,0.178684140728595
0.667111265201195,0.682861430728013,0.0999910234723763,0.24298431351926
0.734567270465207,0.664481557361582,0.159124329290975,0.364264784241516
0.907018068188247,0.769408698147393,0.166152611239251,0.376093064691995
0.640955324868593,0.759598636813956,0.154329612029628,0.220032494234025
0.676562941280462,0.600174376358289,0.158587662150265,0.269696471649969
0.675940940175369,0.670709072663133,0.133172071100624,0.295324628908504
0.740167535640252,0.512081510143164,0.142461921255245,0.183537805714312
0.710514714063782,0.672956989440484,0.148654964577627,0.331867804734636
0.69349582358252,0.484947960389406,0.139688622224364,0.293420735626056
0.591904594064437,0.57283594730918,0.135092964939844,0.176707459315279
0.653506665649675,0.482771938759341,0.134749489332916,0.262565354000605
0.712438959001726,0.741465235688432,0.12084830568374,0.206538583046123
0.634245704665908,0.795560417506793,0.137356197949496,0.210902188928952
1.04059409155124,0.663885426752495,0.159529842280291,0.327482611303499
1.04579776706814,0.619472383339199,0.135886645716973,0.341906624427809
0.730451571485519,0.944831336013945,0.153184188850237,0.222513566702028
0.769304851205788,0.590056618861034,0.156890335109294,0.318860922676899
0.693123772077813,0.535151065234117,0.101678852328384,0.230950673020176
0.634903365819421,0.824758227835668,0.105756365054681,0.287857595266451
0.743539731653828,0.542462358515341,0.203678749854425,0.208680867293175
0.624484291073491,0.496009678589005,0.0924452819035119,0.289332242006812
0.562088591893791,0.637343650737973,0.103711164391816,0.307840803435604
0.755992701097794,0.739948110618499,0.154455741400235,0.214104866997909
0.76736778935791,0.628363915422467,0.140933555353089,0.323396607614079
0.766070198255783,0.664163493948902,0.139330468940187,0.222040755341671
0.704561086923963,0.579461147936222,0.144833265581806,0.401355047833357
0.685646364562262,0.58130636128214,0.12445061699417,0.177240689568043
0.663255307819467,0.623580230690674,0.152131295080676,0.271415085830415
0.657603097570036,0.619975591202016,0.128154424534814,0.227787066430841
0.671798831518151,0.524983764644958,0.152745427695831,0.267338343411782
0.765579216871476,0.635202949737584,0.17495212537981,0.205201194108282
0.632550082513907,0.658029652201517,0.167976809998157,0.301558937282207
0.774739492271303,0.747171679624494,0.118430971801991,0.258443937884204
0.637902207615583,0.606953116436446,0.149982173379277,0.261127968025039
0.825678354014619,0.648292555813456,0.096110497277709,0.268759528192084
0.57081610985808,0.604680867745819,0.183998486860027,0.255069606220741
0.649408009412812,0.618899199174493,0.13678712108421,0.233626353224247
0.712270609389917,0.613145704936972,0.170366771671749,0.266714228274926
0.692826892259604,0.587573041930205,0.153161622706016,0.292170740433261
0.642586124046983,0.564762529460173,0.147349741485463,0.229136523826515
0.839898902686575,0.743147105380024,0.122546596239322,0.279572164074496
0.623412814272515,0.52112893269106,0.127611194273343,0.296228729433857
0.772439339697388,0.725737560848867,0.141743179894511,0.245487739889821
0.682443877032374,0.535564707719486,0.17265174780935,0.279671903650173
0.681582211210347,0.580006761582817,0.149937561920504,0.290869209118981
0.660201579711646,0.561977665472722,0.10038590196999,0.194848742669275
0.65514266920577,0.562632620439408,0.0993680061460415,0.198109106668536
0.548387128878182,0.569287593184123,0.126877447002007,0.243803976489021
0.770068248259702,0.648873933245162,0.161281647123284,0.311550254473696
0.774306821511979,0.688609078100127,0.190781402295528,0.27412366488783
0.878292415962674,0.667117220986054,0.139968986029219,0.257512771728796
0.600380817831969,0.556869482677163,0.127907976788089,0.282306084669457
0.644056394260783,0.676683705248625,0.127787469986856,0.30283373218335
0.632077389315431,0.671947945911401,0.145835701895259,0.314176769845905
0.786440211521175,0.681912060688894,0.180390200371094,0.232284172238617
0.761298323182274,0.61692355326719,0.163213796543562,0.244311922142917
0.674175099188186,0.682782390714303,0.125294529592762,0.316012113361233
0.742061193848198,0.507780768757738,0.14309657482771,0.27668764442016
0.661654991016335,0.634150979994734,0.153884298505594,0.2926926434019
0.63479848654566,0.643101498127379,0.120372797871254,0.279731101132225
0.807889390498067,0.667826770807715,0.190294194842033,0.30152352131925
0.665294118653199,0.648825745610307,0.114745053172054,0.2487038481716
0.617392166398616,0.725319246019034,0.196337170270989,0.262332248256325
0.690734649813365,0.507451210035637,0.0997891861134494,0.268401243119255
0.625315212577274,0.473734935002394,0.140183761509103,0.244956196762557
0.66901776380993,0.657535201960239,0.119424748780991,0.22273207611862
0.609381128773374,0.63182294444792,0.180486403135594,0.240618202670921
0.672729466660792,0.64595928699161,0.122624090614291,0.283747985240752
0.725986649451128,0.550812241814219,0.11761786489062,0.23934648079365
0.710479725607171,0.634119245018366,0.146974065629195,0.294298794436861
0.725946391037796,0.573795071044659,0.134607170753156,0.271258269384697
0.59635989167734,0.615310135282893,0.177670532717439,0.23193510382328
0.593351889786412,0.596764464162846,0.178790135820195,0.210196065304632
0.691925968437674,0.543387745658801,0.108213377648386,0.252050022778751
0.69825753987303,0.768733612117236,0.17079713191196,0.250143764941276
0.685341497884138,0.644288608890095,0.135486766598773,0.263828273783772
0.743573907510158,0.651154394609491,0.187801542265313,0.333873793006751
0.738863835640308,0.654530428133371,0.191214063349367,0.329916007767199
0.664109643085818,0.617427877363043,0.122938710453667,0.220280900393375
0.742757838055547,0.553580121878871,0.174591682561836,0.298732772978733
0.733314896772045,0.610973290838833,0.120604223926689,0.260935690095162
0.805762702755988,0.811427102580467,0.134462948543094,0.235304310638361
0.520595936873209,0.49548376246873,0.134115464582741,0.285815425856422
0.653783709378781,0.727628307743413,0.125193051053436,0.216464765900321
0.522406526808472,0.4865057504302,0.123796013101197,0.249722166040036
0.552831883238424,0.534283199022616,0.0958721796547846,0.166762887923516
0.596581751384465,0.528511300090716,0.137939828584921,0.289345060008875
0.692694355557626,0.631840001168894,0.100125964482347,0.214040565532332
0.64789754836716,0.567697298929539,0.182255595684305,0.24129993782281
0.661809813994727,0.567989261738371,0.0770530953576111,0.242749464135645
0.657920213480872,0.593680725613347,0.100382987217354,0.223876669661
0.689625977958137,0.660126297290087,0.166733147579961,0.257642838502336
0.699751766933494,0.661376718301223,0.116782930151895,0.291267345349232
0.708880994457986,0.587935523559463,0.118014846781825,0.300898500569556
0.712405602672949,0.758063898492625,0.141820616971843,0.270389347890476
0.926832746964095,0.611705432360899,0.142183106745221,0.283495228022867
0.943688363874729,0.69709767763527,0.154024024457052,0.309053875312687
0.647229707262536,0.614112468051661,0.145987916677209,0.268159942736179
0.657178099997513,0.560059835600728,0.133724418602041,0.354020167596116
0.835099979898617,0.710561650779846,0.158826507982083,0.209149919394293
0.770621247472749,0.65164637187779,0.122733614751121,0.228171827095893
0.74538429843447,0.572792571156477,0.17428552478608,0.29316452439628
0.725220748458529,0.569000582885334,0.108195969756246,0.241282225509213
0.652355031863045,0.622926779471258,0.0960932873554876,0.251386307457252
0.701351291697584,0.693828515777566,0.15398948118211,0.251715255681136
0.736433677403499,0.691954784692227,0.145333979864508,0.269274314909141
0.772639744730629,0.570838527398185,0.155997714956873,0.248307060143288
0.554815183620066,0.640030395677046,0.136289219093781,0.23131939307737
0.618077883654285,0.522608673716571,0.152406763015738,0.218454222770748
0.607169984166712,0.678071479140236,0.10630518204085,0.242143853494309
0.646226619131171,0.539868731257805,0.145326865069919,0.259982042410808
0.732726427809404,0.65283923393161,0.134352951345891,0.283865645307266
0.688058985258083,0.669254229337002,0.114921646238165,0.223726895160283
0.729943977522881,0.644298861388307,0.144063016195826,0.298931700966795
0.649360240330806,0.715762550888081,0.162748437991836,0.362237580008525
0.71369264389285,0.714095303356617,0.148372782686757,0.313788952875731
0.73392357035269,0.609243252811409,0.147426248801351,0.23903558037718
0.62637218033194,0.666319098447667,0.13900621980138,0.273091251141467
0.683611107994468,0.525826751615753,0.120246863115265,0.237322748380461
0.636024891969495,0.660681012578159,0.114010929562043,0.252817049062354
0.644265645954247,0.482766759408039,0.162419344246783,0.198403155943802
0.666723288434175,0.847757794447162,0.111395670109447,0.324154732945104
0.792210447777897,0.541176083260308,0.110452959065439,0.266751856587299
0.606320482603622,0.712864948481646,0.179022783840887,0.262520670262018
0.971241261826541,0.584837119749455,0.153860365112782,0.288977322942216
0.588528873127367,0.765933573058343,0.147796306865145,0.316516043568087
0.670108518457756,0.563542227187923,0.154385136100884,0.368672143277268
0.70022337731506,0.586010151442317,0.10691221728399,0.260404815028928
0.668864563487205,0.702247613078337,0.174801715531437,0.193850705944196
0.635951872396062,0.481848822400904,0.18194406069499,0.210526733781231
0.669411348000482,0.745623317835249,0.119925144657003,0.196231294449617
0.804058750158224,0.65855100544925,0.214823187609533,0.382622201723328
0.896841676487442,0.667168979693947,0.135600867023003,0.342970328373452
0.599135473877393,0.596156440591015,0.23422220164973,0.291553835842677
0.603894740434389,0.659323801337056,0.150408107593685,0.329725257921513
0.786268448133404,0.650944566384813,0.128203019246079,0.278932328476149
0.697070204254622,0.574111035475253,0.18794249405529,0.329424811402401
0.716515552416982,0.603015949827806,0.203238599615044,0.345920651298237
0.701370158728739,0.543632908135118,0.128659243562359,0.225145156111606
0.941762121290388,0.671050191393293,0.154476785433216,0.255683566448679
0.896129647506034,0.754381025805536,0.141020118088066,0.246793076578577
0.723700776066259,0.795623624015916,0.194208431937204,0.272286820696093
0.794097895911873,0.646441221753273,0.132342623550479,0.303523535936439
0.613318789233891,0.651020336347366,0.149369896159158,0.265306938602623
0.730187979231152,0.619027929805926,0.134520051474179,0.276479392054907
0.669769619963358,0.627505780267379,0.108903913816185,0.262890740746436
0.760348138275557,0.712482691655874,0.203855535952238,0.334800371481314
0.655263777981038,0.446852921127609,0.166385313048583,0.22622683892289
0.591210708115361,0.647804898692694,0.11078621259895,0.266536022831573
0.811335984643753,0.729390532980473,0.157889867608952,0.313014171981586
0.715052424097468,0.593591298618285,0.117075509126932,0.243345851079725
0.699917834184838,0.485288481552928,0.131204241042594,0.185034674056984
0.584544998766678,0.644828251687454,0.115501825194383,0.295247665216698
0.657659805858095,0.708742055022126,0.127163048122141,0.29053119525773
0.632226000579536,0.601280424971554,0.203773345291668,0.269561857329689
0.75732455649397,0.706121605269154,0.169171905178558,0.278424035914513
0.733353967243382,0.668198177618668,0.140416514551774,0.255220939705755
0.540428262219227,0.574410355944322,0.128416240296311,0.30148713405163
0.664525016577069,0.524297705855267,0.117924774302142,0.185487977195335
0.473732860337939,0.504778346754242,0.113177550518731,0.252224437960307
0.6721382829333,0.678682943265261,0.122546026493676,0.232943913357575
0.781033174054023,0.701764552510678,0.128060577453065,0.247681919950266
0.591893831845432,0.549580072393776,0.14306757260607,0.278087242939
0.705228172934706,0.716064584165372,0.164288557760639,0.239755037741505
0.726003910296753,0.673167909127749,0.125683688142901,0.267418960826243
0.664979455064362,0.582744975423465,0.123448303786211,0.27255486874453
0.618617429778015,0.472801223212462,0.116864191466694,0.280943757999138
0.636461941796707,0.593764680370567,0.167741891330344,0.183521108477046
0.806228770260262,0.641757437475645,0.141586074975929,0.372666019740844
0.666292880962294,0.695546122926344,0.173688624269949,0.271072619266148
0.788609151793473,0.643890201078512,0.122728230304,0.332546702005453
0.708143682582728,0.722476827857198,0.112673552397822,0.276352238728148
0.771732452682227,0.686403338550245,0.212847061714459,0.238055682644135
0.654662747759502,0.63887768454405,0.187581587281244,0.285052434667383
0.691688053422463,0.548951754400707,0.132364702506753,0.236636479536503
0.654606577816533,0.723293807666177,0.166350791681013,0.251657729688418
0.742647899049719,0.608708438382696,0.144013561102204,0.293354690828873
0.672138860778975,0.646563182700023,0.143460827181444,0.245450138870971
0.589990721459753,0.582275587820432,0.119227560253283,0.225868061039588
0.788296294381494,0.579795539070873,0.12098048022268,0.255478217950245
0.714452873853895,0.537931147497395,0.109382012945494,0.215814717616153
0.658930227692114,0.540309027636946,0.115539100751315,0.293264473674243
0.593069381006303,0.629872707854819,0.129969390240438,0.223928008150763
0.65769100860813,0.586104006390432,0.141699962572547,0.297877362322937
0.72927532608765,0.593781849983222,0.131668795869529,0.230930175406303
0.806030883416994,0.65826845268625,0.136818228644241,0.312100805867003
0.757575707492597,0.929921358185283,0.161110253933488,0.251419676909072
0.837113920629885,0.600462756914646,0.136647563837835,0.29765423702285
0.574735400571688,0.807703762208125,0.148806744677861,0.249239383160864
0.72351845654745,0.500573667440362,0.110548576452533,0.220507693280867
0.759875282812481,0.748126795481801,0.184408124516929,0.230282668032836
0.622527386940615,0.716509801906658,0.160797754868278,0.242909674657801
0.769858142010583,0.689886183182616,0.156698662297197,0.329382023885329
0.677680116097709,0.560585255624861,0.150393704304288,0.21016470893534
0.685128679186225,0.553614301917148,0.105542814430204,0.309273271123683
0.655821500632129,0.59444165539135,0.170347860499382,0.229161557828414
0.586170389975256,0.612619352486878,0.0927499566569566,0.337918730998683
0.827794397296783,0.547549198152876,0.180732315234285,0.189769204106381
0.820498003490704,0.622299904961552,0.137666091452324,0.172046076065242
0.78078124289548,0.595974356391556,0.138603879005941,0.19026890872246
0.526261711359718,0.559355035179475,0.135452659505799,0.277131864949148
0.940071556819302,0.766653467295343,0.176401236417299,0.243780413307244
0.742296536514849,0.777626448360722,0.171860872409787,0.31764393027751
0.680938798632257,0.478556086634617,0.131412934384389,0.22807467694234
0.727706285615195,0.494952335330036,0.141995479988996,0.23688537519482
0.70717913692319,0.534872230466687,0.127049300391445,0.242799905953646
0.730126498280614,0.541285007399328,0.120801220402884,0.233480360736219
0.668475774489929,0.565785440087406,0.140356462788074,0.269624668721316
0.639759685773084,0.535797520114776,0.157266993854089,0.30355705834172
0.688054467479261,0.656663409674958,0.140681279252393,0.273639485705368
0.802263948447855,0.637981862435935,0.166106567484799,0.228960448818215
0.75212503041648,0.640838564287796,0.131694659982245,0.256971888261034
0.900694785905306,0.612343419457731,0.151073340541829,0.28792401477221
0.699054770311265,0.699039321996264,0.150792910177965,0.238609406535595
0.733463720053214,0.581155614743206,0.140039715785555,0.269393425921058
0.605687031500801,0.675753388815609,0.158667013852776,0.225994437352368
0.716217143174659,0.628357526249615,0.157669158453703,0.245273288382376
0.569805095059734,0.51566382381699,0.115976511729462,0.280420429790465
0.673819715871744,0.579814052220987,0.154947851249824,0.200958308357458
0.758984064328399,0.626988336270815,0.14911890981746,0.233017884560693
0.715141099846286,0.520987926171212,0.115972406545747,0.233862105644236
0.853726455083905,0.664270505633626,0.179003440140481,0.245890045680456
0.586292455507942,0.569938317726509,0.10612398266841,0.273579824438014
0.752431516782229,0.596245449421513,0.140519977869715,0.258488500736226
0.593781773549827,0.565532598526484,0.117602846558793,0.273146242471485
0.628269629440111,0.492418589403461,0.111451546900939,0.241636654227924
0.552404616087599,0.602070257397763,0.143320600873163,0.237558832492356
0.715068671903256,0.621717105250067,0.107471433564779,0.251728683411078
0.633461086500634,0.4959095852405,0.119463169649752,0.248009617969511
0.650616128510909,0.506840469182325,0.0999138300267531,0.264263817542576
0.682017587998536,0.615232604927462,0.116867842884204,0.270522724534421
0.582433662809672,0.532528931619767,0.142331612603848,0.320984237072321
0.770222931964009,0.534636716105398,0.147291343178761,0.172200705565196
0.543652794843573,0.549727349297831,0.0994161661070277,0.210874437558392
0.628151960624496,0.54517010476624,0.104425527835606,0.184355892530855
0.640456609689387,0.425905351798934,0.10647877267388,0.189791641602432
0.535301918639293,0.540942445307978,0.0923490400061636,0.18515810319423
0.690286635528965,0.565505166544941,0.120423067631281,0.287283264070445
0.583371916618119,0.624288627330443,0.134032313124661,0.218475453668567
0.661761879812178,0.529795556923188,0.134624977027998,0.253895503668665
0.665039111032649,0.518314906353394,0.132451432805092,0.258653903617322
0.679970672616813,0.601320635179179,0.155017005353632,0.243952280876824
0.650400932455552,0.545915101304685,0.15788245166904,0.232848061860784
0.663882580611006,0.537190447678523,0.155115494505178,0.251631285745004
0.653679589845795,0.620232755265867,0.135432316934982,0.260224396398215
0.608379349073087,0.618389093059511,0.118174038094555,0.245888183591179
0.688854034464235,0.548490837978233,0.186166078465132,0.271568966912728
0.735908665034804,0.661543437431823,0.0992735511572885,0.22125571259441
0.752343484883532,0.659450260563919,0.14475981254969,0.268323680883138
0.709556922587474,0.638784976927343,0.156783982957325,0.321866369771799
0.677985722463854,0.653530106871601,0.12400528896004,0.313938858528281
0.682148978846957,0.533877215894984,0.165914843770519,0.283644576989267
0.519438214037663,0.5453649627094,0.139062952512857,0.206338751854403
0.488704876870585,0.519147573420507,0.142932956700979,0.183578073110202
0.679339542205718,0.583112967259123,0.137792234584463,0.1870534482994
0.573266032919157,0.557922578988963,0.174955341484096,0.202353521155394
0.894994166421177,0.649153614429831,0.0988965094095489,0.298684155649278
0.696811223404828,0.643778455848794,0.153360365318658,0.250762985035471
0.721588294435364,0.561626621589094,0.141917757002256,0.297831598055462
0.703459654101449,0.516409400875984,0.0868898517031101,0.258538232853928
0.640622543203537,0.803673701051809,0.168087346627377,0.218531768891414
0.685527880349983,0.552503867001696,0.10405012816326,0.296811379804816
0.556353583975336,0.544602930878491,0.137835062649888,0.211847092406181
0.779479281079819,0.670243509903023,0.1459218826683,0.301170775310042
0.599585477560005,0.62926495105971,0.148920633528662,0.245374229766367
0.665208002523779,0.526590037941843,0.134741139101302,0.260082960076446
0.567677599657223,0.589850435885097,0.124484167274667,0.231235691042973
0.570385975547372,0.578319394196114,0.118184666474531,0.200790782705518
0.704915197955538,0.527147111569558,0.137740546400885,0.239716694067596
0.52317070608822,0.588541597964845,0.118376519323059,0.244913530013204
0.689153531172534,0.538415900883384,0.0937111152691436,0.250037690867957
0.601089174626194,0.590125008988543,0.104108016178184,0.262227340248875
0.742576544832716,0.550930341899096,0.12416679726404,0.289563816660635
0.72840152478778,0.836482581506847,0.162838748340416,0.291520327939035
0.759214676007198,0.608294804081174,0.121011080591297,0.280760426903879
0.722517669857049,0.584725167517909,0.144801702287886,0.292103576034211
0.691677422603719,0.69042253316799,0.155967953343743,0.267412986288212
0.708398048131154,0.672440986632836,0.155184065982421,0.228310860167663
0.638441532328907,0.53071003345081,0.139534489442295,0.274405451860567
0.678570893640974,0.636121582915923,0.142699478357784,0.246499751647733
0.709281170309916,0.600330458323537,0.0910171825676997,0.285859946310984
0.681234538910821,0.659162960158967,0.163338366914342,0.200377205665589
0.684023002208972,0.614871103379235,0.101648279395017,0.270168091499302
0.729706736830281,0.627248521729825,0.157022504220484,0.345971111083671
0.688059405719855,0.645197968676719,0.163419856545831,0.322266120075274
0.705534070599297,0.731586659556833,0.163758941663272,0.280752801935815
0.837713287075385,0.809783028691294,0.159912280486997,0.291555502809358
0.906149976399757,0.745377663692132,0.212108605183272,0.305244507029216
0.886201150569876,0.766319740070805,0.21292344329022,0.285592076243219
0.659159522805714,0.819070328247315,0.142788161034596,0.277354688328397
0.809372872212268,0.617580732505856,0.178431186293091,0.251038901542146
0.607960208718663,0.736300218025588,0.114749482361373,0.265488899685414
0.7635627714271,0.623811131589573,0.121122765584139,0.289616505035766
0.718543931330193,0.618035852127778,0.157007791263199,0.277389475910136
0.662155779912475,0.670021346078275,0.130314104810966,0.300719376709459
0.615998311642328,0.686987306531589,0.123401454240721,0.329006569259973
0.727770179770909,0.678700372287793,0.209466605476797,0.26136809886055
0.496116368430681,0.47958880623887,0.077696377641978,0.229669154574503
0.52262282810637,0.513158763697026,0.0853688071491175,0.203144458417041
0.606484099443252,0.470726977166882,0.157102590963818,0.204027025524633
0.604451261597101,0.505940757685438,0.160394283427129,0.199680627857867
0.669996427871243,0.600055534013996,0.103557884120544,0.27874043992734
0.743488936935468,0.601291925951767,0.159846734941784,0.308832019662049
0.781892022781658,0.644200979321059,0.150069212734025,0.231365822089533
0.667709478778557,0.780020864884273,0.184215797598253,0.357114215975358
0.884678592935141,0.702635054339998,0.121241016465126,0.267148248938923
0.659096856336708,0.464779793771907,0.120908973250727,0.234503554028982
0.596810449044139,0.750877103880133,0.122094714778982,0.2376022891132
0.829584929377993,0.527021021802036,0.154473534204472,0.283295013560702
0.715933987371885,0.65724622730754,0.12555070044393,0.254846619840745
0.641719992343111,0.64940740977755,0.188751608211796,0.225239580280513
0.728599853051309,0.475918628382261,0.0958828447959647,0.276645245158413
0.642732532868745,0.853836192449847,0.192541819311419,0.204747488833581
0.692260689375884,0.493318942481626,0.115148885220729,0.333136986604558
0.830783013741271,0.560852457740028,0.11614771549838,0.299796755665992
0.586830334378628,0.769871678503313,0.169281676057207,0.258208478520239
0.880734392955282,0.722398859353098,0.13586535619877,0.300487292946948
0.683871916116004,0.593282975708642,0.135217548197407,0.358324814830957
0.660078609083965,0.715338632739019,0.156538149292509,0.196416118896125
0.732222904880651,0.591954004400064,0.111789890509621,0.331278415962151
0.822816938857774,0.63789953051797,0.174869297936784,0.250895108519458
0.696560503552693,0.647487309204245,0.130590353748257,0.261020475687388
0.795705905623346,0.689145914508253,0.136849889889478,0.299594487397117
0.749707505130686,0.718619929336962,0.11908315806636,0.323494052908824
0.666135849929681,0.628465220695784,0.136265948163962,0.225039811909676
0.641943361428126,0.549356908037646,0.13814977302009,0.296413372308669
0.743513108891503,0.56154957244583,0.120282059173931,0.197065840837182
0.668160851576643,0.601021404925748,0.112416293586052,0.196875194353003
0.551935111668274,0.506725660506603,0.16856769648121,0.2802465501685
0.761813237077033,0.838989183541917,0.123109390730665,0.263743292711806
0.756122867322219,0.809814883416577,0.145383912965617,0.326822461003436
0.790171507876527,0.852631081219693,0.133595853279702,0.307889290778443
0.676785295565492,0.463224623831875,0.160576725586887,0.247113134268933
0.608708442124022,0.758497626424454,0.143195715572404,0.216711178083158
0.690915136011518,0.615408069638255,0.161653286558908,0.258973817629086
0.700729504200941,0.590480886040028,0.124985926430006,0.30961357756811
0.683433466838862,0.688617078907695,0.206416034733407,0.208369022868188
0.579333624798599,0.491989201954318,0.140203856573152,0.235735346548562
0.499472378825784,0.554265283374325,0.111864409480766,0.229580372154259
0.51748938553476,0.51905071137337,0.123303010727062,0.193674045472083
0.665996294797473,0.624692484201027,0.102941826655809,0.21404856633963
0.629860751787493,0.517970693643552,0.123973176008437,0.177831401604143
0.625094819539192,0.63742269449536,0.123595663524431,0.294377523193168
0.655656626436426,0.570822573374998,0.141358017636395,0.22105677476184
0.665977025407654,0.57654246844043,0.140921413805278,0.230185474347581
0.65448292205199,0.569601471867014,0.140782076790489,0.219787978375753
0.655571381497713,0.689974909885777,0.123779427839703,0.31412585342025
0.733195179969301,0.624357551679526,0.15041167405262,0.240788784081694
0.690020016693394,0.61042258195392,0.150228171414745,0.239140971598912
0.761970048085841,0.63484430443942,0.136326724956737,0.297854337527924
0.652930941046977,0.646745201259274,0.154410421494501,0.268689806585758
0.688612460242447,0.630032864476895,0.168726156235812,0.243126256379046
0.694534021475605,0.501574791989719,0.106656808824922,0.215046355857997
0.599582683644255,0.585996365910431,0.0791592366618617,0.281949038912496
0.543831211218634,0.456460554045277,0.158557419711221,0.18640055690857
0.781116766113251,0.647374949604461,0.123824079825924,0.256411035337281
0.833023324428616,0.633854228289846,0.138170694653343,0.219247822516154
0.804778017376476,0.612385111948961,0.138866944635727,0.216230470130668
0.645723703766282,0.615555046780515,0.149939288944322,0.28383779627558
0.76487514118973,0.633222967356938,0.163735414651704,0.283273833692775
0.796988993826451,0.693573222495441,0.173164101447574,0.28829130480351
0.608545766998561,0.530653509063312,0.110616740122705,0.209817623419819
0.692690681012109,0.677560113591837,0.13738157432381,0.313927345058574
0.659279920487853,0.46951788249317,0.175049598693892,0.259183412827463
0.691485106724293,0.673419541874104,0.126291008420203,0.309084713587309
0.67901331623847,0.669288037795022,0.165054957440189,0.211010394623718
0.738487846192628,0.515798246363377,0.173063515251782,0.284919959255898
0.766125553944439,0.555408794068352,0.140124027596049,0.276631018908196
0.788355836957503,0.571310258820954,0.132849977376241,0.289070320563446
0.715038568348185,0.736883156513422,0.157936432753558,0.258475863416007
0.779140831459598,0.53792243667944,0.139005991677496,0.278325613712335
0.672286510620115,0.781225180801405,0.157030496816891,0.216727026958633
0.716887394299691,0.681535023998088,0.114763433275246,0.272706447914612
0.765015043696025,0.589684127718218,0.145876897232033,0.29971752787021
0.791791229433532,0.691620384992555,0.178416990712335,0.332140415496538
0.572338371901623,0.549800041753958,0.1268363246019,0.213210583804017
0.746169405449428,0.549588125877937,0.171316934692811,0.254487704703157
0.66433015260627,0.636083960469337,0.117226331794247,0.277181385221657
0.742510885858455,0.673608607161236,0.135842067812664,0.253856298869375
0.73889763614592,0.692589416396766,0.0933721605253064,0.284294125133255
0.523422014077186,0.550218362959405,0.105992976898578,0.263691706948834
0.672401010456034,0.537600133804225,0.165753442133714,0.18866356733502
0.658282176185675,0.720961328472051,0.0923487230999349,0.310749669954405
0.711871973588874,0.617135300065047,0.106846354124425,0.28696691423382
0.579097887116338,0.573465026459584,0.176341181868021,0.266887965033396
0.718235388675388,0.647307369325691,0.0802441875495069,0.254818916706003
0.664183248633218,0.589775287091289,0.230598755931212,0.24804724665777
0.699038274850295,0.723258535092642,0.083287032104901,0.221471218612623
0.665955040545403,0.519446344881197,0.121638764211651,0.18014939268694
0.677487131734899,0.49209891308728,0.117412416932869,0.205099613862363
0.687663792873158,0.484704887095968,0.103861660227793,0.234095080415157
0.633395440752671,0.511511520124473,0.114057064254726,0.150471219133903
0.594984588391149,0.57054790572746,0.10238952003889,0.233652365863321
0.581797616252527,0.431102092043986,0.119485070898537,0.206103536534977
0.676876317967033,0.557939785384809,0.125479451991711,0.203461488318559
0.702807624590504,0.692720170720978,0.142677553831677,0.333971878837707
0.785389340028497,0.60573228038137,0.13369827346638,0.227331643018666
0.67725253344702,0.679310924963255,0.115903693195739,0.2707371242255
0.623711555406042,0.554447999727729,0.136348590608425,0.290059435734194
0.614142469444536,0.536278929822328,0.132300773513627,0.261874946686392
0.707866738078831,0.581488307716083,0.14378487318036,0.2647006110224
0.741930822015785,0.687715475002212,0.138692946264279,0.279586082041529
0.701698919413345,0.650505831805055,0.106439934361556,0.286079622319121
0.703618041762388,0.618651017503674,0.118990635544901,0.232737718265696
0.727046974487877,0.675625412351829,0.167252667102569,0.311138993902862
0.682465030979477,0.583783436702875,0.117987751723698,0.234328221336921
0.829583267751784,0.60054669655966,0.202158307452106,0.274263978185237
0.584957023686234,0.606112953019447,0.140176721440959,0.31321674469609
0.816996461858568,0.622302202245946,0.139839224907233,0.229177540684104
0.714719104891979,0.686158829673232,0.140341852586205,0.235323342031388
0.772884366548817,0.642824998389215,0.125164172525574,0.278568279888273
0.710605985924441,0.566410261765795,0.149481269205946,0.197385520927988
0.737990171922973,0.567200311780734,0.150850536063782,0.305351919720167
0.715917955551266,0.616504130817085,0.117589306492864,0.174580649250041
0.622620777671876,0.570409818385093,0.087966271234568,0.199505979816993
0.747022371231458,0.491889595325056,0.167132954147352,0.238206854988308
0.632524723557216,0.641127071321142,0.113567147658309,0.308436564726406
0.609979078654295,0.678227697950415,0.128375466172333,0.325213508438456
0.898539996125965,0.658960047151855,0.133859958586531,0.251612666638266
0.633202525383682,0.642452925406934,0.140057104933672,0.318102030565586
0.738635803621044,0.663174146278645,0.162792983708771,0.279916043401089
0.734003949319484,0.651046807390534,0.128114505933282,0.250467018474355
0.750446939448742,0.690379852215237,0.104365421875999,0.202946909316914
0.706207451983015,0.666878641254237,0.133292341223004,0.206156531492756
0.705609246607617,0.640528634361266,0.163183637793605,0.296882375022216
0.690488879157272,0.568190806559617,0.111385427614978,0.246166057703856
0.656693120973559,0.625816464066646,0.144451082086058,0.302469666600269
0.743985517143591,0.564667603204586,0.137349740372265,0.226775655031669
0.645333636378383,0.512475748396372,0.123477699597698,0.220100861523295
0.694141213794459,0.694531436840774,0.126433280489342,0.255380562895967
0.659144930813262,0.609089923383978,0.104339054857748,0.319676467778297
0.616980666624449,0.55313738697931,0.123446179606145,0.174800177528886
0.724254118444986,0.568124685564942,0.117404555018146,0.319717474853786
0.723102428014704,0.633066220253858,0.151255794106626,0.251252452150163
0.715905883862891,0.664395217940781,0.125710580287582,0.253740521974103
0.689920057115397,0.739237426082239,0.11885645401414,0.280632026203996
0.785720138924163,0.590694593502786,0.177463219577198,0.266451005664365
0.725070347878006,0.617951424140075,0.159137982360569,0.272198654094141
0.69573300927539,0.679713977011207,0.113557361039404,0.241387232551714
0.664749816195336,0.595708810086358,0.166208896466197,0.320345628187732
0.617997003994257,0.648613609243248,0.185600987694301,0.234638974212402
0.792336422015579,0.515588956842727,0.130874621177786,0.293919450161016
0.732078626633797,0.686670882676126,0.168836689824205,0.231353365130053
0.831218014056969,0.693875783487721,0.112721552245075,0.263302528271116
0.829156823197427,0.597894401825795,0.118875884880111,0.262323842556142
0.861453810596466,0.682883608985373,0.174561072366711,0.300817065591943
0.646999372964963,0.679889292271167,0.115546391758004,0.303417380300516
0.686220219758032,0.661546518934956,0.134880819010546,0.237790074034799
0.741463876326992,0.638327182714582,0.139077609406196,0.284769608271862
0.546660939403155,0.657961256286661,0.121880983765639,0.253863931206473
0.666848399752204,0.60900181637539,0.133198400769973,0.280569107369122
0.593608372693862,0.667560457994502,0.178217991108106,0.298314888338084
0.746154488454205,0.686848822141345,0.157032099409016,0.278990107137261
0.600902659004859,0.55158050941767,0.106376764863555,0.288838602741136
0.89392993310827,0.75765136922482,0.185164393334751,0.289333534948493
0.988734377726794,0.874620777787872,0.184789714345042,0.23780229546026
0.678239314821037,0.567250405521006,0.126823659624414,0.310657120170827
0.712656866603539,0.673368294198112,0.146293764901462,0.205075122226833
0.695104472555578,0.572062058959985,0.165969457778963,0.34082189959878
0.596669841766634,0.513200444290103,0.115435340764632,0.235623032507909
0.580248655725536,0.660089082350336,0.150434763992082,0.18164497779539
0.639096366434214,0.487266895999329,0.0866484524567666,0.243737937347731
0.701225082062159,0.715979817554142,0.111198420555945,0.192974987775826
0.753203844867402,0.641564569537647,0.197719776397004,0.342360640051401
0.680694992967482,0.611645339290841,0.170620938245388,0.230603695233441
0.668787807794748,0.61348567420926,0.116278457704341,0.299729250851811
0.664514163003837,0.619998406161247,0.125810481263926,0.314447890300178
0.701761988815357,0.492203216487087,0.153065328021613,0.212633168331836
0.727810488322893,0.592140593843263,0.144915187032797,0.26892921986145
0.838298800288403,0.754448462767448,0.143755160053586,0.221064986769503
0.678550558096639,0.662270819240916,0.119144283867993,0.281047991186257
0.696071058982885,0.649499775475543,0.178634865448295,0.306859057889653
0.677598406764894,0.530942853952257,0.190210257322529,0.288533548177877
0.702667167507848,0.837261215179534,0.104830376072088,0.311465429224473
0.748665676386889,0.592579672162757,0.19746983829667,0.323944057345589
0.705897026204006,0.739322324141143,0.17497749916605,0.223453586844788
0.633350566167321,0.508066131265367,0.145711012286584,0.242332243194708
0.755074068023724,0.733060526297156,0.132379672186945,0.27955890712019
0.612457166517069,0.588196293230421,0.132152990712448,0.212824020301229
0.711236731071438,0.489627666423877,0.129832028124431,0.211926632722843
0.701336290974793,0.467163723071283,0.122728350172525,0.218414274790718
0.580824742041324,0.601727883843233,0.124824543583317,0.220591499297609
0.561425183900938,0.454630476859459,0.132522729315057,0.210500480434081
0.658467840492829,0.660966447106767,0.0930715296660727,0.276165342684141
0.651616558483229,0.671567966435513,0.0980698014903196,0.281228168736418
0.726091045681373,0.683624756347671,0.108799361177303,0.302777409595559
0.900198533105782,0.760093319562498,0.236694699961188,0.285214879982912
0.644224925661401,0.548546812095644,0.136881750087825,0.245518948177754
0.674320826929412,0.710896020938041,0.138721177698161,0.230244534915382
0.713212649107286,0.647792411134518,0.132903137669882,0.249042048450252
0.795617277935645,0.752319506081048,0.191297157831346,0.271731163963446
0.79937689596295,0.7079738777031,0.204996691070065,0.304446993780125
0.70452782165847,0.638377399373474,0.138533717781115,0.257601924568852
0.627429953293234,0.527067107006625,0.135644714893121,0.239898715007928
0.619668935630421,0.542405881484358,0.104720309194691,0.254077644016296
0.672772298249473,0.588372683424883,0.146537911259975,0.230262611610285
0.623168574833539,0.683382207835356,0.126674230877509,0.281621784570307
0.81096726636601,0.563742788150541,0.125939949586638,0.255765943455383
0.563776322683712,0.684357909983462,0.156126564733368,0.249697095544297
0.676327659880568,0.437754666002908,0.108144643812604,0.232524686361283
0.595835984964043,0.614252016882383,0.152217115570132,0.233689702492259
0.589429142947005,0.496848294315549,0.0997874905565278,0.248457991017549
0.722099600657721,0.670976916837662,0.150074682177985,0.225081939091603
0.809220430333354,0.678925768518438,0.178347765438519,0.221581089815555
0.59040269352497,0.52879266232937,0.0975347854315435,0.22953510944452
0.65718050537506,0.686071531395425,0.181798150036382,0.265570407366313
0.67768648207555,0.597531576731782,0.146641671776733,0.303930451707165
0.705257805520322,0.55668319228708,0.166477949524446,0.189845834054369
0.620140317640841,0.506127732177047,0.137722662062329,0.280784932720974
0.642189121624018,0.603639870672336,0.107151543893413,0.238682205713459
0.703860691621731,0.571316678795824,0.162769641485606,0.255753655312615
0.651353803143295,0.595785244622375,0.156875991110602,0.247141706019671
0.732306984289221,0.603977583584454,0.108950024460749,0.248647679500142
0.671465279506107,0.56101687845523,0.144779823351545,0.240254140113045
0.60587030168512,0.530124410434617,0.137907086193385,0.214397565524055
0.626309510880838,0.644565704871046,0.107921624469583,0.227243295517857
0.708565943547407,0.739237141043296,0.151081262141032,0.278110684515801
0.737838584322143,0.757515061651632,0.136950948691568,0.227787689847426
0.637051560694349,0.515476664406225,0.121345643484952,0.309711871368884
0.710822796805177,0.50025068492411,0.126960309330537,0.229388224633976
0.572573200105184,0.605807577705156,0.127630522207067,0.275224931147845
0.774359458212008,0.738131842084091,0.157733679887977,0.235055854845847
0.726293968568492,0.573049126532424,0.145648427423545,0.252887746349983
0.664175518651621,0.535070225355613,0.104511577716275,0.28941018087025
0.674013327243443,0.74568185328295,0.165189563451489,0.222293896674933
0.719707904773611,0.505889149697285,0.104028175553207,0.29658629126342
0.691274050073408,0.757993439935988,0.194795034255919,0.241500039603676
0.674046812363079,0.550435655283774,0.175857546814128,0.274732027718186
0.651588947100591,0.617106837150592,0.0967529031877122,0.215510570177166
0.657411821059817,0.665064372592636,0.100638574119351,0.227032977372801
0.884108008836544,0.561712553094206,0.145125395196326,0.259153155895533
0.869445186353332,0.4909964657376,0.161845563705531,0.252324584248395
0.772430218658623,0.751643569222438,0.116176273498034,0.297151609082015
0.766389043275088,0.599163139207621,0.156828453108057,0.259574400201759
0.643323362862091,0.586510740069014,0.258478477374637,0.262798948401803
0.812435250769897,0.860896584354007,0.0944090493026922,0.320204951679744
0.621908746643604,0.693364605667086,0.162722744978435,0.278327414945466
0.608755193135897,0.717077086253768,0.158819285707325,0.288656572907722
0.818048028816126,0.516119120573393,0.12753570846707,0.191785935904098
0.552403692286549,0.615301076181267,0.15080096484661,0.275781539854076
0.659235216480659,0.488798001508818,0.120667073119997,0.198832868188748
0.690402687799418,0.734601588863597,0.134872634847351,0.277596783289437
0.637252902501191,0.556506199479304,0.134282863463523,0.230066844508876
0.712955255626326,0.631615395632789,0.121356640579567,0.17214249285514
0.633450457859838,0.613666972326513,0.119006569047911,0.169321192380519
0.676256558327239,0.575614889871665,0.111158278874431,0.2510528925273
0.550418754814407,0.589362514269375,0.164691971229864,0.256339629808435
0.750541185004511,0.680062063310695,0.128536985192712,0.317605561270017
0.79889701707746,0.533617835987219,0.166476949528574,0.226559871729212
0.680517518278959,0.551729410397771,0.121480252019282,0.232558681170255
0.625394878833911,0.720452381048369,0.139832994262284,0.26358782636336
0.878603035286948,0.586986600035156,0.168888351251996,0.2911183899566
0.83998624846575,0.616700376324938,0.196107825018757,0.344613914275861
0.699745732865795,0.676853278541959,0.107852665763382,0.223268332151898
0.620754477746677,0.513399615195886,0.13561217962777,0.322248762902507
0.753533154701503,0.738716603615948,0.134727466818952,0.236060035444831
0.686395601412984,0.600156029908049,0.137325793003464,0.224235295274883
0.664934077111884,0.542893639192296,0.102329392904508,0.290424469825609
0.61827453565564,0.562011796471204,0.103641945454936,0.308092184810446
0.7981465305907,0.731005447311521,0.160468426892714,0.186904767498221
0.58867579850692,0.540946896084359,0.129365569198315,0.376574866151689
0.701373030618161,0.605405038706189,0.131654556464927,0.175278466191393
0.724700658636907,0.54776462775773,0.119241828396247,0.374830037211614
0.865204432188492,0.569888081227386,0.121710655205998,0.330805806925899
0.69919270219852,0.581219835459886,0.168779331550725,0.202841329413048
0.615796484485728,0.637812293252105,0.107796784716466,0.271454442145832
0.595946521158246,0.548271632528976,0.154982454846671,0.286750852704054
0.675345726162762,0.674530916963625,0.109764569756228,0.26242578382618
0.748513445882196,0.657597055578284,0.102534577387319,0.243785049418545
0.632780306796289,0.576489184360377,0.204673568877774,0.304432010678607
0.64045340427184,0.544009954085587,0.182926195988506,0.246205386627957
0.7027171865588,0.520423613881064,0.104572635463743,0.303198609424324
0.712035403132475,0.568888068161403,0.167221753699961,0.236503621374135
0.740650702681909,0.563260930614356,0.119523701849632,0.294175897097488
0.714984043133958,0.62565397721125,0.171969177357611,0.227143509704464
0.690732755584701,0.665676595352454,0.125120891531711,0.348035701968392
0.615774757692494,0.489343951469456,0.143261747436704,0.203016755115214
0.605426137965917,0.548404091467877,0.0988379580209642,0.219551860321754
0.654521378608382,0.526327964324664,0.189853277207609,0.219145242281224
0.794922279738832,0.782304644416015,0.132597191400223,0.358447867063303
0.811761951835637,0.648373604972776,0.192850638974441,0.279769609065152
0.694492746851239,0.67543101975834,0.138752530781818,0.284807398840742
0.659860973167656,0.57578159420574,0.13601141729469,0.260098105991813
0.66638360467251,0.573005624188954,0.127838284015361,0.237582051848478
0.788373219087843,0.680928211385247,0.153745277861655,0.270331705709101
0.685738891397682,0.660420377270955,0.16683250214463,0.242339051373182
0.690041257062874,0.633323360555494,0.139396443172355,0.195551852399037
0.627581273788622,0.565272874326031,0.132312477969117,0.277684535912688
0.631994307066469,0.568126629094906,0.114760361997786,0.278129501736675
0.572644932551662,0.507687544194565,0.179100921542443,0.247968818752754
0.761288851194641,0.823258756672625,0.114306552924794,0.272968083658621
0.761677517334261,0.737129150289899,0.11134680040238,0.253495862124407
0.778988940286169,0.735638275406249,0.115376666292234,0.26350348071339
0.550678717907328,0.629274640828504,0.138017395953534,0.257518614268033
0.638560153901305,0.671760745366088,0.127092953133683,0.273609816782372
0.581277330620054,0.645063833033065,0.110888692260995,0.221195233982527
0.570636169657239,0.70772780568464,0.125046984197259,0.235286382370564
0.714288296765197,0.490447956183886,0.116160017694728,0.221554935157496
0.586101905967542,0.552770891625658,0.145487740612547,0.231619974313826
0.593570728962229,0.644601031733006,0.113153922915651,0.272070378663954
0.551815291104548,0.561782504883881,0.141627798468085,0.230466663256457
0.710900747138309,0.625371219582601,0.108170394798419,0.321115455100606
0.682297009484177,0.567487875956291,0.207079914173885,0.197689954826829
0.641906711719707,0.632183961190247,0.0706466137500639,0.262611848374703
0.64396801886378,0.63174568438183,0.220837665405971,0.280223910765739
0.814818123655007,0.581269947209294,0.130060308134419,0.29724370334024
0.583743656711099,0.594638370295583,0.146523700260577,0.303388571649537
0.955976263631089,0.649025621797306,0.141229280286075,0.244855619602264
0.848646529393865,0.573703076192803,0.125927617950075,0.235546709925697
0.716813024955729,0.644135496979234,0.129646552628128,0.301336751944611
0.610762984990717,0.588296831111081,0.143272101561619,0.200239569824671
0.595717334026866,0.62065497154461,0.144210479863088,0.196337039832107
0.740714901477843,0.506856425407994,0.123214773877896,0.222559277459316
0.635996311414203,0.518029172134574,0.123956319060845,0.236598833968401
0.640736546413231,0.546308951405491,0.103417604545977,0.264457406498429
0.737171712496864,0.645245267971963,0.142926584084449,0.251088684204
0.626679939455566,0.504197293322712,0.119634267873798,0.26514210263617
0.696135498112773,0.614825393706159,0.147369781092076,0.231303998187827
0.672883206389356,0.695354660797626,0.169509492530019,0.255614138733771
0.827369703515208,0.584590285610515,0.109247441599101,0.256695112974743
0.775276247676228,0.730333789558154,0.180910948399954,0.251023428543816
0.618415474521991,0.539548650350956,0.133798307438866,0.316522740167375
0.633304501007757,0.547653011205476,0.13984317052487,0.321062582865413
0.617789610648695,0.607181683359279,0.129891944367447,0.28649009092512
0.6592232737265,0.59786756197673,0.137427923290581,0.177475184060791
0.680129495254522,0.566543294850843,0.1423030978709,0.337145212757211
0.726451373740277,0.72771735445453,0.0938320737400001,0.322986283752052
0.795716073529672,0.751778866907305,0.133401032749986,0.309188666161273
0.791943853380098,0.754653263073354,0.141670234960034,0.314210059763534
0.757620234238803,0.593890072450013,0.133985127795814,0.243217911005062
0.687499344420829,0.679775868231613,0.138831620251436,0.275710337216999
0.626950445198215,0.559631165726251,0.121079773273644,0.283961644592667
0.684675318563254,0.608747387073272,0.17916861965259,0.276042139847569
0.718862059733069,0.640540083867342,0.12058950035051,0.276287955461052
0.587653553748768,0.491357664531633,0.144323499555597,0.274025891087301
0.635719229796077,0.571084601887756,0.102269069836071,0.188493578823839
0.616149787852497,0.47529488993678,0.144785847803779,0.283498758101127
0.598991587926957,0.548346865350471,0.101774497496821,0.169801633118672
0.60630316451349,0.689516688583813,0.133103033415675,0.279660779555622
0.629898392917255,0.525662163992875,0.139789228581526,0.204861476017083
0.700563842000178,0.60819722226716,0.142945388527367,0.293152044641714
0.547472501016242,0.560073539260026,0.127819530767147,0.201166551660845
0.735873775008498,0.572038175646015,0.161197750494841,0.211998446418604
0.599988774498803,0.630718048364226,0.119742763704139,0.256120476276454
0.582774745160235,0.668289691481884,0.117262553354927,0.263290794570931
0.663884927867682,0.616086454988937,0.119161328474408,0.255385993187068
0.680322569641198,0.556776016783161,0.154966833441008,0.16832912303119
0.605602733685384,0.551660379768135,0.118858860934026,0.312198122507559
0.708874908296536,0.551651870619155,0.166268599874014,0.234885396533363
0.580373816287455,0.557633810656817,0.120823005507531,0.234213520409549
0.615199050023077,0.577557771228508,0.130050144212549,0.257628534342131
0.683594389874206,0.524736401240744,0.107885441421809,0.245830886039399
0.630132750450098,0.673444693467865,0.146523829594722,0.296266435201908
0.631186077589356,0.637968683185773,0.141441258317672,0.278170327762478
0.620649118713241,0.645263618549892,0.149638891783003,0.214820509051509
0.708020127711434,0.683763327900659,0.135048913775667,0.249950721456219
0.888750965851285,0.668457341899508,0.175888069620744,0.309299888348427
0.833464571183052,0.732172054686033,0.158613067533523,0.346911646718906
0.763131758474828,0.664051518550144,0.147166336100591,0.300823602134575
0.613620120908902,0.543558574410927,0.136211458820545,0.2469700874326
0.74098009299368,0.682648255188173,0.170363525989113,0.297468976163089
0.853261828853774,0.611568450109448,0.152858234415394,0.331721940468847
0.930448094585319,0.743561909392502,0.158476236461089,0.326886928947161
0.658158172652684,0.633084050107833,0.144829680702627,0.246138443267066
0.746238811648192,0.728444176232219,0.120156588322344,0.271003062341458
0.687879484229018,0.686289537902427,0.136946214505854,0.283841483995997
0.79373931174242,0.648426391370796,0.136595827325326,0.224423582421419
0.815208505631569,0.611236631005354,0.102040369441434,0.26263935698343
0.77802907823856,0.591528884747982,0.107558805032679,0.272099679512728
0.577378266706759,0.568315840522031,0.150855892479777,0.244742981009305
0.728247409214368,0.527207070191705,0.134409664037854,0.298708608196924
0.76878753992987,0.768486978626937,0.139681846042264,0.308503383283287
0.811026834411849,0.636510490291365,0.202501363373775,0.282811582520924
0.797484289008312,0.617830078194797,0.196977866715652,0.305370802562829
0.953617999577948,0.769081505798807,0.117455406483644,0.223912492107391
0.704750546350906,0.632396700816739,0.232248883393693,0.354954482624351
0.806951344474835,0.653238834410482,0.0945004104236568,0.227800777117126
0.755317071512458,0.682644249194176,0.222611539037427,0.323704726975116
0.652759067434394,0.557275007797473,0.0973306073844892,0.23225841214473
0.647011965613808,0.477794534218058,0.0994686238233525,0.251743431736981
0.816177062768369,0.710459024233998,0.186320305683931,0.280071415039858
0.645127100912071,0.603998145249021,0.0849959812362292,0.301701541130137
0.700405104064508,0.547431026574702,0.157191549163124,0.205451526870043
0.63495888391951,0.677913876968353,0.145660577071207,0.207679660974929
0.761218216942147,0.543726339862205,0.16096622491902,0.292258295248126
0.604094776420102,0.585769406866474,0.133283237482019,0.161326750342879
0.560110689287046,0.488525487052158,0.0857353041162845,0.23522807102335
0.459670429528537,0.491060416890001,0.155652847033144,0.167579064683205
0.610209480449418,0.428419978390006,0.106215368345308,0.165665675473973
0.446174786142179,0.475711069075393,0.115964361690902,0.260722603334007
0.663443776345683,0.57515402390372,0.161612670791979,0.211268617050217
0.614746692028536,0.559709980694043,0.0886795547219299,0.215419438706805
0.505187909894091,0.602563749833797,0.0974742455315226,0.258995553332816
0.718438396294246,0.498802928242117,0.173802238985263,0.281745252859092
0.731590900179453,0.490794949745163,0.169884893036864,0.263993144104365
0.691130785619053,0.573803387112741,0.127003767024607,0.263571778226943
0.672126800878734,0.567887659715559,0.1336904430184,0.247267436982048
0.537786743590199,0.574029934633771,0.0964584319511885,0.236969149028056
0.62153685188056,0.492000862137616,0.113311432870486,0.157768633291152
0.631821994744484,0.478094330869412,0.128098872500528,0.219458870299252
0.766643522203783,0.682351606577706,0.161904057489028,0.323016862496428
0.706567244925419,0.812375614502081,0.10975704980789,0.255148882187719
0.725748064760153,0.63606235824444,0.151902678109028,0.264846798181197
0.696006125503899,0.55739927003459,0.157641205285981,0.22726138381747
0.781469351670869,0.603885197402885,0.0901609003216359,0.197524457665173
0.533803653078138,0.627969060420112,0.187328764826949,0.277690415894271
0.777334026706274,0.568646595152083,0.111402568613503,0.21220930922208
0.66850524313654,0.590825558124072,0.158973372602575,0.256274430816093
0.894723959293275,0.619276611001674,0.131369169309615,0.308299214142216
0.647384571130616,0.664909002117492,0.15951123940958,0.251760380431653
0.641044166697024,0.598593451123083,0.131231582914649,0.19693188621563
0.737523773049877,0.607765503567252,0.154067404568851,0.328524566682592
0.689999128955423,0.681570894802569,0.139967850964683,0.231447031590172
0.689179833682104,0.575139421392372,0.113353937314323,0.278347094159617
0.693458764526142,0.706377762764705,0.153776961583901,0.236660340520007
0.678275113214976,0.526431250030193,0.135005193558601,0.249808895108469
0.740918658139672,0.519619076127146,0.179813058068742,0.227456666261395
0.691996630682099,0.574082159552392,0.139606514701367,0.281290093067771
0.673887534545121,0.775487654646968,0.182553037511092,0.236572585624227
0.615637773776905,0.498613848977063,0.11904082308587,0.280189019129242
0.658527503945707,0.686267465687156,0.129209088723978,0.165045832272877
0.610306617819426,0.543993776870291,0.128024364953127,0.304074044051165
0.747056956236849,0.682433135091674,0.213326475710738,0.253015234153243
0.707544983961003,0.525345051255586,0.182116576047239,0.196003635960086
0.663507000473372,0.622637574900458,0.119033042088274,0.353158880440215
0.620301908236006,0.695646827434251,0.167292824018027,0.259546792053764
0.846341874170261,0.585168381789786,0.0931742508277395,0.331688009842092
0.702131759251669,0.811346541847104,0.196979269932637,0.245340766327389
0.717608903790138,0.715574269710866,0.15292794581616,0.264286955628699
0.714196524267224,0.480650599698368,0.138940736487542,0.204685623726654
0.540815215228714,0.71368777099031,0.134107701701094,0.270139075217801
0.775690157640538,0.640913185341781,0.144344050415367,0.22570337653084
0.726290563787095,0.555535006422112,0.189194662073223,0.26965777176902
0.627781764021806,0.662738407790744,0.113794949439347,0.308181793103188
0.666539027369874,0.698319056114652,0.136129573034649,0.244778797172079
0.832775262984213,0.587569558516029,0.132761258939584,0.255763206169156
0.713642652392474,0.735845749027831,0.128707375631992,0.285219140957583
0.749279814859244,0.533257374271948,0.131227639272218,0.20242620013904
0.652747882856987,0.599998081231142,0.135321407090131,0.24219202390979
0.581875724451013,0.538752542850988,0.19664337692775,0.226038903845854
0.613623540865088,0.649615436301477,0.121305413034578,0.285799821469162
0.589431273870466,0.572847574547466,0.131416475615624,0.26894031387822
0.603600296399918,0.568794963695814,0.135852217399753,0.27099771227006
0.715056437665702,0.646919476749831,0.151474938958782,0.283209727831347
0.689463695874927,0.680006444440933,0.186190637345831,0.219195446482529
0.653854995740834,0.463551232171694,0.124586494799439,0.297776043396784
0.663388372272795,0.614047709893618,0.174083127858524,0.290849719436008
0.77094212427229,0.576268481346598,0.168835595435506,0.27252499888917
0.694025973755121,0.747926055194329,0.227595869660143,0.317650277455878
0.691290201151081,0.586290496401992,0.11819279602753,0.201845632147203
0.64942390170139,0.6836432519546,0.125181913167468,0.194030830334668
0.692237360508034,0.559559636796512,0.10140529961118,0.276257982701594
0.731510942959827,0.680429349965796,0.111512040286824,0.282387574485921
0.68352832005764,0.515845039250828,0.151179899434712,0.228409910796296
0.687627774403144,0.672510448566314,0.153875578089455,0.254334580155595
0.668540370069531,0.594982465395727,0.105303393030069,0.263746448333194
0.808947088821147,0.704116201919863,0.168147564457228,0.235403414007569
0.669531152370042,0.608595593478111,0.113566701975904,0.239411377717102
0.742772054866751,0.547653811750427,0.207712092294075,0.307273718511059
0.700934114284703,0.716542273364212,0.133750944459757,0.216075728662932
0.845767838546608,0.700849633740172,0.144847370406567,0.326285565006871
0.574072626385359,0.650057725719242,0.15226278896655,0.214244600700887
0.72963546026611,0.611284451032024,0.114595191270641,0.222804531179821
0.734117258250523,0.636295179760821,0.124004559717554,0.23855154728043
0.727881131047658,0.549688797079445,0.145672082540599,0.331949936406962
0.806384232123983,0.681464288186311,0.151312860185203,0.235702894357367
0.659452841661218,0.511262453586584,0.110791268038684,0.324911874487281
0.56586805803089,0.522869417743268,0.165944898634263,0.174925122834993
0.809795785211696,0.754124126961867,0.144226806443646,0.370601809686752
0.851178889178951,0.644638893016747,0.168784186939023,0.244252163309102
0.58533538805558,0.582652102077738,0.127148427084203,0.261286174510362
0.816435057867728,0.668614625440207,0.113725854533585,0.242425556730991
0.847793415537352,0.571835385097184,0.185041061442555,0.255596014337468
0.879159968155091,0.779218714528055,0.145660342038096,0.314796050580599
0.82080142864615,0.778379953764258,0.139983304455127,0.248145063259157
0.594510688201544,0.636247025120736,0.159949689549984,0.309991184563294
0.867045261169153,0.631184825340121,0.121073709388977,0.232522247388242
0.670745246064206,0.604188770466002,0.145556051937502,0.343714273901596
0.699946923963471,0.650582275808658,0.148658209621671,0.343876062592954
0.560315541557187,0.570699490099787,0.147310422032226,0.159128933556982
0.683554334460946,0.504511345714785,0.103011609644192,0.298181697442087
0.645538044167726,0.597281751899749,0.14074133495402,0.218230926954958
0.650843354180786,0.577131888740855,0.144601684276598,0.273889365642361
0.702383948728732,0.751784410389366,0.171177281841928,0.275147450006865
0.884264418465674,0.631076096326642,0.133172149262419,0.273915210280255
0.7701151066194,0.74948601233258,0.18955193816502,0.28647235848078
0.767815122669506,0.581750721294093,0.106203724665081,0.204930179062244
0.779173611195661,0.584049881090815,0.106872859718371,0.197091097793715
0.665883569506792,0.627182815644705,0.155267293399773,0.31789435144494
0.530985197283188,0.581313969629573,0.126381066581747,0.200022638246161
0.727815270212144,0.618386383477549,0.121968743492382,0.343617119813045
0.73850127680523,0.715189391837259,0.15290294813033,0.256506242710628
0.637122854936366,0.560535306687859,0.130782378641551,0.295727505886385
0.742797134997237,0.612254453068083,0.159680802530721,0.232954888780166
0.60978988997869,0.709337307788698,0.123015645209522,0.25885967745412
0.720036407482042,0.546594688985945,0.170597651895123,0.281251443129385
0.662755421940593,0.738163099681605,0.110348189823643,0.23452991964237
0.684465829356048,0.66489864942692,0.146562833947716,0.246398723807814
0.844703698647304,0.680532301383131,0.145706107959583,0.256421424785251
0.591475702453785,0.568400423083422,0.140814041437229,0.222234940684814
0.679811454762004,0.623474300919717,0.112260175860029,0.261517996581053
0.652375466652758,0.545460280664593,0.139319732200046,0.262390218519137
0.643329567761867,0.577758550479958,0.13774431617389,0.247207458037445
0.738804858755988,0.755030857950136,0.145650658493196,0.278054278778614
0.948879853061047,0.609468537254615,0.116466766995514,0.321354495551827
0.619364172876002,0.58840564444889,0.171089779520002,0.245184142335624
0.737943171716835,0.513639743735043,0.0882861533526286,0.251539350740515
0.815458459008169,0.566313763761257,0.0981393644191002,0.222627655921279
0.626502881823612,0.582469421417871,0.173982466840461,0.260565948691561
0.683517676171263,0.563572040214664,0.129386558924962,0.371622508056944
0.860563619949964,0.786277564117989,0.17153607144325,0.260215559547454
0.668798027130368,0.481448747203328,0.131603134260076,0.248935198510012
0.804054178482242,0.663947430593852,0.14989888523951,0.250140429918543
0.795035485298252,0.721306679636427,0.17412935571654,0.229601823521112
0.816116120859367,0.523413595160386,0.175054147902283,0.261157445193356
0.51939830505977,0.694609367711561,0.146233014614022,0.277312371065269
0.691165433685059,0.592522852003419,0.146115385555243,0.218030844116272
0.7159887179887,0.670905701313869,0.16441562116237,0.331020636773003
0.715660420903533,0.701196431019087,0.159019411873155,0.352905354355843
0.718891109057606,0.648579005358186,0.126185109136199,0.38547578048011
0.692846537719232,0.665213560706412,0.166703263177969,0.285176219455803
0.776927916182438,0.721216302040758,0.208686834124388,0.264437561671577
0.721245894960672,0.645385875538069,0.137522749250508,0.292936613397023
0.891372647852972,0.671665031609727,0.112644530661316,0.250977159858554
0.737926540064874,0.604397423717217,0.184290044734623,0.249425165721528
0.554797632740103,0.559358596010129,0.13215274113017,0.21547123472758
0.666899772783385,0.449807508960734,0.142318766037596,0.235681255636489
0.625181644957215,0.573424439817801,0.130638956533149,0.257484901080596
0.617088887530635,0.588129147067051,0.128642269260448,0.19367530704024
0.619530804895924,0.652612365858904,0.122719592712753,0.229817423255211
0.623507428849819,0.538067599592526,0.121334992567702,0.21819478642679
0.655396692735921,0.717426396109454,0.154736483212983,0.228143696841584
0.604931870209171,0.493471995105154,0.150472668511279,0.194648031849387
0.680846389998534,0.53632544514194,0.106832988725961,0.3275356301545
0.745721911339747,0.633668616272729,0.187193577740073,0.172597926585264
0.767713848150909,0.709343109536723,0.1428836313732,0.260424599897795
0.611717017524998,0.509626114832733,0.137391486690177,0.221951879080427
0.695521833040509,0.689075464993803,0.135894159546279,0.299751732681893
0.704817772768323,0.525164149623313,0.188956850954527,0.224789501421112
0.688800940318755,0.697613545560226,0.0997166476284637,0.275525474642477
0.63975152439545,0.524017064425289,0.208304632413454,0.21405998829472
0.541693380671037,0.583030062972177,0.112087226010197,0.233483629200392
0.669479538335278,0.563303887057006,0.114190841873118,0.194696499958329
0.720766208101059,0.487835675950355,0.159881121486401,0.18929680817895
0.715116121505871,0.562581978188022,0.148341464351519,0.208734617405964
0.856324732504436,0.568374934697463,0.159086813117679,0.244854944708082
0.556929075812998,0.66504780187706,0.120294538325749,0.273479047323729
0.883032001398656,0.645610295408195,0.145323504450965,0.258168231121146
0.918274311201573,0.68370220825961,0.147318919052727,0.258350019261302
0.755042583703826,0.708568214900259,0.146386791852793,0.231378727542637
0.614901842723263,0.531627276499526,0.0987115918611695,0.264986322746598
0.569852916239278,0.591639714336758,0.108020313710273,0.235039608699026
0.59829734993847,0.612313689687765,0.114437189875237,0.238459266572287
0.876436194530771,0.638064166005738,0.175475994501245,0.274559973233978
0.808129202183737,0.685327402180456,0.16740413491321,0.2086530834783
0.509285224322809,0.446606102631704,0.0880050264843836,0.224832096003283
0.500333828116206,0.474519016064292,0.0956909872988599,0.25974529971374
0.528485966170385,0.44969786329051,0.110298305537371,0.182914671626541
0.52508619758001,0.498700217840032,0.109480976576431,0.176078633493385
0.528568622418771,0.462877533416358,0.152777958843505,0.192270155916782
0.516015674022649,0.47641895469197,0.161656588095799,0.235842103415651
0.601071986525832,0.577518967832496,0.115837265600079,0.179947512950123
0.584244902634963,0.535293861599665,0.118796333755854,0.297451222572826
0.648593693616646,0.529958375868299,0.10129100578903,0.254050735945254
0.557579690183237,0.537271219291695,0.113807191334724,0.222417349142679
0.620221786565136,0.444329303418723,0.112432483040005,0.213171343348886
0.661960990391708,0.664070418470951,0.131641341567823,0.213436185578017
0.607734400507527,0.481293654635229,0.136418809354278,0.24623583546112
0.709978585843917,0.466023212550898,0.190861452000816,0.304397343945318
0.666098484239792,0.462998969710773,0.134640624103731,0.178500587829893
0.681520857324595,0.683236568547392,0.128800037650557,0.30130392996439
0.786659846368793,0.685484465971196,0.152816632282829,0.236377427144795
0.94553363963286,0.603005123781751,0.16725786505417,0.288747092282094
0.663200704958409,0.707588052309767,0.15118696372623,0.289135898487071
0.650700354724315,0.547901363125468,0.111727635754376,0.252899746546267
0.603461060259168,0.5905555595153,0.0960329764382282,0.270574002099243
0.757397241188976,0.700399606102671,0.194507286502104,0.278989970596825
0.741908279499504,0.64112139324544,0.159545041570939,0.282950204794883
0.679844671309434,0.74949966969719,0.145748303291755,0.32651841059557
0.743153252598895,0.612368503780208,0.148689967636932,0.297896725978289
0.85985627240291,0.601398937709329,0.185891828422104,0.220900668282637
0.579946415761001,0.635118931976299,0.141631926063155,0.32232162396381
0.692490587709667,0.699153259251663,0.168110494350565,0.19097838356781
0.797541859760283,0.675637794104085,0.101957344884975,0.317919705918537
0.668695836857666,0.593514693599479,0.148863303461407,0.256531472494585
0.715818127135904,0.664506322124519,0.163589850784177,0.308275052203774
0.5807876116371,0.599486378536299,0.129849905901877,0.265618260525794
0.671835896834507,0.56727547518782,0.15130889709184,0.293625612862164
0.626473684282655,0.48897559098259,0.160416647579946,0.268055411485303
0.707399885453122,0.61439586776222,0.11296659131472,0.295977830107044
0.712014621729223,0.571630969450844,0.186320179360783,0.238510514309239
0.706469440754445,0.616495147106204,0.129348239972436,0.306162851106903
0.606448756610795,0.670952170754856,0.130537101714327,0.397967805024749
0.64754542237547,0.482715219292464,0.159781363691897,0.180454999763333
0.52328065417303,0.614021706084617,0.130316133474046,0.254206235427676
0.619427682447586,0.57251612426401,0.102579435506345,0.270028986978027
0.597133286289441,0.51589375437623,0.111717128169411,0.233253747434023
0.696115748495122,0.56587965933051,0.133101252002422,0.2173399034998
0.705846460271776,0.711188732072963,0.150528619752997,0.291077053090381
0.642396331402418,0.578686953198315,0.136535735423797,0.266333794930912
0.720824739893912,0.647513282951875,0.125197479292194,0.280113793416646
0.729858970287481,0.636339321507032,0.131623465568109,0.239270794801696
0.569949240486648,0.454150029668357,0.131773712145923,0.274589205222962
0.596994336302495,0.590118482944105,0.154978308637611,0.227114198903551
0.596460734458412,0.620572463113251,0.187150169556682,0.189862884651376
0.660238604064349,0.546586301969006,0.114505793913941,0.288347038347353
0.613141974919153,0.514829512770193,0.147986484955843,0.213869567925727
0.708394357709251,0.602828574701061,0.151589542056996,0.234504273888858
0.628499352649666,0.531857452729471,0.144086230645411,0.219886392616541
0.740872960791487,0.598326722720826,0.133485803634497,0.294961941606435
0.639390787068657,0.564600821301137,0.106265611485177,0.246757796559542
0.63241090261824,0.517777788365114,0.133473475589041,0.198729510552865
0.63999401814783,0.512447937473636,0.0818053405195338,0.251022065676655
0.591590222771148,0.626825384409681,0.157580728091628,0.225019551098803
0.873587286458895,0.649558146963436,0.114987935111102,0.312623951548067
0.565598647747121,0.519524514450197,0.0967485147275216,0.203944341155525
0.656042739557789,0.583670432855774,0.108767529018033,0.25204277578424
0.665553751361092,0.553141880082176,0.115758996668853,0.212314595918804
0.63723089644858,0.551230907098396,0.142578689841481,0.25836761579431
0.685067919369313,0.616676892490012,0.13932750455948,0.285546116242472
0.662696086875065,0.637924459905937,0.137566494480528,0.278571020643487
0.694497236583246,0.512544512153896,0.132245143318456,0.260504696661594
0.708820594357176,0.607933698011328,0.123753850426349,0.287018502473041
0.631394595857534,0.562330513200132,0.150207115297974,0.219647204809673
0.586468491199555,0.587930332437401,0.180323986541037,0.294839442667649
0.698968334991492,0.702494171106798,0.0896588687218741,0.224433199260185
0.705674944645602,0.614697377476747,0.129807377676294,0.218204496165065
0.603954425438159,0.651509098541536,0.0844283593126521,0.261718957033313
0.687836941682457,0.555983661754444,0.180880522845246,0.245574928090457
0.695524905177334,0.659105902583063,0.113072754163245,0.227826625538595
0.81000316572597,0.649616514292519,0.220735580396507,0.254248184265533
0.587159689502457,0.604097073248768,0.107657910179585,0.263796202163462
0.592799970531892,0.605164229726642,0.115842565284818,0.201206397510231
0.668138636905543,0.595054903651285,0.0981675252531722,0.236182956727673
0.645485860674734,0.51147786847327,0.12025333594695,0.198465390382311
0.646457858615968,0.649781584630349,0.149023390760031,0.352114188329558
0.712751153596764,0.600642552442268,0.1346043872948,0.220530022169295
0.660989969738848,0.542876887731497,0.108855642288332,0.223409974438463
0.626355663182876,0.560457428140828,0.16178770258767,0.184300483646814
0.706021381319221,0.567908605891643,0.0976169793750832,0.326099629824431
0.623120145688881,0.611808317775052,0.147661078479563,0.192912431529812
0.869645049458208,0.538574669474105,0.19263484011083,0.426592385748744
0.71376990580289,0.732198735817035,0.170529339115605,0.344564048267511
0.860435243091078,0.593943385164485,0.162142170563628,0.284260473455013
0.655728054048554,0.654290258022315,0.121160734454295,0.22885467292607
0.628924279092064,0.559003341315412,0.134993705510259,0.259984180517258
0.59786573391414,0.565620116746578,0.148525361657133,0.250097181146861
0.615052478838753,0.551071846458231,0.161145096649152,0.251771042665048
0.58725912140836,0.535849075336085,0.1608894706661,0.229709127432262
0.644385539308271,0.696672102941156,0.118866182720426,0.243140374221544
0.650808168593331,0.622402221665518,0.119625828940571,0.218574865376616
0.671349962634293,0.573674815855711,0.158008166839192,0.268214541387192
0.662207397699421,0.584670459659793,0.0900814283881402,0.255976699025762
0.681981266412181,0.552954728813412,0.104082018156618,0.22033778047576
0.681328018133815,0.60197788086418,0.186295312471161,0.309062182498134
0.623937295493029,0.595247717334403,0.111487311502896,0.255746035987366
0.748176991455795,0.673828403660328,0.108470038220363,0.229889997191426
0.643821231707058,0.595982631919411,0.148088964551739,0.272897008263297
0.726005699606931,0.583335052602775,0.132877153289496,0.244307396948449
0.667755386013758,0.712612128935023,0.135319635373109,0.286034135258621
0.658317100088036,0.652616077408579,0.165931523563986,0.295277535765836
0.588499808753133,0.608073682700644,0.124325518612612,0.214150871166949
0.739806185330578,0.528465055924243,0.130030928071367,0.255866672354966
0.738870329248362,0.73625408058554,0.15921952886131,0.26371124168254
0.86686553612624,0.6410677462354,0.122027748294107,0.281995791361714
0.947582787468506,0.573246386620467,0.149431177169146,0.213052570660651
0.774861375922294,0.651580901855173,0.152132799553942,0.339608349592549
0.745821791975809,0.590105361318525,0.147212263205925,0.312369948520816
0.772398780877995,0.661998371334957,0.149778408292851,0.256099244269468
0.778448026260843,0.746975062854204,0.165207851347309,0.217372515110848
0.567370876217528,0.412675420924015,0.108611172960205,0.24868553063823
0.554333627154117,0.524652536143306,0.109967571841302,0.222150511575699
0.869415846750205,0.770499702314783,0.144579212233652,0.248274186795157
0.6496643228826,0.536986023085462,0.159722809862356,0.266962110055806
0.610569677086742,0.565306259511432,0.106850275593337,0.244808662942393
0.573698267181213,0.59343750336312,0.112634281310065,0.260071611409978
0.679953844120228,0.558346764556092,0.100345901157351,0.245710670070565
0.686393359427887,0.50650683147954,0.0890505342608324,0.278316797433674
0.578903783540868,0.632890350903292,0.223634584719512,0.213014108439471
0.883614192718037,0.651072087889647,0.113479942247894,0.330843907454383
0.542991144492916,0.672271544793439,0.160138244159391,0.218233991238425
0.681545465220708,0.470033011641513,0.0980687861188637,0.247815101313271
0.602128373218015,0.827441179850849,0.20114155146232,0.236218751972552
0.605337090057753,0.533460780321265,0.138135401255002,0.273130570505884
0.614430413021306,0.618530929671263,0.124422128989242,0.260705410842195
0.689753742225078,0.719952259023979,0.143004632620745,0.235203249158671
0.868150392766759,0.648568639874143,0.187186549185299,0.290341216570759
0.844688364484763,0.644391095659327,0.178122513243436,0.327875573039646
0.574354517249959,0.5308109458537,0.129472659131272,0.189030738825671
0.569961947250375,0.530083851346951,0.15493983267999,0.196821610675626
0.563369641536356,0.438889444878459,0.11750439361165,0.167867615774936
0.621828460679812,0.434113192148029,0.157997185699853,0.22393800474998
0.615134999402476,0.501586920860773,0.106347635398326,0.239916871551067
0.52190873261405,0.567066153034515,0.152342902816713,0.245742034767987
0.829646463651832,0.528820355654384,0.107959882441719,0.270442617734731
0.618353066007825,0.65582504647022,0.129667113502016,0.213748365170581
0.663295695038251,0.588861730530791,0.152894139195495,0.217383216742703
0.575870222321346,0.521403161300312,0.13183785877031,0.256622827893219
0.746575324984441,0.460854658471542,0.134545218329706,0.237329723801345
0.795259505473303,0.787728752459642,0.138825384883936,0.276853902543349
0.630857078671948,0.594567581522966,0.124751489995304,0.198344548167385
0.652679893167356,0.689556942522935,0.120503423471889,0.180809844887317
0.615215132246058,0.619661515006673,0.142115582110797,0.30789244872138
0.662063876392624,0.609848878319164,0.135912387649246,0.273575484463046
0.802006436347328,0.721178656147187,0.156967374003509,0.307347625872592
0.689089276491102,0.547046697955737,0.146901687332566,0.214644812587235
0.687925197772063,0.686824620929624,0.12655794275032,0.287616128596754
0.589203961867896,0.640670872257297,0.146135713322545,0.245451224431531
0.732414967772529,0.676315587670448,0.118289895718236,0.253847467926645
0.493625714286516,0.50798113210617,0.142324413029639,0.20192696107764
0.850872776320745,0.621873739146182,0.108412619047667,0.328132680341216
0.599601919380618,0.556586256169064,0.183429137983407,0.234027907118074
0.791719461298189,0.618027212814784,0.126408315004198,0.288954884922383
0.616680804073521,0.73119599927109,0.153017751241613,0.273273353013506
0.689346346689505,0.618287014267116,0.152484174977757,0.217834521628157
0.648820825932708,0.587072047531857,0.0999347276443755,0.285121892404284
0.785338838636747,0.707962238033875,0.180906348339715,0.219161566269263
0.582302097982159,0.584176339868987,0.092333483329134,0.230383158109112
0.57605495788594,0.48975105103567,0.0805806704460395,0.161112278084966
0.491401554887943,0.483993867286438,0.131346143331653,0.261299845194432
0.725122503532879,0.672265656820059,0.111581805871366,0.200796765315837
0.589191552693252,0.682203524895704,0.138407742037221,0.25247485105371
0.66909120004159,0.579886034756827,0.124470890571267,0.311831986425869
0.602723885285165,0.51197512748771,0.145753792554464,0.198146266998773
0.770924573827135,0.540657526233497,0.150533214598147,0.242759928966464
0.782623341461089,0.662905252048911,0.107820810938913,0.296864608762446
0.660353156352859,0.700993944265242,0.187463290021254,0.210772469108633
0.829745892665165,0.649442036397215,0.128066130960814,0.285457756227716
0.69137936394235,0.664303423771673,0.126585497237215,0.244556743378948
0.685427491016905,0.714213749526522,0.168145355155005,0.278822736479141
0.686655637497412,0.510673019039472,0.110435531566156,0.207100027001063
0.687163125268619,0.754198134413161,0.153133594091773,0.283591168801201
0.695476231100726,0.526764891994183,0.190347141008268,0.302164432689132
0.663404384346974,0.817410331371634,0.121825322846655,0.249180022458271
0.88964879578514,0.613278761208558,0.127017024070461,0.258132900424743
0.609276623812576,0.599456343479847,0.160626214033718,0.285727139328209
0.834408804352448,0.760120481541117,0.157166589296562,0.228228607915123
0.575492037932872,0.591625620156411,0.117023899801339,0.254588593542129
0.779450021697238,0.573707762244413,0.144552705490234,0.270813711262084
0.863537658711098,0.610813526970906,0.116654401685836,0.259328499460861
0.605003343844928,0.642033103171069,0.152735432412736,0.213184503303709
0.743134889457932,0.778126125033026,0.11522165789642,0.23850450562176
0.612772997647479,0.603595957567894,0.125940167655305,0.24456227852965
0.627920824958528,0.557511151346355,0.13224977609326,0.246208762322888
0.629351032683679,0.610130463314881,0.15802482751346,0.268011613698804
0.630090509054748,0.616488972106542,0.16824889761615,0.265696347295843
0.552521922107843,0.545807816291565,0.109955596842787,0.207513577173428
0.724442601125226,0.728413124943074,0.122924130908859,0.297982014003591
0.769219471064964,0.584147164056272,0.132021418592745,0.302432017439451
0.683430040976739,0.685435681066359,0.176397574848466,0.284137756753595
0.563182154342609,0.463201520160676,0.155214423264143,0.198162084709989
0.737950238643098,0.882233163354373,0.134557739304224,0.299351428445258
0.559411028117408,0.439037964221793,0.120333067868214,0.246043607540064
0.720816998098403,0.597927097194717,0.166212803357716,0.206619301003638
0.661595529193903,0.572108917234295,0.135419454480976,0.311599574710136
0.712677347673911,0.59978050613474,0.128421623270446,0.194195335122703
0.634881496984343,0.656116531474753,0.143084840486506,0.218533217117362
0.659758164121712,0.625600578862093,0.137067635979102,0.205685522265901
0.520024276851681,0.511093423742825,0.128051689879602,0.222795130541464
0.521305677920109,0.504886417201797,0.131243728238414,0.280378876073344
0.647134642641093,0.51327772865372,0.14378697816258,0.206521801967519
0.534357746054999,0.482058318069552,0.127154835351175,0.20587157530511
0.686478959141407,0.526608128613055,0.176322162920547,0.228303855929432
0.704009737376697,0.527934830241954,0.166005193283732,0.246844693491468
0.685992963284027,0.601814010879433,0.157566523204641,0.235835515888444
0.732129510850241,0.617937256955154,0.168445769011535,0.283612719397666
0.619241002536751,0.575815073912995,0.0878038861079682,0.230209144815793
0.65870457504237,0.807801361815492,0.0797646989149924,0.245909032942828
0.818367039104175,0.553277934211684,0.124367109100382,0.323028263021623
0.721954982195784,0.676872230601104,0.139111382358692,0.341301202529752
0.829938068070108,0.691134907471564,0.113155865129143,0.322807633989213
0.662983484750636,0.57148226574808,0.146287264111736,0.242367530302469
0.7792501480027,0.564118226243441,0.139496227569551,0.254890523837936
0.77047321733243,0.565652754580206,0.141977897508773,0.255311229357211
0.755722723787612,0.689662996804534,0.116551634140611,0.242164263506244
0.735528815794774,0.668051423129893,0.123931894718769,0.343704366313685
0.750630457272357,0.567984727583705,0.183510429211762,0.2190437325943
0.615938650803368,0.639489957230522,0.110390057899919,0.281582987259478
0.740562567756477,0.712613202061769,0.15166939143952,0.236718642534183
0.74074467859685,0.685080102536027,0.116749009098693,0.241582569753935
0.744681792425316,0.665321649727716,0.176953937848428,0.287767523966143
0.631385897362556,0.688808749263039,0.121529718243017,0.22233171796359
0.68582711487219,0.540994527799879,0.143556889820585,0.240807188607453
0.646424498205944,0.550292179109546,0.162345657001561,0.253708165677061
0.731788958412346,0.563099538087911,0.102570400792616,0.216277041849713
0.660324369287904,0.457092744300287,0.173857982588687,0.279193326491919
0.812777218219348,0.840488143516009,0.157717538226759,0.281710103174892
0.823663537821558,0.759469217774015,0.167606647920614,0.296584159675627
0.689190334717503,0.747794722266183,0.121931258253312,0.256804965734756
0.759428982169501,0.636242503176632,0.12204122426001,0.254327381997179
0.720348624683599,0.662193895492167,0.171644705862826,0.240697364677956
0.623213532584359,0.649714126266998,0.109202777378889,0.262286117894644
0.696275822184332,0.556839983439958,0.172422035178742,0.223303543759847
0.660348367318385,0.710874695730387,0.104968509822805,0.319634902850601
0.756754776398924,0.746609682158805,0.168237054805646,0.20522213583016
0.742083435043309,0.620391773427788,0.167778491425697,0.218964869188416
0.654153991517864,0.762508340820684,0.134361880945513,0.29347139111287
0.714399541284606,0.75089878143018,0.175688232902706,0.246343301140121
0.855752993388874,0.603193376076413,0.127758685054082,0.308083711446272
0.700765358106438,0.84066854824735,0.200743693673022,0.330802202838329
0.745395214073216,0.588938503444963,0.103538084552982,0.220634042920494
0.648023446282891,0.681425686880863,0.181589262699616,0.257052905642628
0.626489015020603,0.531477139620424,0.127985039516595,0.231396000697563
0.723728563892268,0.422785537968966,0.114509773678438,0.219801777922795
0.534793797397308,0.611851143153194,0.173016591160683,0.243408616207506
0.786015766742024,0.572171537034176,0.0972794853016955,0.231257129848302
0.595195568779235,0.543409254610872,0.136030087055154,0.269801834316876
0.629911842834762,0.617355230048417,0.112704041757701,0.230205972017443
0.643656541678097,0.526961403377783,0.159649314325237,0.228203124620337
0.664202031897368,0.656500458909771,0.116833295727936,0.271121584362573
0.679795451069862,0.573175156253023,0.165995950280005,0.242716832479679
0.755438976794148,0.668581338045004,0.132722643176319,0.270208799286013
0.718454588459065,0.69017593067227,0.136913815493477,0.271739210833725
0.62994437150909,0.588079555535762,0.14129794366859,0.216954993620381
0.583586791506487,0.586240162166816,0.139079518364674,0.23851196375903
0.722651549219209,0.529332610416243,0.122184323661646,0.261387784280595
0.714527562725007,0.550456261399563,0.0997698299790447,0.269973271241957
0.70177039403735,0.627321287418852,0.0903423764758965,0.277078966340708
0.586191948650191,0.565021264996535,0.187010438170078,0.216896227792931
0.646288785887559,0.570881574601503,0.0825522169481425,0.231872313541133
0.599011022917108,0.657465516534431,0.131678574620884,0.267201215429303
0.647087161277843,0.643044455664966,0.133181944652566,0.275382345041844
0.632425520509128,0.641462091881518,0.122612727652679,0.232578974030113
0.642709347831398,0.644097031261132,0.120542009446594,0.222596141209814
0.733555296702054,0.561055106125336,0.17168187456574,0.228129462753096
0.572423871810183,0.630586009386456,0.123939506849208,0.284029490597719
0.664745798931901,0.723371529231793,0.114614888513279,0.311397962323008
0.889761342471311,0.555481761675946,0.152923136987671,0.236180872342177
0.63052823769357,0.632199446882817,0.164045470765648,0.292087182125837
0.581120440150686,0.644576726854354,0.180437522392287,0.229026744262935
0.77288211519558,0.608509330463632,0.0957150099223371,0.256460795537238
0.651541631370156,0.56359435085542,0.190202574266969,0.257140691738048
0.667690709212343,0.557301538298144,0.174385931172714,0.214508005958006
0.666592939874878,0.550588718278763,0.120606223732042,0.259744121678038
0.707009685441831,0.6060351595874,0.21017043737492,0.245047271367808
0.634451632052373,0.735833366399619,0.113638211945394,0.285566612638061
0.802127410762901,0.588565414730816,0.160560008246975,0.271797761081388
0.764016780552513,0.754674857311532,0.131163922918778,0.276741323611138
0.671276195553655,0.800063968417963,0.102183513779111,0.285723507259828
0.6461225572385,0.785143432270966,0.109287063709286,0.276129728887268
0.76686551253393,0.522473028001734,0.161082558947849,0.241562179242097
0.728552595397381,0.47677548933017,0.15537176608464,0.23154038308064
0.575523666609043,0.763378763196312,0.0978707377641707,0.244649117194718
0.601926910539347,0.411987716631696,0.153380913702946,0.217318117629176
0.657682220498145,0.464931229907039,0.102688858328371,0.189651922734674
0.63600734387254,0.62159885149391,0.132497583462031,0.243557951194618
0.824265312187625,0.661086254000766,0.150397622204679,0.333165277108196
0.633736677180876,0.585303093153233,0.182748812030757,0.226788542120396
0.669990195493802,0.601232357173691,0.134442344940551,0.213527484108323
0.587046088307259,0.454927105046565,0.114570856517147,0.207639928051337
0.626740683948239,0.683910721240033,0.158897812622454,0.25842792179098
0.867177954830213,0.61549768519612,0.1542231034446,0.299175317353233
0.698957247553709,0.671253680441282,0.17831570664009,0.259207458763088
0.71948104316376,0.610715047395424,0.19300716810806,0.258836625672535
0.900781608389808,0.608024009694663,0.204665890699131,0.255830411144583
0.616547704329041,0.708747117209588,0.144620580080501,0.264360991446421
0.693615468821078,0.585760278781985,0.12043319706388,0.260532311051461
0.67297075788931,0.625818582109834,0.144158582648483,0.217078797054885
0.641177009691651,0.658389817834223,0.123612114631543,0.268494190683471
0.637418346004367,0.563815606030594,0.14467757437207,0.254203062281539
0.781794216163044,0.657275842936596,0.117066364355705,0.299579187256645
0.684498239798478,0.625861364106175,0.221513874263156,0.282584256072933
0.764192814370418,0.783944141318528,0.103517251945109,0.253671687551784
0.566427402812757,0.472740027941375,0.181700272980081,0.219626367288549
0.669367193303258,0.630459640318385,0.103088901015467,0.230557470087077
0.657533067915544,0.601776098432374,0.106892817503614,0.240292752562486
0.655189723301311,0.641815858174392,0.122407810986907,0.281705651180689
0.649486448369063,0.600114704091801,0.125238929652523,0.233186757354005
0.668655482523919,0.597985411845197,0.148075623562519,0.225529459922493
0.745529759967936,0.771936016616394,0.0985679149778678,0.228470273938519
0.620462840337195,0.773673366640969,0.158755998411942,0.303655473810217
0.693628964060945,0.507683596893783,0.169489723076587,0.268081565796801
0.694775004226799,0.612180985998038,0.113070185049416,0.217892087911216
0.692655782924498,0.558928483342807,0.174759811275566,0.278028344242372
0.751532990386362,0.629807051568587,0.092304210833647,0.279033412711078
0.663737430672767,0.548177407727389,0.181387657762812,0.247935123811274
0.533162694513354,0.522259836281665,0.0949488667837405,0.225584695039684
0.582703222973488,0.536165585420339,0.129918432445723,0.245113446179571
0.77170899840943,0.639214218922727,0.121420770027361,0.262107158431796
0.642463070755224,0.556784500822033,0.168360698627865,0.330826454699739
0.854789712322155,0.772353092460012,0.121851530093169,0.265480933999559
0.631964308822551,0.451406888354779,0.140211381723452,0.257093408272977
0.609268470726354,0.503830690209663,0.148303819318575,0.197762320017687
0.643470770154754,0.480988449345922,0.114386478193955,0.220676044265139
0.524139838283854,0.563648050934366,0.139865306453121,0.219987584686805
0.712144538608816,0.487480219015923,0.109916764136671,0.263260453388606
0.737787072825378,0.545634809710253,0.118819897696556,0.269645877877455
0.573324465433147,0.491743441947997,0.0937076237542731,0.206785621122727
0.805391881442559,0.699166382589432,0.194567997814799,0.284300501513015
0.605805671781312,0.732681509326551,0.106544735228349,0.215002167600229
0.566383855904337,0.689888440928616,0.0964391226711069,0.207808085801239
0.725001824063465,0.554666039518143,0.180356882665404,0.299530610185792
0.584684563909609,0.682236838014753,0.129060584567424,0.277086224504703
0.742213698891593,0.695056515233799,0.143234297740405,0.208569156708918
0.646989083716892,0.671954537329929,0.135095864022753,0.250538452943572
0.6869904978526,0.650153215047455,0.1360807670173,0.264124421469386
0.661896879423101,0.601875802976177,0.156626805682937,0.260923939709908
0.53217295437847,0.671776737531621,0.118186487676215,0.244866854915992
0.76369206374301,0.537871555452744,0.153051939912348,0.314926494201595
0.691117240530102,0.751214288942004,0.123392631445456,0.280536576195023
0.78951551606903,0.708573688779732,0.207106405241197,0.246971737714996
0.603982314108308,0.644158466110416,0.16060234760336,0.333056591711122
0.706984186015406,0.652905301856131,0.148437968216442,0.252950392154341
0.71316928890971,0.664037244817086,0.167629829330292,0.220211036116071
0.834661676257841,0.646609459133139,0.113048125666233,0.321510136824004
0.58405765891919,0.596730232560702,0.170670128817374,0.193697703167848
0.631025468076499,0.593004278109245,0.105007229227305,0.241482545820825
0.750046505981222,0.69082575708964,0.105031050805789,0.356296707886234
0.685681980858731,0.716738418410502,0.1527412927537,0.337112218772971
0.757030817276049,0.670152921244384,0.139998482640806,0.236574831195591
0.657193336523236,0.647919892521567,0.121405746562505,0.234521145515217
0.569562460480691,0.512324232455958,0.153134281729559,0.233099651418521
0.621511140410427,0.584219863789808,0.137240982568891,0.210402393764959
0.622815183604061,0.575599041910441,0.14568243190115,0.214502689998967
0.748426185328087,0.57263727509911,0.125956107151696,0.331432815093269
0.733775267713693,0.601779307285021,0.121099420517764,0.299449065195231
0.680835921887782,0.517200311552808,0.147168348514667,0.24362383361821
0.662594033136933,0.514175984698907,0.152455663069864,0.2694661291418
0.782874822631841,0.657478150744334,0.130994849517488,0.236087222565211
0.649289698971451,0.509716741755195,0.110372657200826,0.255821326718397
0.621952216368102,0.472600431216007,0.12338957694236,0.285418096189601
0.710216721137099,0.689177226882364,0.17123334377636,0.270238589705964
0.807114305853827,0.715077706842711,0.126193055732424,0.294814356328346
0.695904956846884,0.682274964557384,0.206306722805089,0.270412093350396
0.630815599231701,0.556693241458648,0.110293736250309,0.244823377964706
0.55427583642125,0.446679163464557,0.135104929930277,0.238811067486725
0.651565681439242,0.663222666551807,0.147780554116249,0.211360471783934
0.81065097973272,0.770856410060827,0.113880714124547,0.360956522123311
0.672748926278776,0.603897147760461,0.164512547349291,0.231826123773366
0.608056417310805,0.556630617632637,0.121727026928398,0.273884644096251
0.65354688215295,0.639136658811296,0.108214946335047,0.240567613220238
0.624473030672887,0.561509743453611,0.127579583488922,0.232098455050079
0.64362669208497,0.534937641141687,0.135828977226801,0.239317685570353
0.691593988205165,0.597389774392415,0.143235083769444,0.189804946684149
0.534353268149281,0.478828315911448,0.0971858727175032,0.299508977052605
0.679940179513833,0.555485146623924,0.116540964850262,0.168313549269298
0.694804569428646,0.527260821407703,0.120831586566251,0.171125511358394
0.576033385449593,0.615309478226747,0.185056330113825,0.300832478910672
0.712519621419971,0.550186939934774,0.129522620997029,0.207330435635719
0.718390044029311,0.615360511678272,0.115489266933741,0.230594693085044
0.756397049981527,0.654870264556087,0.164852705384483,0.339370811529246
0.657068605488632,0.660052875971528,0.18673652958446,0.291656861135507
0.663673077195644,0.472605377072439,0.130342196558404,0.255153296252074
0.706938266445345,0.766569624332462,0.184770867411272,0.263376012187231
0.756453696240762,0.697362134118823,0.15774993755492,0.304637593897356
0.649982268573305,0.506797371557237,0.128854771647179,0.227187054527965
0.710349398750527,0.691703872219221,0.126445633497242,0.274750033898862
0.662654646476147,0.501803994011098,0.142634837963025,0.265663253901998
0.680669018319682,0.639062204298276,0.146148772365918,0.266145928239648
0.547103027448113,0.535782291005904,0.0796032168596533,0.192232801395642
0.550921389466371,0.47948181350326,0.12296187578503,0.227821152086899
0.707743749403504,0.635330766887018,0.152726810745432,0.345238983367666
0.746909865813859,0.600805135296182,0.136333733353451,0.270302972033391
0.629749896268175,0.616245189730436,0.161324275000533,0.229517695409671
0.764986405163585,0.614265937804727,0.122642967905817,0.331906578577643
0.644099138308891,0.578180055695103,0.114776377948139,0.259653903111158
0.746966121364114,0.636689663036402,0.209264706994919,0.255563849083719
0.83016155464097,0.599074265616289,0.126873271307403,0.244625680654797
0.787114066378881,0.614745084120235,0.118892779006892,0.278044607804105
0.667483053469601,0.669732976836274,0.142551183784438,0.239796223419433
0.686845466780771,0.5969982376661,0.140655063270614,0.24814643618244
0.671959698920706,0.775200371474234,0.14538022889635,0.324456102845121
0.693831502840448,0.664688601031242,0.142335455034761,0.250255118861409
0.721326052701763,0.569354890407019,0.142291911485186,0.273527875060445
0.766457297870223,0.511325447888316,0.11730010527456,0.213782027042527
0.704646376943541,0.528952653101486,0.126798745313156,0.25849858624202
0.556439158345575,0.646865873075269,0.134150198314813,0.263256148677986
0.861749182693716,0.667685892674471,0.143296948287394,0.23994362723011
0.832509772285141,0.589209425857228,0.175033497177526,0.225367237142675
0.912131457869047,0.662185679067159,0.193004228458369,0.276301117010215
0.627956458063797,0.714636221159043,0.136775199826209,0.269227156094851
0.544653975604868,0.703446555301222,0.147608484859614,0.247209046650979
0.758324790811965,0.516815402488846,0.134042665812641,0.272630887967607
0.790802749268191,0.483259694935084,0.154962427488041,0.325896754460384
0.694382394557107,0.752036017991816,0.142822482578674,0.212226143429768
0.757311211471889,0.570864596403485,0.145947311363191,0.334314638012571
0.728774215344539,0.673884214615733,0.115123084062252,0.232322169856302
0.88015874461743,0.723525202106246,0.187529578102481,0.25604143349252
0.684040860512217,0.730963795421699,0.151318364660783,0.166849618567066
0.646313889298348,0.593030695193185,0.120965498274896,0.35576316309405
0.696747146763786,0.559679738407228,0.155095620378716,0.158998520025209
0.605654111731331,0.489843060546519,0.111355169844367,0.326857016040044
0.571301651360322,0.574637966061321,0.166854285487772,0.186801562723116
0.673314696824801,0.588001464401797,0.114539972764413,0.3190132360266
0.735915311796152,0.647896146790147,0.145506926756393,0.216097879871107
0.615542912547208,0.48788429286549,0.151304188100601,0.355222084133642
0.61891914021622,0.447966256974161,0.144346583376407,0.358885849311544
0.69002211650194,0.776521922691236,0.134222663878084,0.201466843768753
0.668709939450709,0.473171202880632,0.142370145645729,0.319146904174554
0.685993369710439,0.47687273816032,0.125912871629887,0.311175277711151
0.686738732010957,0.590211866406174,0.134676069008991,0.220963339168037
0.591074338678227,0.455235804450887,0.133586104195789,0.215843421672063
0.51720023304328,0.714480200748269,0.111304651121237,0.212443036254133
0.540842263708336,0.643204877609761,0.107135589693132,0.216347872232821
0.60104726044861,0.450690836154653,0.15277794346305,0.288640863323327
0.609532211309374,0.671548998518207,0.130012374555504,0.236432142469676
0.613225704570557,0.56678166410882,0.146890749324645,0.219687349586865
0.657275690334073,0.542666762153587,0.135438610837769,0.269416919441772
0.729372140836189,0.724308893232871,0.131058770809334,0.2301268978794
0.675233155130033,0.72119526688133,0.118469605882147,0.238339740226537
0.675440734441401,0.539253785341503,0.158816642140705,0.286663270009856
0.712828122365028,0.77956118114048,0.137031779357981,0.248886210584941
0.783419657386859,0.514858349016484,0.11490394493647,0.220460559001387
0.465797808314606,0.524330126157617,0.118113325790612,0.231953028983183
0.666969021354395,0.575298172127881,0.122112480248945,0.244926121288525
0.67531354066262,0.69048474551393,0.140840744746548,0.274918434315714
0.73232210641159,0.597889692865916,0.158520921916549,0.271233259537805
0.688484035011332,0.741962006112937,0.167734687222959,0.313719280052039
0.679264958716326,0.598532349035029,0.120848863450145,0.282435386226393
0.653626939669987,0.572110828380195,0.195056444555628,0.28560301433819
0.553582037580565,0.597908309678857,0.0967850420264125,0.266969503335348
0.700288908813253,0.557151746218064,0.0802841679686154,0.232545631368303
0.634577905572961,0.549849943115668,0.117265218040366,0.27192580344091
0.610765023965495,0.528603564166239,0.127696478289153,0.186989985724905
0.623818727946,0.487616434915768,0.114480978555225,0.227949020170358
0.626742459970345,0.532472757752568,0.109501131586502,0.209235247889338
0.616975174985828,0.631771942498433,0.159573396349532,0.256040430953594
0.595011468954491,0.502993602339285,0.116465453259954,0.207372581738462
0.78260846448225,0.675132819650504,0.155802280050646,0.285291375444126
0.650875846487644,0.523974620289174,0.133305633422461,0.209102849529611
0.74784980014863,0.607657155206235,0.135865683376869,0.227297557981868
0.566283967633341,0.45243163815691,0.123123924508478,0.255625740748222
0.681633100441854,0.510422716409901,0.123932766194265,0.209231845733887
0.693494963382895,0.684580597678311,0.143980511683161,0.337844883196333
0.779143335125348,0.609187278814788,0.147760713124885,0.295575092915376
0.609158600957927,0.708584717024588,0.123235743587588,0.255293285224228
0.642180561953846,0.74880463551463,0.166133609749057,0.261051291878388
0.832334016035291,0.605692812309979,0.105769586781476,0.280047123200681
0.580239249059979,0.710589703256025,0.175777513661124,0.234037454904937
0.557579010933887,0.695898270694585,0.178858818134505,0.248104060053685
0.736027070933343,0.578723392433865,0.124724860111875,0.263691803619235
0.692599265531263,0.558104746308348,0.142065092677702,0.271289416962267
0.831111139450906,0.690638971707162,0.118340033366237,0.315288029932459
0.641463065362115,0.549536195544623,0.163950231185119,0.246611981039489
0.669372389053319,0.596899462748268,0.108920737209723,0.279899455548034
0.558284403790457,0.490227948739505,0.137471127364404,0.255466535911618
0.754851722278828,0.710615430608939,0.181526529458768,0.243121235185707
0.852938880895189,0.791953719222639,0.130299477815072,0.260484338565048
0.701585631342358,0.551788847762491,0.138914388844569,0.295128002847983
0.581169113136311,0.60204067110515,0.111510635686977,0.278817262449069
0.744607815959552,0.608406590539073,0.142391090102395,0.25628294374061
0.711008369052945,0.570077067978787,0.129530878325627,0.235106812310603
0.652975238943089,0.559967900093084,0.146974193283314,0.177472504838527
0.610120285741435,0.626166983779227,0.110927061857506,0.289944602805472
0.759562252581488,0.62510827799218,0.142702596205435,0.237515782805077
0.61214442479349,0.698273233446858,0.142288613627913,0.2807043218241
0.716565037644356,0.658900224408958,0.14948218259523,0.281955315979955
0.60116628229129,0.476041598151743,0.114024324026891,0.233123696185927
0.660371632637956,0.435389960146447,0.120495122283173,0.169402628874313
0.601482460737116,0.633874122676943,0.100727626981996,0.276854520875381
0.694697231791855,0.548137233304998,0.125653856981756,0.231186923722026
0.653879785102186,0.581918513798309,0.157920562573673,0.236179840878025
0.793498247219144,0.733737607642752,0.182490194173821,0.280617658153374
0.725968839624083,0.55528883691838,0.150271749947732,0.375620259192589
0.735726690670582,0.595694726321055,0.143959828740569,0.29046257630483
0.601183827976816,0.600042698529043,0.146356343013601,0.219141352479106
0.56574655714539,0.5306905984119,0.0812096551412988,0.315285729109798
0.774528755029358,0.553406503629132,0.189899838622379,0.194413970126649
0.669119753807397,0.716366485331739,0.145855845985276,0.248763005453964
0.724002210551783,0.529229110980333,0.141013868215305,0.27493611305574
0.630555410628425,0.725843665962832,0.13445768691887,0.237904811823988
0.762393250846319,0.402828824065921,0.131918081037539,0.251181395644486
0.686213494345629,0.511428638200669,0.153501249315823,0.247992291610638
0.70648520539642,0.678969359039051,0.0953494471865662,0.239253901160519
0.649129531403504,0.443628931630874,0.189969055514291,0.252221247987198
0.612190676823815,0.468424987052273,0.158737359569945,0.279670868678523
0.599372768843362,0.504693561678256,0.143394005076068,0.263058984115523
0.671896248093655,0.545679572355717,0.168061518494437,0.252614952474435
0.756755175101374,0.697805732829639,0.120333617215316,0.26615449531466
0.651235960990113,0.550797362442988,0.126721008392003,0.249183094527895
0.539314277151635,0.455356147427216,0.129605365163313,0.188257602879938
0.718632430751535,0.687883625800616,0.16262961267457,0.30472232201667
0.649294626731576,0.573767532556579,0.121506486077817,0.218144320415133
0.577659526143359,0.506398479189703,0.151910675206943,0.278549438232073
0.700457596549724,0.656832326971742,0.206369180186449,0.301535059786992
0.805473261869339,0.756196332263652,0.106859849452878,0.296934068890268
0.666477815693525,0.678804984385164,0.207902697303114,0.257106019712222
0.84247639888171,0.591963100172823,0.120616171874275,0.247681689332492
0.749275504991302,0.592113807411874,0.140863712685782,0.297219674812989
0.653404111487635,0.585451294501071,0.114186415841632,0.28059288961351
0.702036567261905,0.720968362504892,0.13108737311434,0.263338767437363
0.714684418928458,0.67896716931898,0.168994246681509,0.210750885208962
0.749163800122426,0.719045256842149,0.151421339657462,0.301672690990101
0.696056225925379,0.596985125580113,0.134202072682912,0.230003281261573
0.591775321861446,0.735607529102463,0.146411544325002,0.240747469591472
0.733663752578972,0.62239214316822,0.144564681391277,0.307125999988056
0.650920685611159,0.610522421444489,0.173524869556553,0.203807584261539
0.738732460477945,0.553666545564372,0.0863295172834399,0.26682430701666
0.64569390692102,0.683302306287244,0.189779269279209,0.240571339879411
0.684251333506584,0.826668387768753,0.138295608167756,0.265551414314044
0.920439337089955,0.692460818739634,0.174475327388651,0.308266925218775
0.902668454588453,0.816558962592734,0.196182138258355,0.379765349891902
0.936764223064536,0.57304851040383,0.106327890380398,0.386526985854875
0.59891983461298,0.638348885152196,0.188111512836881,0.264011626872999
0.773586162661895,0.616545017905624,0.111467793545395,0.266934099563079
0.856864567501344,0.744739264655767,0.194672677894273,0.353685154424673
0.600826762390248,0.620762108496856,0.127302086091573,0.259164296482199
0.606976248644635,0.530154883171763,0.124719762265381,0.215679005007105
0.577810536933254,0.567021909156084,0.106932060562917,0.257034197441326
0.570521693596169,0.460585890896744,0.112844453612439,0.18186037538429
0.628504637809974,0.554057584444689,0.131575009016043,0.289096251662177
0.639810387268624,0.688824694694471,0.126067551221495,0.198252857206192
0.81793691383513,0.65943751779741,0.139063705814631,0.318795505390675
0.624174745478715,0.71590282335779,0.144017144749304,0.241037547772381
0.799924714334889,0.800612449031867,0.0974708685302473,0.263442915603985
0.817325563635858,0.711208214404634,0.103947586667987,0.306102629954922
0.650187908154123,0.757319610926543,0.18476563414975,0.304189847220572
0.750441764451475,0.831982854959543,0.126061488464529,0.281707408282624
0.65940642524653,0.565074493644786,0.165657000917197,0.251216921933629
0.649474641956564,0.695949153783138,0.152064437297006,0.267782654166505
0.658599124307699,0.721662085148023,0.143225850050209,0.254012819932309
0.59683091239285,0.54560333131818,0.114680759569086,0.248118439529542
0.91024518325207,0.865018368423696,0.168666848822911,0.284857709832198
0.607491661517299,0.640853592935397,0.125003917344751,0.248452792249916
0.784042004319315,0.530594404797974,0.146791129657515,0.231977668856131
0.65005225397072,0.613624182563375,0.109660137409711,0.221075099171667
0.672034164288362,0.656352845940934,0.140524694610259,0.254653721036451
0.682075598573378,0.555199868413267,0.18040895495956,0.300938919673556
0.734528701408239,0.750177702603775,0.123033435988708,0.276476577081314
0.596454413305694,0.494289866386886,0.155289574325917,0.264989405752841
0.6563061470865,0.596493030733044,0.0914140076139401,0.226402159578829
0.66585711361568,0.633190212007698,0.089325358845966,0.234416329721772
0.718028026932461,0.75062196713308,0.200040980925207,0.295330838081845
0.707139658218289,0.616378599886103,0.191256974257187,0.357334870681456
0.817559190622017,0.67572001838898,0.154393841372263,0.372282490085847
0.748201694328582,0.68708314434941,0.148303068171461,0.312047469698557
0.659249667655168,0.663862141239139,0.126862635340339,0.261683492390975
0.72505315148957,0.483890411527145,0.142748626838653,0.199687903240061
0.641078824766986,0.693475660227092,0.121268622315483,0.275430322211548
0.775064083177951,0.56841493590762,0.159597239941998,0.239383679698751
0.7117304777734,0.600775055764318,0.103447780966228,0.193220896783358
0.641873442448238,0.602788619616482,0.145488539981861,0.24750475269285
0.64968222099102,0.63163302539194,0.12802347381032,0.323653094877257
0.666206630460408,0.608950547481422,0.130867480401604,0.321516638434465
0.597768045599947,0.731605913503609,0.103904864163977,0.300129012697972
0.78815313667733,0.518580956268924,0.164338049762364,0.232714240785379
0.631605653666321,0.669352915364007,0.10669598198934,0.258587694330125
0.667217360721829,0.509847434918852,0.146778607063972,0.276860630194387
0.570740717403799,0.740469225853064,0.119424468563485,0.201873855465643
0.733386458794642,0.527352360038769,0.091607149692237,0.287570453960346
0.71682952137948,0.554174078472047,0.0844626466415037,0.334391337291084
0.816477874570678,0.596005201891314,0.164692836915048,0.280577016762404
0.853073558022664,0.750587271289054,0.146655905203632,0.258957567785245
0.753057321279895,0.704675195304709,0.131881126265221,0.250791042143796
0.550217788185548,0.599972796543939,0.109684859074774,0.241243274796985
0.572883108295802,0.537214875690978,0.111707158818718,0.252522699864389
0.84091349279185,0.631713482005726,0.188492050013064,0.232530436347551
0.708543575807826,0.741045656068666,0.177663725282358,0.261415893474663
0.7889436541276,0.731740387252779,0.163935156874789,0.293818733098928
0.767082757571261,0.766791530567876,0.153780335522219,0.216896004242968
0.753890844986116,0.761589612579354,0.147613286031332,0.357392338784027
0.774603512355,0.645399064015653,0.149718436349221,0.201519009448667
0.654091954933347,0.626379408340144,0.136409104206188,0.333084394795736
0.576089625231541,0.736970425320537,0.143265828652391,0.291262421271496
0.814526599734986,0.595636230665371,0.122808821946022,0.260511588681711
0.626518791989288,0.512673762873152,0.136552292903223,0.239604756834766
0.753744029238899,0.585597993677683,0.134104342863549,0.2880637773964
0.589114382992617,0.533050684571777,0.128945809982793,0.268909024143111
0.639580517600677,0.540747614034963,0.14250722031204,0.268280340575129
0.644604257456076,0.613242539470689,0.154446561144535,0.222889486562478
0.673053091545663,0.638894031865621,0.130625513519399,0.272964584054092
0.783626968492911,0.820044306833569,0.16917315988363,0.335151755385122
0.713870785168639,0.620712793708104,0.143592420007065,0.277804746458202
0.710028557515634,0.674967979026065,0.132718525655584,0.220420466570619
0.698854494810191,0.72587534132522,0.133588827478602,0.251363656858424
0.710157750989637,0.624335779718001,0.182130464108787,0.228630658715539
0.621262511390358,0.579541344217085,0.135577356621345,0.275066065720475
0.609455710145401,0.677265021323458,0.149359029814947,0.250979354141741
0.599692441800809,0.494290360238121,0.10790270489106,0.217522912284416
0.513950836809364,0.472169207416058,0.156674605099739,0.197413502843057
0.628461677953365,0.495901801982062,0.0765966321137111,0.23032638129065
0.585502462866201,0.575121448779563,0.0898329537865887,0.285892649957322
0.713026065321501,0.493442292649714,0.116391454784502,0.158108567791725
0.726742789523622,0.543316730551507,0.150419199035022,0.189506404719304
0.672238954069322,0.652262053193813,0.150305846766049,0.266979151134103
0.855924354942738,0.702150452598582,0.180874683843618,0.295223892786546
0.669315001632648,0.668337130031927,0.13594452876423,0.263816864201894
0.622343421664457,0.548725795836431,0.0987275541955801,0.269297054365601
0.723588960515593,0.567786686677489,0.168107393021005,0.231493267388003
0.622977136048556,0.666959215255088,0.152597331505069,0.280490301786894
0.706605170331723,0.47900038033218,0.134218989114173,0.234224898275797
0.435233511612538,0.446088512083745,0.089524487314095,0.199179454600789
0.797682990171409,0.667758775776514,0.185527923480476,0.2905587506593
0.764579814108452,0.739328539678406,0.176286273416311,0.258336182171943
0.696762471696941,0.623290092460624,0.188513017705325,0.307731456305544
0.766676243964723,0.720559434542666,0.175126503657544,0.217865999031716
0.698247044777467,0.643760115229635,0.123407335743301,0.32210059048608
0.826516125447893,0.660933217807721,0.167420511353507,0.267849657248389
0.7584616835237,0.562194547069295,0.175748681319222,0.249434379925216
0.573373829934298,0.686004314103867,0.0929426996657611,0.237693671360152
0.734640431727639,0.548587977666174,0.123373328515554,0.235220553775416
0.633379153113013,0.573219477346529,0.121068295955856,0.228294405452273
0.69048846043436,0.489922848234014,0.122558506240527,0.208395129511654
0.629069690940647,0.549750247030212,0.159425841064624,0.17044037343426
0.627643282146267,0.518051492287062,0.13273549196133,0.162152454417749
0.59882312364473,0.459971118603897,0.129562410582488,0.153833762090958
0.566579444115647,0.644385327456396,0.134327309182724,0.29640449512078
0.991522031497037,0.551506092579268,0.149879272593969,0.235372005147508
0.491480209101646,0.656053602059921,0.135975827769969,0.285270923393052
0.728854132276071,0.626232889867502,0.169309678702236,0.27130382011311
0.774820662758791,0.671090807648917,0.127781524773121,0.275542975836724
0.659587314804897,0.60751921464458,0.139120430645604,0.238533013003466
0.870037139555805,0.643182537496919,0.121392852364832,0.362306491228743
0.581227251082785,0.599991931581465,0.149813212742208,0.189575038597251
0.630344583386828,0.484372783143553,0.126676284754035,0.223531677730746
0.63249227876448,0.580659950769476,0.156066587608524,0.256057693247616
0.469085393306793,0.612372138029682,0.162531639841369,0.304680881609793
0.728632335407786,0.55782902418729,0.123696508206568,0.252923843146587
0.693076915940192,0.641996016034738,0.133919373536718,0.233667751393992
0.701652047020733,0.64980879983911,0.125968853849079,0.231709375773002
0.675023773245006,0.554392935504915,0.115361149220853,0.227731662520312
0.568842347244214,0.662517804311985,0.136509203093613,0.224680846689363
0.949987830156387,0.581371741034826,0.139419601810615,0.312485958814959
0.495662229004192,0.672319306318759,0.173723315254375,0.236286110887625
0.720111817442723,0.630637701829059,0.136203482568931,0.214751839828912
0.766427860171838,0.784810216167423,0.140607870038014,0.331690330290638
0.709470090437429,0.674424688983403,0.183926341249063,0.199125216405775
0.701329879615767,0.648477414898661,0.144752193762358,0.367254437444712
0.709392446896624,0.636375435590109,0.163373548775991,0.23076622616397
0.690617610510132,0.670418170842018,0.136105500102397,0.233607437271899
0.512692068239071,0.616055189969678,0.172796279825932,0.244811102209116
0.689085450282236,0.523303455083701,0.12120016827025,0.22693608995885
0.570805930536883,0.697218324156713,0.152000983895931,0.309170198095962
0.671861053518184,0.558829789920883,0.135392816649282,0.264231058157871
0.751201164320269,0.537991660429863,0.133873753151614,0.277455974242388
0.763187756127056,0.542998615003825,0.0919335971973319,0.266959733719638
0.6758538541864,0.459912966935027,0.122922814182089,0.204613889911871
0.693888229129621,0.608225279421682,0.138933214785663,0.299854328759256
0.662800708450511,0.574092959827056,0.153697909824023,0.287255364427292
0.685836825592742,0.582158888251431,0.149957524626239,0.30069795494168
0.641817651151245,0.603450352708773,0.112584371518937,0.224233826890398
0.751334858232442,0.560068787072083,0.116962571229799,0.198549818100925
0.702869024996355,0.621619659484478,0.0925634084653402,0.176983134057671
0.646571773860968,0.566608171183573,0.121792264904338,0.218980047702651
0.7457865423503,0.604975464862853,0.138319009463206,0.2647255220465
0.587690433350487,0.786198460285744,0.200721123905932,0.252406762122303
0.721786413572629,0.72038217364856,0.146201568520821,0.264481626751854
0.725150421600961,0.690677036770252,0.15672757735652,0.266656514466798
0.923752464025003,0.674298406748886,0.115066598499432,0.247904684760341
0.736066619411359,0.559027980347848,0.1758044705871,0.317468007850104
0.685878202315867,0.721985986535417,0.107698838823499,0.292276483368157
0.788064988135265,0.60004304731612,0.140933787220546,0.232900381511381
0.582002895469602,0.801416272399515,0.127054075537848,0.262675385701153
0.60819974907399,0.582895974153097,0.16221893789131,0.275833696772384
0.560003104119599,0.625498432886598,0.123342989248503,0.281623879523971
0.77177038252677,0.646167318695507,0.180742482708813,0.26926192633639
0.646824184757193,0.663442635825117,0.142922561932958,0.270630255989365
0.843235278701358,0.66889975467071,0.156116653626327,0.297414521712934
0.556640660624746,0.618982546163861,0.120448666437731,0.278988378354699
0.713908963163908,0.513192274006571,0.169411478402092,0.235814185750315
0.695344913873021,0.650315445538122,0.119325551066907,0.237570114953999
0.534025133430835,0.735949328360792,0.148150888383338,0.235684972759822
0.713087274546759,0.553243990957886,0.115190428904197,0.203742015667265
0.611903075604245,0.602049796604391,0.128428827966412,0.206032163948571
0.562154520368046,0.456575186037135,0.131220567805878,0.293409950697609
0.564126074571561,0.501760248645801,0.149315283453945,0.247001484153892
0.763630071523392,0.630356953693538,0.134149879525081,0.240529576354831
0.616434879690956,0.553729921314941,0.145026242634198,0.291933542327884
0.682320384681359,0.673482768027304,0.122187229178292,0.243513667802379
0.763440291432591,0.633744512899021,0.17660610343499,0.264682555999765
0.64970788723583,0.677271523320378,0.117282041712891,0.286865468242577
0.663042152665029,0.596322332525159,0.157284683836429,0.20169998402782
0.729343383499713,0.536580828600306,0.168477697940773,0.242778692419602
0.606289889098781,0.632575831240101,0.106462936161193,0.227811426969606
0.784835842950988,0.548779619257065,0.185586307840713,0.275283016002465
0.737695469193134,0.750227080311294,0.121335466530872,0.320439381539009
0.736183982892128,0.62159515612565,0.134308953986416,0.262328268363934
0.627942941821137,0.685977156898993,0.205776586113626,0.24005954983996
0.634889269677361,0.537308078528234,0.145413090891498,0.273943635255054
0.629498443173517,0.657362899539614,0.126161951090654,0.250110872058809
0.540919100072291,0.682588965245348,0.138170296636335,0.281506427866051
0.742200492414904,0.585384295693177,0.154791957404008,0.236002178770952
0.56412389211691,0.656451753380423,0.117814691727647,0.276807330089191
0.715638033900737,0.58364933490608,0.141755206722259,0.307710418270881
0.696421383607151,0.543767048654701,0.190052989502506,0.212734399622831
0.70681709435693,0.583123052843114,0.182492211265486,0.259817534959538
0.792940156434875,0.664907624455239,0.14741624777772,0.329049745495357
0.699736790808083,0.630154887876662,0.135220334470955,0.207794594847346
0.744001263613821,0.457536561580702,0.152559449303552,0.306662258787479
0.57899070274647,0.665619742169958,0.161492754650756,0.301137420812053
0.780449355249082,0.633366843005849,0.126264925129497,0.229993213019602
0.606592205402429,0.555046421337072,0.173210934931083,0.333885199748898
0.704624858372421,0.594668880555921,0.115714535851185,0.20664153492936
0.558681728165607,0.591129756975387,0.149005891809845,0.304089672283423
0.826378510806823,0.51672352640751,0.124294481587629,0.204649226163461
0.725603675388866,0.605753954141984,0.155797640489963,0.289892294855809
0.809240462011108,0.576476225929228,0.147628903389922,0.283249776885225
0.629542357549781,0.805455504434882,0.180777461919656,0.232602300845959
0.646498620911293,0.54123899950243,0.126266563495582,0.262269844890125
0.741095866656162,0.671855971140666,0.162149058306443,0.236803690461122
0.704494884310693,0.471354058501969,0.161604513084944,0.363537617072998
0.634956205969207,0.62908090189878,0.113252403754052,0.157233007408728
0.634739548624711,0.571785919068231,0.124005002074626,0.285078739124826
0.806974549628922,0.815731341522058,0.171384025480631,0.285105416158628
0.85648488264346,0.573231656302644,0.175561496495517,0.282352802501406
0.596516841250183,0.532055570609529,0.139852361514193,0.221955328626306
0.660896345678309,0.470422259291997,0.143323233680625,0.23579887066998
0.605307545001769,0.609855235332705,0.132965927067009,0.222763471871627
0.676556333727569,0.582945099248154,0.135350512704021,0.197342089638918
0.709914532967543,0.606882067690165,0.119583261299896,0.282760494667972
0.709223441039943,0.515362437984286,0.161735324728105,0.306357976948275
0.558999001510711,0.562638915180217,0.132537848476548,0.212333071435285
0.538001927864577,0.605727993316954,0.0984977155432556,0.243249046922735
0.634037702902807,0.635710207325951,0.147904467293468,0.269327986267288
0.585025458173033,0.481804770240751,0.0912930217294198,0.238743956806576
0.690387819057501,0.694095345167404,0.119220168281806,0.203820006988275
0.698999481706127,0.529131603905643,0.169474657365011,0.295993141773845
0.793938307493916,0.544643607025541,0.136967441082882,0.278777449678438
0.628802624286225,0.537963911646642,0.154512588167588,0.279454595323736
0.668725129994796,0.615687490048641,0.128074748903318,0.306331419554918
0.650997660335457,0.561599698798372,0.151430137325582,0.197024354168946
0.704757476447309,0.67620833239344,0.129221353726989,0.252977642444037
0.605090309968905,0.511024528261979,0.120192481449825,0.214523214708186
0.666951968107118,0.577874223693661,0.119193104034866,0.201204840127621
0.713733784932061,0.631868281893284,0.14083726608756,0.280225635443536
0.552192709412915,0.575607075909572,0.116400006589725,0.218499859594113
0.954502042191695,0.714379357729354,0.15864957311498,0.370864850939231
0.460251124666702,0.572393092155336,0.159956933438207,0.251201011039246
0.54409288329806,0.490817346180518,0.108952465594486,0.207270100034312
0.8009331086025,0.564523369667729,0.138839441780077,0.270170359543067
0.620133506725715,0.721222106950822,0.143883333334195,0.205280647153671
0.686704413594978,0.468824878484317,0.10608158887419,0.279566378683629
0.677469414394053,0.726479205774163,0.172261000005839,0.246612396507026
0.663379281931197,0.744194226791002,0.13801580533707,0.232447624065022
0.630910821078384,0.59574273642989,0.113332551858553,0.235841609114212
0.90953503475281,0.6824278285586,0.13878809156543,0.306270447968651
0.824697937823558,0.648025520520791,0.140272293621814,0.248807219487962
0.861014999423049,0.764048164077938,0.148997592633007,0.261903895894205
0.789117844115051,0.708936781943544,0.149804328975573,0.345795720922183
0.619515944356605,0.614600466089648,0.129045389227303,0.193604851951409
0.635912358846806,0.528116752792851,0.142295229617834,0.303266374019808
0.747371801738587,0.675223290511509,0.12887349076599,0.195723849870139
0.709782476708602,0.734721671947061,0.148753620337106,0.305812217020203
0.634203330002037,0.56256682432521,0.123808096006069,0.217749204303967
0.568583729437468,0.632247354797223,0.153585957340687,0.204124155902885
0.64588072755146,0.536740783907456,0.117847589000936,0.257775700792635
0.729079884727522,0.646106166087103,0.209595152072206,0.287786634981819
0.829446833313641,0.724315029714644,0.117998507988411,0.257661212951984
0.777153294847407,0.666488156159653,0.14208714753146,0.311313054015267
0.740939710617386,0.530841637980638,0.148376624255377,0.265343233306157
0.779795931107785,0.621082449431899,0.1585988943198,0.276786970605267
0.861173386366943,0.563368336087955,0.130974212757639,0.26081096072042
0.624405934471574,0.685094397438589,0.147761853791902,0.261521230108764
0.596309897277629,0.508689373788869,0.166395067854071,0.308616108343477
0.612648443608097,0.558817667288413,0.089365373284155,0.172430569968641
0.580543359135246,0.495595053809317,0.106661330338835,0.202478694236369
0.555432236285778,0.569684456420691,0.181072395975928,0.267277745769633
0.749294455755944,0.595592145648223,0.128189384193446,0.186708615280236
0.634042909985435,0.593320551293589,0.130571461602409,0.307892418891627
0.605344920880288,0.625433507959698,0.143287397414515,0.338040830272799
0.687941668394122,0.515847500991607,0.0656577669948003,0.195539888957568
0.623955625724925,0.668274371679656,0.22618937552449,0.260304384125533
0.638879866283124,0.548652751137348,0.113597554650023,0.253711667425755
0.673447029328384,0.603066928063881,0.147921243388477,0.302711146462766
0.647322475122544,0.600749467206929,0.187791984305247,0.232830844032152
0.677741891974463,0.586324632934674,0.151501449431436,0.324556944789962
0.808693251592481,0.661951275786583,0.152086773049634,0.260054379123765
0.790348438692391,0.656739824552668,0.144576844511771,0.255712062181431
0.769070585216829,0.650198558507103,0.140624352992194,0.364740655771876
0.836469361693978,0.700617393895435,0.1448654025728,0.259913554303348
0.846650736394631,0.651347708222495,0.155333608896178,0.273495266207534
0.710301258348732,0.644398607552155,0.122545880487353,0.307385785504964
0.70397167096907,0.604964210429106,0.140315773443332,0.328824905096921
0.744793220693407,0.735179959151269,0.212248937847059,0.284511963360149
0.671642440876574,0.597866848550408,0.206817869122557,0.289211781703287
0.776170364067467,0.508462551641346,0.103132825083307,0.207112909691663
0.745602947179202,0.690069673453519,0.10724761999604,0.283459417373294
0.868149112810326,0.644047373138149,0.128502909249285,0.247454307782315
0.584968249457279,0.57264768612919,0.162936921212657,0.238902020932812
0.558842245226913,0.582765557675705,0.135591673130049,0.218935393296224
0.763242406218331,0.474308790310413,0.11014893270872,0.269014427432763
0.742846695125056,0.69368191512416,0.133463618189838,0.279394646990326
0.747914110262348,0.589110037149886,0.118794004798675,0.235556507804033
0.609363848192634,0.513041971214438,0.147270759638303,0.245969207991321
0.5906426293688,0.666347935285639,0.105063338190937,0.242450390280939
0.61024513258609,0.520483149628862,0.122557260053697,0.276149135107464
0.735427882518274,0.66797312466508,0.122679933558296,0.228726310467641
0.693968956981729,0.641413328624927,0.120168358250606,0.24532685571647
0.67976695159107,0.58420541060747,0.143395536464027,0.260798054798615
0.674651725601067,0.533795819732219,0.105422554177999,0.264617687343804
0.62853072529913,0.586579916018116,0.123379561894124,0.28544142130144
0.690205638386984,0.603299380631465,0.160246465832272,0.302455183115069
0.707254861318561,0.531153987919028,0.128954948504016,0.248206324262147
0.766749308970401,0.528209021056012,0.149917976958503,0.23880774738
0.541393093919649,0.616516400969213,0.163270407463171,0.327713496125218
0.698998670008335,0.579284439582124,0.140268171609905,0.236366895777527
0.747803821465671,0.640945023016187,0.123786775255425,0.244247743047711
0.581976455748445,0.535531035458138,0.154311994132498,0.237610599735819
0.665744318636256,0.493121150010731,0.165472302305869,0.196391455453009
0.646409833937783,0.647105898033787,0.0941649191676634,0.256508824210872
0.712217890137373,0.543655374658307,0.188322405269999,0.227562965777823
0.678602599713947,0.732740320026018,0.121402737548696,0.383817115935704
0.680440156289066,0.71952064450106,0.122027276465951,0.341145105195624
0.661771379382376,0.689921337299089,0.178071382144001,0.219778151651699
0.736475600559039,0.663589157300375,0.123744896501366,0.202774624691342
0.741374633435497,0.562792084127409,0.118533254199393,0.265882976896404
0.710883166611944,0.629583716851663,0.141803775173481,0.229763663054279
0.762515069923639,0.614161529830775,0.160538874767009,0.264857704661613
0.824582206530832,0.581290674776219,0.177065950411091,0.184046473055559
0.769872344461491,0.799286798970502,0.0993198968897295,0.358115808501896
0.758897309338217,0.835993347409528,0.102257273841851,0.332415044678004
0.776869652854671,0.768691864839236,0.122771402892019,0.354691783834711
0.686475569101298,0.86327166062078,0.146726680993734,0.289319973228295
0.701567712655571,0.591025189162069,0.139617507720652,0.24080646477358
0.653607090721463,0.630660586173888,0.135971727856305,0.268259121928678
0.7321730644172,0.624885682986345,0.129874763057486,0.291879114079165
0.755638891863386,0.562101466663968,0.120850439986674,0.232774284625507
0.719074762031801,0.804666701898655,0.140527654175193,0.272006607350845
0.679033226583133,0.824487021862294,0.169039958326449,0.312681841016276
0.781282979279052,0.517459692640848,0.140879434162822,0.231438289324816
0.605155780606828,0.682494559625728,0.129578335490917,0.265372796027773
0.875090991599326,0.5774540068502,0.12096331273481,0.243784194463776
0.557893530909819,0.614760225366227,0.120842192170537,0.248416564597005
0.626964047620097,0.629288296287223,0.137953662600958,0.258891079015896
1.0190132886108,0.793404394694808,0.15623985207523,0.348416541061276
0.646138322436778,0.707406682992309,0.15271336323311,0.282731928768928
0.802928572331252,0.685366877500849,0.127392396055548,0.284043574784628
0.770796266545222,0.70192711570895,0.133009431521711,0.242964538603633
0.73574122502353,0.603584069985717,0.17146594160064,0.346988307000878
0.841032300181551,0.609174862020589,0.146696049007142,0.207388351255972
0.677832761604855,0.701172544956591,0.170026185767458,0.314317642390775
0.907131195196591,0.604146283194353,0.103399905145373,0.257273603852043
0.64646509512196,0.576151171922539,0.169372512467799,0.201140735832214
0.682023540802857,0.53845996240016,0.10392994180028,0.260593135778965
0.763405396903419,0.624326132896344,0.0916320814815832,0.271096182721764
0.714345567430967,0.491782186362397,0.157446051060148,0.292279287175449
0.730446320539027,0.692572584815399,0.146852936672183,0.233115164782252
0.690837918841037,0.681363183312008,0.147158406334177,0.344892162820858
0.653231387493986,0.558358670971078,0.161309334455984,0.205658206848552
0.664303679228901,0.619969094405726,0.159644857901671,0.292713686240707
0.778253971108623,0.584039108315832,0.117167576301177,0.254381753528955
0.565120518768236,0.561800865547491,0.120884762110529,0.182676971943831
0.922249494509789,0.639269095693251,0.188379614288936,0.230058718505375
0.68736538591349,0.699720619038845,0.135477241476295,0.27820173204238
0.667756093943365,0.673355634064597,0.121482828731099,0.293606646709285
0.803773432121376,0.638201416389572,0.145779520264189,0.22099387387111
0.561719893243044,0.477942226458391,0.155209669474262,0.213487174409106
0.560629911059318,0.623268843801573,0.128400658152732,0.321976315865128
0.690774684197873,0.542130003427892,0.117430113117992,0.244036455756582
0.596697749997338,0.496471997945147,0.117158042439457,0.244218584112539
0.722824668786334,0.670261369176342,0.139503296852531,0.23896326223329
0.731208574503028,0.569048083817861,0.133687258802579,0.247475263037956
0.776448425901878,0.644744505882558,0.114195420698256,0.266234814815959
0.59122988058575,0.580623017256813,0.146627068936794,0.207932260211871
0.834362678611686,0.567934628808442,0.125579820777752,0.283263050417899
0.728636654308709,0.607038509929249,0.115108534612736,0.257153582857587
0.56531189886946,0.496579259195115,0.116522652149196,0.244146012064156
0.531534194855977,0.523592780760305,0.135409025534729,0.271019648526661
0.538107527532618,0.536812340442387,0.132132180877876,0.267756055441565
0.668932420259761,0.614190570754698,0.126650449912265,0.236229673679559
0.627861364676979,0.570285531466423,0.113554812405282,0.27306899909673
0.789730949445311,0.624145725468962,0.169123418978386,0.313673900252979
0.792195210361746,0.618910204879542,0.172320192670145,0.352230924723857
0.657053234096779,0.69218363834942,0.126203870059204,0.25555282612775
0.708288078766571,0.483847044015237,0.132668254669118,0.267616529895452
0.615174247084405,0.696347744849228,0.118148290606772,0.271039278287129
0.672506820593776,0.761974066862585,0.110346356169682,0.315810283785374
0.663898948772608,0.748211076151704,0.0989600154740913,0.304395508123779
0.708302317945727,0.62306259463496,0.20590995437952,0.257948222917245
0.662630080405191,0.627620105554662,0.190412664276855,0.255041371779155
0.647365053734475,0.556152515927037,0.098981268472506,0.257139488553923
0.694446333224403,0.473156377572077,0.170705969551102,0.220266450912669
0.562616533474966,0.524705786558664,0.0848126746723325,0.279779404922636
0.641262494443263,0.538115094641827,0.199024843718105,0.270286268887111
0.741788210926707,0.590952649721008,0.143625788555814,0.280591650116392
0.532012217697552,0.512755856533269,0.12384578836396,0.221282341211004
0.652605696650752,0.521298873606036,0.188311290666798,0.260774582777034
0.585493483025982,0.569096284088725,0.164531886605893,0.26166453013104
0.614844316339057,0.588615463186353,0.161117640712899,0.228559576700128
0.649411599163416,0.641320846965579,0.111835269420158,0.251861032636003
0.770563633852226,0.772272921576148,0.164865349714047,0.250134692178071
0.648899230208302,0.709862752978962,0.164804123859396,0.306347556598185
0.817487827860007,0.589112148735987,0.181692207217378,0.263422140941856
0.838014286024363,0.586104110382386,0.156406191149528,0.242996671016706
0.638994513499695,0.64330317670701,0.146269484576896,0.330892882827288
0.805406461648331,0.557530366922778,0.124253000168009,0.250949872731438
0.840028044715614,0.621873553724315,0.114751387777541,0.237612428299312
0.764259668754299,0.685208302387319,0.137306380343252,0.280981437939204
0.766340743199899,0.688459520572673,0.120683628476554,0.302245092226995
0.737371295702844,0.803111585123401,0.165997666644824,0.235607975662512
0.656063397849841,0.528007042379167,0.139971678596641,0.269947846659461
0.631873882542532,0.585767987613957,0.160764147615451,0.186369062970992
0.921925236670797,0.616989284606121,0.117347398910572,0.38267130130631
0.714002989498531,0.648596779693151,0.194950768953991,0.240946710529172
0.585434685757918,0.585115663358125,0.172726339748436,0.270896452086113
0.641021145781969,0.525117815135679,0.158130680305869,0.292896939944618
0.732557864910601,0.656607187990508,0.118587436243128,0.225106124087193
0.780625941651548,0.715388516160479,0.156438098984033,0.268687048470264
0.741592684915295,0.690794102434356,0.13946948998322,0.260749234370594
0.620605104345755,0.570198907620968,0.103908191890403,0.242470203107283
0.64738392049658,0.477445475190559,0.146763160531974,0.239711965930531
0.657336390405517,0.666411801026957,0.109071497758653,0.336320444089975
0.675229841296974,0.517380062431111,0.179814729457131,0.220901381855771
0.641469443576803,0.626144004462507,0.100153685323304,0.251987898653826
0.658096822645551,0.571862160575733,0.0976547829969939,0.235692672190021
0.697832783750209,0.633216873645916,0.220128790339436,0.260665589467226
0.82395931127527,0.604467524717145,0.101407219369613,0.273652468788009
0.763949111422829,0.497105717473016,0.105708126560256,0.337434626249618
0.774756190328762,0.498052544038172,0.10539103282753,0.343753340654609
0.695267717907598,0.788505644838352,0.154199879263441,0.216721445615777
0.697322287182518,0.663498771168694,0.1242686139497,0.25843663159538
0.678066317402617,0.583981759870729,0.124476933482761,0.303859055545586
0.863976199647952,0.867377667958363,0.182832104017984,0.307531780457566
0.882132248461213,0.635918286087392,0.159107959376171,0.276290616960751
0.595006975599647,0.560199683805084,0.112099117965186,0.234466457626483
0.869524250881588,0.676551685079485,0.155576293383982,0.237259725485464
0.693557260740507,0.64992260778906,0.144929450231986,0.277869854409224
0.728244147452606,0.67832485450453,0.154105207470944,0.24047830727749
0.682734847381321,0.66124014625736,0.155928258494637,0.230844620032082
0.676743861027142,0.539690443256243,0.143416406864228,0.283322566630809
0.740073602335157,0.688837170200829,0.166153683785442,0.270501045622941
0.774112012566101,0.574372137758826,0.143440144964387,0.242530379646919
0.641084973597119,0.609125535144287,0.128451918411101,0.249655793011233
0.575287384204464,0.453788623924721,0.138689328515945,0.261579220897575
0.66217551894786,0.632052778059085,0.128772937854527,0.26605721479477
0.874900438017679,0.674421577937101,0.144441486841382,0.288006020404252
0.836083601991788,0.702786320847456,0.157919858858281,0.325063980325787
0.721069144776656,0.537793735517549,0.17375222368864,0.236581681623229
0.633299328781555,0.641600304978655,0.144809401799736,0.267986922626949
0.895541590755471,0.591224855678893,0.125372470793645,0.230472526507166
0.550720036057915,0.591373745253341,0.116696267076312,0.241627574300348
0.501703166048536,0.559931078760887,0.150305503637174,0.250295349521097
0.772061230773033,0.533782324295362,0.150800879104429,0.215469318677764
0.574514795884523,0.75916983754408,0.12090832724211,0.290775450214439
0.807174670821285,0.487948145482708,0.155515438372156,0.236078114933797
0.834058299194941,0.579543226544501,0.1348230593448,0.225320665935576
0.728527579593871,0.574625897381262,0.110100018065196,0.250798171177909
0.604535550230808,0.516909283391361,0.135439953119816,0.261058825057255
0.557511526788687,0.55268975941974,0.145258868457472,0.248733646763966
0.835456116174543,0.586026592360666,0.110710941420102,0.293425056181304
0.669272736067528,0.633945885502412,0.231544596409037,0.256986763587923
0.653654123904502,0.61432223941454,0.0870205386737726,0.261477869532731
0.662636061730913,0.575844883199696,0.220702334137957,0.22506624567436
0.716350871358047,0.626455179257639,0.134176099247387,0.293988030863507
0.704978068594011,0.735204101734114,0.154947592486297,0.231928143181589
0.715653296266822,0.599969579569679,0.19903684644852,0.292021288540137
0.665382084700467,0.615295283695477,0.0995911591833382,0.254202692861395
0.716443173770254,0.617502041312544,0.213430480350301,0.281950496246302
0.762936630320389,0.768732671436512,0.105734313674248,0.289854936889659
0.872060409668685,0.596939445557525,0.103569100575148,0.272364940720664
0.524694868246193,0.583107775778378,0.183511445341731,0.265164708788274
0.662006504692316,0.502628860675297,0.191455025411285,0.332716232819696
0.548898971042567,0.56611716778952,0.0933526486966015,0.182641557653758
0.564897321051292,0.561438898985506,0.144582299040222,0.240296321872414
0.647826341459023,0.633620424087748,0.134132188793808,0.244354668236989
0.597545811524887,0.599823723027052,0.116824151184706,0.191565401527438
0.686981777192358,0.656887273630893,0.104580956173873,0.211075585003273
0.520187633619476,0.453237320489147,0.136138397575851,0.207238560674928
0.547193464461172,0.401182521256069,0.0999964996364583,0.201921390146238
0.638829243742913,0.540008425857146,0.103487401710583,0.214614811807358
0.637952215806771,0.531872648214575,0.104015699580896,0.21090596695196
0.52493964456618,0.562485864311645,0.127720150874087,0.25745044259998
0.565034174247516,0.66630922835974,0.134913599337216,0.186824845345621
0.552142502239915,0.582767526482348,0.071432668441727,0.270999322895142
0.630897143442133,0.533575775193736,0.178475341268906,0.173499049496983
0.639188511269131,0.561236846618529,0.126482983218253,0.283984780597746
0.591855676019656,0.605165808718119,0.148161143866681,0.232364831485871
0.76064844100012,0.518398439193777,0.118686737813384,0.227352047653202
0.592461244265667,0.542202056680333,0.135180067331009,0.284134824834145
0.678610314189018,0.473309787884529,0.130279476529357,0.227497264769864
0.596450225748976,0.500414501983505,0.15743875238733,0.220219075386198
0.596807765378546,0.458653333608478,0.141646583029122,0.241002180942862
0.754382219338286,0.64551994645404,0.148804210867728,0.346540764999581
0.580909073887136,0.676927015122809,0.146612995956065,0.257378309639352
0.675921066917618,0.51040839415077,0.112924197466313,0.251806535696247
0.710110039432356,0.634878659643757,0.106013779547805,0.284784273989167
0.780440099115848,0.696408533922378,0.106978559851631,0.378942400074438
0.702753093621253,0.714800074328435,0.103323569962101,0.319889789957776
0.837246944512207,0.493100702733958,0.23744894914053,0.305751465446653
0.649699163570624,0.674235103121656,0.101751563317046,0.233818269420965
0.647207223711067,0.644304126816761,0.0985854706384799,0.268594615185938
0.691225662857779,0.51964829635742,0.204335401577099,0.234032071928421
0.540899026802079,0.630178692496013,0.0988400841014622,0.263044866494922
0.5697840370524,0.659824813830224,0.0913308635421967,0.256252073120123
0.593542312110377,0.648206123701398,0.0957546776390148,0.252483619858779
0.565958561274961,0.677055966209176,0.112926897303293,0.258338984010317
0.825212266978713,0.626370578636033,0.148699465422808,0.260744106861661
0.718419050331694,0.50162239371237,0.135679200513005,0.329167787117413
0.625986684594411,0.536885045568187,0.147259852245711,0.199847991614932
0.624289275699324,0.625299596742514,0.151517224373864,0.366616391020004
0.66635356621421,0.634068362864374,0.136919541243364,0.199294142479046
0.63553392424079,0.586002357477874,0.140353752951542,0.33831102342742
0.689472142297514,0.614873639236132,0.12252887032405,0.200760255303082
0.644003720254399,0.623825216545365,0.167489832860879,0.289628300344265
0.721034395243929,0.665175009958079,0.095288553384823,0.305201850015486
0.680284482237244,0.672007502676237,0.125415751944456,0.306902107209904
0.799878770837014,0.664650822781404,0.189936096042289,0.261390557307676
0.800067769955472,0.663432505744902,0.19894349638576,0.273927151080808
0.650263395893757,0.617048636646293,0.121994574530572,0.20578809908004
0.673487101002029,0.590642340231258,0.121730532665276,0.202307287963397
0.65886240297266,0.570232430055201,0.119485567266924,0.352124042242037
0.617721836842048,0.544095880588024,0.131867343529136,0.149211638738101
0.579798994875832,0.502236362608212,0.131494421429896,0.278928723772894
0.781200628336552,0.534510618115621,0.128905450089217,0.187038389115575
0.668267909396882,0.795262337038166,0.14668715461194,0.330659162341766
0.769502202769103,0.582330259405036,0.124992205176192,0.206926871297329
0.753659655539653,0.539919113634318,0.156270559902445,0.317919757337093
0.761682131781408,0.691590195718866,0.104529368467439,0.255558080524551
0.762728597934984,0.611955291546233,0.134109596847208,0.281894394838189
0.615552981662527,0.726632895247814,0.123485819380768,0.227823607597925
0.746679735863207,0.485853168990537,0.1401926626196,0.272277712151711
0.544452557379978,0.624912935790237,0.0966631480770253,0.190285658167296
0.617300374761147,0.53446508079958,0.134402791879953,0.221206406471539
0.699974551034879,0.726874282374996,0.130693828951075,0.26979171267072
0.64454696908812,0.580521647853782,0.214081574281571,0.31032530825941
0.823931107526768,0.732658660131576,0.125629378182637,0.231613725431712
0.64915198137421,0.602430621883426,0.126313321141396,0.297886023306695
0.698465616205006,0.610831794569797,0.168272349041998,0.195537311739202
0.768134464420071,0.617203892372164,0.149328687670457,0.249234189794789
0.663581855084808,0.567541176914768,0.137363689997292,0.196127140157329
0.649172297505483,0.575630082486424,0.119074244614689,0.276483728307414
0.60304439537042,0.531199680025121,0.143685640512287,0.204139247287363
0.623207901389406,0.548432960510186,0.142008818932086,0.209809833685576
0.613163223926773,0.546152470894491,0.1562729164251,0.242997693914034
0.681722693807677,0.547942282374439,0.133220911248373,0.225689702453149
0.738191772076221,0.535005786886536,0.188059598082762,0.318620659098606
0.800176310568672,0.764527722399235,0.139298910216587,0.200969232683667
0.723034370829223,0.697426180134134,0.205328100229704,0.330109738896307
0.802619524389724,0.643023893845027,0.126029948096844,0.347825646641693
0.849806061334271,0.697756596723385,0.209642651325394,0.26947326576598
0.8108680915312,0.513277924144137,0.148540102199533,0.304927427138854
0.573291977390928,0.597782878966707,0.143684418140882,0.232660439358053
0.593513525748272,0.616589673317491,0.142326248064472,0.245694810716815
0.871222613745141,0.700634642401357,0.160137578339468,0.274451656833322
0.638140371853015,0.635641435072059,0.148586261391045,0.247080102107822
0.717526444036899,0.63144591659871,0.0913062638175988,0.267351358724077
0.709121375793657,0.580066849754945,0.186826212785802,0.227237234892235
0.598103260462593,0.635399823625729,0.104208471663276,0.283305043225345
0.520034629023997,0.584719818286332,0.156685120356175,0.236069213395794
0.855994640562595,0.632710936022664,0.122091628464561,0.271755792541378
0.623928950917058,0.539434521791901,0.164479312632558,0.253720997181815
0.692949388670224,0.600154647577178,0.118423235003847,0.208685470451073
0.796828380339262,0.550262221458295,0.110871164053568,0.214864026630566
0.681928968564415,0.657704360502075,0.186632716332425,0.246198093155207
0.851393789964142,0.534345743481895,0.160361032100386,0.263693490629927
0.659137025925413,0.677084497582689,0.102618538417163,0.21928680859373
0.684720525794358,0.522908035639678,0.12690260833935,0.310579203466906
0.645598489817303,0.615028214006216,0.132085813499459,0.202486753827434
0.762258521243663,0.652563532242321,0.107694064774801,0.272932604120269
0.699866632635457,0.735808291835596,0.137691469406853,0.284949123538682
0.701779264891794,0.774415797305049,0.127140250490064,0.271856865922149
0.670144717452486,0.481227212385027,0.15804552221059,0.230524495357897
0.642855441330895,0.719724795977619,0.0921015340498999,0.24883756493695
0.622090465951885,0.715989127919722,0.125971836752791,0.265817197685851
0.658218383293904,0.468484407451232,0.124507544749211,0.29582823332244
0.690575643357815,0.700095477852596,0.15138847493976,0.231004893747525
0.701378402851922,0.717758543676307,0.161252691588741,0.241845493414508
0.6518574986595,0.649456573329944,0.105714732562289,0.263978091785865
0.681309616827209,0.647595176375157,0.105360385815511,0.257843802026348
0.850023883350454,0.641931396422245,0.149871675262878,0.228820137171895
0.828086319909947,0.646511257848177,0.145626614004704,0.315765348475827
0.718063185965274,0.62802277060407,0.199370994628196,0.238537345949872
0.553049022360265,0.549590821943331,0.0826864132523907,0.31563150556432
0.633152826601206,0.529268484775976,0.169383261135522,0.223109437839085
0.717469092926162,0.664844418314431,0.102899249567062,0.261375487265592
0.681243192450217,0.642766072542459,0.118144968188552,0.251541794531864
0.847327554301846,0.645893962222393,0.148465010738737,0.273569613713646
0.704903625568421,0.629177643804626,0.0742139910436507,0.246410659223445
0.622827863486669,0.665263679347196,0.136647257464373,0.2931158675827
0.682739994607574,0.639442771902926,0.159587342825391,0.200328248822334
0.66760908263425,0.563963025252007,0.104674627916196,0.296941008301528
0.624578123698831,0.568907667977764,0.120548778879966,0.220016756914858
0.924555146013499,0.588257516848855,0.131141664862688,0.29668010154907
0.85831973804103,0.55251796580563,0.121057972177383,0.298929273319919
0.592443407300866,0.721593194468871,0.161378610047016,0.2117720671841
0.692169363934641,0.618688465736501,0.133085504816586,0.323121885012761
0.626300544436026,0.610501079218447,0.140804627906411,0.201446933710797
0.65252054731501,0.636945711649345,0.134534990693751,0.275734696720941
0.773968211209244,0.475661439847654,0.162416250514804,0.283183793687449
0.79697441468089,0.771028103929528,0.137284452920942,0.208519314224088
0.691104170483466,0.555321184559513,0.134316932857738,0.316393543778574
0.690196103117974,0.625964416767904,0.128210551218489,0.293344176386141
0.673552592915117,0.516822631697738,0.174168490175483,0.287388955478971
0.764281047948323,0.776083514683689,0.106981163053497,0.247434862332219
0.527843952992318,0.573289026130387,0.135594398794106,0.307839250396254
0.745429594493086,0.576666697467691,0.159177360292519,0.192760113446741
0.766009769172372,0.674932386450767,0.126725650966368,0.385760128321366
0.739068857138339,0.573170631667386,0.122744465449313,0.321706976485141
0.762986038798857,0.630868585338101,0.172034940755629,0.272375635613132
0.810338963854376,0.593594039774821,0.129987219183916,0.274332698038924
0.871796363459865,0.79147368867872,0.168167705755,0.297399991293421
0.828099506313939,0.755479841640203,0.181225800938149,0.274973134114732
0.714995739572387,0.617376982970042,0.160943732592525,0.30209890903768
0.866261601165631,0.742859783758375,0.139554569162507,0.250947511582711
0.691418968527001,0.559466149923703,0.175748292757833,0.284846551908334
0.704751862809022,0.56509145644627,0.111134824034336,0.241297207707332
0.638368048698643,0.643280869366878,0.161166090380353,0.245752997745569
0.652072695711144,0.50297270335697,0.149952783005684,0.277426945333385
0.645510501476932,0.532806441504424,0.14058766953593,0.325494932514613
0.619326689763513,0.662271102103848,0.107989557773078,0.206424784979463
0.53200562157845,0.449598561310943,0.119290986827271,0.194737109448034
0.775282805280138,0.777915265611083,0.12486094731059,0.274260531577321
0.806752805348686,0.709561121682048,0.18340453486318,0.310593730977932
0.775392961768871,0.673872834593104,0.186798037062563,0.303567772977815
0.750323273253034,0.581260474618599,0.131228765396971,0.288626940299393
0.736586293727306,0.543411287647912,0.147525857006855,0.297907827051225
0.643085380223918,0.52756421833961,0.13860631457495,0.253306155218299
0.649368399341926,0.547069321433287,0.127323806683051,0.265026946862935
0.656870841792426,0.677466638173341,0.122984285853132,0.237874844004415
0.516995312363543,0.466208556769594,0.122390644655647,0.277560017217221
0.590038092277207,0.508755634898431,0.121512564056865,0.227912465737869
0.55993600459813,0.675335410802605,0.0977012928651469,0.249846572800784
0.634779775413635,0.446460825372428,0.104359459187949,0.261182885069166
0.725889644155909,0.61484101008972,0.135124809424837,0.221611722392978
0.64541870433064,0.694257603941787,0.121049248008395,0.225435854499873
0.651451436022822,0.51856489212922,0.154052744447626,0.26942210076409
0.608527752172732,0.808387215655199,0.115870724683323,0.239087689535477
0.900928037900141,0.439051930471785,0.161575958882967,0.228792256956062
0.900525928186111,0.429906414229552,0.14515532013922,0.25429469871387
0.550168651603754,0.759839131557019,0.148512659415469,0.302535181080574
0.688149198962209,0.479163222133276,0.0986022191633871,0.212536871078178
0.643090886259207,0.668548390593853,0.151340519829388,0.277689513011509
0.567649392873058,0.611145299533919,0.136563739370789,0.282446452016124
0.640363412585248,0.575686429882739,0.0970081680316036,0.231691768862125
0.755001467084723,0.594430758763452,0.125568757254985,0.218638545259244
0.601006930645506,0.4996517005701,0.128210475642908,0.268029115121086
0.822509044275729,0.79943542448379,0.159939741695725,0.307716405161467
0.63665470607238,0.502865551929173,0.128599105425314,0.298394635085824
0.671080537026348,0.602157800925373,0.118325286680025,0.217522159406223
0.758265963219873,0.520219369049885,0.13008624810517,0.270353158149108
0.588961558327667,0.731117062134223,0.151521789061192,0.239997753774978
0.63525789736062,0.5053158425129,0.133692059434544,0.214146763144047
0.621430617277333,0.527895286341368,0.151802480125146,0.198867766192554
0.637440368754931,0.654705458635699,0.0912751641485435,0.303868974004112
0.52414852532847,0.583685104323817,0.113043747777055,0.252160162377198
0.823410208601349,0.697135239413563,0.144712829518217,0.255078272595948
0.838984492580448,0.608656875474981,0.114909388053171,0.277893372936338
0.573329138198261,0.566757553333206,0.153520670496389,0.323602049919328
0.76835052696986,0.588566033205321,0.124602016569222,0.235355534668438
0.652427577633145,0.633142969353444,0.0889361920756205,0.230064361884556
0.673886311169649,0.520414709124611,0.16723201666479,0.242887273673792
0.683320032114711,0.646554586804376,0.127998633899733,0.279026589561457
0.708252308585821,0.54236198363032,0.152415654668311,0.252032590701012
0.547031531072165,0.557782385511866,0.112480446968606,0.217649077315108
0.548495973248367,0.50783725508755,0.111044984484407,0.199042402142028
0.585684285744724,0.603592721459063,0.107357937768905,0.193921028643405
0.591564458582403,0.4720766626993,0.122400348356272,0.195798041242207
0.631091812005354,0.501356868308616,0.126854052172106,0.158930189926543
0.568287916519358,0.496534073818236,0.134705804902586,0.24707408674511
0.919646599077518,0.669684304441231,0.142388001165947,0.305890463435752
0.610234562546328,0.530502483140468,0.143106236321207,0.288771803970132
0.767668223529702,0.531979568777219,0.123865585449796,0.22225465997014
0.552703794508883,0.499769876071636,0.148546168590909,0.283657311544716
0.575881942446371,0.624435642268457,0.135682345801843,0.266591516892558
0.687485401568295,0.60661447676208,0.131492516205689,0.241327903727496
0.739025146077426,0.60941317844096,0.14071613747397,0.314951284937633
0.679529095478286,0.666066116619683,0.103407142414154,0.256466423917214
0.674711635103729,0.648400080227052,0.0971193366908612,0.261173155022556
0.766620226329839,0.736662258280509,0.126388289058724,0.274347273498689
0.704321074118538,0.581581317601882,0.160242329850313,0.254451380347643
0.657069160670687,0.745345691466135,0.125257814312675,0.284106420957602
0.844107473123957,0.641917769546686,0.145292419744338,0.252178718759571
0.760989871778439,0.844292838032694,0.138229234539723,0.323253796255955
0.707966612196825,0.633629788566085,0.142213808028269,0.189866521012851
0.878554126970188,0.625308099176348,0.149645137914885,0.277888959320974
0.622314387536434,0.635113960419717,0.123468646806342,0.231352714565688
0.715740817666455,0.606013568951479,0.125743743877717,0.233786248145387
0.670921293589157,0.577090959413638,0.0990604494623387,0.216388277001153
0.65125206099426,0.555006414796789,0.102841072715307,0.24065628394683
0.723784845338455,0.643998381247727,0.195139479358404,0.222798609384694
0.673423119319221,0.689170873663294,0.182529073718782,0.222846029868229
0.81798838302917,0.538002388211435,0.160499186783199,0.255001224692793
0.546581063591642,0.575364860523445,0.120088306228241,0.249362978542888
0.682197022786307,0.5365052616923,0.117957671203064,0.272942105069538
0.623598969519177,0.581550209790149,0.162532114488193,0.18664187695986
0.620483285446764,0.672626097136013,0.120908627603611,0.291790171871895
0.702716935049569,0.624220350583795,0.168604963412811,0.217645777792143
0.692866567612108,0.456729493029819,0.141137208407242,0.203683372011272
0.657585264763846,0.606115800385705,0.189990348903098,0.283261232247456
0.610442552356535,0.588894848857893,0.0862953200187188,0.235849171120221
0.698197204994187,0.527115001461435,0.104995958463222,0.330111856755077
0.578202792688399,0.602397181633093,0.143368364964494,0.243877069622041
0.653764755767229,0.723818191352109,0.133209141243635,0.257169334593591
0.688119327797708,0.680700538397405,0.137690979166623,0.247915205266213
0.729112575948745,0.619288969065068,0.102432636551786,0.227312695979196
0.692878767637711,0.643297227826342,0.10060812605358,0.281546933582096
0.610263364364022,0.531505260602206,0.166448964841719,0.190631457133838
0.59747168524438,0.529481312370963,0.116112444249446,0.255016910175646
0.563873673794283,0.513464031733592,0.105754425560214,0.235217244116904
0.529388601265424,0.472655363734377,0.111475815046226,0.227152767588559
0.80351553947175,0.63737845607723,0.138806006632172,0.243561841832163
0.450449295354041,0.552488574449165,0.0843841291993518,0.235494632334988
0.712603926872507,0.507283248224984,0.138792058361289,0.209845046125898
0.632242191809093,0.460234646908105,0.148284511970778,0.193431360023921
0.488997029193526,0.580791309954376,0.0939599622823491,0.263236753819777
0.868024924263015,0.558182127108786,0.16399174855903,0.304731738648143
0.767503871833503,0.738050588703631,0.136124184497945,0.303713889742394
0.752585871041763,0.782474681289504,0.126636113401677,0.29940186548438
0.632561319572355,0.608912962988112,0.156983757301844,0.229720037210307
0.716966915837746,0.649064207225251,0.113970842541803,0.282627617759002
0.714155450680323,0.609248978439295,0.165292764578411,0.219026792253293
0.603122243921642,0.719224296321332,0.164737757608166,0.328483478912968
0.605531432615867,0.63735059692304,0.196414047968327,0.218634370226682
0.745380908178603,0.543130742411028,0.0903344199330843,0.287732859621676
0.740204167837093,0.600351591383602,0.136290915201216,0.185952117608865
0.832467505237266,0.751331490630213,0.128151564473595,0.297086398761088
0.807574047800451,0.720763265456214,0.148631500536319,0.265529816395452
0.722102723057969,0.6136343571881,0.119147827105637,0.298002589727832
0.653991133207698,0.652611178732171,0.165371355847158,0.303683365368656
0.683713134344763,0.655437997677538,0.156605751342484,0.292443686388574
0.727739014321294,0.635852495197212,0.124382105683479,0.260764575664565
0.681328455961448,0.480557818823272,0.166247892941174,0.192264247851264
0.675833305514246,0.716454302043067,0.110732234523752,0.264718007347018
0.819440010718987,0.576381030159416,0.184322894185263,0.309273521938799
0.769139293398887,0.751636332030323,0.126402686472219,0.218239215630601
0.760493539698997,0.496659177665255,0.171635697779041,0.269490256875628
0.755687433932007,0.505535032960881,0.165646807494366,0.257453381936393
0.539512333891049,0.616559726982694,0.1160634572959,0.218581852484437
0.695538732496964,0.609311488723278,0.155633364519657,0.291667523921238
0.632755490920156,0.596504533040079,0.0938160433064028,0.224926747201354
0.700399056603902,0.513273559581301,0.172599543446639,0.263160559962486
0.74572362938135,0.635564073111208,0.120149683172435,0.245560561392051
0.693759344467351,0.589866963835286,0.139633912877476,0.228182926073511
0.707972855152767,0.632795756321796,0.104094562936062,0.253233728601246
0.615296322444079,0.547072711717182,0.120070409196758,0.232843790287562
0.683646092147679,0.65635415192526,0.142248162110066,0.266526195293895
0.68553033300382,0.642444139666198,0.19004211325704,0.345692157845873
0.729570195250832,0.634000917875877,0.216569801135031,0.258362420051564
0.6740557327021,0.616217718325012,0.11247872181252,0.24312024910629
0.661853686718779,0.533895280124042,0.125840737167921,0.275554015299696
0.658775948881477,0.746472296845308,0.194917315876409,0.343464649873262
0.630783406760681,0.718447562427233,0.14776807251286,0.325919233959151
0.652738896434551,0.724571196765893,0.149349188922696,0.304546413773118
0.787396680722465,0.532875068186592,0.155318334880846,0.314838131247425
0.664263297339207,0.666696441482306,0.168420464390837,0.28167030390894
0.77237816346402,0.629512608563682,0.192655938256351,0.266898787870661
0.638602349318756,0.609325464496689,0.161127410588417,0.238578292789793
0.734124169030777,0.728865720105785,0.126576278358522,0.275092392238029
0.597098675812172,0.525565189650403,0.167116865721364,0.225403967579948
0.602481706752303,0.561463082389604,0.109813688146643,0.276980237212073
0.719887696313315,0.565296491592117,0.166273364555568,0.220440931941909
0.528762847652075,0.584032261856693,0.114945742633284,0.25291207469985
0.622819537434878,0.585720097284962,0.0962133396261901,0.214276664946627
0.668539446379963,0.621202073580832,0.16425768589446,0.235746614741973
0.666148375049114,0.623633328968656,0.129013290147704,0.256547124697269
0.724390973528628,0.548496044241318,0.146850210014868,0.244575358779091
0.821350624939683,0.716314082157383,0.178275580882779,0.299222119131261
0.798992740751876,0.618241922879099,0.189265723908138,0.263286742862303
0.768403357219085,0.547914736711705,0.198668479026855,0.267808377610001
0.72292395969472,0.7073872323941,0.114822248824144,0.22212673211255
0.692016148639785,0.607348957156827,0.206992721603821,0.280811829749243
0.681995760851771,0.634675679744167,0.115439653723075,0.321582133855345
0.662722599606248,0.638243419897421,0.120411363767288,0.209261299311201
0.766366544809712,0.596855163274275,0.144029540460751,0.323661268642419
0.68100372754346,0.652697712612405,0.128603650999595,0.264727836631186
0.699091721266108,0.680128561098074,0.156000713122907,0.332183383231101
0.725020882263136,0.800500239243086,0.180937411665674,0.266169403256925
0.708764619793056,0.586482597748383,0.127415587582964,0.255138599223872
0.651780680299782,0.588125053101934,0.108587900308407,0.271646095368617
0.721860923847451,0.537184699957263,0.140506433632203,0.206590211111023
0.717719528558854,0.688958004433181,0.136736777763443,0.237954825082835
0.596721489201647,0.49200245619262,0.117555278298549,0.21436807573869
0.565922952498865,0.704217944822984,0.112653818561836,0.252900189524477
0.758972621886719,0.529375229566559,0.156990025281429,0.252700396615561
0.668858910983572,0.568281947591019,0.123638560310343,0.259645639444059
0.632163979534873,0.610138751764115,0.123395016825713,0.261079498181229
0.612550287414777,0.568028072098982,0.135748974097187,0.211928980427775
0.643159060109999,0.625969318192902,0.113200856029674,0.271884543446104
0.672713882064978,0.621205548805547,0.13813783339451,0.280631065228924
0.819318461197498,0.598634342477293,0.150008137014663,0.288624013962634
0.582479502280977,0.522137840506437,0.126906250917276,0.339597104138196
0.646053146925624,0.665468715848318,0.13084614521434,0.178192584755996
0.62855311169492,0.552859787744557,0.12528010691845,0.218222835767307
0.68133324011687,0.612423799924954,0.152514444342021,0.254980223335337
0.749617060976955,0.774041743352745,0.170614759231047,0.25235388314555
0.668205858326225,0.492644188169578,0.183057953155752,0.252307670852288
0.652524900912115,0.59972098992938,0.155667051928844,0.351967202990167
0.699076959880842,0.702856195878325,0.115907038150485,0.234284229364047
0.601757683867059,0.48124643944843,0.141913381358739,0.224001690883702
0.776299633739252,0.67667986258045,0.088169731278083,0.280731511486468
0.69586969806562,0.573666741674634,0.148485221924053,0.255477085412753
0.591838099608889,0.634198238484537,0.123861744021831,0.239980351248246
0.729682321987234,0.551438586598131,0.138733885010166,0.240315726751507
0.659773418148081,0.679404376000406,0.173074575462437,0.286295826756946
0.638255018264726,0.699760046670467,0.140482145099679,0.224474658939775
0.758923361723575,0.55964423173463,0.117669001000003,0.27354416290583
0.571522004180937,0.55326547083327,0.113565510372998,0.233985017990192
0.67275726571879,0.593259385416212,0.158168494797085,0.223744009010654
0.662659681281392,0.634096073803963,0.197229277554127,0.344445562490198
0.683261777631483,0.628154994358267,0.159500876543527,0.270862459802768
0.708332468951303,0.53448396379998,0.133665122376064,0.207014592059205
0.653168116071863,0.597313565332828,0.118914326800605,0.210755204515968
0.870441609510098,0.564717022530071,0.116890693627192,0.293504508084148
0.688466628133962,0.655786852522219,0.168423715004035,0.233617341817032
0.826373803457148,0.565092117480491,0.132008367398739,0.270571599171561
0.658552253932729,0.551812013443297,0.164108410553592,0.327086137037437
0.665211616076425,0.506690239468273,0.194990707246138,0.332513843109671
0.772560799028425,0.539970429098871,0.211057135493911,0.261112487556916
0.59203683087219,0.725626522801964,0.0601118226359358,0.247672519224002
0.613360732388509,0.518791983633513,0.0771869294925097,0.228056072308946
0.666648944023172,0.66929666220881,0.101891242417927,0.198827140525704
0.585284734196311,0.585045156363789,0.121779464883428,0.295174061952641
0.808878767944263,0.57220040033806,0.155434937287362,0.211119330600614
0.706266208053283,0.61314097672707,0.100602636411773,0.231787786316491
0.664547218074165,0.587532113009413,0.150363040650181,0.263612470786508
0.584535286368508,0.492980539300614,0.0997811711434376,0.193300794072531
0.771324682129514,0.701986764354454,0.175299095836771,0.306539050013062
0.685029015686048,0.597568673181246,0.136261428833693,0.224282946915967
0.608935310630183,0.640811378732219,0.117819527393961,0.209990689829396
0.692374542135472,0.599964829225364,0.123062010180634,0.295923021629046
0.718139973600557,0.720059960419845,0.220667862721935,0.231287000775281
0.693071626360397,0.6019624915004,0.114901229680176,0.313070187402758
0.646538485648937,0.579829739413361,0.16431098600853,0.172468518370241
0.702634910309121,0.587439221650274,0.136193054538733,0.362099368203333
0.557161505829005,0.572118730703064,0.158295665520121,0.184308406397729
0.559145504902536,0.654281716881669,0.142137864007636,0.22548867400873
0.765280664387959,0.590144064162631,0.120466825205394,0.251048516101499
0.766784856940387,0.668151864761735,0.139542554010418,0.281813233302127
0.693628896167539,0.78649635623926,0.1681387274241,0.275583377127778
0.710349353725412,0.557187546047602,0.141695795644003,0.264011133446549
0.688467591324576,0.504955455823853,0.137278428710325,0.179261604284669
0.5570123203227,0.626877927743117,0.149072383501966,0.295440663209403
0.781435951056024,0.541280847976326,0.122451456719703,0.20156094605769
0.590716331016134,0.61673641887474,0.193584502901803,0.319888249715408
0.748640054555006,0.601832859915276,0.116915157644254,0.202576479163336
0.749775753019314,0.586336880791587,0.0988079263988372,0.254098201260762
0.475017796939218,0.441344529512716,0.0863682551671025,0.200188762128373
0.561880585992733,0.556015803890157,0.168397769506315,0.22033655466849
0.550167118068143,0.4939911976028,0.100677808463986,0.257025255952625
0.762534735334965,0.79577956222141,0.183970772199238,0.273333421612768
0.617810228749588,0.462568559337222,0.100353068491133,0.233160792330934
0.740826523105472,0.706577431575937,0.173487046833316,0.228253521233414
0.625579325606315,0.620502347470907,0.126576743022746,0.310080880829301
0.624777975779767,0.60984086921742,0.124774577346146,0.183637684917749
0.698805203682085,0.51804430652501,0.154772087782473,0.283580936885886
0.614221457451293,0.609326734983596,0.128952286968288,0.194596047465354
0.681642424675997,0.553785943735333,0.114710600871273,0.222017765491541
0.685634048102415,0.580758405371593,0.116663736359053,0.200992516695957
0.519552234820239,0.578765145141381,0.12413671254902,0.241260208518817
0.627457444544153,0.369595272880631,0.116900964310039,0.191340701266627
0.549585242254251,0.636257329924157,0.113332377452223,0.277591023455676
0.746122557810847,0.53427032626657,0.125049869782049,0.263317834371935
0.697221293213707,0.677178027277302,0.140793466455324,0.259993039115872
0.741110009585451,0.49780784843731,0.170947577497087,0.283753126781709
0.681367285608353,0.818915141806526,0.131370609234288,0.251403266927057
0.608686285412932,0.765572814334484,0.139240228316485,0.254735602905043
0.751732877732539,0.56725851325815,0.16355203730472,0.281640176066097
0.817301439090086,0.637126937281863,0.144398697944738,0.227071627768127
0.599483788567406,0.521554412186673,0.123988736275102,0.263194782912686
0.920262997848175,0.692463860266136,0.204335367814108,0.293199945009961
0.740681398403649,0.833665297883502,0.150240339135683,0.27781216780339
0.748281278168421,0.561044813801481,0.120744795220425,0.276629214105801
0.57373953936487,0.573975246382288,0.120825441080024,0.234523237360025
0.753768872254217,0.587156901905421,0.142856252863058,0.225268932357578
0.579635696115168,0.566246343767979,0.137843056498616,0.311366863923713
0.673306395516992,0.612848272028781,0.146634727555228,0.272527103265785
0.650774505751356,0.602418269617533,0.137631829955633,0.248785840807584
0.692919345369581,0.497667624396937,0.141209577713289,0.24447591081655
0.623608470657237,0.666056766088005,0.10395363490446,0.225648585968419
0.592128996797199,0.47454540374496,0.175091076913435,0.320054628096942
0.668291572148455,0.554863182155191,0.138853061385296,0.245952820975363
0.612280049449213,0.533057939419983,0.129626451798914,0.241331560142305
0.691294259378983,0.495097132558993,0.115738003595928,0.24091754654501
0.659233622266089,0.546674214960077,0.12023148205801,0.223184289178069
0.667887110576035,0.475223396658535,0.0936351161374983,0.243296010750838
0.454777767023304,0.531501081766263,0.137060110432917,0.237221213174391
0.705409998045016,0.595452224396281,0.100124517650372,0.222028646457994
0.703730057580719,0.719667898007134,0.173966983637554,0.256473658506789
0.81071122252132,0.675257618584265,0.124309640995694,0.252801211108192
0.731592682759029,0.733730222639901,0.179888588253459,0.305207696263769
0.835225230447559,0.64074153369157,0.173314370074158,0.257086493342008
0.615369772879727,0.564419994737604,0.170207869334657,0.253408043018657
0.644707905899632,0.59679936882027,0.12274132737152,0.288987029930623
0.66370761414107,0.631597690838293,0.141399989923414,0.321394625439976
0.622397355315464,0.477302448470336,0.121626401724906,0.174933415796497
0.669636303877364,0.663551883255851,0.17102256685741,0.252431035383057
0.718709334695311,0.58059659769466,0.117078148434235,0.283338997117422
0.780987448253284,0.691323950321937,0.225280299568974,0.242972453235514
0.725893776689896,0.631837342384356,0.111651439072761,0.305609027790135
0.662341285245878,0.548754193461731,0.124122416810853,0.301021492065611
0.627590672540086,0.59392822531408,0.141109668740585,0.226309198599226
0.768965405262037,0.597222115910207,0.148273288599008,0.163133120940647
0.719296802885625,0.603040074090494,0.139288012338764,0.164026611713289
0.633387085563428,0.573203663076556,0.136333415052294,0.317020369339381
0.754872281615985,0.685529787565559,0.15783883973184,0.214144799512345
0.666688375966809,0.627631539735567,0.138241548921573,0.266388054643605
0.719330830066648,0.603888531566363,0.130173596826741,0.293849864369481
0.637661701146488,0.49847687144731,0.12277466330399,0.19693951647531
0.651356880763847,0.577763195244354,0.116203574438066,0.214950756556456
0.642476807907172,0.520644539862362,0.119633053867274,0.272329829266626
0.80460857891877,0.628324146575779,0.149311614438984,0.282382288490929
0.624402116327377,0.579437316736054,0.12687108990175,0.277111799480978
0.566714034578098,0.630798664718296,0.143422693503713,0.257248432292574
0.621103927947812,0.6276655517549,0.138656474567515,0.233638794236547
0.705567695368161,0.527445522775595,0.123486381138111,0.268551685270774
0.67889692341269,0.560477720162397,0.13360162196857,0.252237721088592
0.58938700791046,0.589866800926971,0.130542848201117,0.326225568871141
0.744203924902112,0.491503809934908,0.134181277196466,0.165307525336684
0.603387897795819,0.568902895860024,0.128099677711287,0.223175455682554
0.830346252210148,0.798460338594397,0.13776992586736,0.286987040565621
0.794401372963039,0.577315583341645,0.15455009290956,0.21810539223932
0.812583695278688,0.572471089322073,0.170544624983234,0.24240250758804
0.72801785452249,0.485741107666507,0.212399869543764,0.283903054561757
0.674804335403869,0.79797695024227,0.174987976378111,0.321693925296522
0.72072521288287,0.537657421637258,0.140865610919782,0.349356210878151
0.626188692328957,0.601824047762308,0.148929171267698,0.213663052617995
0.762182992208948,0.67640699388054,0.140235360117144,0.347412987821606
0.799156825388251,0.578834787531791,0.147617591239201,0.266278031899201
0.761184869248241,0.623596587309448,0.136875955566889,0.367924445055232
0.747370515401788,0.605984162607032,0.158522094845897,0.371013094842376
0.793108660046744,0.666189608344624,0.138990223108713,0.243017763153421
0.666888381219973,0.539043178803187,0.163739008199019,0.331271701415048
0.675849381331728,0.565636744270097,0.099289935233902,0.198143491730023
0.501021081597017,0.470693764643106,0.114513112379117,0.260359565912574
0.772705440913914,0.632484161326789,0.122733397998877,0.245597884640728
0.547979047208648,0.561427921873015,0.117946074391339,0.214221943873094
0.575275140953755,0.589149374894769,0.141219832369617,0.20714186858535
0.685784293646766,0.558870236708405,0.0956665804466427,0.278940956205508
0.598527222755065,0.597247484411625,0.152955318555821,0.213665991420832
0.621184349198193,0.590172527464475,0.108562538286836,0.305741326758899
0.625580036546823,0.553444462223707,0.148585782048587,0.198268732376509
0.62764502581768,0.540852257036632,0.104725779621501,0.273247615674161
0.58541306046354,0.517904444970561,0.13217415204731,0.201572434036654
0.565730484405975,0.470336643690423,0.14160801337339,0.174030998548687
0.716248194388959,0.610366738022949,0.150313399382343,0.200564485302029
0.6086571493187,0.459845561134959,0.122915127582811,0.252056520821169
0.633238456641777,0.714465589186788,0.130184695487933,0.26457078921803
0.878357589542683,0.656787129639359,0.223364586430286,0.301246471845856
0.585456058544043,0.520928023640501,0.127871436959789,0.263209468553587
0.822925910191333,0.768632329711896,0.100611099099012,0.243400342465168
0.709211964067789,0.689987591627295,0.195585782417152,0.253430259982831
0.67632223502374,0.553388679847559,0.126212881049504,0.231912992509427
0.616264417075334,0.561175523476407,0.127221356452091,0.244677059518716
0.668460042266419,0.744238643447542,0.142665741067936,0.267206136327769
0.644355182343891,0.5111697237293,0.153698033196511,0.234498180662713
0.685114186121727,0.567342616586667,0.145299234923476,0.24869479395205
0.705113980582626,0.643660176825286,0.110393580074489,0.240680230404119
0.708304244803105,0.609985856863382,0.175130766119225,0.251056996322014
0.755665699838233,0.688538778972473,0.0910689332008885,0.289564523851015
0.718710356346749,0.55810983514204,0.179018523886334,0.215472019978932
0.709228078466745,0.668239228411523,0.112163208709249,0.319277406691382
0.762610503692773,0.626796120912302,0.131616880729667,0.220436480989795
0.747104147681277,0.558660922274255,0.132715866171028,0.293704100504933
0.622747174372927,0.568034220070724,0.120296409186969,0.22838617153052
0.717050319894108,0.556277688124511,0.125011996498532,0.234062120824004
1.0824859984302,0.956931869697913,0.165621848523837,0.306289368606726
0.636614294399133,0.500982669722911,0.124039499793615,0.255900073680323
0.584687829451965,0.464840809648147,0.143208960208407,0.207397331785765
0.56260500436736,0.487032154585728,0.107398130111457,0.227276869115139
0.627199327708469,0.552363665232717,0.128591657648693,0.233514600565836
0.644037801494339,0.610885782263193,0.12953443953605,0.275006932712357
0.632142099845569,0.525462041755335,0.121696057729866,0.25234137876389
0.613850779341923,0.58779118562734,0.122528491501034,0.18449424662613
0.617170778227492,0.560058002015609,0.150159638547233,0.352162893417447
0.642269573298383,0.522464512973493,0.0939232348025136,0.140076292230738
0.55862414568713,0.577952383857506,0.173300693583573,0.301562901625685
0.770877821006059,0.614559681647285,0.118230915976413,0.204841998615814
0.602917694706555,0.529194254754,0.15060920320374,0.287559124365879
0.652497167645184,0.559755952228452,0.12977387887884,0.237471334649872
0.603609222871881,0.53167808843379,0.112378889113292,0.207793765883323
0.549166648620778,0.464582811662662,0.0857533776825228,0.222059399877855
0.638128826431893,0.555825118955501,0.165151033214648,0.269990612366471
0.751440123444862,0.598385976438678,0.131317252858894,0.239622678999015
0.641110650905802,0.689495639784791,0.154857234800888,0.273681998983084
0.608825981922614,0.563711292811019,0.109545936794484,0.221858856484531
0.643985151566181,0.677078126505178,0.132622596208045,0.269765083775466
0.787179785636427,0.609091458402249,0.149386516725175,0.204169951717068
0.609001111080705,0.68505012659427,0.0840390375659446,0.300812033518596
0.701600058044942,0.601943450780807,0.110145020951702,0.229112396986463
0.757248679889748,0.607092434880939,0.11130923517381,0.28509773117965
0.707303826759949,0.708191658013358,0.109482812381378,0.215174391793333
0.785930582565539,0.555108089935507,0.151924346086161,0.328532744781141
0.771227399264732,0.63327916864361,0.196628686430427,0.335882571759166
0.805735444523699,0.742122626980364,0.129100195515665,0.256478343343574
0.673932565536867,0.555951459419354,0.153246061378723,0.254666670938795
0.641416797367526,0.556558141450017,0.146002946063259,0.244672764708781
0.697873251750701,0.503363688836812,0.0866484477782186,0.321052458811442
0.588679505546412,0.634026408052733,0.181987265132983,0.22507853828192
0.718092868410129,0.610172535381485,0.106986291024551,0.338601704728351
0.681146763363994,0.550343426301584,0.164360095952408,0.16206929964093
0.594123264888222,0.677882621887437,0.119925675833775,0.309857882379288
0.845688095584137,0.580221848657301,0.202697872032126,0.178103908043147
0.677145142289423,0.580238714377917,0.168182047604907,0.297513839337894
0.642280753456316,0.582301455523582,0.160262195705259,0.315273332965952
0.800056775337153,0.769592295025627,0.145865141477055,0.261510865458907
0.785811110337819,0.80359971000036,0.219004694877204,0.307174257607843
0.827316232876816,0.799095597023805,0.192950532293342,0.278984450571096
0.924590187023341,0.718041612759808,0.197529428753806,0.325260802043589
0.770030364212765,0.867795516657644,0.127280803920577,0.261092849632519
0.794688497237246,0.702863679095333,0.162050563336579,0.23916971822813
0.774768708612645,0.721883543511944,0.15153693346261,0.205576231263282
0.740401141803344,0.544003494167542,0.148969756335239,0.209341682915449
0.689725255898413,0.667972581653692,0.139110838982638,0.230318283569536
0.642229039011475,0.686056504796956,0.172868370934987,0.329455196431112
0.921853830578119,0.65811565882042,0.107783280037821,0.272735569647922
0.782798841167711,0.640432315381299,0.130287519977129,0.247064537498783
0.858283451904798,0.788733427685626,0.186597889885341,0.231077309509356
0.738915366470969,0.573771342260502,0.152441900060412,0.315574518860812
0.709764064980311,0.785956633264197,0.204883786562524,0.31904052828105
0.784666504200633,0.497716733966984,0.0893946147043467,0.256050239131957
0.753932039394201,0.590172560145205,0.123440337311637,0.274860193645502
0.54130892720013,0.637230291074869,0.135933316324131,0.20715803247335
0.690684658542513,0.468579766001313,0.11890496816301,0.280917089726961
0.565678684297762,0.555125086798629,0.121226977564409,0.190660659943568
0.558316035783317,0.443912413637976,0.118369135710187,0.178904921001132
0.680450357203055,0.632905214970103,0.110068160553049,0.217177410956746
0.706825455463222,0.551417479467606,0.165049489865825,0.31195630322838
0.599115537079634,0.665517309224832,0.114269923858615,0.250739566935809
0.557011610416416,0.560418941791532,0.133656241435736,0.230573085887605
0.670809247238201,0.636810893196755,0.141058598511073,0.303548272234416
0.578414610409565,0.661287667323692,0.18946172280593,0.222539072553341
0.811834412615058,0.669780194785248,0.136284889974486,0.271897559619935
0.577923470661232,0.539924793471305,0.169166032713093,0.242699542253719
0.729733417693884,0.511225528320498,0.102098337253279,0.228342157880155
0.559002969947373,0.58419569908661,0.206510528618021,0.288235262181363
0.615443845994622,0.61568844256828,0.159504834052737,0.20609013309365
0.885118566906016,0.634489419855813,0.120266133670423,0.307591323110899
0.847933231854598,0.651219336916724,0.157212621391036,0.286998705710578
0.550104569761198,0.609105818414858,0.117192619821458,0.217452066445277
0.752504275487568,0.605148437268383,0.139044154098663,0.265411683627364
0.814147346703498,0.618634799001178,0.142176430005676,0.21802435421043
0.57729111494696,0.632119105224809,0.145600341445016,0.28507449832211
0.627263445664061,0.581031128302011,0.125805333839264,0.197658527181875
0.717745071497737,0.697871029446613,0.128755916794139,0.228886664093424
0.619314846988622,0.532501355108211,0.106351950470232,0.234208279896194
0.636306704632748,0.553726920379813,0.104846757993603,0.226887471490385
0.611167807452189,0.612040691185882,0.147553662947006,0.274331059732242
0.741829223410473,0.645640978441673,0.145022592495771,0.250691173821314
0.868747764263184,0.620266726178683,0.12317178517814,0.265189419386555
0.75541394204867,0.580464986663774,0.154841284792127,0.298111461829638
0.665029437602245,0.579668995862675,0.123552633927782,0.240491665505588
0.58156280901406,0.529215772791246,0.190429056522479,0.22016654740596
0.650885301078282,0.510555348802885,0.171637164178094,0.281819830773709
0.613246799636038,0.586503067158396,0.1159596678417,0.285781428146372
0.761360773393018,0.53296364551461,0.14106413700771,0.24843450204146
0.613668258809064,0.78245274165105,0.130207221267414,0.304041877210447
0.723599172512,0.602467725133368,0.140604066827926,0.169869051865791
0.645967909725236,0.714603374247581,0.110946034903506,0.349876966364623
0.878516760650704,0.620427294794526,0.122759852628823,0.263864091821144
0.718727361572529,0.787604031451735,0.183089199128689,0.274317662468129
0.750427183077735,0.766048590478951,0.174570601036127,0.280661779942689
0.837529376916835,0.684791717071378,0.184489139355494,0.237239891938145
0.782039047333235,0.622256649755923,0.145246247499941,0.36655487353001
0.584595328123409,0.824924176757999,0.146278048785746,0.288165190748669
0.575984311589149,0.811630056377976,0.134685087842253,0.267946319390815
0.813881328590329,0.556043692049532,0.141490406844182,0.225282866253454
0.45520843559728,0.580150912032923,0.11802144643845,0.254273816801349
0.657581184009213,0.553854662554717,0.119856104810014,0.22969504795539
0.58899364242175,0.56842821352212,0.155965501551434,0.265773265480746
0.586064197813813,0.530833783681082,0.109163500658979,0.294507272265708
0.759267182229116,0.747684148753943,0.179857462439584,0.276172032383468
0.737097631655339,0.522200688155584,0.110767802142741,0.228129521233326
0.733482826861238,0.826011449201532,0.185311239463771,0.3364220870001
0.859597339551323,0.513045937772641,0.139059049962113,0.254375547071099
0.803629205566383,0.448312871269777,0.133673009996742,0.214735965305462
0.718225300430148,0.730963657973976,0.151976570886365,0.3523396642512
0.663741742422403,0.596307705096174,0.143205922857925,0.318216470816032
0.722386601973031,0.696249863511534,0.155166200907166,0.172671424478079
0.713596201883969,0.675465885570891,0.185738103058726,0.278779837129528
0.833140231781619,0.638318696292047,0.112340208933858,0.233860143615829
0.712616201979433,0.688226591641465,0.218107631805097,0.270057396038082
0.89045079300221,0.7073408338632,0.106623595709077,0.287119787177862
0.637538379909187,0.610236978604953,0.194944968585644,0.246679589135188
0.690091988109007,0.790046986708256,0.131516054305573,0.276722910092849
0.637392982810799,0.454880484683784,0.154331379753469,0.238215117497362
0.709626763207143,0.669603484873734,0.116457519417275,0.268949038565644
0.709101006567977,0.556079055855953,0.163555916516285,0.269649616423884
0.758718455037296,0.805176727702365,0.147232698987681,0.255080845004512
0.719447425584416,0.634559489888605,0.132835723280002,0.338965624124641
0.718954465956755,0.619136159047265,0.194678185388507,0.231474767976581
0.667752785026398,0.54877463237507,0.116812139964582,0.298339529758804
0.679527650314158,0.65879061352885,0.162625064766654,0.230824049496581
0.693680076224947,0.666669237912362,0.149607122656559,0.240341598447015
0.68498737128106,0.694385843314763,0.150157498579858,0.230025225541604
0.661816900965269,0.579331838666216,0.138355392504807,0.332595825894855
0.773955079318687,0.767199013147677,0.116624868575037,0.22338058297826
0.672960310686208,0.640814014917438,0.170942726776028,0.320852850256283
0.761909605595382,0.589729278535811,0.153843507036163,0.284115963558471
0.635969064158714,0.485888238393543,0.130878248000913,0.21722235272996
0.655124280205967,0.544176983369818,0.133905022565946,0.234989375997742
0.663656649346359,0.60678887789893,0.149538095483247,0.191340478010833
0.650453845123894,0.538490247194625,0.125393488057874,0.23663657051505
0.647079478554906,0.440561953599565,0.0831522566648029,0.23484999513039
0.641750240277637,0.629416384372568,0.136001934880303,0.249362667186677
0.595077651920289,0.580433614723712,0.1311782203811,0.200637513022766
0.557035907885674,0.608617116850374,0.137090487525446,0.231055338921958
0.609507780828432,0.585487382558106,0.110164172184648,0.271749503242643
0.79260684854642,0.655619215894196,0.128852829511831,0.221758606482562
0.679436651366228,0.616531357616871,0.13356673191113,0.269076375287195
0.617552722156994,0.673101844062761,0.155456918613981,0.252665737406093
0.734343001411486,0.536067206006133,0.163314730621159,0.267339125493439
0.743438624405139,0.825452279923785,0.125792161758057,0.299683414297099
0.781704152894427,0.625886691322992,0.159858249307257,0.24141757365608
0.700833191365259,0.648542301253056,0.158412678134084,0.332034332505733
0.611378695166065,0.495488955417994,0.0966758422202535,0.19167201640695
0.573592108435349,0.503145097766588,0.0959916016989874,0.198344126714532
0.634327736749447,0.586059108128678,0.148742832908769,0.276109789179669
0.738856698851619,0.636284201769135,0.149316627073401,0.26264025485362
0.710972645256245,0.720424513276144,0.126729131738903,0.264156516320196
0.758581674510464,0.716065210547105,0.141978165977658,0.282293206200833
0.67955012391353,0.457946959524786,0.134453389519971,0.264495016146139
0.641439450103668,0.503654731870141,0.124209506037437,0.208743279546329
0.730418343411992,0.667447959845529,0.131080462438218,0.290970650966906
0.812595787919368,0.622036063533582,0.159847469316683,0.27135494765088
0.636673859546139,0.638919806945613,0.127557809381507,0.223877362893267
0.556331825206488,0.6386078569172,0.112472098875313,0.199345789443753
0.847505787632382,0.461463495714575,0.209846073968292,0.254619845260039
0.659177301565386,0.453911040337819,0.233213319596631,0.248397241278056
0.639447558190194,0.673692572817458,0.0887045619450632,0.297525732646916
0.723141397898452,0.441677035170166,0.222423999306333,0.231992453769602
0.835404711332973,0.65047119330846,0.144813461571925,0.233392542654869
0.703343525509856,0.585496838199164,0.121629530636552,0.276427679984641
0.685663744568432,0.556942471439261,0.155824029873733,0.255106000752345
0.665148122578465,0.631185844286129,0.106901186360158,0.196353105223435
0.800450694371194,0.70721341477256,0.131436455489053,0.23040992072801
0.623758091074245,0.572830234966893,0.123964629697485,0.252779173435679
0.669716202014173,0.574019578832938,0.130080842833525,0.252886776554515
0.827326238053639,0.671821162843564,0.15340079517013,0.211871603143787
0.681947121080552,0.657131382794407,0.125178483895092,0.347937881750216
0.745477972888069,0.563886320685115,0.152988880363611,0.209607101634959
0.755778066903084,0.640495872075672,0.128707946803391,0.233003045275514
0.546466663734623,0.561557338391162,0.163783806455348,0.334186559694586
0.692106914178637,0.615795958555381,0.145421840468631,0.27620854873794
0.864292789476326,0.605058810538433,0.116689708409193,0.219375346231331
0.673550284099675,0.519230980417897,0.170673466855445,0.311411561281156
0.562826160623772,0.670871001395817,0.226295916772928,0.317332817766164
0.787531472458263,0.508845843574583,0.116973331512274,0.256472755858376
0.607973685048772,0.63218237219171,0.122182202679039,0.175777240510774
0.610330547178983,0.435935806134454,0.154790963612768,0.281166095207395
0.650857930162515,0.525145701163493,0.148922341965159,0.283962857411085
0.61873085146293,0.668192821515297,0.114558621320774,0.237158467439919
0.642047955943327,0.535770161176177,0.172704231026901,0.282701605867917
0.579502408476909,0.569065592896027,0.0867388490184132,0.222185759037586
0.679873102383272,0.465417072971088,0.152228673925678,0.257876464817778
0.605108311266203,0.59261390247996,0.0943776639843902,0.199438786927221
0.547885326352341,0.39514772317927,0.115303365700135,0.162427819516553
0.473336558240772,0.416223801281055,0.145416691178354,0.229031985863794
0.537831500368241,0.401093918347646,0.079961594124065,0.222119625287476
0.603945841937199,0.52088020583814,0.141455836061623,0.219249605627866
0.916512196191723,0.765009767064395,0.156782598786668,0.281468087552699
0.737973410709544,0.620675143986198,0.178778655116881,0.265125084625521
0.562008529294403,0.482644731801046,0.132414290751255,0.283822204410278
0.758483217829292,0.613615654996207,0.104995889963085,0.196966773399764
0.819235298421845,0.636819150338017,0.177205414718728,0.275053097954524
0.591648462194364,0.516959724760624,0.10584093832045,0.235766670617841
0.604473468210817,0.567600518000629,0.163245854248333,0.277069985945874
0.554104950048366,0.560965388727021,0.160741906907645,0.27260533941748
0.631359934290131,0.559667142836401,0.0956429543320274,0.185643019732138
0.632935700656798,0.55008276157071,0.152965150267765,0.310911008686841
0.625058842962593,0.59975345281456,0.129216331255969,0.215240418912724
0.73458676241401,0.470554476333469,0.144466606146984,0.20250488385634
0.498279071430594,0.570859702064752,0.099101957320603,0.298129961331004
0.62193191551564,0.543741116920797,0.131400441951069,0.267839201154793
0.740106606378011,0.740335545692767,0.144498328876362,0.271841652842804
0.750147263931058,0.719444346743114,0.163076830409419,0.254860110271055
0.842727649504064,0.53972815075082,0.0897035753514414,0.357199848577903
0.714263339661133,0.674658416523971,0.157312720883916,0.222104280473675
0.656352413263813,0.516428322489748,0.14176033955335,0.251369279270691
0.700293340923294,0.607846291626143,0.171854324533761,0.295823714766807
0.688625362639084,0.776819422342583,0.118223738299467,0.230413301337968
0.591901772783207,0.535948053185036,0.182077515573983,0.311465342062739
0.630269736075831,0.680879020264128,0.104491894251246,0.220627420198488
0.733635330632988,0.615117598596868,0.105609682434429,0.21591326702203
0.678911935884952,0.618316684208229,0.101651716935461,0.219691936979053
0.523265389761668,0.566970134064351,0.115892675084022,0.189202150865369
0.587011735863802,0.586476634527775,0.107504662898708,0.239313207762212
0.642375471587674,0.509813453546409,0.0870187363502406,0.208302441755672
0.582295658386518,0.476689694794342,0.12355851146379,0.213134039860618
0.658283723584952,0.674840397927771,0.159696577708129,0.268393466750789
0.709996984615442,0.618837037540466,0.108545855171879,0.256016981072652
0.731402249968012,0.594517041847454,0.101846187182815,0.245063532667579
0.688998005757973,0.620735699650001,0.0846037479021563,0.258772176020975
0.707403186614831,0.684491221371088,0.208652758925198,0.244118883647686
0.685393102112947,0.663727810161957,0.0832237458664103,0.284239253429992
0.72222483841842,0.584743296481572,0.0891473487559554,0.243595610538627
0.555839293712453,0.640625924993905,0.152660066409505,0.230554056392407
0.825266658782912,0.606460973604758,0.134348209622814,0.281879027162418
0.556462020578011,0.605374294348834,0.137134719608351,0.228873247371633
0.531478359478024,0.535103294114146,0.122957699942947,0.228919208934418
0.734262454867427,0.517756993286755,0.113847792972316,0.253707569867008
0.559128002094328,0.615448719472132,0.122651058992101,0.227736455301361
0.66653530183892,0.536729383567433,0.148842652561477,0.240703080090842
0.810792096553475,0.753810216648357,0.158901337346774,0.174081167660314
0.642081728662524,0.555659230993491,0.128655005936497,0.227478924705119
0.729105104147212,0.690841856217442,0.11237987368899,0.263719333455048
0.791358721710871,0.673538419757804,0.117075815863498,0.26395828010284
0.692175011671287,0.578418090597382,0.194464436365396,0.267761733701096
0.612050277282084,0.571299419655733,0.129459738192887,0.248089528157262
0.640420676560442,0.619304276394265,0.165965816301184,0.308985380667637
0.64204072667042,0.620134468114126,0.157471934298905,0.305647143412159
0.609355307831359,0.581295006723217,0.136341327728441,0.290319323445481
0.595502996919196,0.732321984760722,0.165148355439212,0.259880643198651
0.751058334830818,0.480756308198651,0.108839636098515,0.240226326913371
0.746247416789409,0.522435532072521,0.123168458907182,0.214772059325615
0.709511854207536,0.523859753052925,0.135276560844862,0.277874057930913
0.676726237472795,0.74446635024979,0.157555402849802,0.265218759648932
0.864013325589456,0.575540674099255,0.18034827703785,0.375415332538654
0.595563046718946,0.570416825679935,0.111719877104328,0.215553009977112
0.629967881435255,0.511589444207394,0.179738618064828,0.275568227053388
0.632546810198772,0.542779016492419,0.192890666203623,0.253721786545007
0.607949470501142,0.579584351144481,0.189355567095482,0.274740737460732
0.608241930062986,0.54513483534133,0.0989207479582399,0.237909757130751
0.680362151333988,0.713635330558464,0.191851244914944,0.245639306805035
0.776874047809413,0.556521331203895,0.108856991879994,0.264709113105086
0.876940393971902,0.562453702811762,0.142400771860194,0.271888245891984
0.677225201398483,0.688118764976293,0.173768975845375,0.241181297600812
0.672486608566644,0.656470816669604,0.135729140192039,0.230137647013777
0.678810775154589,0.683040825622704,0.192023267740554,0.246208726201768
0.679518196814193,0.609470513217215,0.147322156028489,0.258304806215633
0.782601594098003,0.626398676593378,0.171864067696983,0.337332692813887
0.678155040054515,0.66008236864166,0.154231594991645,0.229345629161217
0.675390900700311,0.7938714322302,0.115859158133607,0.349892912937783
0.659062859095827,0.5787261066441,0.14406852705725,0.300073503388685
0.762846733250391,0.614450929406341,0.158817888437547,0.250073523059798
0.644508916459482,0.515362214324716,0.165633077808117,0.249277273622202
0.643399394468993,0.646851442532091,0.125943444697456,0.252620036614986
0.768603087586669,0.70288531038417,0.149273035613231,0.261158835437128
0.77953173002522,0.632595061057702,0.199403573172838,0.321832358102517
0.697468392303994,0.67523180417083,0.0982737809551175,0.290823286958625
0.756658991866351,0.576873462429359,0.093858225167072,0.248776734078683
0.722363407512733,0.681037478234941,0.113921554547017,0.204731628290088
0.661458508094656,0.645002716816349,0.136866361750709,0.296993183812937
0.690933999080982,0.54232915763446,0.121127975869619,0.199616050444443
0.656247184280562,0.618022303038817,0.137932700679844,0.288979568527753
0.637387177198404,0.608079343121777,0.129317707781431,0.285110950622019
0.711104053142081,0.672208533548637,0.128375997396366,0.224009632766398
0.6953251316199,0.6654853778268,0.173297901357299,0.235552852935084
0.972916198980107,0.693998884565396,0.146182386173114,0.350448811111037
0.808813513825011,0.59157650695719,0.197363870002795,0.255004344076673
0.661326608523494,0.647184439332209,0.118029974505589,0.249022375094177
0.606795913832633,0.517973362508334,0.12107157876089,0.178103501144916
0.770970438821609,0.62993120248601,0.110831985963143,0.279747995040532
0.566107688416944,0.511486644588307,0.128641866035781,0.29983146090339
0.717748887781183,0.627366600933663,0.13069884584151,0.235745943374112
0.670185879532698,0.552737912034418,0.166147462281971,0.243543641953768
0.731424243283852,0.585640549266981,0.0927301075818527,0.207714978389546
0.604539832216617,0.560675619642089,0.128179405437867,0.219298830611671
0.557920763935258,0.616691980500171,0.0995805714296587,0.196956541971741
0.746376188914938,0.556719541119826,0.145485953307179,0.24316958330532
0.515996015712069,0.542122029332428,0.110398784369411,0.198914276098443
0.656123746773947,0.478414265370104,0.113581988334779,0.289669486003419
0.785782419032668,0.545448417910035,0.09537345762704,0.221211850131748
0.675642617619813,0.519019259066327,0.161158903954987,0.242102802581428
0.653086778520218,0.667907970391409,0.11188148343924,0.302647857184555
0.687895296721052,0.596663203946806,0.174567493647614,0.228103859406275
0.67141195298466,0.690960063170274,0.0910014524670702,0.236356789172745
0.65743629822173,0.611845817384903,0.246700535186902,0.26861764177785
0.811911220751242,0.651908636422577,0.0811671499619108,0.225860443609778
0.849530328457925,0.605974882539545,0.134946628142734,0.272192975670587
0.828639708991878,0.608794494685011,0.146447534110009,0.259991991757723
0.660588325472447,0.72003570104786,0.172691183340692,0.32674508110903
0.680390149234672,0.491574077680606,0.143246705134052,0.186141022623726
0.591042417898648,0.617032787358331,0.143747119317343,0.311478554058317
0.860920655971374,0.634488472568334,0.111235773278316,0.273421683143721
0.58690151297191,0.738754549680591,0.18813505896843,0.267786162114562
0.842742529850449,0.620961320071301,0.137105931490736,0.286904501104586
0.684413412583648,0.580446803058327,0.163203231209796,0.2567760200054
0.650426999118,0.694604154778404,0.124657034473616,0.248333351821424
0.786160922226073,0.730397672928898,0.100374771000763,0.247027560155867
0.706692284825774,0.545210845668978,0.170453557061724,0.315645966597705
0.679668611817684,0.753800579029581,0.0985479289706758,0.217248434586481
0.755118671653992,0.697322292595631,0.235574879096376,0.366906023674122
0.719099566624513,0.706281415116274,0.129147236127225,0.272800274751079
0.670527320419166,0.571946958730039,0.139535989367101,0.219269946512793
0.669574784021607,0.530036341025772,0.112335097075864,0.247171084764916
0.547010365400265,0.488577547613046,0.106379924080417,0.218210509735618
0.692427468727404,0.592047641180597,0.153620906891423,0.278467619822777
0.917303974219928,0.665320210282352,0.0953933373066973,0.264994720669063
0.806641744567844,0.741849887170093,0.142687259455836,0.282145134643996
0.834168081678966,0.717128858685893,0.120164366322485,0.299224249680652
0.858140401085258,0.705087748883076,0.111277432558393,0.303573461448722
0.826373153726515,0.739220307735088,0.200757266732063,0.236373047456629
0.869584133767058,0.616773792658974,0.151228845417275,0.263296367831224
0.618854065919895,0.658280691056616,0.14927526073528,0.263609875202745
1.01358361742587,0.620065847739028,0.167263734661516,0.377442626827632
0.586944313172316,0.671868731385232,0.144552232930321,0.214030477333505
0.531554279178356,0.63415237264514,0.12187754807372,0.234031384083273
0.794160876039332,0.51397856915854,0.135007905170133,0.253135187090292
0.58163095274161,0.714635531138525,0.11578389389777,0.246348633895218
0.684252897017578,0.642255851757973,0.124258615745245,0.307915392190307
0.605645904853552,0.550386156675105,0.128429117432886,0.219706607370196
0.695649648297587,0.525215611213746,0.136000307246403,0.243564896004164
0.714597335149413,0.624691746787332,0.127836960324061,0.289350787476988
0.711994247680774,0.514761377270398,0.141099603244629,0.232101726599375
0.709506729225661,0.610916849449011,0.134281895487664,0.244993460041301
0.627383603421772,0.682239231332434,0.186993450016948,0.299779746706286
0.564543842362969,0.481419707584142,0.089230355206369,0.22167900678603
0.627647006991993,0.504428492017551,0.169805749912149,0.243815664062713
0.671844488731893,0.606875528104745,0.0999475708886064,0.220405207433828
0.676926449387233,0.711758739301464,0.154187843544208,0.381798221813866
0.695302670776075,0.528380125564038,0.118221647576127,0.327446488703635
0.614556043568959,0.651213708777849,0.193916994352505,0.238087578001824
0.655568467411902,0.735902028797987,0.135157400504353,0.236219080452601
0.676765157304321,0.626353221944603,0.164691608696574,0.264974097210778
0.702436941228831,0.556598344169827,0.110709122493563,0.271220618417072
0.626822425951881,0.608729692721364,0.10641246015569,0.259694505787076
0.634051221665502,0.537149610421017,0.144844669031646,0.264355663407427
0.759364548203077,0.555806065559021,0.146846324169443,0.252062138554174
0.806913983215241,0.538004404606685,0.129478244846055,0.229463265161605
0.521665863890268,0.640083773986827,0.136440817319312,0.249695459599226
0.796112621820117,0.550516452603678,0.124306593114516,0.255275686023715
0.561605798157344,0.717961048283025,0.160548127959035,0.27495324790731
0.722155499963361,0.491878478357766,0.126068074512512,0.233068118392209
0.647057498642886,0.523399547156011,0.130367795615251,0.289007785066085
0.626711330631032,0.532316358062352,0.155847550743859,0.233987271638677
0.702733324237297,0.736144502907235,0.101684297293869,0.255786082771682
0.591011598071107,0.603675202923635,0.168620163176992,0.245574659424298
0.640362819489907,0.55557538648782,0.153759526236999,0.259910498981078
0.809487780773838,0.696675000639627,0.110891348624951,0.264635253325692
0.601523474657887,0.523543119902053,0.149759842526708,0.272253990008116
0.603144825112375,0.557323664582546,0.170396680067319,0.232957975839871
0.723186731304776,0.759337624805902,0.102378523817014,0.257656710741108
0.709575543475102,0.57868009211806,0.197866391685025,0.273923282628995
0.649980816119221,0.67266548801625,0.118223553402547,0.262249860672528
0.717115992343003,0.574561323178412,0.166853229506638,0.217388737465198
0.673793350694262,0.579385499314419,0.130918549443074,0.293877182517926
0.879469120051746,0.651556132295156,0.160283309358321,0.260465136154454
0.889932297413166,0.602449779215548,0.153821620032414,0.287466996075081
0.80498501840599,0.739824955166983,0.129588426662363,0.263621179746959
0.593095696680664,0.547679325926076,0.106493102204246,0.21271621880893
0.68102790060465,0.52143170855246,0.122646078518447,0.237758838718698
0.508969009840138,0.612548420395219,0.159618233866738,0.19094296506247
0.706161350558286,0.559185671946944,0.132981726947384,0.192460430232741
0.583784341579667,0.647677858818162,0.100638845628859,0.262945871042859
0.635635218806172,0.631897832933741,0.193120074637846,0.262897800863117
0.659780808807219,0.5744838160882,0.143279348991302,0.173059540776197
0.703503407776544,0.622265148299413,0.116384310514459,0.326182247776499
0.702787675813244,0.580727315140116,0.184307467767135,0.192935436211929
0.703175343813163,0.56754908746087,0.109463066913281,0.235410754892201
0.707565318421358,0.484287302208902,0.133036250200689,0.261533890613182
0.686133888072549,0.486564442348534,0.133606390265734,0.251154771385559
0.561450890127596,0.59324753827454,0.138952350139965,0.226186424413694
0.564285417241953,0.605833134350258,0.100982118611163,0.280279111630434
0.544753966965638,0.663993679674286,0.114842247579277,0.285875738080882
0.718141567563944,0.561957377844639,0.117756456172912,0.18857154305428
0.637501538698238,0.449573904150799,0.115661400823358,0.192162190775616
0.698646874739202,0.666554489878837,0.108549442913025,0.264621556556771
0.740881790362151,0.625100046406777,0.178741586275982,0.272170842145009
0.583106831615197,0.530191741319521,0.0953908577402112,0.232314157805374
0.719024163665401,0.652940230160193,0.18728341689216,0.28607765536638
0.78078665882435,0.547069194788264,0.150383798005452,0.24337173100565
0.602509394895688,0.677529297136876,0.14719554376635,0.377517312464699
0.80520458873251,0.52685122478678,0.163615637122294,0.199972113656295
0.611054465618573,0.519120461083506,0.207384380544222,0.305054197422541
0.666249498192711,0.770803341532997,0.10642556887868,0.229425844501812
0.802435963746546,0.626995283673065,0.134497207123923,0.211670144258255
0.575333860300305,0.525694841153107,0.178321143390937,0.321659114315437
0.757327146841068,0.771093589681136,0.113136452927071,0.199557444474264
0.742553611141763,0.575978580424355,0.148021263935027,0.342464849122636
0.624404965525398,0.601827133778946,0.143918638264187,0.301148299168844
0.666248657520398,0.589509569673808,0.129757497513647,0.19551292571228
0.648872335220741,0.613510055820867,0.155219819541955,0.204797871960274
0.651929038271341,0.524962599909246,0.118500003764628,0.270537112018933
0.73519324836977,0.668076156822696,0.18503394647094,0.233490828337535
0.557946293055275,0.552182662960462,0.0911009045447553,0.293030575969637
0.503971423174404,0.576347190373667,0.125180550230191,0.23343033743041
0.822836121867194,0.77366049931147,0.134602285935437,0.219955814069508
0.751071482108066,0.62810842192613,0.214214343052896,0.323741067103414
0.683924680193507,0.698455313507352,0.0952322467027128,0.239623337647226
0.819174869033197,0.663654517964695,0.1200130245087,0.24867115726641
0.781735060578691,0.694745241463544,0.120877838199955,0.267842209651809
0.908828016041017,0.643762767136599,0.153422211409925,0.2048669510671
0.782883465941326,0.703358672383564,0.152449748647676,0.293287280907151
0.753397575116686,0.662234898439943,0.140304414949871,0.27527960287927
0.762525301793411,0.562653989078303,0.168083256234462,0.276638511373673
0.79784920578005,0.59560235365082,0.14202428524473,0.28503741989178
0.684675082604952,0.658205817976884,0.157104773010507,0.340601004932296
0.840138821230585,0.630717626497484,0.123875462963961,0.26696699068774
0.577743520801326,0.538699501879656,0.152910890655352,0.202623599186864
0.835984029409491,0.590127522413898,0.153196803065431,0.255847929148189
0.557933612610758,0.618170655438156,0.132737582143474,0.201385029508405
0.742383784072699,0.524642212757383,0.135577426424645,0.277062023423806
0.658263991863943,0.643063231694369,0.0974408725342027,0.216603738003407
0.609234836902833,0.587165864181522,0.127441274645915,0.242042630479018
0.587938401910677,0.594227942279244,0.150498205708483,0.206267510247767
0.602779457285789,0.579575146244041,0.117971585142089,0.257859391175273
0.738594125709842,0.584127993293087,0.130286532265529,0.204292715366119
0.587863054690431,0.514158789911956,0.111166403053491,0.256454057551722
0.725603735133027,0.621719120128608,0.189349516034653,0.295238779511105
0.690488114952259,0.588087320895608,0.164945436798786,0.308917126480496
0.615085533534411,0.482409932498279,0.147092808407345,0.244398363193697
0.643922417328729,0.659204763365186,0.130684880019033,0.270339727944286
0.723780105333803,0.409883168242388,0.134719062998882,0.232717532058063
0.598411393056896,0.627643059258956,0.104868406116514,0.177581327495252
0.789286855505133,0.572661604284443,0.120316979605315,0.227376821971571
0.491622965149446,0.627068538460908,0.143183275258793,0.33232864416535
0.940314415936482,0.633369565926911,0.16244950825243,0.263899823577774
0.634369345610678,0.615888306054683,0.118870303367031,0.223291424937267
0.870161177992196,0.701866221469411,0.181305223977789,0.261938880497391
0.764327459116335,0.797107193602528,0.132630618113616,0.278048004333548
0.513978832533158,0.510413922399258,0.150825716429988,0.235471460784159
0.774027622372674,0.590462759777374,0.110720665329738,0.281891837749007
0.57164936341705,0.562142361402292,0.155259399828481,0.219928802042472
0.662022270057929,0.664676372111269,0.107461851795788,0.2211374251794
0.745324270129447,0.673801757116485,0.138385336102028,0.26288387059354
0.601165570476256,0.613800283312391,0.10974376883546,0.170196089987065
0.69507676469795,0.630958755038838,0.124592284167818,0.249705555579933
0.640339514410441,0.532551198453317,0.171450249781779,0.198057955718663
0.653257148482462,0.515840009830836,0.128616309777433,0.177829659458271
0.661386758184282,0.503623672627137,0.123094323688603,0.20142738599915
0.734990831144518,0.720118874856544,0.171523631421555,0.33370000582376
0.736570123939451,0.58006160564015,0.152884695775714,0.294635455106076
0.543132473665156,0.536349106583843,0.146638748245898,0.253572953109228
0.567540331200507,0.52460781210949,0.105132873454972,0.211472014150502
0.641577665880506,0.520571777424424,0.163585263265076,0.257943200875926
0.61897267931483,0.508490356592656,0.152467373979006,0.240742957204522
0.700068559520376,0.647598959716933,0.140623142809207,0.264150079536954
0.634198676612448,0.583583568757493,0.123828289974774,0.235046860599698
0.843129916477893,0.615931216666085,0.111048229645322,0.404713655099689
0.710875329472144,0.844932647521273,0.186029889809521,0.297084153897194
0.656493097899359,0.458355571268981,0.0932435689111396,0.258343217903088
0.618298665023768,0.640766807201364,0.165090396773388,0.218105606698122
0.673718171611281,0.653229747231211,0.113732738496697,0.263288781578873
0.638017143655854,0.671295773215478,0.112715735023962,0.289049998181412
0.637270709743659,0.553447458499947,0.158463398815044,0.287813026215144
0.702119282145055,0.590646212739987,0.12991058953348,0.365883383860758
0.719797261431147,0.668693746713708,0.147431655932827,0.291527730606476
0.711866519820363,0.701533296767902,0.172806422512105,0.308540880186571
0.754855822027719,0.674142511505498,0.155518255921909,0.322620273871488
0.702194121233758,0.689405146805781,0.134695048491379,0.26149736158085
0.851432211718035,0.552134900519674,0.167677830945323,0.234979805121618
0.599713036333238,0.486960958236889,0.113978961330995,0.238610721051605
0.616407775791782,0.577646930601013,0.156984632110911,0.213045243992835
0.686385387399032,0.564476509427619,0.156315465622874,0.280116606058474
0.617900119721891,0.697844264939271,0.120518935326077,0.235112868373544
0.672255878453776,0.529649410047578,0.144329847528064,0.279973886047487
0.676635153498483,0.55357196935522,0.109461085964428,0.247035359399192
0.561117785699065,0.634234517476141,0.110632138458665,0.236765009131969
0.727471536881601,0.50048968297191,0.168821926109841,0.233948808795044
0.608603727677066,0.608714552482123,0.135699373616684,0.24436771413064
0.727933825725381,0.670818043807477,0.165569936986067,0.314481021130721
0.608676982636369,0.620780797732775,0.139114415324363,0.209821216074187
0.605118457159656,0.633516909955736,0.129127341193629,0.238051938564914
0.622929253804905,0.688291670956491,0.179620207418901,0.274013164792198
0.989508778573865,0.589831956687194,0.128807289229744,0.207178125208913
0.561020915117316,0.773631774870611,0.175568284049637,0.324612871384025
0.890807394807495,0.498839511395475,0.121868378772974,0.219913092906611
0.65952756560919,0.523635535428852,0.12115078692894,0.15103105109719
0.713284535541008,0.500493538814768,0.134931020600267,0.149969258953095
0.719105325933612,0.490181259359541,0.13104254254178,0.161035292387002
0.715271588211235,0.497261884383983,0.123819649164604,0.179028182673146
0.651628974147092,0.640460828548631,0.141001391627648,0.343160182416187
0.825816782993021,0.609509411602357,0.178276707891624,0.225408241727362
0.766763843261517,0.659710490448638,0.167388667592956,0.244277348063642
0.589240686667426,0.812802539692389,0.15406235586425,0.230826921996309
0.641529266122476,0.736983707292294,0.114744890726094,0.2370068096873
0.684900113013127,0.495675245339433,0.143512615731169,0.294276857690019
0.610406685154091,0.670838065801373,0.170592326915817,0.222198160222281
0.70798803162195,0.779944124804696,0.196415037330081,0.225781545569014
0.807409310102202,0.621182791683109,0.122938318333341,0.257775417663944
0.595107140600279,0.618396042669056,0.157184548628296,0.291917590299075
0.711516470365518,0.548949437526323,0.118644103161158,0.23044539110622
0.732109254182276,0.514203767472176,0.12051910149311,0.237275235731347
0.763029832095344,0.645851498105574,0.12735288334363,0.287468262671578
0.654327549252477,0.566792540017538,0.111663999114271,0.185369237612906
0.581006912947428,0.560264956546322,0.126977985683446,0.304670879898417
0.695093476628991,0.737481268187381,0.146855798341806,0.2377053367583
0.704191634375671,0.58991340730544,0.13999671074413,0.222953112504207
0.558913182728234,0.641417659050126,0.139325297109177,0.260952734030124
0.601760786838049,0.481515889004392,0.137843416934849,0.18666111840996
0.761941838762909,0.746724651904862,0.111602287463706,0.27966077811581
0.631587402247916,0.57758879543591,0.12042906473789,0.254432195661986
0.651736102991408,0.654081687434925,0.11206127764501,0.26869435431551
0.623853557567013,0.461193831599462,0.116495945504038,0.223239378992649
0.593168742119186,0.529594993124348,0.1234636032904,0.260079892386317
0.678503718758567,0.632332621446009,0.13610604842262,0.24339793199493
0.680259603455478,0.589344321503818,0.124367701887855,0.253986321025076
0.655564948031391,0.650021848620997,0.135441792483745,0.323652779141325
0.623095031872727,0.487274665903943,0.124351626658979,0.187465172137273
0.701179213989668,0.49571946351682,0.0974596964829769,0.21920107935476
0.510407158654764,0.661300701539292,0.152854835958826,0.232118846861117
0.586893279897183,0.619834507632148,0.0926057854204957,0.19729834843173
0.650792663891386,0.490323526272431,0.152726009790243,0.255245842859987
0.686259473918822,0.617995512995832,0.102792591298716,0.259924114268592
0.641329748293115,0.595625247968928,0.109797699457228,0.26710198673812
0.899524284212447,0.757424714588123,0.206905247984127,0.32235244252973
0.63987165863418,0.597288456680753,0.119074098670185,0.258143497741179
0.733347113271039,0.581936674475632,0.162498999788275,0.290232586871194
0.638046950247033,0.616096017207799,0.0960694129098702,0.293467071045292
0.660973014704007,0.639358479711057,0.166670549282183,0.238817390496147
0.624756331057899,0.580812963598312,0.104777622657081,0.267511908661678
0.684460510660085,0.559318524696372,0.150637665557808,0.235113165959544
0.767344561847997,0.718224413425397,0.122079726170231,0.342267207759749
0.759233315876698,0.776269592066027,0.106061544512761,0.435395619347636
0.652593716756216,0.597484828800155,0.112849141176948,0.232689513306532
0.664910396376021,0.634685869089023,0.122138072392556,0.264202933601379
0.638486055455631,0.635160924710045,0.120302133090094,0.257186210400778
0.678149576768298,0.691392565863496,0.124979480810892,0.29923015506423
0.629008715494519,0.528620373755368,0.1638565300929,0.228472307592883
0.61774749343673,0.560534361067738,0.108679974434049,0.208590596899711
0.740366018880338,0.58131994169014,0.175918716774464,0.324103755409639
0.647422815005355,0.724862996805068,0.122647033043606,0.293204705907331
0.797487668585239,0.594856759287125,0.137067664096729,0.238511586028147
0.635099329385015,0.648884041872267,0.125976785454435,0.242509965039764
0.618330210041486,0.495217111936413,0.135288644877193,0.285535576024749
0.704876948326011,0.488656175495035,0.165076229142217,0.218419814013973
0.624264312116202,0.576942864791017,0.154373610748309,0.290351271737863
0.716515835464623,0.634492486168111,0.101228769853921,0.230110442239429
0.691454560124533,0.553698027409833,0.188036859033744,0.26117250902742
0.758302058157401,0.590886684907423,0.105620586686213,0.239985239530748
0.737916797011074,0.552978114040757,0.192957922626149,0.240724988444166
0.695828785387215,0.645551240754559,0.164005568537629,0.323078086500436
0.758993621613519,0.716246544301475,0.172089499861246,0.263502493231415
0.714987747697351,0.84348166196657,0.136458237502685,0.255560762610511
0.75179159143692,0.699023186942628,0.149016435907011,0.278168300931805
0.818563425005237,0.788825310938362,0.152620077736991,0.312582143203364
0.813238132583374,0.517907802783196,0.185713515777516,0.213960056239449
0.695182380255907,0.582578014508155,0.13281102199537,0.257147431106699
0.613352566545351,0.636746804937135,0.117566973686834,0.185283025835532
0.557870651478061,0.533914717515759,0.127025096489047,0.280966128967362
0.706368060910543,0.621081434928324,0.13622530204825,0.22832445793738
0.654173859204438,0.531917354014798,0.111727067731074,0.274768635778813
0.638019309602622,0.575092085754389,0.126732539038082,0.198587809077316
0.730689418346446,0.572940904517298,0.130399897411053,0.240734901395156
0.712500257762827,0.699158880760125,0.137903601625117,0.270974245968918
0.696496285441294,0.713016348075924,0.165151280062458,0.210022065212963
0.726415328525545,0.666619942777938,0.134557880994302,0.31432093199698
0.648998039111755,0.569506040997114,0.123657692447102,0.169960740334547
0.723505736128008,0.580280557929027,0.149831077673033,0.355778342287366
0.744660163210444,0.830674815479209,0.151893708599596,0.254456510777034
0.608559525635603,0.463859198961021,0.129948080225828,0.292199367083459
0.674407245448691,0.480584509065991,0.129186729463052,0.256104626241015
0.675669447127837,0.727546356299506,0.148518499254144,0.271757077141226
0.845506449670398,0.65539979179275,0.155538895751669,0.247651712058082
0.579508255865094,0.600099682910463,0.159963552149726,0.284134659098012
0.686287972865718,0.585075006003147,0.127066490585325,0.223563046307016
0.756309072791086,0.60130979157517,0.123623613869507,0.194467516259835
0.626645800498635,0.623684889293382,0.115318800284378,0.297932088523148
0.640418753899336,0.61177002128822,0.155896334139798,0.304230429546597
0.748435406004066,0.576330764512895,0.101413654247437,0.2299757727494
0.690844182128261,0.634883192688108,0.13842416153873,0.223060813402361
0.751097180976784,0.615426694205206,0.186406289011309,0.346543319110416
0.658519442036387,0.596886193409573,0.174127645096882,0.319341285805171
0.625281012707834,0.527404603897799,0.0895752104530749,0.196184933270557
0.744300478313859,0.576510923837169,0.12823346038807,0.221428394421849
0.632923640175644,0.583915862663246,0.135882361145415,0.264962787809771
0.713437354750579,0.642146026022462,0.155706531980858,0.239142360870218
0.657784038734502,0.574056752567603,0.112369356757508,0.26049058486092
0.700766037645765,0.640627646678129,0.173227983710951,0.263727410155909
0.80439815698778,0.644007298558852,0.150755853983402,0.261209170469033
0.659291873997148,0.559539708001449,0.109750686793323,0.291873153015674
0.591353112494268,0.664574145778731,0.164993848659528,0.25058846548848
0.751861173836776,0.55134839689439,0.126652797588983,0.225674332398174
0.541497028188713,0.620871683822818,0.140938791505988,0.219720121577128
0.525212629086615,0.654932028334258,0.135760384686613,0.192953909528225
0.826507019007048,0.640621783637082,0.141071671068342,0.355225967191569
0.583139063521972,0.67504175210209,0.128284579376015,0.224697924097817
0.666001391170637,0.458914913235154,0.137490082736827,0.229114326198178
0.650037429524796,0.617461468422589,0.121817258403862,0.214243681885519
0.74567490690771,0.574472880352922,0.142757197689729,0.26435226279814
0.745137467291088,0.600845391785314,0.135718282811039,0.23469762893889
0.793441754233657,0.810422983420193,0.156455895395415,0.297833670670318
0.65160853903572,0.629907966368918,0.115964177161104,0.258750968366746
0.786243908262407,0.666791409470005,0.17072476042084,0.279328596136341
0.725316290159534,0.624000869252467,0.130173977398584,0.250365643764597
0.715019068473385,0.589766253880844,0.144159849430999,0.238934151501951
0.728799752159713,0.604842744063211,0.145470544051064,0.296104397385932
0.692969919540637,0.630088628895964,0.114643246640099,0.296557989037581
0.622352782123424,0.51734578410186,0.116273761782256,0.192059700863802
0.56560759783307,0.495783171938091,0.155085948138844,0.234261253047959
0.535928475479828,0.534536248831811,0.120140597658976,0.202715661198643
0.703992835961051,0.451107419825204,0.106132363144582,0.250199335804995
0.666280392630484,0.648757369204963,0.175936539543169,0.247701406732698
0.705258982620592,0.54163683758321,0.11449095207328,0.232676275035183
0.619214466112049,0.601063357207866,0.150102616757412,0.230993405501029
0.686372793813596,0.567576418238782,0.120558836253002,0.215175989348841
0.627614750780002,0.665731930191768,0.142539419679788,0.259701319543111
0.773615929078154,0.561233172140972,0.149548959556144,0.244798981948392
0.760239298338283,0.74105578627334,0.133984103506192,0.314178184763471
0.838965151590004,0.561653682712424,0.148594496572362,0.261468719574354
0.630180170879376,0.752903089187364,0.123204118836196,0.227529141945039
0.755261063650124,0.590330110725104,0.150281164325511,0.284285465561366
0.610725066593392,0.740102419729255,0.151850178950248,0.266510516865471
0.72554625329857,0.425770385788343,0.14713796191036,0.243795813923184
0.647898888544823,0.660065643185973,0.10371953871858,0.244337073107295
0.661977841296541,0.665748551556239,0.107765061093885,0.264855941586779
0.685755834896509,0.559784944632163,0.154358188426959,0.325635063776733
0.709508607715928,0.624866694972476,0.109714556698251,0.269166259439747
0.739825165253447,0.507025212337816,0.107755822326745,0.232908839835538
0.558614434767821,0.664011177866266,0.153661054933857,0.198654568978114
0.724044918995251,0.531363663585566,0.116767887430529,0.250987738959756
0.672638257509168,0.508201789898939,0.126361517588455,0.26030533507062
0.652027780636976,0.672123453922664,0.184096117147238,0.324230429795724
0.700682764665478,0.678365364411305,0.144899421086785,0.292044877795839
0.650966121246899,0.601151649894565,0.136678270576262,0.196752157948339
0.737201460125016,0.64182058412064,0.156112686223107,0.358870155876727
0.67956827625863,0.586503583029916,0.156917340101667,0.215355063257667
0.6504517722054,0.584288259035646,0.131090292430821,0.192478524226566
0.603028143772969,0.563909414250047,0.206055140304572,0.338446224269354
0.617117920235738,0.559443556866218,0.161719344764109,0.213751027299414
0.89056740442145,0.795356252215278,0.137337429000415,0.365665525162556
0.724639730668374,0.67986688466802,0.151559943176401,0.260793357193651
0.729477966155807,0.605337828647194,0.178853401238901,0.314295654310885
0.67173009037569,0.807421147280594,0.124781966751252,0.199213285546194
0.651834329289787,0.640862409435402,0.113486616666143,0.24345237727484
0.609053832650144,0.713700329901551,0.127330910021765,0.264372661788975
0.683445130992383,0.478157118422177,0.118124492620049,0.190189141576374
0.725964377366873,0.705372125931588,0.20551180589156,0.301424999004841
0.891922301250032,0.621933332695519,0.110582736796128,0.257686753726515
0.571769150872805,0.76286402088319,0.126651926016631,0.274205486350298
0.743419438209714,0.467486896575163,0.120380949034971,0.206558099179532
0.591906391089667,0.65342859650524,0.109656581695407,0.197582677247035
0.662021958122393,0.685413324440852,0.131655924149788,0.189720354144343
0.611894741962496,0.697529193240333,0.126797518108528,0.213303735101938
0.724249407252568,0.539686528460017,0.14993571517539,0.275787719206369
0.628453586306881,0.670880127926148,0.116883687531129,0.240596932960788
0.655029795274159,0.668902444043787,0.147226570401649,0.251090147049309
0.828166797428088,0.576635010951289,0.149498455212638,0.378284802678137
0.74664279526148,0.586829497566738,0.111516912653827,0.34039309432583
0.70814054495064,0.660246926288914,0.216280642961368,0.272105381266146
0.852059198623452,0.551778050004596,0.0845580167234536,0.24356268351692
0.70819671932147,0.624763292976916,0.134887591858513,0.250078180243001
0.546126656121772,0.66243261901039,0.148525582294318,0.2526174373549
0.833968923060326,0.502226660107483,0.136198942004002,0.248314884792943
0.547585299999532,0.668632346133669,0.142711079818342,0.272649196663964
0.906344862469628,0.635395026892385,0.131982075507474,0.279642983902674
0.788046825063416,0.578484839046723,0.120284613322403,0.283234448825125
0.595055763824876,0.599131410868085,0.149175560229352,0.252228953345083
0.653724368177304,0.605966275018233,0.122794615734427,0.27401166023142
0.673828747175244,0.605868412586751,0.12804256952153,0.212113738473053
0.655971949570884,0.526932490290051,0.138100939867587,0.258089467349864
0.605088149334131,0.647212821456644,0.102856543440257,0.230651472698416
0.692290085765453,0.502909552086735,0.175113881699709,0.271187902119548
0.641052636893215,0.662393881268719,0.111800247203216,0.22355535217688
0.588405442725028,0.532649352561435,0.117535980489539,0.230605555302245
0.586657676722058,0.503290372433254,0.157868238060547,0.207535587523581
0.541688769625627,0.488503021194772,0.122607432455278,0.199593300314161
0.591493980133999,0.561507993323997,0.144792428303969,0.226731723162455
0.601189439699399,0.491429407257056,0.142521355961168,0.230359350134288
0.619957923174352,0.590256808370455,0.1150309171491,0.236861134994343
0.695920266422104,0.532035691810659,0.162567889836188,0.280884522006206
0.761416855657821,0.607233992943923,0.114116315612889,0.246862906258896
0.731522825033667,0.591406745348502,0.111363629349686,0.234076080738495
0.760175850686518,0.466305064502094,0.141071757561822,0.257242212623675
0.722163565216294,0.440680471426749,0.145649330369537,0.223968004411619
0.575014822855745,0.671569216967892,0.140910627918144,0.257992413765168
0.721733784715495,0.569089396199782,0.187138538813997,0.233573463807052
0.664164431249894,0.673544930168907,0.0978486650691645,0.271082418950095
0.751732833155754,0.621870061140503,0.164776751926398,0.292957189138831
0.67056846857404,0.635743082120137,0.115964672856822,0.235398668888721
0.636792191009027,0.543735142881579,0.131429429567251,0.233822516720093
0.585956578119795,0.562356357162788,0.121717097745878,0.267620582717867
0.620740907817092,0.508157053279279,0.126646865885664,0.246224459356073
0.686308667142821,0.654629614959025,0.159580687028083,0.267551328328884
0.61968350169005,0.568381696064074,0.11290545727369,0.289227302382776
0.632250264513011,0.591463823751693,0.101563170189896,0.316196890728995
0.736708592579063,0.655917828845994,0.183608538635231,0.248673818457639
0.621961802922081,0.680486490191283,0.154475278192748,0.24427264921374
0.80503373620239,0.541873776598465,0.127019267008062,0.235724173001288
0.705613390130174,0.777271716328878,0.119905973273648,0.309606306761286
0.66187184684654,0.532899615798625,0.153639146640031,0.226335772905994
0.721608878964644,0.661857777634911,0.14572579487628,0.325451046625303
0.854858203132718,0.743896142966156,0.131693124291193,0.215060312295306
0.666951802040937,0.495136292802111,0.141681779654641,0.363257380901133
0.66522931112575,0.661788263100119,0.177696944861933,0.221891841942533
0.731053226749724,0.568315906190387,0.133553375449756,0.340576384112753
0.600465016477826,0.759482226531145,0.127801218943989,0.250104068824764
0.629422953225969,0.603436390841609,0.139117000294177,0.219081729409284
0.568695145232904,0.526176399346506,0.134986894865087,0.251031073998934
0.745134189327153,0.578054279568809,0.1165085115041,0.24270990069308
0.75557435132588,0.611066079229618,0.182838003833417,0.255736572428388
0.782500848361313,0.507380053437586,0.157887587665378,0.239317982889616
0.603620390934619,0.611462436223266,0.0926760498962927,0.218902318486566
0.779333433567909,0.651330829392033,0.187719252666469,0.274298513262461
0.594284828743023,0.580990272325829,0.111570888798744,0.213097131782017
0.629425139305617,0.635913255710211,0.122536495136715,0.246031175995366
0.76964841037322,0.590220915571432,0.0990232751205962,0.280603994103966
0.499604127629207,0.43444392271541,0.182059020557718,0.188285820436636
0.745750253436454,0.61594838181266,0.105598927515567,0.27765882280439
0.708469468474195,0.74280401648377,0.140295016823164,0.248436010977122
0.765108114161477,0.704203803072824,0.134999567463108,0.273990179102258
0.721331104104226,0.500008087065229,0.124714005972088,0.280197381928386
0.675020618046515,0.624806336500318,0.202031134156841,0.32734162541788
0.656641267317667,0.57539944191259,0.0881481951318008,0.211935375153855
0.699520473081441,0.70257461705554,0.18224701736642,0.265907771321369
0.865013851675779,0.59059697142411,0.168281949124146,0.237049074547019
0.844271804589497,0.594196548917327,0.169139858250918,0.236618395052707
0.557896445380097,0.673118171068417,0.107912057086895,0.250278680260072
0.751959317254012,0.542187065090171,0.122433985022366,0.24444376050405
0.670931235448033,0.693391579193215,0.167531670702072,0.282454110702756
0.59055019964925,0.682866612208493,0.179218066171916,0.360865512726328
0.707450915352168,0.551264383251465,0.102785000139925,0.226003111723406
0.533903742298735,0.601770719629306,0.173574162285032,0.258556250051051
0.64224760542843,0.592373886314785,0.1570628800219,0.235250466051158
0.716487171959428,0.652159815636397,0.126790856649512,0.310630826408501
0.728015348472113,0.547335777753125,0.129818872064394,0.240091288413034
0.737012854461108,0.658277779029444,0.129294988738665,0.248368195268303
0.638763650400348,0.664328395246807,0.119331240455934,0.272564052180837
0.613267874247014,0.636691041526639,0.134153454056738,0.244057130516256
0.677799677097481,0.662693679435905,0.123956052910061,0.254857783087609
0.793038045423347,0.535413911212822,0.170895806958675,0.255563898499934
0.779807543790842,0.669030021320394,0.178773865099887,0.253606443904994
0.790393539396186,0.626098122396224,0.171069584326159,0.246407471780011
0.796451607084934,0.568839880491537,0.150820555320015,0.264420166742315
0.856330886234555,0.639155107329441,0.174972562747892,0.270788807720572
0.741707019099932,0.766792310193508,0.128351498576976,0.417730690591465
0.978467629273992,0.943963157107384,0.181674544138817,0.262163840832907
0.671908930253411,0.671193814562425,0.151530552980356,0.339170745886816
0.808581050082357,0.676683369578218,0.127138849319005,0.213276631606113
0.802785867985117,0.669785556253777,0.203915002604619,0.348449603610043
0.719755185659961,0.572501370257142,0.0960253089902282,0.2238013224521
0.694529803636918,0.62511352728416,0.109069102154518,0.208138303450058
0.668323009525441,0.739545026282084,0.126039421550181,0.261193941303209
0.734024398264887,0.701652554315438,0.165451953643443,0.236938265376131
0.778761442490644,0.723671807362362,0.166227437941483,0.260893414398698
0.688828548496157,0.594711192756535,0.153071348618044,0.308451678579431
0.77742580940489,0.66928966068529,0.146031633823399,0.290060763579633
0.665876945355853,0.567711413134454,0.137225535320401,0.252205662657304
0.76979693723875,0.630984172350679,0.116627324954445,0.237343422405874
0.711013953443043,0.548195272689522,0.208775122813325,0.350666962741497
0.740474160047372,0.700807510475357,0.0982890613485603,0.181512452822543
0.775397267475277,0.6368195419927,0.0822659005873556,0.251674105171161
0.702718464943908,0.6810199708821,0.159934026831525,0.217494336783077
0.702970556205865,0.479139962771298,0.0944518449078598,0.223907032524976
0.69467932522632,0.63293323797883,0.149465651455759,0.214700136254693
0.708130182180412,0.547075946991112,0.10831262021396,0.346483622854313
0.607059043619938,0.614879923567208,0.161574954150397,0.216005516531674
0.668201491292438,0.482215326613837,0.112218922857612,0.232741607266108
0.635688879423489,0.674582211317378,0.143963016110345,0.284662046439602
0.744745417099582,0.558451347033929,0.169172352618564,0.249441782611823
0.686153067437589,0.699973709332365,0.118519912329784,0.339391711812046
0.754062830150579,0.692002821104684,0.128482700912587,0.349566118707763
0.798588354177742,0.684678196490948,0.21122541585736,0.284312883189275
0.82854196473736,0.50579494179658,0.197511943492117,0.274335049739817
0.608897903218547,0.529375176157242,0.163572737033889,0.31970377890018
0.720360016721526,0.599118478567593,0.115213011382401,0.263755436820023
0.766035430589655,0.631775797411451,0.163725377039018,0.208609535031817
0.616264537710461,0.651445650393598,0.137743578422415,0.328033538654434
0.763802237099386,0.557226387701836,0.109777020102818,0.231520330138381
0.590557107760978,0.525303199534538,0.143639006010587,0.235647899556626
0.691393248211266,0.588193532027479,0.154054751686357,0.25560081616193
0.616955538255687,0.58624660494611,0.10905082601712,0.267886685244984
0.602842694752192,0.571645016891942,0.129160368814628,0.26204544406704
0.635702769921934,0.586040488155076,0.09601258898873,0.26644334416569
0.734444389578393,0.65122732731738,0.184585631051971,0.264673945426546
0.543077030275455,0.553645878524098,0.140852576175103,0.217393547328976
0.875900634641163,0.671707630190365,0.119594555985282,0.29859315627414
0.706280355330807,0.675191954713233,0.20026829129034,0.255530246561386
0.76765532943876,0.817090349097852,0.15541797989598,0.311462211194036
0.751441972445493,0.767482935520213,0.15514702933024,0.343621120398833
0.686089684349167,0.531287693161702,0.145383145957855,0.237171926784774
0.717715872293831,0.730419541004208,0.162487919041124,0.282898966497862
0.70355276770583,0.580926428393888,0.134298829518964,0.191553402750122
0.787617147191566,0.603287657681023,0.136951689196276,0.293177228564255
0.71705691182907,0.59973569516372,0.152378034287687,0.28904024376885
0.637438074719077,0.567049113046272,0.119549446905235,0.284831118415778
0.950284354692097,0.574714555775451,0.130012920552,0.301896442878065
0.602669312783595,0.73733821891949,0.155386105535662,0.246456547326797
0.873766133767436,0.576033213118578,0.102363786880027,0.280280483917792
0.574370243996298,0.657466107803691,0.186591189242691,0.231209071654055
0.738429599707999,0.501301393246339,0.112659046861761,0.219296197709735
0.646912874134613,0.600884234229931,0.0852672450484716,0.211144623643012
0.62688626640815,0.707116803179195,0.152354827706756,0.243843688812235
0.634949548221831,0.529534772545423,0.0990131209230447,0.296120046255131
0.633358223034756,0.526071384896061,0.141464617794064,0.273851903806236
0.644832560529743,0.536122191378036,0.124189053274192,0.165757902283604
0.648050166731076,0.605113322370034,0.133174799229211,0.269223279725179
0.594050565814245,0.563186617382941,0.149335478346381,0.248756021929384
0.550142474500414,0.541672128182922,0.157882344895389,0.245484825844643
0.805702007418154,0.62683202017102,0.143973177920988,0.30513326083389
0.718756170490161,0.64094790561454,0.129950842713863,0.312061608413463
0.662542030375429,0.54737856841112,0.129762386653314,0.213686258753144
0.724846954254103,0.779447199276615,0.118661025659283,0.258434337547858
0.702120854943021,0.620928652596482,0.126937389776703,0.256314820616351
0.63558404629252,0.539017954168616,0.129351825562226,0.272627047205156
0.719217246240806,0.531801437549342,0.136464372898284,0.272734672716313
0.685718829522489,0.629717838970834,0.1688888448429,0.250366929443499
0.728344742722234,0.670450492115175,0.217354065313754,0.23576698055943
0.784237541071671,0.574748380194201,0.137175315597967,0.320787248751882
0.645019035914856,0.589176944392394,0.136812416918661,0.201045767068771
0.622891485813515,0.55370644960007,0.143057318401654,0.270971825375467
0.65973271854365,0.500642814910808,0.142056188982182,0.282622390512999
0.696062230790328,0.663455590654236,0.111115165892999,0.214881622622728
0.647465044967269,0.61530933705096,0.253562765282299,0.381012294424659
0.698881778020645,0.738685988618152,0.0934891890485711,0.196867983425669
0.846013463341262,0.621148898469194,0.19880055803195,0.244322547022837
0.637130820951294,0.605979839948096,0.156344111022948,0.265941768267542
0.664869819649809,0.762985866699814,0.163006675523839,0.296856330147045
0.704746392053678,0.44982333290401,0.132952434182224,0.277387818059471
0.665904179753387,0.707347920608178,0.145332528135635,0.194138362493276
0.80964597234353,0.59253074240187,0.159509557455173,0.225935361349901
0.688984344720815,0.617289616374674,0.118216060904536,0.317995159566916
0.533630165304518,0.524651150559973,0.142724985326655,0.195674662872134
0.540845429369332,0.502090121558158,0.0994893924879865,0.253016351386556
0.671650711075789,0.526989694869516,0.179112246815483,0.231236969457505
0.577688576028671,0.578898096997595,0.146615757821819,0.298194810983134
0.785047085941129,0.53229195431746,0.159613768420871,0.250994901000125
0.753385977905271,0.781463842497558,0.134884514360705,0.329360258033067
0.918213571883296,0.653226325140879,0.183932852906756,0.21579936730301
0.471054876879468,0.564025843561675,0.124940400262625,0.277220248334557
0.593873797401784,0.509229486953181,0.13063195530283,0.187229418920718
0.605467379258567,0.571190657454598,0.127956380401402,0.236758094550217
0.639133656626936,0.64723018333397,0.140317427093204,0.23777758542438
0.669571260695286,0.698335733497707,0.146812000879126,0.255626344618696
0.589794875799891,0.658719450764643,0.145442870333885,0.249221057621056
0.764608663385516,0.562136807313428,0.121113765064811,0.27797420088328
0.548515195400383,0.604899892964586,0.162594269436706,0.252809670491359
0.776442332291057,0.492475873932152,0.0928592393770307,0.234079905257517
0.601670221837613,0.5545024356124,0.120111560814503,0.261196452661522
0.585259341210459,0.533118072143077,0.140259758127806,0.262643064265389
0.872625525936143,0.593658576625389,0.0989759628540434,0.233589257559919
0.62328996760642,0.718366578465239,0.205760847654541,0.336052394796783
0.770793448328031,0.53807406954657,0.140969555702426,0.217013775897368
0.519163434133141,0.529834529038344,0.146469252631593,0.290223367172884
0.575942107721994,0.4843914153177,0.109090557696753,0.202085720516045
0.673778349459433,0.594269097808849,0.131130116135007,0.195966432020111
0.581209902247877,0.639515728379698,0.105865245894854,0.25329541130065
0.740735764222571,0.582725070419225,0.1973652420737,0.246432842582984
0.579371615309713,0.485352100834859,0.148084809284405,0.181081614451582
0.643236979521555,0.621894076808749,0.175351845140599,0.158167214982621
0.614032598180061,0.680339958021339,0.114838057374457,0.260630302371187
0.659085396585859,0.576292283322258,0.153583088409544,0.226565371779399
0.651878381236243,0.590129376655258,0.141588179842638,0.232032466675151
0.628830564331939,0.565194402058682,0.107118250049607,0.232596151676602
0.703446133993056,0.532079311600839,0.184230201215665,0.307208754127408
0.618866733609976,0.541358210659243,0.096908056338477,0.215822945712689
0.763642760090833,0.661057906567127,0.153865875234439,0.330413777268591
0.666901779781041,0.679600824771682,0.151350909608002,0.230467901657751
0.689013080851696,0.738852644425953,0.138319031676394,0.250724179246147
0.713612733114803,0.528182151837073,0.12758835607378,0.25246927237014
0.647838318065786,0.492895919310998,0.0924258774741704,0.235171633341399
0.727190035894959,0.547834372763268,0.140955331126775,0.269225801372732
0.715974986725963,0.603830051336847,0.15560248184957,0.281477478781322
0.741307057513089,0.641375175475103,0.15440049619364,0.317310077554481
0.734437814842914,0.62401811160798,0.186549526836529,0.327543478946548
0.656438619696539,0.636099467210082,0.174952924478973,0.36101143733534
0.655622204078317,0.629912083944805,0.12687126415789,0.269035704061776
0.680705584339338,0.606319949102366,0.146265877406841,0.278939850030116
0.68893134264651,0.631344258016563,0.167482288624419,0.257492236322042
0.698542853597666,0.63274286928909,0.133579304907896,0.301554733147315
0.654030957991672,0.588746229993202,0.142181794919178,0.207178847329171
0.671514326369,0.561301834238626,0.113200515927311,0.261170040680558
0.652612990377053,0.617662439114909,0.163371317762937,0.228976545096436
0.68907128981978,0.619895096974435,0.102320617141308,0.259806408965499
0.692585713698181,0.660464301936078,0.15703388596028,0.251261489782167
0.584077224228013,0.540928025335124,0.107189815030592,0.250558331153701
0.675653153514268,0.612014401901197,0.123366181687888,0.234144999262485
0.574376435356035,0.5490545744065,0.0963349010199491,0.241046015135037
0.60672896204681,0.613740588577861,0.138467693942977,0.26517209500199
0.74256862154306,0.523678298124033,0.180689017307275,0.280764237417291
0.792863631921885,0.849658521329644,0.142166718676683,0.26499554271174
0.845608812053321,0.875693211028796,0.13674460299419,0.281958510627962
0.753923891958542,0.692282100314703,0.150286968261677,0.234080092272109
0.723995207341295,0.63466546689248,0.155774263212431,0.246080825652676
0.751512324761865,0.751324996648758,0.131992516874104,0.282396959661685
0.732170324305781,0.565131649318624,0.122819832333984,0.273466178175183
0.881311978805721,0.704000269583994,0.184787429963814,0.336619517705929
0.879353739595518,0.704681020300156,0.169615407374828,0.342590178272501
0.761515176481831,0.685454986421164,0.130136680984044,0.292513804891565
0.86686037376335,0.771651635603625,0.140097744529282,0.293430787650241
0.588649330226637,0.607770463692114,0.17564993920172,0.332042734549714
0.802366414533307,0.738050959765354,0.125671015647828,0.186186439699685
0.733967051936624,0.501034435231568,0.125121341531367,0.298387791646093
0.660877884801023,0.604623181052605,0.150018477921615,0.220365335742024
0.765837309117783,0.590244896721379,0.12966182105492,0.313184267818948
0.697775547097424,0.605858391726434,0.13100932899725,0.296685091605876
0.550916305294849,0.610168163931868,0.12801123096268,0.218864877757552
0.683665299625707,0.478879630618106,0.0945501078140132,0.231586810488539
0.666837821065852,0.493042003615431,0.0841621857616354,0.214518593278057
0.471041172124021,0.691097157543192,0.150022627976125,0.339981246652216
0.78742820303984,0.522699391896797,0.134355270508613,0.198001669243659
0.623158984788442,0.810523436805957,0.18075167869101,0.347229142865906
0.684137271001089,0.747163696769881,0.174584862804157,0.343694957937362
0.733530146614863,0.580548603346067,0.145807817915365,0.224663799646337
0.834056436038686,0.629228214510988,0.135511531088773,0.247930873764076
0.672465220752903,0.6095183425282,0.165631868869314,0.353626526219738
0.780015158810336,0.527490537658019,0.13124139097325,0.207758954103987
0.74757298528154,0.485598753884257,0.120829087931675,0.243386559509435
0.62520985072319,0.586498727677306,0.124870553272471,0.24488900381186
0.644788292661639,0.669955172822352,0.14288667115079,0.303770194091731
0.942978978410749,0.657188081042801,0.164177595892161,0.232149855332367
0.772235781999185,0.835198943358354,0.101252172812803,0.265298629412093
0.764113295942692,0.710475577955994,0.18439207538748,0.273014081443047
0.785498303659233,0.740578275245501,0.114011951411941,0.23474906217055
0.678947532853396,0.528666941854062,0.202668224460502,0.207164287556541
0.713850138371182,0.619820895190282,0.0921032068588593,0.333309042799076
0.565483658017074,0.485808967676248,0.17279036550078,0.191722664969596
0.652904257333258,0.596134794195066,0.10074414224191,0.29005866579669
0.806451105849976,0.599888398647243,0.188374214676164,0.285269745491189
0.821468683441807,0.649722828452031,0.146882251323525,0.253185817288619
0.649279724315659,0.525070175597714,0.13774803685677,0.258803900914444
0.776353174413831,0.628385989362391,0.131073616271511,0.233175796977866
0.578479835732447,0.663821113891786,0.115783473809926,0.270349562992896
0.662550958568014,0.419412848102816,0.156102893747931,0.222754190431501
0.539193191048961,0.595917379303671,0.184483514939388,0.286580912296341
0.595514643449215,0.50779255131153,0.14228102407127,0.254832373645743
0.736236707619317,0.548967676222948,0.120082616677055,0.210652363413907
0.575077794187299,0.55127224845886,0.1235178077248,0.170714352559683
0.79237616612862,0.566112985016336,0.13594043989995,0.218658864998556
0.645318340230416,0.780373991247149,0.107558965188302,0.267228725609296
0.730589507096152,0.573531993241186,0.150744737977312,0.29240914374214
0.721075941182511,0.677984008777832,0.13090270860043,0.2477333426752
0.660025849120305,0.534776419258071,0.147858884881362,0.25248355913435
0.557849645454791,0.57842711519094,0.0997974405327206,0.196090656894297
0.681350269162224,0.479924585997047,0.13274525369956,0.203673461088493
0.722028608435868,0.705282172843824,0.116244963586415,0.327699328417177
0.693236388836251,0.615940527723871,0.156101278955744,0.338706189563018
0.704498122872231,0.694763336997582,0.123069185678599,0.336735823414483
0.699757861655027,0.574386637508752,0.187895627391503,0.219911942641457
0.867817841170281,0.526041951816776,0.135740783616273,0.222193147377018
0.754689611301384,0.567819417324367,0.101691997716001,0.260979633747377
0.78617986712489,0.579920785840084,0.142911715586478,0.190258107279287
0.481306698310762,0.556154977286934,0.117481381698065,0.282497222927369
0.513424517859302,0.543939585920075,0.104056518373563,0.267439397270509
0.576226291113497,0.531224610571936,0.119715759785653,0.19866253970523
0.558449260292862,0.597975403540855,0.106966199411716,0.192901346598776
0.657577214950233,0.555225296749672,0.130977571212604,0.261032481960464
0.637170660354684,0.542064510877619,0.147263455550873,0.230438154066294
0.556273643226725,0.585118548055907,0.127199146858002,0.233619929196412
0.67955123192389,0.579194664245056,0.114795993958111,0.239293417052097
0.619315348843193,0.624491384216176,0.151910471982606,0.298563925210153
0.745018524815195,0.522933579647955,0.178737693273398,0.223168128616729
0.588126456830205,0.590617422377972,0.12488666614904,0.245906382493435
0.575854616816026,0.410773737734134,0.136579820217321,0.271851729741183
0.579242630816592,0.629017029346082,0.120204148080394,0.232132928888578
0.839534339553451,0.567887178615562,0.145800587049893,0.188529596588407
0.529974322426332,0.694125128870454,0.15008402799435,0.242693292602151
0.752096959734722,0.562845344862241,0.0941772640019162,0.261800884284532
0.649074559024906,0.650062679393817,0.13169790308246,0.247724086305142
0.617086850709351,0.660109187490997,0.13788633931704,0.253202427802675
0.562670965520547,0.628248498806468,0.156139227378832,0.242909098619118
0.732074339121333,0.482815337441061,0.134310098697301,0.271912242366705
0.580356423027083,0.673328333109012,0.144831381222602,0.247564750683881
0.653350613950689,0.67929659097612,0.135858537077311,0.254017297325621
0.720219617027206,0.692132295283942,0.137458400202442,0.268018338446056
0.682929391927327,0.519270773855919,0.130043993967108,0.227731027172916
0.676842526910914,0.596601050029961,0.163881351909069,0.248755424464776
0.668427462439925,0.556734502628795,0.170461296484961,0.194891289624442
0.664207541725757,0.61000596350174,0.10368437453013,0.240967494580459
0.600152262856564,0.490889601728874,0.134866546922476,0.234535158133814
0.684595760919084,0.633122697316724,0.123659683416051,0.264785428609272
0.892607939570724,0.67441747853261,0.178028349507229,0.275634837111132
0.686693113966114,0.728756154956495,0.131172060721556,0.328804062060325
0.761119593721706,0.728922005166499,0.149174876049321,0.326241201593196
0.714028739012054,0.740094785015035,0.105536719263128,0.311458890275744
0.729783707470828,0.528366887986991,0.14090117751774,0.192478569627946
0.566819802285034,0.500699645098866,0.104022578393219,0.255667122897267
0.734636678517685,0.70140887273655,0.158039279139506,0.231996995518418
0.752284684307972,0.62882837090867,0.16574750686951,0.224297425871852
0.764855487823156,0.605718464896858,0.147434996747534,0.251311999672172
0.547229495362167,0.646111899103937,0.143648058992739,0.295710230462296
0.837313955474836,0.579451753311904,0.159250458311887,0.224020146053883
0.630612572427743,0.720081957904381,0.144661474891134,0.285894782641755
0.752201690326982,0.50325133288709,0.168063401630863,0.27361614808611
0.657104428806662,0.685862033660082,0.114894410894695,0.290785020124281
0.882111660352006,0.741027802087107,0.133144437125937,0.311729902819435
0.694289728090919,0.61382149195599,0.173386068227596,0.273222288697166
0.790938319051838,0.626324108280781,0.103680454234174,0.266080295468224
0.728173755577245,0.679444420945849,0.233386526737539,0.265696162808649
0.804047510083861,0.690094413891416,0.195019042855583,0.298105561394899
0.738105763945238,0.764797824296897,0.148718784755332,0.294566763737897
0.733673090797259,0.712440682323242,0.158324880903793,0.201708593050454
0.631465231538999,0.492193910952485,0.134387678673277,0.308520950953508
0.742345539450557,0.78771888910148,0.116241519875931,0.191947114776399
0.686065883506459,0.59195501102712,0.135064571752507,0.335739821358677
0.657254193129254,0.555902990704002,0.144364765685147,0.197728404459871
0.656124583050871,0.587235539400762,0.15804395193148,0.274093183895532
0.700753937914993,0.680063928854935,0.114245207326167,0.232590677778353
0.763226215629193,0.63645109730867,0.132221637304216,0.231387810787357
0.700836326485165,0.714293728181985,0.170388488763187,0.302754911165417
0.711325127808147,0.811699636254064,0.114060979634724,0.213231375906894
0.825372753107507,0.682422778485188,0.112154211187023,0.223017457896923
0.58322268760254,0.617672462233409,0.159978200976681,0.272067257789597
0.632835443165546,0.678383399459732,0.113477293544613,0.227460397716408
0.675204118867244,0.646971162160688,0.157931053589178,0.262356138338683
0.671586206951355,0.599514533147137,0.118115625643571,0.301899772569359
0.527937547043163,0.527409855898921,0.146031304525095,0.220766861119757
0.515985623536743,0.419171054642413,0.0907191279597712,0.170124491784939
0.568157734691927,0.400044829914425,0.107568226104579,0.209760217449867
0.607401887148831,0.62001635596858,0.0925709515644907,0.277305518700137
0.553695660843097,0.53704522005186,0.15074720401593,0.248963505066515
0.770013981142365,0.675728139334514,0.11899415704683,0.204223607774607
0.687672117387217,0.477734071245502,0.127030101647223,0.228565964386289
0.691180237383008,0.750886286820095,0.174139381546089,0.34529215498273
0.63219187284752,0.635410414525055,0.178445155691272,0.261684865760347
0.718174499344967,0.550688113049418,0.129772322034131,0.272091003513486
0.718291158299832,0.756855027477445,0.172704715097146,0.261574421660643
0.674948962318199,0.463507893124623,0.117308180890788,0.315478539965009
0.776459420244727,0.650521021178501,0.166730724398781,0.212518888547459
0.605505668469857,0.52974416904326,0.0977593614384341,0.326141341437854
0.573165971360946,0.51774883370338,0.120678750192677,0.233393317257801
0.636011065977796,0.511133383451988,0.0876454652301684,0.22808468005173
0.643170715943397,0.45007551822709,0.0979783954932869,0.21701879912502
0.597102369021911,0.696210563018956,0.158469668796296,0.210220335019609
0.739119452434734,0.466777738838297,0.136153047700319,0.23285856797833
0.663516152646546,0.576185860096646,0.134662155111486,0.282016385943214
0.674423062777922,0.584781570754986,0.140364106527636,0.288111308486021
0.65834799644024,0.647145526473881,0.117253795053327,0.24573122685312
0.675496209863444,0.558660983099712,0.133777512457328,0.216510027259393
0.614932554137856,0.570282528850083,0.178930721772156,0.23553358159093
0.739288666939409,0.833747672804778,0.192198208353691,0.245983979433822
0.710059322956687,0.488690295659355,0.0767149785250292,0.215988571655428
0.679063285844526,0.549983408803535,0.137950586148063,0.22941658678152
0.692280316519745,0.663049072581417,0.14558990945867,0.348654351503716
0.699006723225885,0.577564463539094,0.10918508017786,0.23022838555717
0.665100414042765,0.552924084048354,0.105053585395382,0.239164505098857
0.693377743342661,0.61914900259486,0.124621666157362,0.150798520362683
0.756925519284328,0.498784673361761,0.154147308541494,0.306044752863269
0.792326623677236,0.595202471715776,0.13998566456314,0.224040680732335
0.662418093224536,0.636764220138752,0.117714868779528,0.344670204095702
0.679061890340491,0.567364266142126,0.150538790884524,0.168278459118368
0.686491251065293,0.575807473665259,0.152739342097097,0.21778037876865
0.648849946794929,0.710371971933696,0.146986771909132,0.231725950269826
0.636962017479884,0.527875035757433,0.123772588745062,0.181760167731911
0.652289507924413,0.557836247787377,0.146103883052387,0.310666936841106
0.65463530138405,0.6397244503811,0.189922289032412,0.21433405021641
0.667864332574622,0.73411157953679,0.108438874889441,0.273845924909541
0.698102719377096,0.528187629717318,0.143807793861889,0.23383976185301
0.640412473238713,0.66250063788047,0.105964337014203,0.371700294137426
0.717917447065125,0.580945804466444,0.138980769441698,0.317695587058093
0.716132191717282,0.597641479859751,0.122211571143183,0.259387808688381
0.655985733019946,0.581995434907015,0.108578942074841,0.243853936882606
0.658558082080642,0.53560177093346,0.142113812840332,0.243668841476175
0.541411859878862,0.570673573193913,0.110011488992806,0.276899759993813
0.579363217949758,0.532757264767374,0.138268980335399,0.191082786817182
0.653517445322342,0.550553924308842,0.109887461190579,0.203120781988567
0.621705944136052,0.568089826629603,0.153981030429715,0.23641370966208
0.830415437897781,0.73439727744113,0.137503282519102,0.268302797677182
0.672631003937408,0.628619325558818,0.147145511348868,0.286468016268466
0.67456462315869,0.578938625483133,0.123995769085348,0.246103444169681
0.736867928366417,0.532746728561318,0.207956834779457,0.158744501351254
0.514994298364132,0.650804599229652,0.0687670438127764,0.281876055890795
0.615444449751955,0.541071176420381,0.167367077070569,0.214839802797741
0.790617883697306,0.635829508958075,0.127885205542398,0.294763857029844
0.716815705051562,0.609133976963074,0.160471097187981,0.260286778593718
0.670522193589113,0.616646979289695,0.120778252092436,0.266090051291554
0.763397353093534,0.62480913615245,0.166244532287537,0.349359076419298
0.755680416766,0.570842098999361,0.134438608287401,0.333422846511384
0.713577044554571,0.652063653161497,0.161948889659637,0.253173123318748
0.691366154098444,0.641777584462121,0.125887021609808,0.308633747940729
0.740720020054619,0.563719838904357,0.18507868888975,0.311246031231396
0.859121775976895,0.771333796839668,0.101952624277621,0.218886385960187
0.690468067238135,0.730579136235678,0.181902343785981,0.37788029949043
0.824522887295799,0.670912175319957,0.173779956217737,0.255283945659265
0.69514423016273,0.69671870809718,0.132536233915207,0.310146954217984
0.727973502676859,0.718632195118348,0.146030595943576,0.289302483822773
0.697705055249439,0.638969408260087,0.125669128676039,0.294095148512666
0.690323543281081,0.615746560309129,0.112054140700359,0.247223454638643
0.694303037715591,0.591521088182067,0.131636816427119,0.263533760092911
0.695452051372566,0.655800900091455,0.139173496277386,0.238273502339344
0.72298980864087,0.459942445278741,0.117175713193751,0.262003479268552
0.756308535381973,0.469833400163474,0.169188753711478,0.242369902764311
0.623383747282709,0.77098408123226,0.101776308922953,0.243489478407461
0.620582925837682,0.694912198608316,0.121631345726219,0.194606517049565
0.532357955215346,0.506195394804099,0.141654473733745,0.253597185269527
0.649574788258514,0.53659692146706,0.118820447909327,0.18984738568009
0.694030107136044,0.494316610084028,0.120563191597733,0.220861546552906
0.599544792666462,0.497805713411305,0.178679107676144,0.266176157121833
0.753322160345948,0.734755680397613,0.115385775697313,0.278438039365492
0.735541831885549,0.78904640823933,0.107174753450332,0.278165070569599
0.689878795036662,0.442095393311675,0.159155991242869,0.2645050858581
0.554962884203615,0.562599134394835,0.131819867772818,0.199626885117772
0.699249222487447,0.597299587274177,0.149508858867269,0.261274610996268
0.613777876894678,0.524075155411507,0.182811918153625,0.224551977331849
0.707355461261029,0.686946709492383,0.134047627687426,0.304746266152779
0.668224550396202,0.546255158844682,0.151889850714743,0.286648789003759
0.620275220125171,0.59468328386291,0.139116166183661,0.299094611161153
0.648934883832601,0.610091497530701,0.127226762413716,0.172857313024606
0.691144127695802,0.563099867549034,0.124747796427281,0.245716634685489
0.648129951540091,0.487684091582506,0.134529361776707,0.222908672425165
0.614910811370125,0.653748821075093,0.145015127555332,0.291701399549258
0.817189098942676,0.66703651473908,0.15328108774166,0.255617895274155
0.654437073138985,0.643219359918061,0.144358131510212,0.232540687461467
0.668869010588612,0.552892325918694,0.116685579170773,0.3376561553887
0.661540524446782,0.662098021384754,0.165753912369828,0.210295075184266
0.650864980972872,0.57555649992682,0.12614340460656,0.339402047532095
0.592004066613111,0.651249350675051,0.128089878422412,0.28065389868964
0.654548813985302,0.593689473709283,0.114167154657138,0.273772096984709
0.688786717996556,0.509250701713647,0.138434531970071,0.252219256289028
0.628200663751948,0.630989456514624,0.122835673376646,0.23279434431897
0.634852857281847,0.502807378310787,0.148783984755048,0.249911473320845
0.591969588925644,0.631477213169465,0.0999620066688951,0.242670171553355
0.648724568157383,0.577768640699523,0.138154272625174,0.246154684136743
0.604409902601668,0.466985561119161,0.110713756409721,0.278273868580826
0.79709024519176,0.749116441966144,0.172011877585807,0.236476383820998
0.722383171211185,0.732481703131824,0.175404339296713,0.228919532433324
0.666089297675425,0.631339653148422,0.126932860454778,0.269403536070584
0.718141770805211,0.611129533944504,0.134279339759167,0.243940151825424
0.735854504316617,0.577586726066019,0.137979041794477,0.321406504256437
0.699502973803039,0.748361180992029,0.136099968843115,0.204371731877331
0.714682645526682,0.672097801303357,0.142608810910807,0.34471331101494
0.715343081983593,0.591175607185486,0.210736015903702,0.315967907112764
0.824561821417558,0.719535794526777,0.13815226352631,0.351550638038548
0.735397385636328,0.574577337176197,0.1303559155915,0.211614790409685
0.706225749390311,0.584433257207157,0.150678046879075,0.205966412660081
0.757657683711211,0.660763519116852,0.108732007142709,0.271874482159756
0.694995812835984,0.645795117015384,0.150838763320903,0.263216251596344
0.780542994119384,0.525564749241404,0.0890593469219727,0.260105377422938
0.501534776142057,0.559355755447708,0.123826739745106,0.31946834056415
0.580309848433413,0.529004570807396,0.162307205255511,0.223500902231168
0.716424285486045,0.56210943355177,0.161973497787983,0.216027758933717
0.731717554747444,0.62048287802164,0.101263069222828,0.293122606977193
0.650742096053418,0.648223679546515,0.108962505457239,0.239328397574088
0.662970370053239,0.595893210162132,0.196730217146894,0.277813257935866
0.852335618780285,0.619831729603292,0.162315317641553,0.278351137856418
0.648957475839273,0.686121797027295,0.181539733027322,0.236505815317794
0.623324636091828,0.487722381852094,0.124182752190878,0.265361293085542
0.670132981898958,0.489071029495422,0.115328986195721,0.230527026240058
0.632761820974581,0.596210025980676,0.123447889613336,0.21202800250165
0.630979060641559,0.650436602254806,0.139214007582787,0.224978014483903
0.597908929409634,0.582492026446452,0.117673475507724,0.311746446740845
0.606473101851148,0.613726370279629,0.119380681890263,0.325114816997847
0.61103731717882,0.523664052788244,0.110409845978066,0.251793607284631
0.689474515880263,0.596626354169936,0.130825833027528,0.223941483373939
0.540839500945209,0.666774416606057,0.137388074461414,0.257076862724622
0.62275383474703,0.686109403312435,0.145083055668562,0.240215931447458
0.994812402767081,0.587796493164017,0.139334394102968,0.252396247477417
0.761587739043197,0.718493719803705,0.154711883799895,0.347166661631262
0.707214114382514,0.65583012350826,0.165611184054136,0.238841807358039
0.79612395577284,0.678559952010482,0.11177532311353,0.305918389886783
0.714471362362934,0.682265923856095,0.112259417240286,0.240662130493405
0.69583043635309,0.6058529316208,0.189871850944692,0.283664139688815
0.693382306827281,0.583426886761938,0.144730160139089,0.238166680601631
0.574596591538717,0.561881583487928,0.120264597508258,0.231131979363848
0.787402530691963,0.65882078270043,0.126129734122504,0.191917677171913
0.709531237346275,0.624629943283278,0.138584620198064,0.291426270525524
0.64588580149243,0.589586099750735,0.163080295396613,0.246877064614578
0.656842397966967,0.553725518963082,0.158228253092668,0.23471584142038
0.73033285899011,0.499836293435988,0.102464680147548,0.244193934291459
0.751038295049692,0.719976547047188,0.173453848669397,0.332843784337713
0.652825211697965,0.538757655206099,0.125311139054268,0.249427683631858
0.631986279985521,0.50404609269331,0.109383488545314,0.21324625926178
0.676775075359669,0.515253417005183,0.129234432726462,0.257826734459009
0.694526064248542,0.516962107321252,0.118668016507635,0.26875829585432
0.580240329783806,0.64193694231557,0.0916054600554018,0.28929459583288
0.588337266947843,0.512615803643267,0.105134728245194,0.269078677197907
0.60050136318212,0.61929843910882,0.122982284118154,0.240726808791888
0.651485475332253,0.548597935177278,0.115389293892821,0.2303123719868
0.551660340578976,0.458734185034259,0.127452231140355,0.282989939936954
0.748577256774246,0.768393567555196,0.164120122107578,0.297846515125976
0.664070702527933,0.63848852791316,0.112266957161844,0.213877672436726
0.728343022284257,0.586850319838144,0.122067313845818,0.295842296967541
0.740876266378439,0.661908132984774,0.130314180141808,0.233134397086213
0.691604401955876,0.494121726176421,0.146912693519961,0.287153062364066
0.621096998962273,0.698183281839202,0.155105598807692,0.199776720509227
0.808718818218323,0.67213212647547,0.135788942864799,0.344223815230959
0.664137388183747,0.648826476779583,0.142847739908871,0.225292235256944
0.663795966203152,0.59468649459323,0.13552945875389,0.250594062485505
0.605307437656447,0.530377806009015,0.127930718371617,0.227211491804832
0.650062415376896,0.737787845187451,0.174583873729478,0.263525304577238
0.667138059591232,0.619541621015583,0.131576200207696,0.233988375572279
0.649787497833499,0.534686824738217,0.135225920082562,0.246233193670488
0.713413727736562,0.645858469145596,0.150002198660475,0.256492867292574
0.749047930415347,0.635111963630973,0.155449749074218,0.261822104409666
0.556852321093364,0.48577174303658,0.104085473037296,0.245230248024308
0.572645244782047,0.574913462128658,0.15079452655598,0.212424274179945
0.754022756226597,0.611384617928213,0.112495877676786,0.283599564319444
0.697418652883765,0.613020664094556,0.152386320266786,0.217455920705027
0.643018554745386,0.605194653280673,0.123644520465791,0.266937704224399
0.689193447519806,0.674684994455709,0.166616987578864,0.26927171439021
0.677505034574562,0.573550780873938,0.109527844900481,0.242706300196759
0.692776003821903,0.410931054510967,0.115472548716728,0.291342512930154
0.715690219764618,0.360531476024033,0.116026366552272,0.288057626346517
0.724433054692484,0.594993279640058,0.139567774251656,0.28397185936393
0.690858865434224,0.81302225681075,0.116812869525705,0.265391347557687
0.696493806929736,0.520651399290396,0.136855713829088,0.229439493058598
0.571303765804144,0.669191855911281,0.131646223532719,0.227389528697932
0.716751495137385,0.695169191656346,0.140438928053558,0.256702484396645
0.781764638659571,0.699413063552512,0.209693436183097,0.229039158962543
0.672310020805544,0.657178461114382,0.111204710125197,0.289719913757721
0.803494969512443,0.681125817724756,0.166085757374115,0.287441561901744
0.837557544210751,0.705042417975148,0.162374380877758,0.229704858978287
0.849519811868445,0.679181574105529,0.166083281132216,0.262597815499334
0.707609385103896,0.590125627803573,0.140002518105631,0.25097627413478
0.614505900831482,0.572930399537805,0.137543276856593,0.303943871431935
0.811728062430579,0.630267818863014,0.140468825045881,0.207444150718214
0.633868091438104,0.609365079097272,0.132735577622916,0.344736822912885
0.748864818816134,0.619031564275645,0.147161975304597,0.230298064743174
0.697871526676129,0.531467195063654,0.115139009090823,0.23127544872622
0.768576907173011,0.699248154168264,0.170231081257859,0.283607407254587
0.797861801034436,0.590380983136452,0.125712270405634,0.300183321518915
0.652985217335008,0.663839298401521,0.145378447932356,0.26405301417765
0.597722594264077,0.543985339542418,0.128807392277401,0.243077605598273
0.57032940116192,0.516405535377738,0.118252980590513,0.26336920768367
0.545180033845569,0.564504399223511,0.113519131338922,0.283660806236258
0.684753529332078,0.525779912809353,0.112734586268971,0.229403797464141
0.598474364824621,0.56155952116497,0.13630165684886,0.29082623100527
0.605806351037939,0.498210893591434,0.117012086547601,0.251932586467934
0.705612399704319,0.565707511196906,0.154314132923548,0.256059483295806
0.594527512774122,0.576222560151045,0.149303682110989,0.31935212478695
0.689864994562871,0.571699205918451,0.133824127476738,0.252409700358563
0.693550415218441,0.594788749222995,0.140949280904632,0.265521498828542
0.633153217408618,0.656006608630475,0.14600913594383,0.256602716460944
0.680848523358843,0.537369546346503,0.16446085768426,0.319105811913582
0.712671631545238,0.675971231908343,0.151730531962372,0.232734858835018
0.733008757704604,0.643129718907871,0.132483549604274,0.309841314740824
0.608148910398336,0.593352400710807,0.122807439107655,0.35769266286315
0.615395335745594,0.479216659094201,0.172553714915373,0.205791465872507
0.513129149634909,0.652054043984109,0.116389132590655,0.209427068594063
0.577579220526197,0.423684022464832,0.121650151270641,0.217251739183359
0.567089040197782,0.666388173704712,0.103844262305819,0.263017032926956
0.723855866183199,0.679231178999616,0.171258967958799,0.208138118928743
0.594697656017213,0.587141025172566,0.110840598573801,0.26978110247153
0.546339107051137,0.533501366210553,0.128704114712793,0.242715880251345
0.617418203853967,0.507874832145875,0.118441373814704,0.26110382036948
0.596018021785758,0.536548974900169,0.122243956174514,0.21974721841199
0.54901029298173,0.635930493165399,0.123487728973384,0.217902493754289
0.861315912998201,0.511751838032167,0.140408882875479,0.282729681022857
0.60861122763757,0.584372146637768,0.179864375264416,0.175808975866728
0.573067938042348,0.645030914329493,0.185756637245237,0.271615209695811
0.622680946286082,0.551994400303575,0.190408940205448,0.219806164409606
0.670686736772201,0.634707171599007,0.141546890264663,0.213674509134052
0.638742416633807,0.532178856341549,0.137843277259724,0.245392952528745
0.725877114480823,0.598260549318372,0.116194216656757,0.246783740062849
0.741771365275472,0.594278171680415,0.135074464566612,0.227112186860956
0.718131544065384,0.465359531162185,0.152057977437492,0.253365508694596
0.868864764703275,0.724290953175996,0.138016102664929,0.304920846980536
0.773690655263732,0.602309844821812,0.124864970692784,0.273458695565225
0.587620407600586,0.55391494288976,0.150350093488501,0.227815252771695
0.76543876605571,0.525964257622011,0.115493146640488,0.246273061796636
0.606216110040535,0.629655302489899,0.174183134422152,0.246837687805759
0.556295831284816,0.521887993129113,0.166007337630777,0.267900824032673
0.502862991335456,0.561783644824652,0.102470435684495,0.208588575121371
0.61635823723061,0.514402984457548,0.111245265739266,0.217739791885867
0.668346160531254,0.546046225524176,0.169404696577035,0.280943037995014
0.771775130890368,0.648595982292019,0.110634081348688,0.234207223233776
0.78971144747772,0.759599865671937,0.140179132240815,0.342759363697569
0.626837914782239,0.577254169691997,0.145588330230162,0.239157155326893
0.565120693480836,0.541112784893405,0.107359698346115,0.275951627878652
0.574714433544942,0.517904866147729,0.101946861212213,0.275547141361126
0.676039817845044,0.707703857655614,0.0995427705798908,0.354793755789733
0.697789031060411,0.684861036587416,0.164358177997177,0.248658172281898
0.781115831220147,0.651025153412952,0.141544299444559,0.29846564474392
0.669669005916679,0.611848428680107,0.185032959708762,0.27748086319712
0.64007311268829,0.633310491297363,0.177038983084312,0.271849364086217
0.809701826612451,0.691577291700323,0.123292125165256,0.288448418193394
0.561873328384767,0.536708256821982,0.179738992909674,0.241144145377851
0.556242366422064,0.556260545641783,0.163523143877184,0.256512049653887
0.556122887785037,0.554486441281507,0.161557012361809,0.25193264833678
0.779640521763185,0.779974894856745,0.149763160827213,0.217996420199433
0.77584110643382,0.76049692623693,0.153792386796101,0.252223216747327
0.576460446397156,0.555250727955714,0.162947743969878,0.278991986646711
0.630800673001272,0.478339808471376,0.142786211491533,0.220141778031011
0.714520097660645,0.528436550120296,0.129375861103761,0.24146397998418
0.607411029694027,0.515639785091101,0.147034460775656,0.280816717230143
0.632145856741395,0.537264458781082,0.128214126325559,0.261762844486082
0.542421626191274,0.519226213752309,0.135552707124031,0.231668702847024
0.914712376115271,0.65921954314084,0.155945461072905,0.332016863440881
0.584640138941746,0.585016458220834,0.112781572355684,0.216016889526877
0.603650222254311,0.611178390629077,0.108152478726068,0.211288886415191
0.651641165603556,0.560391485093744,0.174942888875893,0.2349734639883
0.631259862213969,0.584690779348508,0.127577602432576,0.298046490412179
0.677565397237761,0.498876737631082,0.126185508403401,0.17993329316072
0.653198793577702,0.699150162231651,0.17494450977001,0.317864962965386
0.723816927861432,0.607305156799683,0.111812183247677,0.269809731872142
0.559210278972219,0.43274662118593,0.132256604271139,0.188241549539393
0.670685249149208,0.569021864028053,0.128433382775967,0.256639912322573
0.791773986644391,0.598536227882357,0.141402183455522,0.268581429590585
0.720606561268051,0.693844303197306,0.122114583383586,0.256051874315874
0.654752574713438,0.52528921434695,0.150118276478257,0.246421015594829
0.464579544229919,0.512483313050283,0.119627146975392,0.192732839588131
0.725014406782227,0.527231653236801,0.10105482394804,0.281933158125557
0.515831028524993,0.546921726197765,0.131493643951337,0.264684607869426
0.655518639542864,0.657938487952814,0.128110781156849,0.229746477687281
0.629075970255377,0.563760008342974,0.138493204114203,0.286907957649403
0.559352568717659,0.474118412720038,0.115345623791873,0.164542303700072
0.560448332832424,0.532326012795892,0.119492213676095,0.180728889624659
0.531260343631478,0.5619897891882,0.11677422069054,0.225516829350587
0.636501055691449,0.689395490982572,0.103851113307864,0.211617212555574
0.568913242379993,0.485427094780107,0.108969568851133,0.235409289006129
0.705446421524924,0.6289480089658,0.134175701847392,0.258564776823994
0.760570236983212,0.725529225728613,0.199898325008298,0.294473832451216
0.745603352579852,0.58563896285922,0.120589061894201,0.278003986805734
0.764457839792038,0.725425160097657,0.12071421868214,0.223806610484586
0.639865647053648,0.534143191177162,0.11773032773139,0.273313470410273
0.703726774120903,0.561642353286058,0.130280601014952,0.245401500840059
0.610571636799311,0.61159087501623,0.101134181319697,0.242093876122437
0.610950678625733,0.51473002709478,0.155314494388605,0.278107261588054
0.781365611408274,0.678691857612072,0.125286831257055,0.288429315473457
0.782416463398162,0.577069055823917,0.119050405763868,0.155591479776378
0.676891353994606,0.553774100568863,0.129002111693881,0.278299449254229
0.731275299999254,0.528120804988383,0.153226339827737,0.201968526964887
0.691141251272025,0.643946720659441,0.126822579527363,0.292436631706815
0.704733739839009,0.644397535561088,0.152099330415798,0.221141217226623
0.812747114879886,0.740726359099244,0.157118429503044,0.379757504467156
0.845304052352998,0.732205247021182,0.130727882385613,0.254485508599192
0.622445419499229,0.613961366856365,0.15668849869135,0.307617124781084
0.658309972901088,0.587013664741665,0.213373784936312,0.325434663048473
0.684515355811983,0.649288698772722,0.109190683340147,0.36296150324216
0.748237672390475,0.543366858252712,0.182603320215977,0.261897215381811
0.796872717300084,0.721905907771416,0.128381179030078,0.291057578292441
0.606270984890094,0.582077861712164,0.152357014229677,0.268141423257486
0.708529007529674,0.522621445019477,0.144643942089153,0.291514155939053
0.688259657227864,0.609533093855253,0.134345969490308,0.321565270946915
0.638649622382105,0.589913783597748,0.139118835395443,0.260921043701203
0.595079159593507,0.617462153287768,0.130839373883561,0.275633829216261
0.60681666829891,0.466232740708228,0.118385895548976,0.190917388876215
0.577831424992746,0.565459895086313,0.110291640024696,0.320407462880776
0.639312217048897,0.632690318610161,0.125872023940421,0.24348894684866
0.683274450898153,0.522409968085005,0.145870307915724,0.273829906562635
0.67137265963659,0.539948320704115,0.139928633704606,0.194127588552125
0.770232509856516,0.644133071362579,0.126740056156471,0.326282400497201
0.786585269124281,0.803977726401351,0.159686486047103,0.241436123811882
0.71151776009111,0.630812530660655,0.176249676082132,0.351285522199095
0.678542875289247,0.659592114777157,0.132187619667798,0.218565487802684
0.649307243482421,0.580036098776708,0.139789691663746,0.293616500048105
0.585192437791601,0.540087451210003,0.127013964398113,0.24590986867766
0.585132891475208,0.542582436715853,0.12618545379982,0.252850740315788
0.673151915091628,0.60635377239176,0.14881858706117,0.257131542272786
0.666122183371787,0.609927924119667,0.133944708684167,0.261175268415177
0.627050681211422,0.647099743453865,0.11093952479404,0.204388110454415
0.625875320952573,0.639648606139118,0.113447473126408,0.216627618206787
0.705804865455895,0.626877528995923,0.124190609315113,0.196134066058817
0.757397060057618,0.713825001581519,0.159749066070728,0.227458293990946
0.603170600731671,0.585403925563178,0.123943373387845,0.339754049387914
0.744041895908564,0.658382240166257,0.0989316865682336,0.202460805166651
0.508822845166348,0.583899199691742,0.108088768967383,0.259079781673706
0.86263740982863,0.547430957477338,0.157112585087849,0.196306164435638
0.581712054149375,0.499146376322437,0.112840314132832,0.311685303583613
0.635501014513975,0.489734976966821,0.202809764002132,0.229396732357072
0.775909002766285,0.796322036294806,0.102987351484865,0.306684363380012
0.634136557564404,0.452295705555402,0.216812041394051,0.254503072319775
0.648252776257129,0.572365194834422,0.0989625704125393,0.2574590136619
0.594154352477177,0.516027664955459,0.119891300652944,0.206776026817491
0.789212230166544,0.576609212726406,0.131324811455306,0.206745406520181
0.681132615272645,0.49564656982374,0.157205260850125,0.287280368218454
0.695413425588291,0.691257232155869,0.147249088201489,0.227852327620428
0.677148245329855,0.519052058073543,0.143871469923486,0.280359631815916
0.644882025157458,0.631785176014668,0.127855459138274,0.209639249282953
0.713707301238904,0.648347485934696,0.150881314290622,0.340712492953288
0.754515399490452,0.760027456118007,0.172077307709316,0.249473032835564
0.799884595363082,0.693447777076706,0.172274232059376,0.320718027188293
0.872001802577505,0.754510005441706,0.173241677625433,0.335216872784926
0.742955113352737,0.662208860019437,0.161908942913658,0.294757916255815
0.702416832277005,0.545985171252036,0.120451458286905,0.221541339134626
0.650590186211789,0.507817262539179,0.141969745905215,0.258400921938805
0.637187722410184,0.694323773929295,0.162952145909947,0.224898184352822
0.831534975349003,0.535527143848926,0.131205506416576,0.160832172816006
0.619415654013758,0.57881077182477,0.15811146193221,0.349531747639492
0.62620233346289,0.695064478385383,0.169306337994221,0.334274560944854
0.742903180556462,0.680293749373204,0.127846563201437,0.151071224905248
0.758488271704217,0.668298925498927,0.136820276855014,0.155557849452368
0.67897475766697,0.532888044832267,0.134508205517827,0.394637074506584
0.727978105683418,0.665368840214461,0.120690365460333,0.172055993194955
0.642353457421596,0.698465272848094,0.139823640641743,0.246476338218047
0.694491794878206,0.604118495232087,0.132113038550462,0.286886716072344
0.738021704011187,0.582255342790363,0.16367319588654,0.282702468884073
0.72293875585116,0.596855728132681,0.110939651964085,0.232884184948831
0.697504070086396,0.68383411139839,0.18106592975432,0.288815147209887
0.759886871150401,0.533247475592468,0.149862324098402,0.166085358441429
0.686771977860589,0.517889087397466,0.109179705719684,0.244797246991316
0.7834531504322,0.546972665610044,0.120654169560016,0.174815638395064
0.577071938782214,0.63634836717688,0.14200375741499,0.337129877787167
0.775334328039526,0.521811705554901,0.135473441419931,0.206402296969825
0.657232340777563,0.709092561732625,0.149926397187216,0.319448005679001
0.716655690860235,0.697875628942985,0.164474327540788,0.232659792202071
0.689937015473766,0.631477733454863,0.110816444372101,0.263011945432225
0.692834214990134,0.557252199949664,0.0959665377836533,0.27942520948831
0.687406273249471,0.636817106714606,0.134532519517136,0.256408128148274
0.715780931823371,0.661014616148766,0.133589471512475,0.249355026820072
0.792705866616249,0.653643755181377,0.116081853064348,0.262653511946893
0.84124056366041,0.490583275434415,0.163150308546457,0.218853255390306
0.716513401882206,0.480117492599835,0.156867717994356,0.224352472261017
0.663802402943665,0.634906105833015,0.162264123990101,0.288699536225182
0.679939567945737,0.628339584738498,0.111235075318424,0.258160313096064
0.564003375344547,0.493333242153124,0.1157706513076,0.263443683224113
0.549501264262473,0.531966100901801,0.103623296904553,0.269552638390712
0.505800543834858,0.526628561857797,0.0790826113273002,0.197368169132591
0.608484872345084,0.590103898920424,0.141201112622006,0.202865129788715
0.513382897532227,0.421334358000969,0.0765869919528485,0.243314453499634
0.722136956780469,0.577639648974904,0.191627144882407,0.216737520611565
0.531554564947753,0.456056510051553,0.0751656256956361,0.276973154595263
0.662661333768862,0.548683504450462,0.145810526913812,0.186741896595671
0.682646594281995,0.552894786515962,0.120586081266704,0.295365307445623
0.752496548999834,0.723915707241852,0.153231452964875,0.201692036414883
0.754606339107259,0.583578410291805,0.157201113793331,0.349035937308892
0.668558102569126,0.629976343154976,0.108999239506453,0.275129435718628
0.819099741312684,0.590651908868629,0.15605162981479,0.245102806818351
0.497244087196867,0.632342577685822,0.177288036938183,0.219746855950275
0.628446451467032,0.598150951066646,0.142913502733158,0.247989378182455
0.64365032404844,0.530727082561664,0.092287423706364,0.22077482470607
0.682132875542543,0.637140670925773,0.201778089232351,0.258954359283203
0.851948945723807,0.784712654229756,0.143548420347791,0.287014062273602
0.704417067416856,0.55339877896435,0.166301829548356,0.29282624218254
0.575776775766712,0.733622795877347,0.117651960434346,0.239050918189161
0.744240607271581,0.519547579221053,0.177549176164611,0.262681925700232
0.762001756165726,0.540215777579645,0.129378991370993,0.312210926532309
0.722089818229524,0.889520354563833,0.177708576177665,0.247634831221399
0.799299460539456,0.55067106980079,0.129563166333585,0.336616203458672
0.599019015850467,0.626097237557873,0.151619134157635,0.244456182014544
0.684087771594549,0.51331039876807,0.141774696770413,0.249850215324829
0.624166677427876,0.652226223023368,0.107990937781046,0.27200230122802
0.626702288624106,0.575620588780316,0.136055852963665,0.200389500662545
0.598616009921295,0.667181171630553,0.120052848162156,0.214288710886049
0.709643140862037,0.532048746907429,0.156082734226315,0.245990789202969
0.74275289755369,0.508255156688548,0.110819179337295,0.222704762917705
0.687716904638022,0.492789834188624,0.111600547372365,0.291141134387196
0.613047547382046,0.627208967575731,0.163827213330037,0.248221843247353
0.914567424907033,0.673320412766982,0.182158398419349,0.279716030345389
0.683513212947089,0.654572438162595,0.126085272354261,0.241840190075131
0.590918277223855,0.548584606091799,0.131301430361457,0.271058247863429
0.67984154082664,0.664166619196039,0.149293354938605,0.257839122645036
0.747668102578115,0.551829494631564,0.0957407678354803,0.221919396489048
0.590994265328499,0.586093411417621,0.161406555343496,0.228760194696468
0.759359354990451,0.561766336494035,0.0936721890798589,0.25313304287665
0.802852981543469,0.684718684882496,0.281916765803001,0.260908196503398
0.70837601044069,0.643011636150919,0.0913134842420679,0.253382920565692
0.890271842371017,0.632964670705546,0.100363338060028,0.271995326490752
0.803330879667546,0.650123270245907,0.113034663110554,0.26521050783578
0.689666076133573,0.478365100655926,0.143759166796934,0.271853309181356
0.817948234088988,0.843680107361151,0.168664231426449,0.293986010768808
0.850170942170297,0.581173290418743,0.181992434534239,0.253557892623566
0.69152693098541,0.597361451652123,0.155723713071458,0.290643432426596
0.721639037905161,0.786046463099253,0.15872283599219,0.257562372368465
0.86427026736952,0.800903665424066,0.151664236114215,0.3247206566054
0.641512441675229,0.557595549678536,0.180564316480094,0.316746107206755
0.583501670116161,0.747887327417162,0.136301627152471,0.201693630111698
0.679287305232404,0.503936309432869,0.134408680903277,0.272769537427005
0.707850911266388,0.635194268021566,0.144590232489098,0.245062004453856
0.649203995210504,0.558643819354742,0.101248579924651,0.271830671105302
0.549023318419078,0.592690331334791,0.137135065064397,0.211095452257572
0.78767684881207,0.731913047560716,0.152497328126488,0.365260785741658
0.797959344916092,0.732559253795121,0.163536114985881,0.264347371216887
0.702871379790284,0.625514364965678,0.121992876164967,0.25783985298617
0.66242795776506,0.632285382626107,0.162839970150202,0.24309122033042
0.623656558737113,0.615721307515986,0.14897047321161,0.27512572758248
0.672510546177001,0.63568415877191,0.133159804582326,0.281085489898704
0.591638947629097,0.565914511782384,0.14168742722951,0.22410978052247
0.563249167555614,0.647796229669374,0.108501249181279,0.260708364579735
0.586127431843628,0.515732831520358,0.133170056863561,0.221753013675117
0.719193283888521,0.550859923755621,0.138309450638564,0.273251188719011
0.697983299205098,0.639177873236229,0.148731563887966,0.263093868797338
0.620787538448376,0.731877597177645,0.182073568718982,0.269645055601782
0.854354345801791,0.568713589366959,0.118179150936011,0.299030054673419
0.579462207275344,0.543418248728824,0.161560550803314,0.2808054014067
0.704493416379044,0.644992110569321,0.168685194916278,0.209668803253976
0.561157299039618,0.539048525544186,0.127259512517367,0.272898420535433
0.600889939069083,0.563477773728623,0.138531438208816,0.249292948606878
0.674533820525967,0.558856207477628,0.120267855873677,0.21785846085701
0.582816679715126,0.526739643715414,0.128365877097603,0.260379851187596
0.663828867229851,0.492123580471309,0.119876676044087,0.196034480532313
0.535186493980112,0.532502627043393,0.147628311562161,0.253518360771141
0.569358102847061,0.522967917749765,0.08219542981311,0.201271054337892
0.71691178715653,0.67692899979861,0.133261680142013,0.297903985500564
0.595092848009036,0.582619136465098,0.119870738589107,0.215826889236654
0.768831722220571,0.539744850103586,0.18436807842043,0.296922204875338
0.641077498168255,0.665200815664715,0.118272196140655,0.214174698239011
0.592025088647486,0.534728740580612,0.104605034619535,0.264355751073495
0.696169470086282,0.545074282320361,0.162650336943528,0.20703985140059
0.844754826467998,0.728532483429956,0.129572914129372,0.280349959052744
0.754759319736619,0.608233828953557,0.180427960035905,0.307344940329723
0.70673461403898,0.626015770694639,0.1223525775056,0.291533359811694
0.683871785225845,0.66754552819546,0.12802567364795,0.201080667947061
0.608772475240398,0.682110309944266,0.14136371710131,0.263028491869136
0.807296827242379,0.599702993231223,0.154350437896271,0.28978269095759
0.732875514824736,0.718916649023614,0.155217781969105,0.26264196169487
0.779433321578945,0.580259267752684,0.14566003999053,0.228281671621468
0.780131110487145,0.648110228610546,0.148252326411273,0.257684175993876
0.717072361748911,0.712147442078561,0.180566902010517,0.275893704624571
0.810432734300502,0.761232040660079,0.176481078816244,0.291532923984273
0.634030251126377,0.574290659757721,0.0941448886680133,0.232970934623962
0.632307462692825,0.654851886413731,0.165430481281203,0.241196454674388
0.759589484774951,0.552663180953005,0.12288286010035,0.252030241362576
0.581216707465666,0.691605909660137,0.115045357729407,0.199464187101145
0.593698878215454,0.490162964434343,0.125549585154742,0.254724903075113
0.829282090620138,0.829473002716181,0.153678807326841,0.304190843212669
0.626337798686356,0.577708602465433,0.140568304218112,0.319203846664844
0.631011618812,0.588367443956871,0.143571430105508,0.247606652771699
0.588056839614162,0.672053764246709,0.119456295847805,0.245761150671468
0.720586632032003,0.532504156011184,0.160653673880327,0.264500439395643
0.586509996940341,0.702145401676272,0.116712782328364,0.280463614366244
0.793947798793054,0.601125796346424,0.111304225513189,0.274887807807375
0.620471341698171,0.594526259696649,0.136157155771259,0.263674866770815
0.660722468270393,0.699882901049514,0.17155960600006,0.264895992147888
0.611348964475898,0.477837063021047,0.110472355044969,0.263338958647107
0.554936172238689,0.505124837049686,0.114787163811894,0.252764411613974
0.653142570430948,0.549151587663096,0.119510356834847,0.254328397231063
0.715713261305809,0.653333918302916,0.124793324459558,0.239359185831296
0.82266573294447,0.650854453839272,0.11149954714652,0.379070247979795
0.69182906369572,0.747641143811769,0.154077194680225,0.228565681740501
0.694381741034289,0.524112688458679,0.132632415777172,0.261156386713942
0.797525827469953,0.600068444837235,0.119628998417082,0.26179708965233
0.719594398105823,0.580617124891511,0.115105564511158,0.241811479540149
0.681553396701033,0.625826358491944,0.128718426177596,0.281966669852245
0.776221648497859,0.596656089485583,0.1417842324008,0.270690709819378
0.62508470525045,0.70480722717991,0.116748124278563,0.264242359898942
0.668948456297695,0.484308297306699,0.159333848112083,0.286763643470039
0.64113431485024,0.639425703778648,0.159304963260662,0.249499250194865
0.746433804959358,0.521323034241214,0.100206727593661,0.210205207763448
0.757032766400083,0.552602659237638,0.0971340996130173,0.206858880871352
0.469993889172742,0.606682810788826,0.1524296122218,0.21982953770789
0.717114168300389,0.796907117364539,0.108092927005463,0.311276594316821
0.697477535622512,0.735642544690638,0.114469271787358,0.303945400799137
0.583209886085395,0.466303970504142,0.177317331645765,0.215652269184837
0.608332174740774,0.573448507297412,0.126034419874837,0.222513370362914
0.885683379946983,0.720454454531469,0.174166626238424,0.298576105484943
0.68016500438444,0.718420521545699,0.149971953062689,0.318321645457425
0.8478836071003,0.719203167904191,0.150575129365717,0.275588201708198
0.89574495151735,0.695941110674863,0.176023619328633,0.253809983013685
0.641961956692629,0.660726647269267,0.0948479985925541,0.262517640332611
0.627150613395351,0.621907904629157,0.0943308004060818,0.239679811246475
0.706714229620566,0.593228225604124,0.167222965446252,0.227502155852531
0.685451549278635,0.566790292493236,0.139020298720323,0.284144755445561
0.709168539812845,0.601614311131057,0.172396505388125,0.256607118158555
0.683684876031165,0.667107216824585,0.116481295026946,0.232854821527446
0.667414444298387,0.545727359008404,0.1635673334483,0.264539310605775
0.725978631324012,0.718335561780588,0.135945228056699,0.297725969607781
0.711228990982534,0.562202147753888,0.148074491651789,0.284163047605024
0.669108466533095,0.597848075603292,0.156658693251666,0.258451653420569
0.646545723087468,0.620957291583209,0.16497359337277,0.271033853622044
0.686163984143877,0.566387277424946,0.113658165589321,0.366792587211971
0.641574116934169,0.542842726916918,0.235652883347964,0.199067867231274
0.692161541474807,0.665628199170117,0.208378995671344,0.202582748600296
0.664162287278361,0.770740784509404,0.206865700486345,0.16838653594024
0.796804861168788,0.530402124368214,0.128635116546332,0.38505591859543
0.88006448080731,0.628758968519622,0.139082203759889,0.258203647969338
0.705713060870247,0.662303252634233,0.176161640304734,0.244140891281182
0.700880953851596,0.677373051158715,0.170491414111608,0.238055374991995
0.670570823111441,0.782048518781335,0.140868142895623,0.224710233654786
0.637993663674111,0.623838290861436,0.152319904852841,0.276938315800972
0.763267972036464,0.757223323383834,0.149602135699761,0.29675444068322
0.570081336747662,0.59053645459199,0.148736662847742,0.239086278148875
0.601407848495346,0.555885960657973,0.197593937371296,0.288927506539284
0.58859754983508,0.50142603460585,0.143940341623422,0.251426714336512
0.617485149967756,0.713686918667294,0.122909128432189,0.271683253677954
0.663627800836007,0.683618953886377,0.143075177762593,0.271023415587945
0.652726007315091,0.550479674505852,0.157047895502161,0.31499544992833
0.66084876882434,0.690158450534289,0.116666932611454,0.265709339935504
0.642919195551523,0.462718486499947,0.122956251237882,0.306145030949081
0.683682082396588,0.618960675173285,0.154208472302748,0.225849571915014
0.582302252973235,0.403800314182545,0.120888222932333,0.214342993032873
0.706437101303043,0.623117700814608,0.134765700471797,0.208655947501742
0.686295821089003,0.587950731819709,0.0919527786707873,0.27962581145315
0.591862087881241,0.589975742203087,0.143576725447007,0.233232809527638
0.835150695826964,0.567831972812705,0.123261138373915,0.240615884527035
0.767727647782658,0.593785831093943,0.139087970917858,0.261647962563331
0.862303800946031,0.633929274168669,0.151219692261607,0.226086988425352
0.639094829035539,0.609605339160388,0.166805103353785,0.296137258938457
0.768684197340539,0.694680362818637,0.137851424544452,0.247437877612229
0.815745834314386,0.654323224672873,0.122945840285541,0.256628952909078
0.764747511280971,0.599607532028044,0.129131904505857,0.261991291524325
0.828243863825617,0.595195516063307,0.129437936116572,0.222990003337011
0.606542253627508,0.585079129199358,0.133216016890262,0.324366209595007
0.678060972537881,0.618607260274155,0.11049569226441,0.235634936160504
0.591122721022076,0.550028821618411,0.150619164873632,0.25886479400239
0.587970424040826,0.584907366957244,0.153035655538182,0.261822457253986
0.772466617883718,0.63786875030827,0.103159081443565,0.213989465056827
0.684019491274829,0.656203032799129,0.201377822772547,0.361750780153993
0.68013745033874,0.590417809730158,0.123717181343941,0.20857624357268
0.733493835281098,0.520950767161127,0.136111060488989,0.301802283695291
0.636398479410998,0.739647457354188,0.148854632236677,0.255569175227454
0.835275173088063,0.496666907805881,0.138373152220925,0.266661382179212
0.865953140577869,0.707475616120182,0.173264028400768,0.229901139186966
0.644752992435394,0.624401095793918,0.128802750185151,0.320935128348551
0.728837921949402,0.715710296476643,0.10155437217582,0.191301281993376
0.740075001411026,0.722828263846594,0.157501698721079,0.217640518361367
0.658443646930339,0.634117070371891,0.116941639188556,0.302150030738736
0.875715492367728,0.775395541576095,0.165218911024128,0.28005415574964
0.916950226356725,0.792719325685119,0.162304219862381,0.254987263620358
0.677609757819042,0.709026111910354,0.138147226128771,0.27696502312534
0.825096659559288,0.629541265004591,0.149226902644825,0.239542325662259
0.701840478720768,0.670342829041441,0.123762916824937,0.178876442568872
0.552349125391438,0.638600032442601,0.146965049252305,0.311020968345916
0.875805610147826,0.721277183161278,0.145751710585466,0.206613234706512
0.630336828557294,0.608969166094651,0.131526589473166,0.3299773145768
0.614599094930597,0.572640118840197,0.121801575374258,0.328256926382625
0.670942709162273,0.652658178448646,0.152440609831444,0.200258342026871
0.515746358443002,0.494485449347011,0.112055723346711,0.291432575213016
0.821755175709152,0.621219153525955,0.171054364353406,0.251955958225558
0.445903456108908,0.524421280410572,0.108852854038787,0.195934569355019
0.835986990908462,0.625540091025666,0.174630617023541,0.306551975634223
0.573179244966147,0.469934696531641,0.101255293035312,0.214430482558086
0.744473843935505,0.647643222257426,0.144880700210219,0.249458974483701
0.767973802287358,0.648341441808796,0.162211606142343,0.228803703833843
0.612581926946944,0.56019601107953,0.121623956945689,0.293547061076603
0.813967141183455,0.754258859332528,0.162659344033076,0.237358927623425
0.734121313807094,0.758249294382775,0.119109327905255,0.282223879295763
0.675010477181876,0.627980351219711,0.175907561039162,0.30375648040297
0.728385240564394,0.780024409739872,0.108035621630283,0.245914062189496
0.69843926588664,0.581445932639019,0.192257427018871,0.254060277378233
0.702346326769351,0.603680950465608,0.108115945943886,0.330118020123395
0.781775659001137,0.610588284236791,0.150935730750987,0.2110015064274
0.837421518400998,0.587392121735389,0.122415404903516,0.171318342472086
0.802984979471469,0.694950252981745,0.142860298889389,0.242011235615925
0.743652773931211,0.534180111972106,0.112510231542975,0.252868933420078
0.680137754171146,0.788313790299451,0.162454887007118,0.202697348149656
0.80683268277125,0.581494317500928,0.127311692246665,0.346289830487577
0.62339658755187,0.637878493175793,0.151115557904042,0.197701587734089
0.629611276001044,0.604436243339443,0.138172493579553,0.190158043267218
0.628007887478654,0.492818209360385,0.121369458906399,0.252820772306363
0.668723942818663,0.60500139863533,0.116924162199539,0.224362144596321
0.57418873784759,0.489386392389284,0.126339867077869,0.244879589189087
0.785933092786887,0.667811398891733,0.130135472316183,0.284778206536059
0.536711760163398,0.48480352217629,0.127302701721345,0.262145204912815
0.700159889903875,0.552258676626435,0.122480179726395,0.235539229393335
0.590061241688638,0.598605187001059,0.138142101569041,0.28070115128748
0.669274662338232,0.713896041898317,0.170288435488201,0.257276881996238
0.704772526876269,0.629977145821346,0.125537799501356,0.291428411936035
0.70220039860342,0.63892277658844,0.14606874726048,0.254637856419585
0.842084845218997,0.566184558364083,0.141791375976461,0.266182121320633
0.608364257773591,0.813256414240845,0.132769474385023,0.339770697562516
0.708491997038809,0.664833456534682,0.194489611991879,0.222715845077552
0.84032636878354,0.579309769024935,0.117955541704962,0.231232019570084
0.77504945306296,0.587767494824939,0.138253672443317,0.230750556569965
0.672766862201869,0.68707306868836,0.145559054067551,0.293238638684881
0.665779094243815,0.612466366181553,0.104411380061095,0.209829120014092
0.60858051930902,0.612701934663239,0.153488433528315,0.2847965843795
0.741009436765576,0.555347686484349,0.123121727355025,0.250805031520829
0.658308220908726,0.597948855803421,0.156871220140114,0.262113989144853
0.684923870055964,0.523456091963345,0.101523860484871,0.220623054068507
0.630576873958355,0.488934012630892,0.105146748399267,0.187957118426103
0.741692464149421,0.636910454848166,0.128532732341905,0.233848216118887
0.7572750110766,0.440200689555011,0.175615389404065,0.242180466840895
0.567626931765128,0.653840193777626,0.118356706211415,0.233944127743792
0.894254696645849,0.674177399156983,0.193468922969854,0.342868485988673
0.656185147596316,0.706388815938326,0.116939664138054,0.235091886856623
0.803293759973862,0.737741483105485,0.122351801950653,0.258011896151189
0.639585756354123,0.58455725617406,0.178108288027417,0.271230890693667
0.83061157274409,0.713229706550582,0.111237116410653,0.260918639666525
0.728458079710681,0.588174673101366,0.177863073453807,0.25684964149454
0.805883825907231,0.75784631146082,0.119988836272134,0.274791682906444
0.622402354869938,0.600773303824532,0.154453538787601,0.294030515092874
0.617337673743154,0.584572323834691,0.180404147801818,0.265992665640202
0.630313106415521,0.587769769974532,0.183075514476038,0.264299670383148
0.634413938246922,0.498959779501688,0.107395744280101,0.235488262468864
0.703411232355327,0.616546189946908,0.171260476504041,0.312161971108863
0.708344769690168,0.57871677184461,0.112266902640929,0.247179572263982
0.722592542729384,0.681578418707446,0.16676083411194,0.304859647532318
0.883865435466072,0.774790429538624,0.1461825127644,0.262683801319692
0.72744009497282,0.627973072047667,0.153811158291607,0.297249299934576
0.682138313075808,0.68101389097926,0.131199306052406,0.258565687675492
0.827286024137588,0.749989866817627,0.191848583217301,0.309009639567514
0.517209411937385,0.556024465462201,0.109495309906414,0.231889216143464
0.638108654352265,0.540814506699965,0.13051310906791,0.194640722533838
0.675281657864955,0.477305979500954,0.150675032346067,0.326663891321134
0.668859494126636,0.47625896310296,0.151557044147902,0.328459250696797
0.756579580525649,0.611444107037855,0.190330077314451,0.301204582126142
0.552259088959298,0.654413727858014,0.116464488445414,0.232968172713998
0.746369293344299,0.534534099158833,0.127033572398296,0.363471115432633
0.531538234821049,0.484446000168167,0.124056652140017,0.238401016531013
0.493947561938551,0.479272009726393,0.139074039334517,0.198075088721146
0.725117849004303,0.640557931945991,0.160469880765016,0.236292050746278
0.706954134794524,0.523191621006294,0.143902126136401,0.265199312449222
0.704883058204677,0.744304500780851,0.152863798536267,0.244051812692841
0.705551881323541,0.561921677372785,0.153447688182265,0.311213324242954
0.724086002032253,0.777163452939711,0.13011587607296,0.25101789955856
0.702143687248214,0.615754044090962,0.123039203305893,0.281544765432929
0.61384322537909,0.547966017942408,0.150822195134082,0.252517625476337
0.638172377659605,0.542077240756884,0.151424945213978,0.238049903043027
0.650314381062475,0.589927068860007,0.126601033484719,0.284086326073545
0.565299279526258,0.474148094400348,0.150445218373654,0.228612229834026
0.617897456509185,0.599609767559645,0.12718388765839,0.245881225051339
0.707800518862967,0.564923629511605,0.154043818595302,0.213043950717801
0.622817860610167,0.63131340796629,0.115580827591147,0.263536442195149
0.799435441937369,0.532761199815329,0.158363222575383,0.299669914269053
0.76560398627187,0.700321127306864,0.164196305762348,0.199792464355669
0.621539121881311,0.653586128719921,0.138058240832816,0.221098907517224
0.798646309019925,0.563475776936691,0.159261436323031,0.312004699004208
0.76137646768028,0.719319224610356,0.180281285876243,0.238246131366674
0.635337632023845,0.557857289374449,0.117247969742364,0.251823632127409
0.638872715900583,0.54348560445802,0.0925371722773155,0.209546559307175
0.604598325499868,0.514577771742234,0.137163455923028,0.158464484562689
0.580496734256821,0.56099827398741,0.116308973100394,0.258786206132103
0.528726686306151,0.603770619242225,0.112482084705084,0.234347584658367
0.546364533113344,0.57829696384582,0.137626824167073,0.256409399302809
0.659996633236423,0.569159967288278,0.12192252330976,0.159725203633276
0.710161490106738,0.54380944622667,0.12915137157622,0.156428798379498
0.661453943119344,0.680248381490981,0.121509812091713,0.293674865196656
0.605389167018338,0.610784332522887,0.116906110252622,0.184657016853992
0.546233658044129,0.519945070946821,0.117301287503734,0.293934957436072
0.741825044888741,0.595902541536463,0.152242051055406,0.20190437526842
0.699513708741824,0.614707702168529,0.154885247752961,0.266516518549749
0.771324293013303,0.690389130270577,0.112197859230483,0.284104542223724
0.718652006348689,0.744955306606167,0.102194880282299,0.266469062795697
0.804451915714845,0.863262813115621,0.128663786424808,0.249710024335299
0.826851708110226,0.515587059442387,0.129439489897653,0.301019762077787
0.710879388959484,0.752344958317552,0.156682523598765,0.272963085413665
0.67509972779805,0.559042161514673,0.125514306777163,0.271636849226936
0.77283583808188,0.590767424917547,0.0979878941723122,0.253731366013778
0.592964651187503,0.549530464203896,0.192465836372026,0.275033817810734
0.699404328683523,0.63183740646367,0.127301736729019,0.280661774581257
0.607144093978896,0.56288411407877,0.148579446057476,0.239708328164001
0.742938569863624,0.56813947444063,0.124833721130552,0.271838249183209
0.70066129910118,0.602432625451004,0.113164086267184,0.271557893699819
0.590846046966164,0.565839626858672,0.204096088059641,0.214295659256615
0.660526147403655,0.545358142837115,0.121525396345143,0.209915842880883
0.671284647138336,0.472258935639877,0.180746023745423,0.243160343482084
0.551962675107704,0.69089237554585,0.0874396538981209,0.27600683663658
0.711183437067561,0.511405428202615,0.158112519171779,0.231285069359948
0.533699611464375,0.554620709895241,0.125185782114007,0.205875843609902
0.640184687215036,0.52580852396828,0.121208480773095,0.309482604176884
0.639287929311226,0.720189485344873,0.137170614854434,0.233337139042468
0.705713034843966,0.616798407010183,0.153002520555867,0.307739564955511
0.697338443533296,0.608894717368129,0.160625622696466,0.296862202456382
0.694735776029788,0.692436620439155,0.195772582850769,0.323058489220499
0.728990951936783,0.570820131877203,0.106329946363575,0.310236731657389
0.745445365818347,0.592215662842862,0.119756323815458,0.309528547245808
0.728257614830767,0.710283236823786,0.177655674906801,0.245225935214094
0.695266963741564,0.643827880971864,0.141691975959319,0.283142896424481
0.641956017534576,0.542906573217617,0.129012279902125,0.221612945569275
0.645255792338759,0.575983627437278,0.166114089464982,0.23601930496242
0.564445771210173,0.588987783000601,0.154195528616087,0.243219517705035
0.663265597378181,0.498151092824,0.114819572089081,0.266558813986697
0.632056225205869,0.611671388180914,0.130353386426981,0.217119026783139
0.700444230776099,0.499737152120074,0.12068593976452,0.286978848436298
0.745350501629126,0.623784900548504,0.150446941065602,0.22053784956598
0.576864806785322,0.448978526021109,0.107358548241255,0.275854988775881
0.726698682236749,0.75715716445573,0.105324374672612,0.218511878030369
0.880554731317894,0.607685049134309,0.134256081789805,0.273504777070802
0.67872654503851,0.738625227225099,0.123108078558334,0.287786771202565
0.972134017582678,0.743269707058131,0.0975580226116775,0.187719458993671
0.571086265851475,0.553407466634324,0.200468336172936,0.338287092963377
0.936987487274952,0.688881604924016,0.105414211504865,0.208771030931277
0.75283695227153,0.695617490050062,0.204662488618241,0.373377260861859
0.627837208743322,0.582277558831689,0.125106243565749,0.250996717957707
0.682262032012878,0.519915421947461,0.173846906152389,0.224385806251191
0.629237755812632,0.764936816079477,0.0948367745112963,0.235457851050166
0.754398752443822,0.663078272149977,0.136300572830757,0.258733917746089
0.665848191131447,0.509343722329458,0.134168117494234,0.26089954541892
0.598101706900486,0.561108676047536,0.142608914505253,0.201754522716882
0.641362163834816,0.56341430383454,0.104454854554989,0.332870879883943
0.710895146028949,0.640044571641287,0.152514502273888,0.317295652124878
0.610848621977866,0.624877924316401,0.151116775928695,0.260526953156414
0.768796893843453,0.569586193887902,0.108873211985288,0.318145005740416
0.784185519642146,0.654878536219986,0.142199209145393,0.283640186538591
0.747366172481824,0.543783097441759,0.125062498832102,0.259586876145422
0.521784466028321,0.653654354232349,0.136527953594421,0.228944281347933
0.713801111281018,0.577367800231884,0.13351172375282,0.272884724592426
0.691312102098411,0.58881782201621,0.168876502017629,0.186973381680431
0.603434616252989,0.582459312310738,0.114596070210807,0.267587534305704
0.559050515574896,0.694918494770395,0.176074753299733,0.230829756696702
0.830826107494915,0.567493407923232,0.114152836144922,0.229314684782984
0.753162964559012,0.601770613772036,0.176231406783666,0.229250023188205
0.778530046261582,0.784895943568856,0.150202557255266,0.347722771350376
0.843651190008475,0.832733956893,0.180753259794038,0.265982554381005
0.762165642334177,0.643836382172798,0.127280188209778,0.289996938059993
0.587954687322331,0.605067934216074,0.146871509147099,0.266287681691622
0.591942987013878,0.548670630675936,0.126140882180992,0.31660917337654
0.602117023617893,0.59225847969356,0.119343801981667,0.230889275862168
0.660155510550548,0.518864899750169,0.125530756474241,0.273517341729786
0.624801008917071,0.600370019417494,0.155893077907145,0.227860339807932
0.711657440710301,0.678498488439333,0.152762485332842,0.269677626650435
0.683108455427647,0.474615128266494,0.125410059214212,0.249858723154234
0.788506113854427,0.790626656763407,0.149786138963834,0.259048420173991
0.62349060259056,0.474597879856204,0.175897633249668,0.274413121533126
0.511956608798305,0.624697769451912,0.21043730460309,0.303429172012081
0.763208239330783,0.566674323691033,0.100338339658379,0.257271963354561
0.708494625822324,0.65606536521629,0.190612847358918,0.232774882716879
0.672991642596868,0.560318509747284,0.0922053177672082,0.199071523833638
0.678141954489668,0.5828487592078,0.17349958800478,0.252614439050835
0.612222460802736,0.483227748787929,0.110477192281224,0.274335866106076
0.708086710024581,0.555733989172653,0.110626017429793,0.213677766484132
0.726073613757875,0.569517022286851,0.110160403420265,0.206112173090078
0.685608358915825,0.644539491896984,0.119231625104923,0.249318822878094
0.805618229178522,0.731612600078458,0.120847809555004,0.233155869981034
0.655833599659597,0.574796062465055,0.103849713120375,0.305251387938194
0.766868609069988,0.693454715097915,0.185920461070002,0.27468335181542
0.706763641920886,0.718380271732381,0.137701717143611,0.222888249522781
0.739630627271599,0.600695307709475,0.146097765301067,0.290295318216304
0.567901330815842,0.771689357835023,0.142388436849784,0.207013052160744
0.727973458851097,0.559925089850991,0.150991254381896,0.260752319585301
0.800633627451216,0.621063084296451,0.175706451177837,0.295486761249188
0.648746808510388,0.569222428333852,0.138018953495511,0.213169073035283
0.727643961778589,0.539412554917145,0.15200971711805,0.213824915110217
0.673206365061802,0.608625092401705,0.105809164211772,0.330569647689209
0.639830808485901,0.624476793588821,0.159615236019469,0.205342361563228
0.753512898952906,0.63095695154516,0.118759994841876,0.302113029393574
0.705747921378348,0.589931182066907,0.175593263883076,0.219635151352986
0.704784729670358,0.593324637060383,0.10529554616769,0.296124132291781
0.763099209918722,0.570467188936729,0.204073249029374,0.296519459492569
0.862734544951553,0.61286275194342,0.159144718581356,0.305356869183763
0.693204262260103,0.652306065628309,0.14334055839201,0.253172040025035
0.630848648415263,0.618896768239927,0.182506576454808,0.305037075863188
0.68106105951733,0.535476433125337,0.0986069803576073,0.202394409771294
0.804328373961138,0.628830893685898,0.127842039821928,0.326132707628008
0.568900998527775,0.594291164651776,0.133407744608821,0.259236561200882
0.595539541724924,0.570389454845256,0.132803522068103,0.26196506175678
0.675981745839803,0.542353883435907,0.163248712038926,0.2489090519106
0.707576982498689,0.623473273883235,0.17855842332526,0.256181860942115
0.68287524495168,0.584158796385248,0.204039527639602,0.245871329981459
0.597724105460185,0.591566002469358,0.148373140230087,0.202571645778945
0.672306113536705,0.651655282629337,0.148835107518907,0.242753628475799
0.67653852122829,0.534129217899992,0.129592044495678,0.291355927114085
0.693209281408095,0.491162567501999,0.12334067877924,0.243266009054965
0.747108205654096,0.700574520896299,0.159781354037512,0.313390179051994
0.697242625547534,0.61311612708056,0.1160985314006,0.248960671933985
0.626841768630649,0.567404306186875,0.149801626490707,0.25456302125131
0.661211301336626,0.533510919305503,0.10751112949557,0.225023651214422
0.640461909862724,0.674795824750004,0.142803008446336,0.257974102262062
0.62071215099174,0.587632180310716,0.112631910479856,0.221263064699883
0.553181934179555,0.538523790834201,0.123691140044055,0.180087398709076
0.652449783822282,0.466508434843306,0.15032740289276,0.278875284997892
0.632079210882186,0.515484531552565,0.0926612778450163,0.228946621502168
0.638155798397539,0.565467235968384,0.174755068800757,0.295246256981641
0.592571597603205,0.565811553240277,0.114573132607622,0.213165010825989
0.626973736195702,0.551921961651896,0.127972851651085,0.232948489697048
0.722165342139673,0.759765160859517,0.135200620435717,0.280803475492383
0.81337708464797,0.636956714557452,0.236381053855026,0.25180546196961
0.767597960059132,0.748020200691528,0.0896924022088045,0.275147899089872
0.690111335348701,0.594535975075482,0.132155862114133,0.254805540621578
0.575265349731568,0.608520195476106,0.116014896595158,0.204259147258323
0.688990055115694,0.65318444992172,0.102046738558363,0.300865197897904
0.623349230976311,0.810656813092398,0.194925354910072,0.215116386556091
0.734844860896183,0.570277212201692,0.12586139788733,0.361790597952831
0.652427432236137,0.704529020760122,0.157588443564219,0.219596535870462
0.553893694059277,0.599118461713227,0.167731814072922,0.203437325019957
0.865744804549935,0.506559779195689,0.0965172124854579,0.232307834215249
0.83083146325707,0.495241544843872,0.10368888024797,0.232722088832255
0.553983345843643,0.603906411616015,0.141231763020403,0.256143509062573
0.568109418435426,0.619916581649016,0.11942010341489,0.210203816516856
0.627190089507504,0.638134359123136,0.187189240612092,0.27940173218574
0.705737722543841,0.64495674883661,0.154863944749967,0.242973036073633
0.886094311317011,0.548761001463577,0.131188227886286,0.300471742205714
0.620591943673292,0.562530493132845,0.164100785202439,0.247723240254735
0.65031729199394,0.570277383833738,0.129994971575874,0.228313473998005
0.611555355632911,0.55679034441444,0.148208965466848,0.220362324097068
0.699164376119182,0.621896581179772,0.158692235540457,0.278501185492806
0.778005789833139,0.615348997696017,0.133829830143246,0.264421979930149
0.691042537639907,0.745654617000936,0.117994643352717,0.238870751221392
0.714007447044223,0.681564011571344,0.138816018164551,0.263431760315143
0.61409889446924,0.653697678390729,0.142646111214297,0.260191466266448
0.623232768110652,0.645444232535855,0.131008166791702,0.257161609142721
0.630584336730724,0.555057293360373,0.146165627676392,0.299203833144222
0.694466506203474,0.498508675873331,0.149341368647681,0.287490961881716
0.725230418054624,0.486161832101561,0.135199381972298,0.29694113544163
0.568948874156753,0.658095786839739,0.104999664003946,0.21731759505108
0.710334155189311,0.70175057838914,0.142616363563116,0.223679781514615
0.685061267223838,0.613371705759384,0.148693410469862,0.227093476448312
0.550114647834701,0.541732429590501,0.0908336338806557,0.249171887459497
0.894771334584625,0.709357635711345,0.191438127381384,0.314665107288667
0.591825504166855,0.634279817255673,0.111019049567503,0.281653018666834
0.663405377638899,0.477474246759965,0.120202839115394,0.224040621046193
0.599351965505411,0.668246337451413,0.151228767069057,0.265612145488668
0.609961398099577,0.573902995745397,0.165416628601775,0.284875700949101
0.637797013161486,0.62333744541493,0.155833581054923,0.306733818708511
0.965010228756982,0.664112936419857,0.143907696931702,0.232778755765418
0.672068048386948,0.710319267830408,0.149764047399391,0.278768718690796
0.545982926533901,0.488936683603752,0.122563466099095,0.235789256119329
0.723172174667685,0.754986714816167,0.171479105510577,0.237163831627932
0.657088480758943,0.65491242892161,0.102906913811628,0.321839380033003
0.646090214043914,0.674821254634412,0.111882992705744,0.292540620332237
0.667647673627717,0.483791365429399,0.11340393303745,0.20701415502277
0.664472163489902,0.575241866235913,0.14011640778334,0.247648603270105
0.67477381690023,0.599870982721093,0.159377713732151,0.276347827659585
0.654545938616601,0.534756720371358,0.167236624965298,0.248106580316559
0.625746373006444,0.694108644901615,0.111966653567697,0.257961687111388
0.743470625208998,0.507791534012196,0.193699314374002,0.254865487108259
0.755391819623552,0.65826123514361,0.174703340877237,0.29339337930124
0.747551748423595,0.688452978333739,0.12543648553727,0.251797930779473
0.849831026774762,0.627113274947319,0.126913057954813,0.281060810076329
0.583159158251731,0.611162764260165,0.170839701385126,0.224235688096816
0.752419839413961,0.672567363117229,0.105912527209073,0.311142867206879
0.729649461823563,0.679193305324896,0.1163106773465,0.293797895527361
0.746215102620593,0.628157968210244,0.170861563074866,0.211380407620885
0.559840523163893,0.557793154091978,0.13061420493692,0.324388858012378
0.762020864906565,0.646554888714497,0.147387420294414,0.258906854275233
0.562605475905818,0.517778583993556,0.128247558551578,0.236109798640853
0.695083518794666,0.642232538986734,0.133773519364609,0.252931987514242
0.646798928988856,0.56102585274643,0.116269614991285,0.270488140280909
0.570163989285226,0.558909529964726,0.157758429981999,0.204590000116794
0.61682989432451,0.469220265118242,0.108260774168076,0.288683709536144
0.666437580740362,0.61998418607141,0.157380865048234,0.214358327006298
0.731905851510664,0.605590288103509,0.132852365896852,0.314530426909132
0.625717451834601,0.634875136277444,0.155638350518478,0.229576451534282
0.634842931891039,0.549472409957129,0.119727544992022,0.259606908446384
0.74340613942518,0.482133649757172,0.0868963083814402,0.251635406624975
0.554985258780357,0.44828738449713,0.134606811168961,0.263258619184635
0.688122051542654,0.776706203691386,0.120370057127325,0.223903549154242
0.779661137289638,0.553516556109304,0.136409089929452,0.266219724976461
0.589528371792206,0.620369038003163,0.17870400866111,0.248142092809741
0.928405184366503,0.555518235211385,0.0977562740219424,0.26472722076103
0.641239762718424,0.773378176451677,0.218257199860875,0.224312139727507
0.643840232358991,0.529501413609783,0.123972379909326,0.302119449836827
0.718900875320038,0.647422678981399,0.114668699381856,0.26073227262135
0.704971077712911,0.497204672248818,0.156328900634727,0.23661052860121
0.617490691875034,0.640789222796671,0.136440343450174,0.215525740078301
0.836040702892083,0.638119676665293,0.11780175242513,0.269446252292382
0.73835751688524,0.592451178799915,0.220118312213103,0.298220487339649
0.661405569558276,0.592021843637132,0.127329314707419,0.225283120970538
0.62599756107527,0.56597125535196,0.121361480642471,0.240051493461587
0.731829860582777,0.607002141136216,0.177122211145219,0.234581686025437
0.696520621531449,0.702872024188936,0.11397410462388,0.281240569624141
0.763127314375914,0.549574339862602,0.168999869815522,0.260274454287994
0.797279570248159,0.585846604003461,0.119855784238749,0.227325533846529
0.777272442670186,0.674590580396349,0.198989984759813,0.376031128209555
0.592563003097579,0.507814174576481,0.145261872211234,0.239069137022803
0.697072187615368,0.722106150665389,0.136441676586208,0.211423913557128
0.71125536334124,0.576254517259551,0.166036083672899,0.400438271006014
0.69491472576603,0.734877746325986,0.155213266739165,0.188125173572443
0.647274166863242,0.489802232485544,0.118234509910025,0.289817992167358
0.627300213509709,0.637450613585094,0.125209979140631,0.217482226735773
0.606624958289705,0.548402718771243,0.137067181726211,0.22439200606366
0.778749197494743,0.692383451377743,0.15111158863188,0.269607961911547
0.714227335817486,0.656206966195826,0.215956378817656,0.315078579639629
0.723709849225068,0.646774785415886,0.0827527796963714,0.244583388477953
0.643109901554982,0.560725796749512,0.213392008542324,0.286668922460077
0.642176539067502,0.509464185490461,0.146121611450994,0.188896089204454
0.728830420290186,0.771512369065268,0.144902360969625,0.292707617358454
0.80771307489231,0.59701120950971,0.179227595706891,0.240717035064173
0.525349484151717,0.549276049896328,0.112669582537903,0.202043520595741
0.608561083932193,0.491376458969333,0.137553068798958,0.261490301219773
0.481982351883659,0.52574832603346,0.109391046162173,0.214331279269693
0.603901576240412,0.54189157482829,0.0913140846994809,0.258863569308548
0.645711999633453,0.496994350487273,0.151271150021939,0.195633833168596
0.720840970721177,0.711079529791865,0.130395697742384,0.323119970061818
0.770247782734239,0.572322761495085,0.155904771468595,0.230726090647504
0.650164264637903,0.656517224634003,0.145762585965624,0.218590379441859
0.640511048345334,0.697001287837734,0.14122387771741,0.20899339518212
0.752493802393334,0.536489903730109,0.103770456685312,0.21510317538673
0.582984308066434,0.464901642034054,0.123176533019239,0.258244287989624
0.617900762012936,0.74374935643472,0.156854078663236,0.225781146915026
0.775502826997817,0.505146015530623,0.158443740455786,0.272478236780427
0.729066962870308,0.603916419893018,0.125310970234067,0.269688398707519
0.74829397848925,0.648264512173368,0.128073896095015,0.249735535528145
0.730566764161592,0.618214349661735,0.192257815912122,0.314273583115522
0.71312122326871,0.741033033184291,0.139102903044896,0.258855508707329
0.798994937522726,0.617474035719587,0.134591052121369,0.276453478686305
0.672460645138992,0.695089854084029,0.143199270859688,0.280966051222395
0.621296296054102,0.525830713274637,0.124165496118617,0.183481699839962
0.609333761118906,0.612519842230088,0.115547024482478,0.184103361178922
0.614505522286799,0.556257318594007,0.110536355422092,0.271489480075055
0.611519002840767,0.623671797178986,0.156455735149752,0.174873506571019
0.747801241193437,0.621744744766837,0.126370300560364,0.245870714432381
0.795703250171048,0.588387622540842,0.173705624126787,0.27447781346968
0.643959294372463,0.636041143329353,0.13957914498277,0.305661018982264
0.684937931461602,0.660622358311504,0.131439991067103,0.236226631718873
0.633180366754451,0.615218810242382,0.135882598597754,0.297358467336162
0.591822727005058,0.575468352760897,0.13461347487513,0.317467828960779
0.746930964780698,0.56954962545865,0.116995453544529,0.214713948880102
0.735342646448782,0.615584325676732,0.113792954815132,0.217842791481186
0.541514155276918,0.467999538013947,0.143256916438967,0.229152220147196
0.59509084848498,0.674288271060598,0.122241530611239,0.2022717378374
0.587166002432315,0.531025347964893,0.165936182100692,0.240246778642739
0.570210990013125,0.696049976128337,0.133558057012779,0.263783208541982
0.784969413204986,0.5562390692874,0.134650498595434,0.220161209750255
0.60623151353373,0.585721611230458,0.155330866560244,0.298785980725704
0.595124663326219,0.537193340984328,0.134819586647693,0.216797039207003
0.741793251878404,0.630717646671354,0.140773744372818,0.229361411630379
0.531191138513542,0.490071952626701,0.112084710973291,0.264485542272188
0.609996668338924,0.624419063833288,0.145142475430638,0.204592306686017
0.611412757083289,0.482636683188285,0.0934459334155407,0.297658026297518
0.729269979373958,0.580899726002656,0.185634102111933,0.215961418011363
0.661830738280021,0.56331358239311,0.102510646871377,0.262393439872471
0.612695017098385,0.554292776395863,0.134035546137085,0.254826730381786
0.574575135966916,0.532149407741396,0.129370081131191,0.259747223030358
0.661454488248733,0.635925692171093,0.107492415545831,0.235674067346502
0.582227476103744,0.504072364871982,0.125189043394757,0.237031329533308
0.786706888748128,0.637982284726339,0.144679286475821,0.264093288222595
0.785948037581979,0.622166587108689,0.121185429923014,0.324999139989688
0.686227793910752,0.657460412202656,0.163932215664907,0.256963109122513
0.817045632945642,0.70838771695285,0.132945939796696,0.291042670543921
0.625342106703656,0.574512465157262,0.165456988861727,0.258623807613298
0.618993799823084,0.718077194654411,0.154021983019956,0.303825688961707
0.842079785434869,0.677710591089091,0.137321745028432,0.226021716138212
0.574872866713389,0.577757887580382,0.169624489671223,0.25886832984026
0.65741403076361,0.578851492176028,0.190804403003464,0.256064182566801
0.609288145248031,0.539562109105066,0.111400224801433,0.235891370355038
0.646573326028678,0.488280051237652,0.0979356024679502,0.278478144125333
0.574382260993366,0.605889025072402,0.150546384865103,0.214157319220367
0.653244608425956,0.532037272751017,0.139896666267958,0.306454336508983
0.625564374939858,0.581673587951794,0.115200499052238,0.27307730548941
0.687897495794591,0.50707556411408,0.106083937712588,0.314890018097634
0.644094033041565,0.465042174829604,0.116549859045772,0.308931443110489
0.603797924152789,0.65685627520397,0.104270419365884,0.257434946682275
0.625370119819799,0.466433925083074,0.13825177874645,0.207688334920485
0.635467250863651,0.674958375151578,0.140085213414641,0.262289622833233
0.672789455547957,0.633102401867954,0.140019752160228,0.269977572686166
0.686725964565352,0.556008265017092,0.150261335246351,0.274258108540746
0.781555404011317,0.591807641212274,0.115388378382771,0.222194961438163
0.593207342913441,0.705367832666721,0.167204827912827,0.275533889221455
0.842534824027202,0.684305260705132,0.128918120800331,0.205685438227346
0.650420883952481,0.618602492030387,0.134457863587402,0.374800984993241
0.735413862085484,0.507313491584098,0.108516870709675,0.265915306064081
0.669031632222338,0.55447292397372,0.138616118421137,0.18593218192767
0.642593569542608,0.505922837532184,0.104330559046073,0.275457138987312
0.635265897905712,0.505879060020272,0.0922275045034661,0.279320364373976
0.802482020994231,0.762110154420149,0.164465329484915,0.258851534789419
0.759196135631424,0.804114994340693,0.182256310284585,0.28660293735168
0.744797919970887,0.699640439345364,0.157561206155661,0.31087343614799
0.80505319837594,0.729728647808043,0.170321944051292,0.344765047625949
0.460697964079356,0.479250155365657,0.103601996705241,0.200181466275222
0.770655547923423,0.591159890600848,0.107400097295075,0.213718401219164
0.73039118728331,0.593619873044932,0.115344500539911,0.240991596785395
0.82097141558565,0.650547442211409,0.104152004938793,0.260649924252091
0.64472658097066,0.540861232562753,0.16111860275346,0.220575921252706
0.752067364701193,0.621373687940596,0.114410674124989,0.292432285390841
0.695446096555344,0.576964371677875,0.159662848466546,0.253236559474083
0.653893489830737,0.632615729850226,0.140147979530175,0.257230879313243
0.761898775127997,0.573410737318595,0.14221648795162,0.239149986789628
0.55896222152461,0.609252143674689,0.103262951617077,0.255966853083394
0.721842813991462,0.612857239766285,0.157770275727901,0.209953115765007
0.684004716322582,0.733788301231988,0.141944120757336,0.24499274703598
0.778479098687746,0.608952615364869,0.0991035178530166,0.273919307209326
0.614093138479636,0.610272613156323,0.137878160676329,0.276769261375914
0.639019847375923,0.556681073916276,0.10285625385,0.244188351625684
0.593465378490676,0.531379152107326,0.14777184298558,0.255772113150788
0.804770912235886,0.57343684940094,0.122519058927055,0.296381927924704
0.694576939493811,0.660753150810045,0.112315592112527,0.29400146875401
0.693899607525892,0.575930595034608,0.162344138592041,0.255308335591681
0.753234056088564,0.642166081538258,0.121547485933054,0.29798760242131
0.626385868201294,0.745851156771298,0.176455061444557,0.245696109004
0.599032598672281,0.637821822920935,0.158089337851856,0.238446618508372
0.578981143029054,0.644092993576775,0.178223251786887,0.217395733463497
0.665075240674877,0.546126551286812,0.134901233656131,0.252620079545958
0.539111887651933,0.635115539720473,0.165557865433905,0.286637511365823
0.725682037198362,0.580969566410677,0.110247044294048,0.234080453852197
0.57922682065334,0.630888942997452,0.144959281256292,0.206780215213724
0.535943358846606,0.557439081997412,0.146905074552606,0.256001244856992
0.842617600693825,0.656904561579406,0.125255153558321,0.286471500234848
0.597661752577316,0.528760347014666,0.130438910947469,0.216893112769284
0.735526580167575,0.614935377749254,0.147556129187788,0.182464330742709
0.620078572555726,0.634487166583406,0.12869316211542,0.331760485745393
0.55607330289506,0.512089669595527,0.118628160077578,0.226131697198106
0.6021480260217,0.533449200692635,0.12945594666198,0.278847614126347
0.584528243824767,0.588230216807377,0.0928227085217398,0.251203976930204
0.683598159300953,0.590101999447861,0.193383612138705,0.2600463707955
0.68452346652044,0.587192492099979,0.177289121329712,0.283810733062774
0.66913918325867,0.64358550187469,0.129452314681553,0.223800493488626
0.711969243672291,0.56167609009647,0.136458193877706,0.312978666495545
0.860296499299488,0.747436722704061,0.137646550225773,0.270144143419368
0.811678213503324,0.805701307417554,0.19914429878961,0.270961940844228
0.79047203745955,0.735656286750007,0.180428801837279,0.307071731419509
0.69341750907008,0.58904613950641,0.143668197768235,0.248660211890528
0.815207088093384,0.616475911061282,0.150687165530693,0.21421693154391
0.517532223313058,0.565987378347194,0.0915125776337031,0.294163943794567
0.531927978862818,0.497232163150242,0.0907963884247543,0.29265291883408
0.68053043811509,0.551289126832046,0.153047887141788,0.193530260242711
0.603571302895293,0.625449850629089,0.152290468666538,0.285491191020924
0.749837397462616,0.552876237410016,0.135349164833066,0.198928589389183
0.711098068232975,0.614122601777908,0.119041810656518,0.235952549211572
0.543192887671943,0.577003923919259,0.141158748677267,0.215720066704225
0.755771202088829,0.520770010406561,0.120073308224801,0.253318444553636
0.671243117461776,0.442718422153699,0.124087725900329,0.241102506689487
0.736711417861926,0.46375059886617,0.151279123591832,0.261084462976654
0.814176350063574,0.674899260177001,0.128840488550302,0.23124355715758
0.834874453025244,0.682841756532988,0.158931084831871,0.264349888518783
0.637976376064438,0.693527780646264,0.123262591467308,0.273487661514422
0.533461713437031,0.52319648640017,0.166348633272368,0.26572015748163
0.752960993175606,0.629760572558646,0.126464180233544,0.266725209532109
0.647115408211025,0.564307724584605,0.155350654214819,0.273886383459037
0.758572853624652,0.620905830403568,0.139222948305332,0.236980652803589
0.67725133980461,0.598291789452591,0.157290658240378,0.351470334238514
0.702002527432727,0.579436524061206,0.172123189623059,0.318404124867416
0.572077163319387,0.545683230749009,0.179903703209588,0.286797417589589
0.817615832219114,0.511602866425519,0.147973180674482,0.239440429113829
0.689166044856878,0.493527353179887,0.149790736241225,0.220286636552453
0.543486787860282,0.627959223819988,0.120553156131089,0.263415023303193
0.818693750531483,0.623107976122098,0.173522898858392,0.252888145064872
0.759162933577842,0.610895241842585,0.134682282107418,0.247732195238217
0.650253599682519,0.626049553676897,0.142749337807121,0.315297841740589
0.7444448393523,0.465178261498757,0.113980853901442,0.212567265686003
0.562397693250811,0.540474108175159,0.124461567093916,0.271717414140426
0.562899926663511,0.574251433421161,0.111433128741115,0.258059552374225
0.695792471092224,0.571986000746064,0.132928038852734,0.250433728427966
0.714858564065639,0.62796664853914,0.150899006876876,0.233203060029887
0.775460144357025,0.563529404275444,0.124890653344029,0.270728683931824
0.741004786762514,0.631854203180352,0.170707541479331,0.261939776070644
0.752982562064679,0.677949411655252,0.14217554211042,0.287119718496342
0.831474795385052,0.621994277023534,0.147388813685815,0.333611041174814
0.608024096342637,0.671665183778086,0.114282309601876,0.209785262115207
0.736555543642459,0.574463775958566,0.138695729729682,0.263451214285428
0.707600747503873,0.604252667291726,0.156911524565598,0.194181906689291
0.598063001949513,0.596526729643851,0.119344756212813,0.334550186533794
0.730826515314616,0.585190719357201,0.161462671076759,0.190004940554961
0.636742481178259,0.68631957581365,0.0833532246367913,0.399190334272762
0.773293072534067,0.867786240913706,0.259064002687753,0.249407504698527
0.992690127144898,0.65944122923011,0.125989816406106,0.281000935109726
0.73131305284937,0.565180680177395,0.164501777815106,0.252330289277639
0.933400340056795,0.840119484440123,0.134669431742639,0.2522431095592
0.725255802079449,0.682451151104061,0.131186707949271,0.294096487210263
0.766242089205625,0.600538597703848,0.134788854389551,0.248319838553735
0.778591054652513,0.691567016014618,0.0903643043330092,0.333149146711436
0.618083872427169,0.731633129264633,0.170049530868233,0.235228762994045
0.679730082159569,0.818848400026214,0.125523918402741,0.260804568811115
0.651812011816624,0.558155866180522,0.136149860195165,0.255494399037249
0.646464451674218,0.571894424599442,0.130163567990866,0.260042325969299
0.6947783824359,0.656286030035034,0.104236374072656,0.227857140692253
0.6037760432328,0.511136202569562,0.137467485377591,0.197697022042006
0.572671487948852,0.604869432525681,0.131121433357114,0.237571103829254
0.556858307407214,0.609557316601132,0.121093070493058,0.237423480701113
0.67267522675718,0.574093726784806,0.16934543458421,0.256238085879299
0.580940423408166,0.617514915753263,0.167194108693904,0.243160859222586
0.719206932653739,0.566650696516509,0.138062257559723,0.298072728556144
0.573043032848251,0.597604927125117,0.127292357113705,0.221730174257475
0.571097395204416,0.785415369762665,0.131193194900064,0.20197161093913
0.681870831623804,0.456119594318804,0.14879572319494,0.282988368682969
0.722241593547951,0.787965124675891,0.145342618688595,0.244612100167543
0.77923242014871,0.558041717508405,0.127174589341511,0.272378633163549
0.569861387579577,0.561211480465379,0.120094753425419,0.200351761655001
0.607362831302297,0.585769716082296,0.126487844562497,0.206208157880647
0.71455649671824,0.557595911505733,0.12085823146643,0.260002157717457
0.736526242445011,0.528731844060888,0.124808650970003,0.233750504614616
0.595184154918573,0.572357486742906,0.161691207064666,0.238963043030921
0.645508861753994,0.562734937505043,0.144629097257131,0.23711235114652
0.84274730265646,0.7040961236781,0.169468708562475,0.247307535975809
0.68603750092053,0.797126732132346,0.149026324774684,0.222672935923905
0.70677364934919,0.590941244707228,0.177293942284498,0.275724725671922
0.718981154746924,0.472001104652763,0.122602591951117,0.235937286700166
0.522015618335893,0.620908024778725,0.167707068330667,0.276867392184385
0.815139372064686,0.698289357308944,0.146040385713187,0.306951937376138
0.568633156505617,0.494663704422058,0.169433046655513,0.24813623312747
0.708526418805658,0.76185259144736,0.129617371723081,0.282090154732259
0.786572169589538,0.810029045567846,0.10983066292882,0.327184955589201
0.709213646583333,0.710939383956661,0.175540968941874,0.266207998822976
0.899762721323625,0.738645026467499,0.111243577113895,0.225835772687153
0.659971356390868,0.574414340890097,0.198355635743084,0.34569446819703
0.66496358491418,0.54745179420721,0.0974857097139547,0.201581615241405
0.678127497358534,0.532550690863387,0.101692053532562,0.197987287054335
0.637320309459396,0.565160301429466,0.205114791253999,0.293950882630871
0.597882077581541,0.578657682555275,0.112531475062258,0.288993065171166
0.58595287936438,0.560352723075755,0.138980192980303,0.224321027337133
0.581376550957406,0.606567770251852,0.14911787736587,0.200303088355832
0.825836194727155,0.568474078789544,0.132578005014645,0.253011976559001
0.735012363509646,0.775281670958461,0.183754157292194,0.308240683365019
0.731254409902662,0.515995203751749,0.113497914782183,0.257235883351772
0.700204193349141,0.758488465828844,0.157279591957552,0.212884336351015
0.733557270726233,0.567836369373677,0.146141723402904,0.28299638447728
0.596659534502606,0.583249049042016,0.17654693752117,0.298638450037837
0.699409190734143,0.610412626880846,0.114332967446539,0.216027833797036
0.641393377273353,0.53790470964845,0.16635713272642,0.258404486982729
0.881674692658069,0.7150359869439,0.176250736920196,0.349066685276132
0.523631473921884,0.561825890753889,0.129119619083067,0.225922244385931
0.563147843788545,0.573221880461809,0.153739475461464,0.258698225696275
0.695288850980204,0.757428044719208,0.129377385446269,0.271083898250124
0.649662911447599,0.603341994274388,0.124243462512345,0.272398326465534
0.825839669672657,0.568521871129405,0.153067094687513,0.239070137052721
0.533532094504924,0.688186338345321,0.160892713460662,0.246257251300786
0.556566600212457,0.66943981829159,0.163901402803227,0.24144607908742
0.636521839703022,0.738431485902817,0.125283434058873,0.26943900498146
0.643535433052421,0.705279638927817,0.130466975955737,0.254044211000395
0.703660606709509,0.668443867561762,0.184343441705314,0.300033826728493
0.671898421499694,0.639322478825969,0.144061090792069,0.250043281579621
0.677239679148401,0.704955636353084,0.154110998364816,0.264566909785149
0.702080526915623,0.545244943667329,0.115720833095399,0.225784023289861
0.75785301862274,0.6066846903665,0.12329482529424,0.299677042895037
0.723241584290215,0.59626700358996,0.122363334237139,0.258903551498686
0.759454415517799,0.699650960836022,0.162291176842316,0.253712738749409
0.692199064162759,0.764536349949041,0.134709507464385,0.250869095243624
0.67225759332557,0.532862848807949,0.128740074354101,0.231822352453626
0.615486225958768,0.519344181038974,0.130810185670158,0.227318206858141
0.762447068222207,0.687998821405023,0.152269902618577,0.264095609100894
0.610839822387886,0.532109858062597,0.0880238976154632,0.231950928072469
0.653300612426915,0.564820480834963,0.169354796303198,0.2242607970762
0.760486641624671,0.684806648170978,0.157962792870322,0.310563296723247
0.659322271686797,0.637081153504679,0.166234967722181,0.269624104783338
0.796530030878997,0.652457282421526,0.15471166047915,0.222560947826679
0.68789827397899,0.560364056668704,0.139270615887105,0.245228976702703
0.587287727212982,0.66410508725444,0.120343907967542,0.227762391365922
0.734479387829817,0.534025061405487,0.168857969366069,0.295308231605855
0.72338427213948,0.584268106821312,0.180115432060696,0.32723635241497
0.744661683157475,0.479408826836746,0.148749312628926,0.207839908653195
0.539694753057602,0.752535793221591,0.115060100042226,0.33133204916047
0.681958701625314,0.521477044267446,0.141987412575027,0.203321440422888
0.581381577137247,0.729820276383418,0.113044433837132,0.268803159325906
0.681799958877307,0.632848477496617,0.150635218313396,0.276610833517441
0.733207027097716,0.537750407187021,0.171600572007266,0.210581484164671
0.615554471438255,0.570385204280019,0.137959126174127,0.299397677516907
0.734442339897235,0.637138733849679,0.1164606313184,0.18048580626373
0.715156747338348,0.660288151964423,0.145147344423418,0.244475937014253
0.65862944271816,0.553171584716489,0.144499621690575,0.254905439031142
0.638614822051648,0.610205379233425,0.150731118924972,0.252940794769134
0.701927454647269,0.675306289329219,0.0994159965709736,0.308305498602622
0.623998846788667,0.713248639919371,0.142244102844752,0.248285437011658
0.729059742896851,0.561758021347267,0.13437902310388,0.249957953765423
0.600355262515364,0.743226334359144,0.121995401244722,0.234661723550951
0.734675951164811,0.537285004883248,0.188528651068362,0.294910273100036
0.787916637991654,0.741217205182395,0.140225559192025,0.297576780682955
0.541836848485217,0.519409793746789,0.110383330959413,0.240136580864815
0.611190039112952,0.581637841980778,0.122819883141512,0.264706669002663
0.65184507897066,0.494487474449697,0.154111738784519,0.243235754886109
0.671588437229587,0.518729216274394,0.153110631920155,0.241896498713819
0.774931644968044,0.643260804788119,0.138252955129457,0.307500726375619
0.771327483295375,0.715453756922439,0.184312615008007,0.285330205658486
0.745344066945496,0.749327463360923,0.236252852054867,0.291121077437339
0.705961483669225,0.625397018190981,0.144197560789388,0.260130314943314
0.723095145985859,0.680105861942754,0.167265647071867,0.292289657634187
0.610468553966867,0.579717383946734,0.143657143975093,0.291458317041997
0.768709712398412,0.673305690508666,0.12379064086814,0.242277404300232
0.788785729165649,0.578801222166819,0.11230333598667,0.235687691466247
0.696404988144883,0.742895893170396,0.200132992580798,0.245659214048066
0.906317204526194,0.64368080674202,0.106713224327683,0.250579496775529
0.718193261585989,0.6299668591237,0.222265836563306,0.219538203124424
0.669795478064671,0.672657489065802,0.142552302399397,0.326786135607387
0.790748824893172,0.663932609972859,0.138891222362775,0.297529853325519
0.653479745330179,0.562878915143875,0.159309884712755,0.242235945551127
0.724356981571087,0.543646581266747,0.107887400625206,0.243774764221589
0.634321013737348,0.516462673832126,0.157000025065716,0.250199978385724
0.865757924594437,0.614415576875164,0.131830622134648,0.236266061209137
0.528572510162043,0.573067485475034,0.134434943499648,0.233304553776121
0.498900111920613,0.538410998253548,0.119254651052951,0.222782100260408
0.761127512010922,0.604305194914043,0.159772131959207,0.255525820010381
0.696983950760415,0.573023762836347,0.116661625993425,0.29912624457555
0.652263658235868,0.678556118268355,0.157603133692314,0.216294812272732
0.629492578788511,0.572879954852737,0.122095399180635,0.321872703876182
0.608883765574316,0.594999094093619,0.201691219035425,0.2617074780757
0.64936759043311,0.442610491489685,0.0733377487399378,0.198396893127621
0.683092239650015,0.510184164234086,0.159599970380867,0.281536033824018
0.644400718202512,0.556003224809708,0.112103222007646,0.211015574433981
0.536734829159474,0.487443604796129,0.137805633828324,0.243319965588843
0.609254406064708,0.509970559523642,0.133804092619238,0.222700560543333
0.692113339635636,0.608464261600675,0.121454018504033,0.253901340231977
0.690923404959067,0.630715955020807,0.142756142611046,0.246947159315341
0.761720749482525,0.622785601356723,0.161281465042972,0.265979223122122
0.682178994642095,0.654560779441592,0.134795064147044,0.25023628166285
0.764223992137904,0.638235640805346,0.167926733764934,0.251440206750078
0.626164091272583,0.706854566747568,0.10611718421922,0.272892735169299
0.813342081759516,0.592628912498284,0.177365047054325,0.33469086812298
0.664206979370123,0.606190783772913,0.143458286564188,0.307580095243759
0.756207800833973,0.675189538146842,0.195549557393509,0.347534116802722
0.613079241473945,0.551360912340567,0.134697358866107,0.28420852550355
0.60603620512578,0.57436061426149,0.135937416306936,0.218303912671516
0.651386908337299,0.515064537826204,0.135066775648725,0.267392915169747
0.761448973591804,0.724067509173648,0.122483218231093,0.218597385648373
0.663583848269572,0.585368188177976,0.152644631989608,0.281823480454828
0.767493405963974,0.650784672026061,0.144013665916018,0.30847643596016
0.73774915716472,0.650723689372779,0.114029922066281,0.221911114258008
0.596065467821267,0.729409324699766,0.148138769569766,0.271144076782728
0.759050958680221,0.514791177184641,0.113263626175775,0.252927261184663
0.700361563916103,0.641456083063356,0.141949687677587,0.299585135368264
0.800122117770103,0.79291016560588,0.124800864436383,0.209568237917272
0.673500749414241,0.59499720216294,0.148890759509815,0.383039506230731
0.61754586717958,0.51255382335529,0.10082314953993,0.142365609727389
0.733403020396471,0.513228966095189,0.120494997129239,0.242610321887276
0.631807862382534,0.648017061959178,0.153154384447081,0.277844774946122
0.761521125489731,0.482199948610199,0.130147783535708,0.22222468551042
0.642022568871979,0.473853293406478,0.126810811814099,0.21430366596922
0.664460961372587,0.749509314279274,0.119192400238569,0.27471398091643
0.787691556815217,0.565551722591182,0.145248853968802,0.250854207117301
0.696464420214006,0.575079603481281,0.0982403993193269,0.255108580884
0.659793715202952,0.668797932763785,0.133759084508296,0.295173932379421
0.651454729350156,0.681635938364024,0.143284941388162,0.250430678965699
0.817856424302309,0.700883467099063,0.178289109137653,0.270222865621063
0.608415816341092,0.633036907323237,0.136571256339423,0.243707480201348
0.640578472922323,0.78979944149835,0.130384095469579,0.292864252325656
0.772931564939988,0.597562959541697,0.140624087423835,0.302142545605739
0.667906916495214,0.618631340321124,0.106234272672258,0.32446959544902
0.693533642506055,0.628869703856552,0.101614712187623,0.32105846938292
0.648515418684141,0.621395010777728,0.207685125776884,0.274965774524397
0.660128306176591,0.567459405625522,0.12298373290453,0.285938573635746
0.658530880323178,0.630896102936012,0.158862185504228,0.237306063787862
0.945321753779374,0.653553748466472,0.167645093655488,0.332488608207377
0.785486046692718,0.699018706769791,0.111245432907967,0.342149870035415
0.749943035123707,0.673833448241749,0.101013361122895,0.311996639556187
0.688642801560745,0.741518480842114,0.138237375765142,0.325567231237227
0.692305821513715,0.730572174082543,0.1775754365663,0.329359476947318
0.722646583333428,0.700535280291014,0.157976001948644,0.288050128149872
0.635589601420444,0.767884989331249,0.0923129180828239,0.237526132865897
0.729992815919199,0.578371604044311,0.117313608235565,0.242306166952809
0.725505710107338,0.645257978042594,0.156582849068447,0.292394015508983
0.669876733745179,0.647122179022395,0.148357458367208,0.264972052325969
0.647093784406524,0.587836753653972,0.120507414891251,0.25949429544484
0.693341338566549,0.580373802390211,0.136059674421218,0.256422782365613
0.654915974122702,0.58684437745587,0.126025522711305,0.247655370907906
0.596537829053033,0.628481293093106,0.153039444133506,0.243844525868934
0.857644515251588,0.684174399653543,0.125154014096342,0.321336737056442
0.926788624900715,0.751152934718442,0.0978795997290754,0.250754266538808
0.675155416229724,0.608269532392447,0.196267612704939,0.258430131512228
0.669805310968849,0.611775400289469,0.105481586801558,0.248855492467968
0.678559934375288,0.630791351872866,0.167840574537869,0.25153941630803
0.70723124697389,0.75988978073273,0.146864494557295,0.271084422225175
0.74582564148844,0.737161749112238,0.153815840553239,0.247252892460347
0.688023907923858,0.545723113503054,0.126503659434768,0.297220149648939
0.639206588837841,0.537504997901893,0.139763342348353,0.195918648642637
0.677065896261743,0.589752769248106,0.140948551187464,0.214370392347791
0.705487123715173,0.643688198986572,0.139195327472968,0.247307797958081
0.775864335719381,0.538394028649315,0.132151117843644,0.221742197165443
0.642876375030332,0.640265218833479,0.160294398716351,0.255799667843759
0.650336177103763,0.541880952977808,0.0843621421524357,0.258284023074154
0.548902632344717,0.529209859639773,0.170001958528336,0.250929700423297
0.645429234910326,0.683942615758568,0.0970901449009754,0.220483385641986
0.642884741899538,0.634722583090146,0.0982520994113944,0.278266213653668
0.63315493490963,0.723933108047412,0.118519585567795,0.246190042622617
0.562876040211143,0.492478360915272,0.0990731937586581,0.243395433263626
0.629548961212823,0.55966158597959,0.152328790517869,0.219436918757522
0.606858608728571,0.610033788964304,0.141521196867958,0.281781432286967
0.754910859337003,0.625158916943755,0.170484046834802,0.27501719958126
0.857378308005457,0.695673518903923,0.146628637271496,0.244354729242239
0.705482116181416,0.686323103454221,0.152460812213825,0.207271253848382
0.648602883947362,0.631449622385243,0.149275037951801,0.33098535239885
0.618517130237672,0.554099508937607,0.126390516567323,0.195417586727292
0.573008196850563,0.530147679192192,0.11271701532161,0.175647474450997
0.774268626695058,0.626904745825741,0.128456045388268,0.250139385431771
0.706366163431599,0.73278944574545,0.136593489380856,0.23586796159722
0.623751195344876,0.461232973675119,0.125169020936907,0.204192083067435
0.55518807443379,0.470171976045851,0.137546000307167,0.215569003150464
0.731244837142173,0.686739555160078,0.146635289133616,0.272877924396252
0.562850494995306,0.471752752851794,0.176116858113834,0.199893058707781
0.746046932918573,0.84186902834651,0.225971651030124,0.296134523028164
0.714357967306083,0.629254806628857,0.0939201298240027,0.261421104201429
0.705146504429354,0.535900212983272,0.154880675482399,0.264019964770534
0.64640307898914,0.614013915096672,0.13758230217624,0.208604607940962
0.68901221515182,0.635457794091531,0.101572183432792,0.346377169760841
0.736673769895255,0.792246874440284,0.214790191701941,0.342179634340746
0.775541737162284,0.652233756648331,0.132626925045615,0.259176867269186
0.774323677402479,0.717410689519701,0.171943278293374,0.335599375879639
0.642411661492261,0.50633677129212,0.127712732421413,0.264230391987058
0.674730110871356,0.749190707068955,0.185155119257001,0.273427889756174
0.593979274426614,0.521659348302112,0.156183323657137,0.255459821704812
0.690385671507482,0.582653548355002,0.13158179157163,0.221202940204317
0.706736819443038,0.63064961111568,0.126055435380317,0.294576978686497
0.774150658013605,0.701918813997316,0.164972722551199,0.285659617508012
0.6463046426387,0.542652027700553,0.129178923908608,0.233376921600253
0.738926983405522,0.605913554635291,0.11101005233671,0.256708583457254
0.676826533472989,0.59567196349575,0.191037798625164,0.297412352228241
0.714282402368518,0.670854324515133,0.0906759544991445,0.240913257898137
0.658738134564408,0.517723634081522,0.112982408606481,0.19785641862059
0.514757228909918,0.623511858229229,0.145537869844514,0.240189138853573
0.654684566215626,0.630214795902466,0.101829261192189,0.208648849015544
0.683813344813529,0.604171135488527,0.181913029854701,0.275735079878813
0.800695485992479,0.675933118166155,0.165299171493965,0.305241622383518
0.73204667338717,0.666382774477275,0.108925436170125,0.281172946782422
0.724486550456097,0.688206327404118,0.0922308657421214,0.24086596397298
0.662440771788685,0.674010311856902,0.158428758555987,0.218956822847685
0.806162263642662,0.553662737895495,0.116809627212453,0.188476748999695
0.628270922427619,0.650267576951769,0.12920591960637,0.364827938635308
0.720145471126028,0.626558676190277,0.122490356135154,0.190714892354093
0.631941095809331,0.610593765755015,0.111673531451982,0.26789065937067
0.821344133546572,0.781335226648355,0.147936441782636,0.223114070486768
0.748702468718955,0.619937542840031,0.14580713293309,0.274902766174153
0.612989775393283,0.57033831252454,0.182820218064663,0.274825515620202
0.74731754924049,0.730765646599815,0.0932430149484872,0.240786090734456
0.643820571577425,0.68321186011967,0.102364466940257,0.189906398596831
0.729368948359423,0.70587231965512,0.108217515253157,0.19908450608079
0.778681018660214,0.735832720131333,0.15645736580067,0.199377295981523
0.640472802149546,0.587655702552899,0.120753923866661,0.289692398716328
0.79635917457421,0.79543744166797,0.162212402586161,0.190867614719609
0.778779900833434,0.700503050179805,0.165014436650889,0.255127803390981
0.777159557392752,0.701657263969709,0.158749527949191,0.264630675695248
0.566868554148867,0.458624899459659,0.116539182316553,0.273543186097729
0.800587574223396,0.697596127404378,0.119621877882653,0.212787128446024
0.586333934442795,0.461823916152473,0.143663724178585,0.192708714729056
0.765271855676387,0.624933557589419,0.122308612417985,0.268267313666065
0.587812399259599,0.597616712353098,0.137565747785334,0.27479066505066
0.703753842753358,0.59528923480896,0.104867682852636,0.248633028177027
0.717380318954243,0.61616166574794,0.157392586652368,0.291758657208655
0.61655406470044,0.587309636909728,0.143399756533492,0.291698333197081
0.72143746825798,0.546754072274025,0.112518976560175,0.278612655359148
0.756436375186647,0.583753025296593,0.213520481996964,0.269468499573506
0.783634626254674,0.707290462960779,0.11791147561884,0.360321275487623
0.814679438103736,0.542766327736227,0.138384127738472,0.232348148988154
0.798661898345157,0.682373200836767,0.189505238588429,0.243707201702907
0.707944443574434,0.644096407680186,0.132113758732995,0.310435591507882
0.579815846471101,0.533669841749741,0.180349729315188,0.238031007265285
0.507095899454178,0.447086398747989,0.154994551797599,0.258323312275962
0.604495175031546,0.612102712645566,0.11411775150717,0.196533673110766
0.534285674039551,0.480346426868481,0.139484865277282,0.246631029948963
0.596226861858923,0.509176251020454,0.120446014529698,0.181855292022631
0.619739667121585,0.514703875867364,0.128359280434687,0.202340692492116
0.680663042208912,0.668320212793517,0.162479118893242,0.378367832093195
0.938654333538119,0.771421704216503,0.171978849340211,0.26440126436351
0.690173048213178,0.72438008662994,0.143048994172381,0.425252343904051
0.831630429170354,0.644574657893301,0.141310833956613,0.22055192287101
0.544157046153241,0.451339270439443,0.111346233452916,0.284872258515993
0.634046621160087,0.570582829015436,0.101255913657181,0.19690193853978
0.592706017436161,0.461316624152863,0.148258272210582,0.211176210321637
0.582376958236751,0.61108045316907,0.0993725894569911,0.229360319437966
0.689099187672594,0.406750080538354,0.131369312375711,0.186061981330373
0.689759642144793,0.518278836259129,0.122158383908413,0.336402746600153
0.633716970021468,0.594859856416088,0.0954041382604217,0.193742812401294
0.800731419230106,0.681814469104816,0.163792101827533,0.303526740293095
0.602625538026219,0.699645581250704,0.165345652611997,0.22592695579622
0.655334359437594,0.578396160526014,0.122343587632762,0.283287231633016
0.834694174421062,0.740646914181548,0.18900065500115,0.293319979409005
0.620011934220022,0.513639022221225,0.18312156392097,0.226765823684182
0.584634154771372,0.472384066928719,0.110943046831761,0.294046445053333
0.703729489850195,0.516357476422475,0.097333904295883,0.275729834351717
0.593255625289385,0.612214894444453,0.178037055028998,0.210117687183862
0.788792291789344,0.746342598975444,0.138886154890002,0.240077622387707
0.623243711139561,0.515271327908696,0.133205287723725,0.276669961715462
0.532937128333832,0.472354130747858,0.117728791335534,0.272841656937696
0.679673363342761,0.526935282090189,0.0917730302432435,0.226462070809518
0.797109374603539,0.769235939820857,0.208741516576317,0.283894431768259
0.660901763295244,0.481438217041733,0.105834272175535,0.195307119551782
0.547698194545206,0.609544959498473,0.133393206118523,0.389968724502986
0.590101752300334,0.652738722547991,0.121062272709464,0.355590953831207
0.804195511278377,0.614220889308312,0.176720009422903,0.226572368063283
0.673220487078657,0.53123571688462,0.140901589973371,0.238101736344976
0.640761281059685,0.705763527804482,0.142769683650057,0.259235001982758
0.734309578694912,0.614744534437523,0.180107724826242,0.229965992223686
0.724428024256185,0.761407713125928,0.12529076378384,0.338755313503397
0.862821554983247,0.813087711790769,0.196391498417177,0.409771616565064
0.785393339823892,0.694025107140738,0.211126993930118,0.340165145023215
0.986009530985767,0.753826019689713,0.167240310428975,0.314644579905413
0.764846640250561,0.805852911892149,0.178379155746164,0.26992007248919
0.641901017719134,0.723583571109975,0.154056659062301,0.33885545591999
0.853635405882824,0.743935332782534,0.140944791875721,0.309681350009326
0.57267535966093,0.724604203813254,0.104898414700028,0.381111464044867
0.683683584922161,0.548697311897631,0.198178186909974,0.221614284293329
0.627919321967824,0.737793754094092,0.1118240969608,0.38758985493615
0.770454253242086,0.613776785565208,0.141373770392169,0.234457583633651
0.74607525522639,0.564989679900622,0.154366282717409,0.266000418751475
0.676069659941004,0.603245224720765,0.15957031590443,0.228535782447364
0.731409033506611,0.625246518995185,0.147188004454732,0.257812965380563
0.687874205073362,0.515659503820859,0.146241050385169,0.318057380884158
0.596936692903499,0.582886982878402,0.106374630283417,0.169171470995443
0.837435834548923,0.606533018252539,0.153095850249417,0.293672860538197
0.988110598028298,0.562234333407114,0.166965998052213,0.267408009614953
0.695808890662732,0.607551778619168,0.132836225289389,0.324975376689514
0.69176537229145,0.646662423551036,0.124959476989114,0.331020823819731
0.752420345046172,0.739834655647711,0.194956360799442,0.28365858669386
0.534115088966629,0.6035216731021,0.114617574930111,0.259783420202314
0.569234706266826,0.591351042201414,0.107050017686272,0.245861957635659
0.734601050776235,0.607716360969913,0.139852872714756,0.232773810945577
0.605447918766418,0.674729666262897,0.133657436275097,0.242177265627514
0.694628195473582,0.605019508275963,0.108156844958343,0.233558672397189
0.616758174695235,0.665251078324703,0.192426037209748,0.239867557596096
0.816753063281074,0.646456097113585,0.149455068174743,0.290692527135081
0.675856969454917,0.609357153081512,0.17011654603493,0.298925969030512
0.78415607690001,0.523219602924826,0.159572015366298,0.250920738082488
0.600032663877926,0.729527264017795,0.160425337702482,0.255108057159858
0.64617956265313,0.619910171852848,0.194971399759342,0.320787076723509
0.513783208591738,0.733394706381306,0.164906695046814,0.304507538144536
0.771532925186436,0.558033898664181,0.0783281841745997,0.219719288587308
0.677009028696963,0.729367446710126,0.154070849409094,0.271781518619592
0.73981026753148,0.512851494610872,0.153531067723601,0.222907762844957
0.776796485594006,0.541001845359813,0.151549777341992,0.267429266829328
0.535828970026973,0.707074314859724,0.118417496165196,0.258836284617797
0.68188946002826,0.525398322891941,0.130887084051772,0.280017572161612
0.645826723113678,0.617748310583895,0.145005679284906,0.254473700876129
0.735686967308205,0.566257280046914,0.145669640671506,0.223938650240167
0.837955986019901,0.534647488743032,0.165485611337095,0.188690326278854
0.842532957985204,0.543858797649075,0.167268432077125,0.184555188749024
0.562082060575468,0.732089143668489,0.141696119113372,0.27489843839646
0.596408899676252,0.72258646942076,0.144957561055984,0.239032437507698
0.614119697229444,0.67906908025401,0.135558704766346,0.228583567300147
0.710970371860556,0.461772953639869,0.115077070693357,0.294232595525544
0.616286401907394,0.755441604458847,0.148581593787565,0.301274547687169
0.778740949010922,0.55768005732892,0.125006057843001,0.213693513407285
0.590487960073708,0.738967858110758,0.129816118611736,0.323608368591793
0.712795981357771,0.6399339327365,0.150483949324623,0.211574805219199
0.603270445019242,0.560890732123644,0.10096848850507,0.300792393629692
0.615385934375354,0.488546370023582,0.164470891556934,0.166805569016699
0.62162382600259,0.716372880128237,0.14940997551153,0.274452689387753
0.910854920677004,0.62138545195212,0.204157958489281,0.196037958430563
0.682084374585069,0.612580774536246,0.0702331549295699,0.308337882107319
0.656386461465489,0.721991047225267,0.074034305046282,0.277968985014789
0.793688788092141,0.64569453214761,0.27718904809864,0.271244877322418
0.821343835861714,0.736346294329229,0.108274952844224,0.234398547451073
0.775688879967828,0.753294092709931,0.127095927724449,0.251326546351854
0.606082845101629,0.632037245770434,0.185372780417095,0.282316218335617
0.693611265865109,0.487489991406498,0.108772475639446,0.223565267953691
0.6431800427187,0.719616450214837,0.0966652960338567,0.281788038098383
0.590098310007723,0.571883047808297,0.150433796718918,0.252710561841939
0.653392887755183,0.547884542590882,0.106792673126642,0.237019731269395
0.529764758275214,0.453318363358112,0.154158688715565,0.20525420977228
0.747262280833921,0.640934525907131,0.114965658934466,0.281379899910365
0.675678431866596,0.595111922912363,0.168421067179732,0.207927333850597
0.610352131046341,0.553647651279999,0.149418085000235,0.252007057833987
0.681183648641469,0.524750083927105,0.126171275400934,0.291420446818375
0.68733229480738,0.690836762800099,0.143067430092815,0.180401692533614
0.666035232695237,0.524658033521779,0.143576594897795,0.315052361662982
0.73499249362969,0.749374027329372,0.134546010700968,0.258781058685221
0.638604300675896,0.601040858105673,0.15691011878626,0.266263003161989
0.62562063741869,0.626189168378006,0.104669494175177,0.254554940219098
0.707137346713257,0.559332574024122,0.152484490191505,0.253322550916071
0.664589213974015,0.719788082978209,0.155168549598076,0.208130800901864
0.64322743429246,0.633059338011009,0.122740592964436,0.260731124414819
0.634687120463233,0.625464840015842,0.153441814582371,0.239043343043286
0.681491658942845,0.661000105688977,0.160977548550282,0.322848574742125
0.568660613502778,0.572892975064707,0.134892993619953,0.219351774854124
0.648107255172573,0.553646770998796,0.154437025440466,0.298440751063141
0.599956574964419,0.567028401961384,0.100604184643247,0.240410125926177
0.645352856741505,0.476025000224406,0.165912380158207,0.236353621436236
0.683470881211483,0.455622808734676,0.160668857920618,0.248177267292692
0.644929257382669,0.668281756234675,0.0949693975232843,0.288103287647621
0.644699880094567,0.599378891411906,0.14017204675468,0.311742982495413
0.769095765951727,0.653993239744423,0.135049966515158,0.193314780123479
0.802431322990541,0.549028248215596,0.163803357719753,0.346745960188836
0.758933737561986,0.539997471146534,0.150419894369348,0.348045539456683
0.702729476113961,0.651995587288373,0.143217151475711,0.238438882424915
0.622736063731029,0.680389512147669,0.123043830523588,0.300823204592988
0.613980632943319,0.538760991811975,0.161781272199596,0.214499794417402
0.681095458145784,0.786389918155267,0.149219557815105,0.317987938205325
0.758979706676871,0.531432125745021,0.17955598448179,0.380533208085252
0.738293609464321,0.790974754200156,0.142794068786614,0.318883404658329
0.730454715554136,0.584710415403266,0.113978324248238,0.258658485004347
0.79179593947091,0.718539486704399,0.101889744276665,0.269432271258345
0.754678546014695,0.601130611085326,0.151667522898052,0.231075290984714
0.728390841344783,0.64254532815108,0.15850191882542,0.335296444647583
0.745794945624105,0.757702664103683,0.130994115829704,0.245225292766349
0.578556220032773,0.461959991307326,0.17786482744386,0.25863428272928
0.671445850139958,0.622890204053722,0.0881064618177628,0.219959142447514
0.660743842687654,0.659918131952946,0.178199845191923,0.252716149659238
0.678415268809912,0.552591272666975,0.0994763553738744,0.293796549706866
0.704742688593098,0.578410259744573,0.16907554319662,0.224295596113251
0.65164708774173,0.588465250393462,0.109912836270303,0.290878175809498
0.675663712798869,0.593770845230088,0.14192382165151,0.209484873331202
0.591071666751809,0.506074177286297,0.138244595290763,0.283342634781487
0.62539681198646,0.762009708563928,0.139861978139555,0.211913424401366
0.712974119774947,0.5188946746677,0.138793020626059,0.263787704433041
0.553408378578501,0.730777722972952,0.118615133236268,0.209218488893185
0.710732475109016,0.467011678213147,0.157841621865797,0.256863197625107
0.54618978234311,0.693341486850324,0.139199195157598,0.228454129616169
0.692902825150703,0.554923896734785,0.134651551258544,0.220425929195749
0.689756149261326,0.604299833385721,0.212980370582542,0.260131351923802
0.682573336239236,0.664345873306334,0.1689913565363,0.251625256939416
0.622827012147292,0.545919628810378,0.141574894078677,0.242566730245654
0.68015164897418,0.575571707316378,0.137861891784529,0.222141349528077
0.523236325488623,0.644663841454106,0.151953331032616,0.265846885172769
0.662507418664934,0.612057552074196,0.12920875515414,0.224915143654677
0.59936380622296,0.660564527772109,0.110440652341948,0.242507872609584
0.736498577404525,0.645465191435505,0.133971984597503,0.269810268827529
0.623300007829742,0.623247413569428,0.148824228756686,0.272034360348617
0.755541932544708,0.62255031746696,0.160528223449826,0.277722830259266
0.704546266086051,0.652808173445442,0.12785447657875,0.296619205855472
0.748229374717671,0.540425210619872,0.203453218316422,0.242904518221403
0.658612060960917,0.665274742758495,0.131394770140719,0.363919688307973
0.716994451607161,0.562001058586374,0.203094143998395,0.193732845749525
0.580616263020778,0.575749356090485,0.179956831296325,0.22415775008253
0.578046530207566,0.579038271696214,0.138133511557903,0.235204839391628
0.874002792337086,0.638424335549474,0.134085268205448,0.268606386992991
0.626865694145667,0.524651830292918,0.159102852329727,0.283393652728458
0.737246547563069,0.764750773334195,0.120713511103717,0.217920939675479
0.738967234777543,0.607354358748586,0.17301287086779,0.276185753425976
0.674447418491496,0.578061241441693,0.0939802426432342,0.246783186016615
0.71144770547894,0.518699560110782,0.172582588533197,0.289901096906592
0.707484780506928,0.535847696063078,0.14315288764488,0.232570871600708
0.774914227993709,0.538747607251461,0.174329880916327,0.236980718510273
0.60921668548923,0.681940361502126,0.113195489956208,0.259743256115805
0.794395673369273,0.566206053415547,0.152637368663982,0.245814283545906
0.681824951924222,0.645638414593527,0.132642893412506,0.242465076461401
0.792125596837947,0.615411346114954,0.151306321028166,0.301722950608467
0.662129956769745,0.626230537361312,0.109237021836297,0.256392416126054
0.748357635185218,0.617549218429158,0.208318715452783,0.280036896522509
0.728655749607395,0.713619640558696,0.199781658246387,0.272117155737962
0.663615352576744,0.501305885571263,0.16983735285715,0.262937445134845
0.698066081502733,0.538657908886077,0.175961745660585,0.294675634211055
0.678836694458126,0.656130000708853,0.156815822754342,0.283317899896008
0.616417850861591,0.620969966053946,0.12535714514013,0.186699742401057
0.634788901967961,0.564998264143838,0.115516766882754,0.207345534541654
0.54247252604303,0.515722490363598,0.0903244035686012,0.170745185691887
0.690389394047538,0.577547183216043,0.182117869448734,0.278100343458806
0.623254653077239,0.491990943953111,0.105420814039518,0.225016758521147
0.529532884964789,0.482353528694126,0.105419128551994,0.187545094074274
0.686225362882281,0.563978424559603,0.12782371846816,0.244956569339587
0.621699073124283,0.467884531071244,0.109893378153488,0.215533419360278
0.749241010640898,0.715508806082977,0.146495146823344,0.278981065865636
0.758403814027999,0.619530285513557,0.126515368530959,0.259233129560942
0.621629960582583,0.593058134960397,0.128462509747355,0.222410067702688
0.575276058821453,0.426360149119605,0.0985058870868649,0.230477732878486
0.570299085711028,0.421719617679249,0.099766286951734,0.261604656369488
0.657109048124773,0.565274539714227,0.152690215157948,0.29354418888036
0.669020141215262,0.613444491689531,0.105173467852665,0.222409409496573
0.642530215265531,0.586186463903777,0.130823954499952,0.256795193555796
0.696199775876732,0.622506363685123,0.161772508879119,0.318238578901351
0.745803824867807,0.677763830215905,0.132382331073745,0.267516427664712
0.750187778615542,0.667933697061642,0.132034445512185,0.270507543030047
0.58720106083154,0.575806534224474,0.151457912252919,0.260861258076549
0.601902344241052,0.656468449886422,0.109314218504677,0.236143981662345
0.62993292969512,0.577498242870294,0.172707678670756,0.265527245700458
0.646096489010696,0.581332270549768,0.165507876817733,0.268375891557862
0.745025138916333,0.623504411449231,0.159733495774277,0.272160028479735
0.686092604279477,0.681069260709224,0.133763079030924,0.25516104948076
0.843944649949897,0.728158358477014,0.154271184857066,0.245253669051897
0.772323566334321,0.725666023001002,0.153127446693143,0.25561579516875
0.806605516818513,0.675944116297558,0.118580626775414,0.276004966411203
0.773434636840908,0.805068539333366,0.112106756176196,0.285405362433656
0.68880228490135,0.459100509679147,0.199656752799019,0.256106359873247
0.630842273315137,0.698525375247658,0.123174446680813,0.253676489771927
0.596408981279753,0.633245929188255,0.200394248594302,0.315046794514175
0.694607616305674,0.607617122626821,0.135259153067687,0.23197618188589
0.685929278255273,0.640454610869062,0.166757183173432,0.248164799455579
0.679083204780219,0.593766689055135,0.156320857582258,0.248259765989147
0.665762217913368,0.577868579349536,0.138913839817059,0.230868633087179
0.730296760193132,0.697820233208864,0.130574460002932,0.278528753266104
0.591255552237814,0.537147007451886,0.112636788505361,0.183883676705796
0.677171198209163,0.67399201514636,0.186513872958483,0.339818428082868
0.72432083259287,0.725977628450765,0.184888038437444,0.339095106575393
0.753387811124215,0.629005339779235,0.166111280047024,0.274183111337338
0.940798564142595,0.659151009322137,0.150763494436168,0.285684257007433
0.702182468506917,0.693032635620101,0.153630248729107,0.200240068965158
0.675643536125233,0.547615647648395,0.171219244017616,0.301221101540164
0.604104364161736,0.640325836429312,0.116910727222398,0.212169773266812
0.684958920059558,0.651777905444728,0.157378251527282,0.28493195748794
0.548982539143996,0.595845606319113,0.208337282150404,0.259320300412677
0.780181780564887,0.541816584317515,0.120509230335654,0.217075527364244
0.741346572152324,0.634066612345144,0.120535221253898,0.304964982039144
0.703904732672498,0.55531815414042,0.136981928676449,0.224858616224131
0.671585763812233,0.636330338040887,0.120155513758049,0.295211919674422
0.647906647728551,0.472907978170473,0.138748452197487,0.255267364224854
0.666841991287824,0.565252618395413,0.173646044521229,0.335628752183954
0.695430092439262,0.736267077206051,0.13839646287991,0.214225634398559
0.667885956286733,0.610871732791523,0.119479391135329,0.20525186260274
0.593843329844163,0.636675281161421,0.109169141672933,0.212629288749572
0.666678229732348,0.556031132710391,0.115622134162852,0.348442721897001
0.738246788517596,0.688717262655343,0.154165410471622,0.200333304735408
0.873396712337746,0.69596424394875,0.153207758071375,0.396057317523918
0.651638907674467,0.597290054054438,0.144358931003605,0.166818836103138
0.698159349336481,0.643348229215959,0.14782078875207,0.242693100290961
0.679079287957339,0.58329178394994,0.127254002766504,0.342273377163496
0.61884442260274,0.659323530254018,0.107005595590654,0.30927643449453
0.690085319827796,0.522795639295426,0.121965702166695,0.245758098115426
0.729975444548728,0.735097974221917,0.17550339250598,0.272314408771577
0.587610642724646,0.532839565186748,0.138651074561038,0.253485713842885
0.627033423790234,0.587277507714509,0.154854645694262,0.214207311815597
0.570900648396599,0.557130784015538,0.147681070826575,0.315447044240951
0.670714785589797,0.584178558526841,0.201623574519272,0.242590857793699
0.697729434167312,0.60104353126665,0.108620730562958,0.300765999099518
0.7598489659199,0.677721256454589,0.195508397402767,0.240668825362523
0.772134440818825,0.607594586276462,0.108687924101168,0.289636083550627
0.623065433805916,0.565188722629581,0.137998541102015,0.22279834533009
0.664646653690082,0.571804249106219,0.155307493799168,0.232200522781916
0.704180344766521,0.68236636237432,0.145085171197519,0.277095231158392
0.753195316993995,0.543708560819349,0.166050926917748,0.241681480054896
0.70395490643148,0.710912393919053,0.129091498725128,0.270030598046466
0.634567323398079,0.615363643482642,0.160901191622323,0.27260645858257
0.735997946935556,0.581856378531444,0.117787722050357,0.248392983983187
0.849194186363434,0.581533133351177,0.113186676075864,0.22842175084286
0.511032175452309,0.577133119929494,0.122862164669399,0.337430678009918
0.718562195980585,0.637231899375668,0.15575403397636,0.249873848036003
0.779733545765349,0.618771528045025,0.145444844829648,0.267474902804341
0.762883879498634,0.623540340512302,0.155166931301716,0.258593778967936
0.766667509850159,0.56592911687426,0.169282434708808,0.2789974427037
0.803192386515944,0.601646407058606,0.142687216252383,0.274187828180424
0.718060468415489,0.589862690832043,0.144211219117622,0.272047843921525
0.659118705402081,0.600352598794651,0.136530665221982,0.280631552387084
0.74126530183671,0.56576056395012,0.148066254795318,0.277397630972112
0.741939509732924,0.674536453774321,0.127831608163835,0.301441461531018
0.512988849689397,0.524831303905141,0.143524265400733,0.195556797754457
0.731744352141684,0.585724834666571,0.180744083541097,0.254367369511339
0.709722911203816,0.56978171084293,0.13275610956968,0.256426021803292
0.732237592443921,0.660324382441406,0.138986740679584,0.282621236063045
0.73833753906748,0.566379799590545,0.137665883444132,0.241401404682097
0.64889985350621,0.712827543252847,0.163606571096409,0.322577665472017
0.727825474687005,0.595613946352633,0.126549888287501,0.214071341974494
0.639940818903921,0.759964341686007,0.115801189711856,0.235897195575156
0.756088241856922,0.508715601435081,0.177228849135591,0.299049551901706
0.751817157721205,0.819891002933591,0.110348111122884,0.257520972298189
0.793429172592537,0.868228904899983,0.107825274081643,0.218944495214422
0.67050762960181,0.703523880985253,0.210452638045549,0.298548952260012
0.735354794890496,0.746718568296474,0.0971300206944083,0.275405789186975
0.73777860784152,0.589217305330094,0.218119043103003,0.32192831492444
0.653262044770249,0.629323436877133,0.106049574962296,0.216651076341723
0.613512630318342,0.605993661030655,0.113865504110176,0.25809582743891
0.717858828485198,0.553876793627391,0.157184745823362,0.247618143091209
0.602346693290766,0.632071615658725,0.118554382199111,0.208834334227107
0.773415564306898,0.602824726277796,0.141272342564433,0.296995180502129
0.70609079118873,0.750591939250495,0.198133151860159,0.272863289344129
0.668972079859878,0.509529322802539,0.114051763536163,0.218695189069523
0.627282619357398,0.485778713313203,0.140535655520921,0.209718996901496
0.585124014038319,0.490503006479491,0.142584062196828,0.211100219176945
0.778699646936638,0.560947742772279,0.14191672345946,0.309092890589469
0.682875720409369,0.670551655413709,0.131878507091227,0.216477144483354
0.782241431201694,0.529879139879392,0.138631469323781,0.256095978461354
0.566913704483939,0.513718302599244,0.15712788617226,0.262554696856228
0.68413024872463,0.63853367377622,0.16323301584164,0.276034642284383
0.605184127273476,0.411364955719255,0.108514341992673,0.240219874902575
0.801572150444111,0.504671793101981,0.108745531179185,0.270983469335005
0.626759152791852,0.824461040703346,0.169818345466933,0.22727348826377
0.830443918964551,0.653841792897818,0.125243162074139,0.299096556919396
0.713378105930847,0.785843001628088,0.133611682394091,0.329268029172323
0.682618078394971,0.481172931509386,0.117313601698829,0.270557870821479
0.654116525212661,0.539311958532423,0.102831004765775,0.220873668016809
0.676037031352487,0.740435562127406,0.162362283819158,0.252357982244005
0.815156860501136,0.543382850062865,0.11700886279812,0.248944507090627
0.567670489741718,0.538559956433178,0.142524506046941,0.228541985932752
0.615425277100076,0.577250357814191,0.13902553982486,0.231838972464324
0.684786517018719,0.689899249382393,0.126759749001757,0.268765748796324
0.658200579539125,0.603780814488216,0.123900727974391,0.209327144524273
0.717933506115703,0.571288830183229,0.165116601508416,0.281916162338978
0.604269431955824,0.647018149017492,0.126343302335625,0.248340413128482
0.863742561182347,0.535805187835295,0.161790590447892,0.32438333986957
0.811935028904211,0.757385110340901,0.135521943894018,0.243454726352957
0.670192699416588,0.740944673317809,0.155047733344002,0.324124525968381
0.757090601546706,0.759803007283969,0.148204876616009,0.298474295162559
0.636385252785587,0.587520506024222,0.11748170523649,0.262104626201154
0.571784133171342,0.560686477723511,0.137694455490627,0.225119434545153
0.689371191684049,0.521981407760376,0.136260510656088,0.216557835298227
0.5764971065459,0.611686369120786,0.12659978934251,0.202182675093518
0.63868190644349,0.644279861012804,0.101425946052952,0.251387581109201
0.733554981819014,0.53757246009206,0.175355685396986,0.239048861507562
0.544644631564453,0.506914896200537,0.121896622281349,0.205653836249477
0.649927821377504,0.504810542826736,0.11164458427582,0.240798439314546
0.766273011802953,0.705568830123388,0.139078797079042,0.298260186131991
0.69469210509367,0.731301565016067,0.155931673878691,0.296811341403228
0.75131350723538,0.613203797240132,0.144143602425219,0.253157417214663
0.564889455612014,0.428200012977681,0.120281652238466,0.266915999154465
0.556419954106675,0.716112404342256,0.116982361817756,0.173371844127769
0.75060625205267,0.580004488916488,0.175864280340371,0.329798898679528
0.725509994876948,0.627746829766932,0.127670899189332,0.289251606377123
0.67185667983291,0.685908226933879,0.157961644110467,0.237922065609996
0.816445870837575,0.639574718749469,0.134781790878826,0.300432512741121
0.809351515701592,0.810505593054494,0.19981625031844,0.290251303081282
0.516852017430964,0.467148650623069,0.102620794028962,0.20340409844253
0.838138036663749,0.676146303994322,0.163816480166161,0.287769081082267
0.702430465550327,0.644083999025083,0.118033877149366,0.245193429955417
0.816050353519478,0.639040636619488,0.178292579995828,0.265135655547707
0.766507295352106,0.614340946908665,0.185074628012216,0.246308244676598
0.748762987502923,0.713697467479023,0.138431297626701,0.283564967017459
0.694749981810433,0.70700741933043,0.12466118662101,0.29980432438028
0.794036856569259,0.540419353642183,0.169686396339565,0.232956990610505
0.7585166524638,0.648117622392688,0.137939584778632,0.263003859915568
0.852701171840028,0.614735851976971,0.126870325785032,0.232479699020268
0.594720143287439,0.656454552532371,0.147696052052825,0.242549455292264
0.635391893902498,0.611825173141704,0.133533653491835,0.225255209022319
0.716751511798311,0.677524452915436,0.156245704129986,0.310626573307002
0.85940465771184,0.704216470842958,0.135884588418267,0.289095779913059
0.665286715128679,0.685297553828442,0.168064869340057,0.290478789023837
0.704523184899205,0.547950505378098,0.136807573661468,0.218434456035185
0.680393603141962,0.672181256489525,0.155326353365185,0.238308367925363
0.699675469655764,0.532318832424911,0.113759468916594,0.224141199138774
0.673659214646196,0.654936390705347,0.0932194290064349,0.256753177538478
0.602574456277585,0.6501052148545,0.104096647500711,0.299257709622467
0.840975094218121,0.688970319581234,0.198774771664316,0.251820112313214
0.766613902030044,0.792624004442299,0.107340879789994,0.244222559170882
0.678246030067304,0.735494725216879,0.197279987694868,0.253641646009419
0.615745965049408,0.729857228118922,0.200334357785661,0.276949104443245
0.66512676562851,0.706083538546288,0.120362319084052,0.248428399550718
0.850766146909615,0.777360304474084,0.142699598601561,0.206921259724649
0.764400021484132,0.528577033014912,0.153917731987642,0.26704657437585
0.930540088035207,0.652845063402532,0.156436608510353,0.287582289426404
0.650404893516248,0.688824206404938,0.148661139070432,0.306680736543458
0.767004504314284,0.604627357830444,0.156520347809016,0.23852637770716
0.854249436393473,0.705692713526562,0.117918234214954,0.335485292213838
0.618817665752468,0.568113389306456,0.15713885372521,0.196298117119552
0.846014114478825,0.73291070045587,0.108028865464152,0.26131854148863
0.725039136197908,0.635229128564758,0.16518846170955,0.32664891567203
0.759879661911522,0.59128564665801,0.187058927480349,0.341021435230411
0.703148728920413,0.665356772217646,0.0944941836283676,0.233628051384558
0.826839493299558,0.677045158453968,0.178055350349761,0.272405020517703
0.653889483201342,0.639068153172135,0.176987679510461,0.25432784855044
0.705117820946269,0.612193851939372,0.182486288857518,0.255556843024661
0.680663887817621,0.659759496804177,0.174410352832459,0.265523181964114
0.60740774411415,0.674509227435245,0.166579825523036,0.264952929327398
0.694339985827412,0.521259162206841,0.125510055509271,0.269668090586642
0.608248703170223,0.582080001730872,0.0977997735995825,0.176829311616693
0.671038828641129,0.616481539762846,0.157400237710319,0.316065614299227
0.66787827620126,0.659125703537293,0.121196687780125,0.20923731808679
0.674545526029154,0.55561851901198,0.16077113086022,0.267083121539576
0.564324033605195,0.578325025497065,0.101173116862814,0.195422591654929
0.634131854286801,0.570228041938218,0.165043506326133,0.23856644977463
0.779336753398217,0.581540424066031,0.157735699958805,0.168477071304404
0.791461808652265,0.516041682699962,0.139732110697883,0.209339334473241
0.740779363253042,0.682205049585619,0.181743442253921,0.385599567283824
0.698873180643438,0.526793461833912,0.120732042934941,0.24933494725415
0.635606125382812,0.527590582494607,0.155040266586179,0.228990369430499
0.683529562005115,0.525655030914318,0.167538940608324,0.230574501068561
0.578976955715236,0.553842336330186,0.105361035464427,0.236746861713219
0.709051218039529,0.623410924361212,0.140959472254052,0.308242491832491
0.60894567776225,0.514366729365364,0.144471482062938,0.227407587185563
0.757860017057853,0.603449473915797,0.15302517878432,0.291967449541782
0.646279407337058,0.608317758569443,0.121723969294477,0.27910994458665
0.626060189437156,0.592456698392594,0.145261952320609,0.220749193959104
0.557424023353605,0.575616443275912,0.113492633477063,0.216334904532219
0.687924606660648,0.625267261157281,0.0846463773134023,0.273722504450458
0.765811005454248,0.48188429228005,0.175529119716148,0.256765266668518
0.698203640674458,0.560323659403164,0.132461806842815,0.282530311789634
0.774980433040435,0.633639776150789,0.143806973945039,0.254528128443677
0.797127588068507,0.78160702334778,0.134638758662435,0.236751985128592
0.696977209374539,0.705311401315637,0.118520789865843,0.262752948892114
0.637564648113906,0.488398792944595,0.14533653128693,0.287526931140166
0.706678899418886,0.469930665463661,0.136864265568141,0.270866961779211
0.540470547038397,0.795659081564897,0.156292787924703,0.264478723288171
0.719566205318295,0.490223787218574,0.114317165349116,0.221974569933472
0.643549071645214,0.629571489667934,0.172514246379167,0.309150558541765
0.796164756682979,0.614487845773929,0.108860431989731,0.234502815963175
0.766769899389097,0.603180258356025,0.116890180755857,0.236609904785156
0.685305731933561,0.624521610933114,0.184206937729229,0.317715158543267
0.63791816681524,0.841586741945842,0.13905237042063,0.226984022121982
0.778469419446143,0.550677180184967,0.121303226465067,0.286024463511683
0.553089256008581,0.7270556123901,0.12842960460995,0.182475994849805
0.621610699881908,0.512149241956888,0.167392290827863,0.194661772152504
0.649055650786693,0.465588588365134,0.123570717806084,0.263830308454814
0.672905123366438,0.535649673868856,0.125967454002062,0.231907494048972
0.595807951665232,0.512754510844094,0.115410718682857,0.26537605414995
0.609195554439711,0.509289570901539,0.101661613778083,0.259266002475008
0.702325206085856,0.640558608052318,0.197734282956204,0.29032422694404
0.671475014703005,0.604396050536215,0.0992439482364652,0.277201760371653
0.684963110568346,0.578421853451128,0.216966333745203,0.24675727442357
0.635392241750668,0.712354736700975,0.0970198297011025,0.215707651171695
0.638016036887891,0.695966923426939,0.101087463685446,0.246085408553588
0.633071126285996,0.651696624544268,0.140363466168837,0.243162050351672
0.648428624197672,0.648242700250735,0.106911719002469,0.245504945462656
0.591428667967894,0.51561971566637,0.150042496879078,0.184266892839818
0.654010799930752,0.473462431871153,0.134233580797882,0.326463712703691
0.645922880362702,0.649461413993524,0.130562197455106,0.183699472717508
0.674075084067462,0.774011749172307,0.141154638987466,0.226244880139445
0.704433343153129,0.648133430595163,0.160557539476628,0.214607891326922
0.627777276720012,0.68672418575579,0.127870458244771,0.336294662829787
0.642433499435599,0.670482760161469,0.10989976738324,0.333157591087109
0.629674481359579,0.584930272585428,0.143048122013289,0.185114823532893
0.651434088778789,0.521004344738217,0.10064516585545,0.213408657489457
0.510601233457132,0.420305154621897,0.131594649919429,0.223140739332351
0.584120139270344,0.535521277860282,0.125945154915594,0.212934348125365
0.823648825851012,0.767686086739679,0.155172528490002,0.284925971516426
0.796812575092135,0.673029182609836,0.184320447472805,0.326107320022092
0.76639748439608,0.75345714812712,0.174399747825575,0.241757371641233
0.698366629621897,0.588274044472539,0.124224718546994,0.310166266969952
0.728191840325663,0.55305023208058,0.135874538972587,0.245840658414448
0.714659739124609,0.588485310396063,0.156046184792896,0.250677480020913
0.609412877937796,0.665021667596289,0.143761326512152,0.266243043808003
0.716084548308876,0.610844995251782,0.128238050428978,0.312174948375058
0.720799821359081,0.704951367118,0.170655179314567,0.338053245038706
0.748195207992357,0.672967698272861,0.161922170342444,0.346155760737592
0.711258354093544,0.620851555909142,0.149955918240711,0.19659221891809
0.683461665710515,0.597318467414036,0.128410567836758,0.306500611729419
0.671462638744105,0.585986115211365,0.133927874444426,0.307117680250056
0.598320035683584,0.514417776307156,0.103324146146557,0.220444384665677
0.556849040350125,0.559971228519417,0.159682347120971,0.268278895625694
0.60040451039111,0.580643830740201,0.175011648262501,0.256835614109259
0.665581937136614,0.538612131381505,0.131996508864277,0.242393394217435
0.661725748153192,0.547149787704331,0.151499475658521,0.239605956718474
0.597523336658899,0.525297426970538,0.0914420003516887,0.215114583017347
0.674874753940939,0.504393554260823,0.155417442410787,0.260379235480611
0.64348412662188,0.670436844982041,0.104881905820691,0.228247335740442
0.745575346318762,0.531550813928015,0.145890138681519,0.310504927574518
0.56834133938027,0.705110274848192,0.128082111702946,0.211729871635789
0.680805645049425,0.538506015371426,0.179242135341213,0.253470611688304
0.691310911983729,0.77085233274766,0.100321341442731,0.259875307747192
0.704316809799292,0.754440208268991,0.0992850988230516,0.254477383340024
0.67343265430871,0.58248718336784,0.132591771462914,0.307588839499017
0.726801141451399,0.794884344559933,0.198117578517909,0.232847019049696
0.750699885193843,0.515428732328019,0.111876163027059,0.280254874089791
0.597874531939128,0.645208793571047,0.177523959846028,0.22210522416808
0.607237155626868,0.650837540520957,0.179928303685212,0.230238340033077
0.6364359634366,0.564876158198135,0.162319294224374,0.243468716574759
0.724243719195219,0.520912436323582,0.0966107300013791,0.279525210108696
0.491838764733148,0.62281380588255,0.170904990966064,0.229261589947909
0.481550048938185,0.566657066499021,0.143743439101171,0.214947749782973
0.584992126094116,0.577273409461129,0.111740443518627,0.248198035868674
0.702530584500886,0.517469591719975,0.110074936269038,0.191228980584368
0.6544054316113,0.606324547259641,0.147429136489514,0.355613784994315
0.739302222123858,0.647434602503081,0.182201007834605,0.284757620669931
0.796332500183412,0.723076437382995,0.180650446127804,0.339216525660702
0.752261112622654,0.623111032564545,0.190364447556941,0.278817643289573
0.749327806835825,0.823273720066317,0.117447655910289,0.339549376243323
0.654594618571281,0.430085481519467,0.145383781219048,0.210802895638226
0.686279601656519,0.576313927979806,0.100200563626016,0.271392800969288
0.798749959819773,0.588455912546132,0.175660597008879,0.243467233365049
0.745068539676434,0.600676695052333,0.1838021067229,0.245912504568871
0.781622055331294,0.637848211340985,0.191854597800501,0.249623605608262
0.579801083834326,0.606233948178928,0.0980763884182162,0.303737660872726
0.762802447006211,0.552932492991287,0.190926210161446,0.249768648960934
0.543789851458474,0.611879317507024,0.10679725380646,0.227082323302902
0.708419664986778,0.535072071568475,0.153861433926404,0.230365858927536
0.687736020357269,0.46837217235553,0.094682440721058,0.213341343172602
0.660740576875719,0.654555233130883,0.146520567292037,0.258083991366876
0.644864838903515,0.682119515263502,0.121088695507447,0.295055494947081
0.879374919031776,0.690374832188014,0.168616321469622,0.258403206926208
0.67659861830535,0.618287354583553,0.114079323513835,0.246012917097659
0.723268147636549,0.733736230883394,0.140889269404376,0.250615623047519
0.708125771444618,0.67622932905069,0.119230607176889,0.280892602368856
0.664374750141253,0.619298840217183,0.148359271160005,0.236429328363186
0.723127692466414,0.711080375561197,0.123381654618881,0.247969063318164
0.797680112316044,0.63434412434202,0.140739974573037,0.305090868149673
0.582991814149267,0.683392029865785,0.173722456783583,0.30044026901028
0.658900353384941,0.672318971129379,0.139421487400615,0.3414748990323
0.69202556186635,0.540990014301424,0.120083110583085,0.288832057131045
0.78204954424212,0.736114791528022,0.123862314215857,0.252360431212142
0.583238495100376,0.653570419188826,0.166225972161908,0.256633256891376
0.606643502280255,0.669846571894128,0.170609706576257,0.301811260914563
0.591931853557368,0.649840948578669,0.171551551484794,0.298574269417684
0.724369169196896,0.636645696897602,0.0951008230828965,0.255920693837439
0.614393027660171,0.58576150033031,0.111021588043647,0.248169435962007
0.661049022777789,0.650868739238675,0.128577038009051,0.232004853299708
0.587088905541975,0.66818108218189,0.149682085652558,0.235915557315685
0.6771080008592,0.632898065352825,0.139500137069294,0.268217073754765
0.677955810072531,0.704266723057083,0.141145860608832,0.26657988724001
0.764651255299127,0.723270909284784,0.118480747598543,0.294957015712636
0.803853927803586,0.675552953376026,0.197826721334045,0.286122120282992
0.778205241429952,0.742396641543957,0.228562508805415,0.325447205917222
0.687107860968713,0.61329648520371,0.0998395598181812,0.265527135715193
0.701224213307005,0.631183580361719,0.0993737062370883,0.262775893890815
0.600244129851122,0.60114891465038,0.15824684905702,0.25092238001935
0.576277523885825,0.540071518295037,0.117022029278629,0.236582528168101
0.701012667535998,0.605528329718848,0.139025805272236,0.244238822356208
0.608678280817412,0.600301684927535,0.131595869449977,0.275711965677744
0.659662686467987,0.566554792238471,0.113218758373949,0.21321154346773
0.595445606994251,0.583155300404074,0.118237945180838,0.279956224684851
0.593870656161478,0.587224941734872,0.111225819318122,0.23927548610961
0.797320133748115,0.664505010114102,0.181116281475934,0.272651657985608
0.650968466746176,0.668894825483241,0.132552808505018,0.278356063838202
0.623974410372877,0.597108454847394,0.177819391702815,0.223988426510555
0.661686398791545,0.568764258334642,0.0979241149060376,0.216513346894675
0.737920560522492,0.739794488123081,0.134239420946991,0.302072653169393
0.789128978639945,0.63579403975952,0.150842799341315,0.245882753504119
0.597270269301463,0.569685681952533,0.170671426825021,0.25381988561189
0.680100935749337,0.603028887791224,0.175888088323657,0.275587239135598
0.495969344253581,0.467789017530744,0.0886153611241798,0.222127232736521
0.588521002606576,0.487242673717364,0.120200351282813,0.253586073261342
0.600011638891355,0.639343426492062,0.119716046334475,0.191465047138783
0.607042092444532,0.549363476581123,0.115424124306006,0.287207845542257
0.666504878250034,0.645417926276554,0.116130669872573,0.266383490752063
0.733277099213449,0.5482944203951,0.141283063721842,0.245588430172281
0.711674442319511,0.528800685894153,0.138537837142048,0.225127851111297
0.680174830912254,0.658734675243002,0.132586417259266,0.323268877258882
0.678724331174596,0.595090215032431,0.127371828078978,0.293920083964948
0.60097884255344,0.55748305741804,0.157473693670604,0.226833382503586
0.619932441749386,0.598750315267272,0.140623708034373,0.196839294108213
0.66615080236087,0.630427282575425,0.158015412465937,0.253198249313347
0.716034186036448,0.632255417198203,0.137822344924783,0.269358251283425
0.740968629368642,0.640234096551525,0.160433195783951,0.23312832575103
0.808907507191342,0.730118455978108,0.177436270638058,0.228603650981547
0.815621835038326,0.691707069240692,0.140395328634239,0.259739637302805
0.733513077369451,0.627985590056923,0.146460175067066,0.291624532578401
0.684021194656661,0.656102478385035,0.15888691856616,0.338591394752871
0.65166334349907,0.651010178553901,0.120399064657212,0.253700835698748
0.692924993447079,0.539407735807442,0.144523180892401,0.235833849883813
0.770463662405285,0.556156116823929,0.152925001781079,0.24265301542757
0.666583907674151,0.619770076656146,0.138720300962418,0.33087116092296
0.669005442195463,0.551327877286046,0.163701839228028,0.295055086601972
0.704191172357071,0.686151860257874,0.104755160262395,0.213469807485857
0.574556560246348,0.684202098329957,0.102771635427939,0.215583863938301
0.642419609052611,0.590546826487104,0.178299366598432,0.315969117485791
0.754141099386823,0.696669780911365,0.198812686962372,0.282654619841615
0.64015646347403,0.606485520526825,0.113565340442124,0.279510347621539
0.631920991268709,0.634937053658968,0.137567558477119,0.226734098971785
0.67909901250541,0.576503467660244,0.146814089038851,0.24420513640276
0.68921827443058,0.552819380990542,0.129073874974053,0.2405087451519
0.591912797123507,0.638834560906266,0.117229668343258,0.250818445273001
0.707839855716708,0.527601033078077,0.141119961564203,0.225778808215553
0.640845579998591,0.612337100158982,0.150046173052615,0.27064743209773
0.685953545720962,0.553195247508528,0.115554353025006,0.206413133830179
0.696856120057253,0.761588659481033,0.134760163626363,0.337243801281582
0.817833202695961,0.627083651866619,0.172107842297651,0.290626453361361
0.819670535102889,0.638995672107881,0.12992207913729,0.276113150947882
0.644219796518338,0.661119573044188,0.14417215318135,0.268309623415196
0.795785884536757,0.579995812746005,0.140689259879037,0.27140066699462
0.661744260479552,0.618190702686781,0.163023423823949,0.228632480399414
0.680696333034458,0.56601545331336,0.161838020992682,0.211726091821855
0.892652640536325,0.676522403363424,0.139633698023627,0.300072909649343
0.643247599236748,0.516905641104925,0.111118641984034,0.201669753908662
0.622381680979801,0.578484821158372,0.121270936436798,0.270879885834428
0.645741572957237,0.583053759543925,0.156756207156449,0.358763715820405
0.712668107686522,0.500692740784321,0.121373226925404,0.244887179073889
0.624817757469157,0.707660663604789,0.159910796128469,0.270280812774194
0.693281139279581,0.635413608609895,0.128147068149652,0.246063180285013
0.736354837284406,0.599417499538062,0.108671272109449,0.274253980951498
0.624817989461881,0.585981794562357,0.139366757844174,0.268015506003726
0.653589322959026,0.568068222360616,0.12922958910295,0.256250404093428
0.65818941006837,0.59922876660212,0.137751891439514,0.257364277413195
0.825567880690995,0.727932264636932,0.171317656991319,0.328302359360236
0.6409180374719,0.596593930257627,0.129853107550803,0.26451710559453
0.69793227022322,0.596003275614008,0.133331241459224,0.218986499063521
0.639238426429692,0.511999028316456,0.130307137953694,0.272371354951817
0.694897357809512,0.587044354829466,0.118570342362901,0.233936465444696
0.656503769824856,0.672587192655665,0.170566338054865,0.304285243307669
0.618495769165555,0.617968876838422,0.119904036850807,0.241255135295297
0.639276317750263,0.567864770540619,0.126855532772714,0.289425264214822
0.679609880304372,0.616302426825407,0.100197064259544,0.18525820847602
0.630662339678312,0.612015943586671,0.132618263344001,0.241721994549593
0.806349666396486,0.730071786547679,0.167936992940238,0.289357486205151
0.748355870993044,0.684222051722408,0.130915019291885,0.227091782458397
0.564737093567287,0.661653833804297,0.139913868066621,0.320188677563995
0.558163685204954,0.56469635501823,0.153525983674616,0.317987482412746
0.639294489222109,0.552144601279333,0.180387830128249,0.240979568264318
0.609087215893123,0.573976873157483,0.116927426664977,0.287621840665201
0.636182857597879,0.595344298346555,0.120515509774764,0.26512470759324
0.722078435832687,0.641044101634134,0.194411456503838,0.200671601169265
0.748081862280059,0.696100501575526,0.125983782194962,0.310740096392598
0.753616325173839,0.623474011214608,0.168681423263496,0.226462048125529
0.714441641529593,0.55645775144632,0.124112553407028,0.243609778889312
0.650992281641624,0.699275597690727,0.15044857504839,0.2576178725537
0.829712877665006,0.614067747051713,0.14197993235854,0.250115954857944
0.778238866660517,0.612303589964689,0.128789403427714,0.239552219758142
0.684767661245314,0.592935509223805,0.164272368425805,0.320468802114705
0.683876076209022,0.539563375359359,0.104381010142014,0.226866634738749
0.700326920845579,0.552995193208161,0.100977834808422,0.223531864877671
0.680711425802467,0.536392874348966,0.123193342054296,0.267296832124246
0.654736059107956,0.644659406508937,0.134570241680484,0.254863309471019
0.699513948234043,0.579162296866917,0.130319384057605,0.190155141259291
0.636336438840183,0.704265736171298,0.14361774385907,0.257193509112259
0.702008566821298,0.494030650542209,0.120264362948814,0.178860161357132
0.692432353219689,0.527817825825654,0.128974956985126,0.20716651769899
0.564802983631478,0.590269044549192,0.156587467635992,0.292755988492195
0.620891341241064,0.506010213559792,0.129231321514594,0.255030744004458
0.699548823550382,0.709772733089814,0.101357037861625,0.219182811051901
0.605490010555061,0.490483981268425,0.142262733647636,0.247015435030145
0.687021540025562,0.641641181917594,0.144787771124741,0.230498147391649
0.703680314192127,0.582059863910457,0.100939526907582,0.300523984770611
0.619400260456728,0.663074357816523,0.139018237391802,0.190852757431454
0.718529842696066,0.548238535328361,0.119338387418582,0.254091098001171
0.596169740407819,0.499182411561191,0.0843638902986245,0.280756435766793
0.686583055692487,0.516224653636228,0.167633368549335,0.235966128463343
0.598467847631586,0.598808697794477,0.12260989116665,0.230174750785325
0.587794372063083,0.55348418187562,0.132079767929556,0.263507297935031
0.613642305570906,0.561856870800403,0.124558900853684,0.217626710650335
0.559182487722678,0.533463404884422,0.13294375737159,0.23850279601088
0.625763222459448,0.57516457761364,0.130365192458861,0.224276584993514
0.706634603943738,0.633208062668571,0.144982170991034,0.245746133497749
0.742501176682581,0.542364471843953,0.1502490446525,0.218539421326608
0.634738906482495,0.53722215873752,0.141376077409743,0.230864137199274
0.549054221399077,0.413978252268362,0.139326948806941,0.242648922455751
0.85990952949305,0.906211217413622,0.160232594735218,0.30730953212145
0.735179468295072,0.726052975451109,0.14363943747083,0.243302310960366
0.640884335217289,0.692431173448799,0.135089202157416,0.347972949869906
0.718925652585207,0.538248275175686,0.123783890837646,0.189100279099296
0.580697331530886,0.421816953440965,0.128783300523334,0.28612614616062
0.86006062346703,0.829190928582428,0.191162446481084,0.245500081348853
0.682018005223247,0.485997595056621,0.124909875917419,0.244477088019682
0.748924331675418,0.547844934868789,0.106933663996923,0.259313603830407
0.637327351934433,0.51438332596975,0.177981379018912,0.202235280035758
0.611289071062218,0.637238228634737,0.101618156565896,0.29007714455992
0.612035037199164,0.487855322819857,0.12388886003215,0.262827841957457
0.695592527910698,0.577399470339326,0.189794843124308,0.251786644907415
0.796279128538809,0.722270260509508,0.147785586177823,0.39298408121142
0.650563502272023,0.6709974210624,0.183815537584475,0.22037738862269
0.599950241944195,0.531445096629077,0.106416129453174,0.261684955316382
0.630128093029524,0.494362807631173,0.11075719753438,0.233813695283815
0.704927376395422,0.740322815555692,0.15470319722156,0.244742521540779
0.705322381748614,0.650655128509306,0.147850675278741,0.232555719647479
0.657121537274971,0.531065104874711,0.118628961107276,0.254465360404302
0.585125748167587,0.555487772514651,0.0980839004581824,0.231361310925568
0.715632201240924,0.565069451047186,0.138150220875916,0.255306482866911
0.761954635117728,0.663328459404339,0.121102237847133,0.314707620211226
0.727014979132184,0.882693094890497,0.138231085599501,0.290372571979975
0.678574263854903,0.525132064748913,0.141489714181662,0.192828087860106
0.55055094887947,0.529875381996248,0.111882086790056,0.239055074952478
0.532576759033601,0.557805391672638,0.111945709696454,0.200838510233601
0.574903258937248,0.612256897355868,0.119613384137614,0.218131019130557
0.774465744357441,0.696478916332214,0.145412403587975,0.299334581713779
0.862974632533502,0.613416838887871,0.137272512611826,0.248503491495593
0.583779648480704,0.495545883175608,0.192304083242102,0.267721651286024
0.633034488248551,0.546355795142182,0.0859952142779944,0.209223765105762
0.657913505089835,0.596087969114417,0.199827683381497,0.291988974528624
0.676706510056105,0.65361876360969,0.216689308937032,0.338870492706843
0.707641434831028,0.647833910216231,0.103497794238672,0.243350440098891
0.507341631054255,0.489220439844237,0.186860014298115,0.201234428762916
0.788508322363416,0.765071429047419,0.0943215929054258,0.27970074526779
0.726231415895778,0.664587424858361,0.263784042652465,0.291011380992919
0.75375069162937,0.599853388763131,0.0827169814723065,0.309668311896366
0.645561587107317,0.6687539511338,0.2041174890454,0.236066686342732
0.619066264736043,0.563232875673733,0.164165016308643,0.200404326844239
0.616087554081456,0.619875380173452,0.10922629382771,0.307097559504832
0.737203065983481,0.696554718061235,0.161449014685243,0.253852379242651
0.703064690559908,0.492891965779117,0.132133278972834,0.254678144954579
0.538783392688361,0.521628783989916,0.123355278620223,0.200731278806261
0.629889969411499,0.612371510021694,0.161667312076059,0.219358108514836
0.825186912105225,0.697163696072273,0.160586079927891,0.349347564508393
0.664783835498668,0.539362497247398,0.120134609693328,0.2301705050095
0.768731461871689,0.713832634635914,0.16874957478536,0.330796402768465
0.719199895455723,0.562632146355738,0.13384633082623,0.263790771610902
0.790304956527478,0.560982016723164,0.147086061331647,0.265473948964148
0.728763910112851,0.605630600165129,0.15191133514227,0.312444142103656
0.659742564998369,0.712082386951217,0.147103888795836,0.20110958030141
0.662371376606614,0.552367918879793,0.11195765139505,0.268332986834342
0.675286133754984,0.686734642751013,0.109926082831009,0.260197414574536
0.753285472287268,0.656339915978507,0.117726661634164,0.204687977460587
0.664840957791611,0.544831372682835,0.120442617421611,0.251830214767838
0.592993195184448,0.508185606687041,0.13100519228801,0.207806373831626
0.573100110711693,0.519637864299972,0.121490480876794,0.206943114075361
0.643116875791186,0.597634797050236,0.153593414382129,0.271110893802708
0.639668912242675,0.54416265112944,0.145623349690631,0.247360166855889
0.791978761048057,0.757522490886202,0.137318216240275,0.269077009619149
0.85653861683402,0.703771642949176,0.126694540445563,0.270634438245517
0.579271099141254,0.52175391963397,0.158192988566348,0.236499123078702
0.859990189937097,0.686381762634018,0.134644490963599,0.331257573887671
0.646577452486628,0.66437091454253,0.169866922581707,0.272136510963972
0.773001758775787,0.660897257966357,0.114814684148115,0.287433986697388
0.583341109299147,0.592738499316392,0.182025848696447,0.213375182403845
0.792231833116515,0.582184657038956,0.0814693165085246,0.349689315783641
0.804983452561474,0.628903344467623,0.0929136267003909,0.295571788285216
0.616905271214741,0.566778073341434,0.117911813655885,0.272118406831937
0.678269013176008,0.606279824392733,0.174903671291366,0.278935216232753
0.666457108558699,0.642219855446355,0.155955254405438,0.226336107226747
0.809839034889337,0.662997370995928,0.184260997615696,0.277040927941073
0.53781627296623,0.539659502325387,0.105852900561374,0.247038656338623
0.701460408360295,0.538024605369553,0.191404787218198,0.219373919096388
0.702134362645658,0.734838541104396,0.114946399149937,0.232010769332377
0.686218666646409,0.615371097365505,0.137253670816831,0.247831329563355
0.744453848907031,0.552903161176938,0.108898759329692,0.313313374128544
0.711499370116809,0.635459091546199,0.0835344709022633,0.254970983015698
0.679134104118972,0.693178614782697,0.178856303911512,0.21848684795681
0.587639304836897,0.67875561154803,0.154834284426238,0.210936476962621
0.721333383204408,0.633290325854416,0.130799434258443,0.320481388214187
0.595784051967668,0.588975281881582,0.152604704676779,0.209516209111748
0.71084153562395,0.56436658062441,0.125345240053431,0.284445844671294
0.469626989652012,0.406760730081305,0.170169868588073,0.173813783966567
0.526853187699866,0.45749750950075,0.132951649565311,0.150361883879039
0.815972736339529,0.804040669171389,0.136236407561257,0.35369109826436
0.740573305706112,0.547530314226643,0.0968253787922744,0.260940313505755
0.747246407584642,0.635074246558624,0.120221572741981,0.251370153315462
0.662735495940336,0.5836355872841,0.13598267574053,0.243347882739832
0.649185377082656,0.527349504041535,0.120377026517474,0.279995232036633
0.704510919347377,0.757461423834497,0.161343874110455,0.278031080604286
0.671780338217416,0.621260789286239,0.10732846085498,0.225047836909123
0.767056107787826,0.641160735644697,0.142137241278088,0.295539258838732
0.626178835308618,0.511542469949473,0.157010692639696,0.288299440796903
0.640979429098026,0.558387489538003,0.147418165466162,0.279435753929496
0.638565399093785,0.717982999257114,0.119741887640982,0.233122411841564
0.750439885199487,0.596479950475068,0.194097183571609,0.32821909991122
0.728699584265109,0.785994534797722,0.122651299903714,0.258168989335837
0.663951741576295,0.56039043589427,0.149514281021056,0.341852521119574
0.636315498187572,0.687899694132101,0.140493157403545,0.171576592106881
0.54134831066286,0.444318385339328,0.13194660284297,0.278163419228995
0.780997647190907,0.490888017250258,0.148744843287331,0.230224086047645
0.610223720276445,0.584892589693183,0.145236670764999,0.23249116408643
0.714154518138163,0.552804806188004,0.128535697281642,0.212532105737918
0.620840664977534,0.576735251315206,0.122465615104638,0.221883765520451
0.714485047910599,0.714571299190162,0.172713831350403,0.331770590008141
0.783972372143208,0.769541373960059,0.137600553499735,0.287148894924275
0.654333579301123,0.512167139481288,0.128599907969673,0.296369635439953
0.672037639528475,0.720462022888488,0.123266725394391,0.219559458718746
0.721301910726982,0.475240286962841,0.152297112188504,0.242883365932762
0.687364079023179,0.414534719270395,0.151457485534644,0.237007647583718
0.657487599814342,0.550563432021018,0.189627805124207,0.266825766301331
0.746590065503811,0.603385515410938,0.201980735365042,0.369779576728416
0.656535226884962,0.695650093293634,0.113996940371639,0.211486566109429
0.690063090984326,0.689303008875491,0.133333373899356,0.235998624108688
0.61134970049256,0.510762158922388,0.158648109009136,0.270625098908092
0.703126409040406,0.728904408144061,0.15568829523151,0.18232340358382
0.537565525360289,0.541672821389892,0.13067784189038,0.288328092510664
0.660784146965089,0.629396070863248,0.158981417258232,0.2221419826079
0.750540697103699,0.622298303320077,0.127309987137827,0.266957379754603
0.678062337929652,0.709645642569927,0.167699949330974,0.22739753306774
0.648543734895974,0.610220718733697,0.143872424318798,0.340196004864129
0.726734909905284,0.606575199404827,0.174072557968767,0.22787484606536
0.698456183912195,0.590678364573366,0.137494673462235,0.236008708583542
0.586803268741501,0.542651392395024,0.153105728035083,0.276738225895344
0.647890949396934,0.515758304924803,0.134646896684822,0.268910188901057
0.800202774371402,1.0286591006822,0.136303642048196,0.270442546299542
0.719412814330423,0.616571805714747,0.174133456744674,0.34066982788712
0.884015732037534,0.642201145460495,0.141343031658817,0.307515013488278
0.691047606147037,0.651337683054125,0.147501219958935,0.259250688510613
0.677135773991907,0.526531450805944,0.129244851893826,0.20928681398386
0.703537907297847,0.545446929068904,0.159061255076344,0.220943673488088
0.687535936596065,0.535112885253945,0.146679444112071,0.222933769912222
0.725497212026694,0.7700888984894,0.141375311157077,0.311111554271522
0.78717812156893,0.774940876466596,0.141054013206361,0.273731961035234
0.90688164179693,0.682123801597538,0.14141350398059,0.302218822870078
0.482736929262196,0.595950703795378,0.115146319166303,0.209770980573212
0.724552968358585,0.603541578002744,0.128721779569893,0.259819214774654
0.574499996804739,0.525773461575688,0.111159057103159,0.230155173244677
0.637625416486418,0.598315209539158,0.145167825746135,0.23587969301439
0.64450865424657,0.487063781127897,0.110486219492626,0.248366308787886
0.601436619700176,0.511009612126593,0.122381104432935,0.22999183828087
0.569697423160908,0.491274377783959,0.141886827272547,0.195938218775585
0.573938515035678,0.49588312436702,0.109772120195567,0.20717896410779
0.634044178580817,0.628123928154425,0.154043360351391,0.258890242897871
0.517923278181254,0.657697299986669,0.0981810998338515,0.22486202455989
0.518072273777904,0.640500989019058,0.0925317266609196,0.237558587824086
0.522057274653111,0.552928792408473,0.106111265603183,0.241993811540391
0.891871222971892,0.605482155863153,0.175351954975451,0.24446879830067
0.554868672240763,0.65950514620155,0.152875921771044,0.269214445747894
0.851374977551202,0.518801200715987,0.127294199991411,0.236161935090757
0.58498104252877,0.614672844468081,0.161658343254194,0.298314463367051
0.551682485734555,0.598351418628419,0.150236170092727,0.24834332086255
0.611057985743218,0.490432208230938,0.190757483528045,0.21233203524889
0.827235010135809,0.695604425644281,0.113533272682123,0.303332721854746
0.586755794716912,0.501796933189172,0.154572111885595,0.218486728594839
0.836683559915001,0.616981716408459,0.125471591415616,0.260546396153283
0.653604309142562,0.64807707795676,0.154263602345859,0.272644468063068
0.602976227854796,0.476039113074029,0.100031959880445,0.215133647410418
0.587171927971396,0.499047565939449,0.156333038137929,0.210263283046118
0.711170656548422,0.596829452548255,0.116243419592081,0.284639263264416
0.776823576345667,0.626754397689063,0.126948267634271,0.272041342492313
0.688817497488438,0.661414441284964,0.141249673034654,0.263525003876828
0.735839321174486,0.539849139735496,0.127516025727399,0.307672901408157
0.628918085446776,0.631410936859807,0.174283821693546,0.205437165262732
0.633828815765919,0.647064448287628,0.162914069870798,0.213082143067865
0.576005078367265,0.561470678684814,0.106580164644199,0.330632830225387
0.95746545005459,0.728134438796934,0.184522187596978,0.225079476898924
0.729383565690829,0.69880707794447,0.138002276586118,0.280928484026666
0.773910479657748,0.752338307759317,0.1763028428493,0.268453452687455
0.78192241794426,0.638768548753566,0.236147002340798,0.26613354331862
0.693972036674191,0.634334284724235,0.0882294533043899,0.267619692585743
0.709757027921439,0.660380968032353,0.242739046199868,0.294914748536861
0.690029461598314,0.528717570164057,0.0906590843891447,0.309782018972698
0.685992416719543,0.546760608380935,0.192691548318104,0.171115468823951
0.689250735559642,0.670435857608594,0.126307950127604,0.328058064418248
0.583869589080167,0.515522320494802,0.121431318507995,0.176626403007686
0.611644919228731,0.666955119438558,0.107851706353127,0.293194073059801
0.610954679740595,0.723237220868107,0.13449133874323,0.321017025817722
0.604649939703773,0.769970342948292,0.158002318666184,0.331756748732994
0.773015455508629,0.511078881958941,0.116958785850993,0.227178071290712
0.645217368341231,0.642943877906073,0.144625641296647,0.294919411989543
0.815213743945882,0.661272342887479,0.123947808300024,0.25061631292149
0.496750300960262,0.499093944131262,0.140649047348163,0.24184179683519
0.795639235808785,0.682889645763033,0.16854519011695,0.309431349596374
0.658538146522896,0.667536398254916,0.125030811926681,0.2493342971897
0.611701690767479,0.510064041665163,0.117257959698687,0.280774173881373
0.616422319476479,0.701218968056319,0.153918568176666,0.246549106189215
0.618579424033852,0.604051524174326,0.129087309447122,0.258727969914147
0.741885984382654,0.569246480127473,0.150494187795832,0.239639539522287
0.633702649239314,0.546499778194124,0.150312900234443,0.235560702669742
0.761267946317141,0.633181844364333,0.164827082269446,0.234290258617292
0.681409994811289,0.587380979443938,0.139141323292971,0.316996105123767
0.693278494028303,0.582094622128926,0.127828631595937,0.308529671764166
0.601662309057225,0.505340815631467,0.1236561743931,0.317227535805289
0.635862963032859,0.670971115899451,0.149314476175273,0.20218244532627
0.685664540079841,0.543468521218456,0.140027025973725,0.374338383531353
0.783868149931963,0.59081124824467,0.146012861268747,0.351844974118854
0.571814393299205,0.618264634299596,0.113048304218389,0.168024491743407
0.625070951464021,0.51207261966459,0.116348366891295,0.262114514559933
0.585570010573249,0.569636570739893,0.137813137264721,0.279527002686192
0.70506783480887,0.600362579351755,0.119401475540205,0.210132448462559
0.612174063241495,0.496761619703757,0.104180956349401,0.206462823662808
0.783306767240088,0.672269815804746,0.195172221856103,0.296200274308243
0.633593016895883,0.544971274602014,0.111217175339112,0.326584775869584
0.716849819941365,0.607941743902979,0.101550223841016,0.298667888912406
0.681140633487879,0.613014704507316,0.155213303255833,0.290169682359108
0.646147904979846,0.607436851579859,0.120227438164077,0.306740236782521
0.72632775480197,0.623520331676895,0.154200067278782,0.249268157320061
0.59342177088962,0.692291190515364,0.138026508851075,0.281086452508932
0.721348024756616,0.602211545027014,0.127697588839031,0.261567314286505
0.583641539423,0.565520815231811,0.172899080264566,0.26614189058651
0.616561989966235,0.607002827453659,0.191037425315065,0.288120384807554
0.64346471262517,0.618921368762616,0.0901606298753545,0.253232753076609
0.644349158775104,0.52836980002371,0.125088880403393,0.20442520107725
0.614608814189843,0.537824073084871,0.116153825779944,0.223045040007
0.569183098272674,0.56223201517523,0.112674328458382,0.21012652986452
0.636008183258354,0.434804778656275,0.107790953295701,0.237093437632147
0.559135513438892,0.522789057779911,0.150043215495559,0.25246791648413
0.785885354848994,0.823100075645246,0.123125248236896,0.215723072561888
0.716653735690311,0.665878102216418,0.120522440913883,0.228207988826278
0.636689905610556,0.563510893999249,0.162913741006958,0.287025790227718
0.652010342438565,0.553949924890907,0.171755033174645,0.285568573262536
0.703488187048174,0.58477614971746,0.139115590732934,0.305098586553841
0.645841320111061,0.606091941244086,0.140587246978005,0.201551373418295
0.666947200877922,0.552571799717956,0.119931827480589,0.247650933941973
0.595190238997633,0.510148920752749,0.13826586415834,0.231534172847042
0.745909613293101,0.525868080088781,0.180554717583364,0.229561154674421
0.628429929599964,0.699609727672566,0.128181795264419,0.204657372978791
0.745717314535203,0.627395458552298,0.113918887724291,0.311419612892491
0.698872140793875,0.719512718003455,0.167088287916525,0.226756942039765
0.777600232221851,0.610630765879306,0.135213868383123,0.297291957274572
0.657391294077159,0.589145822894993,0.124874997965343,0.32118635604864
0.743260060527102,0.645965755153322,0.128605182449271,0.281769243250636
0.645210506434864,0.53625523007755,0.12366211592251,0.231321179725356
0.674140930084131,0.675613388281018,0.16979598399834,0.231253094326985
0.828953262105488,0.57012338389231,0.128810295285612,0.337682404891823
0.794668738940268,0.635494987845041,0.14767520536114,0.287339277744838
0.677842450418052,0.629613351590553,0.198842231389553,0.242785417313614
0.691209562391934,0.553703949015888,0.164024556511932,0.248059411234144
0.69305334751542,0.519376533646724,0.150943683851443,0.241195399387187
0.660513874982721,0.630851946353684,0.119556858437762,0.228875224231397
0.643816022915365,0.694838549191261,0.116632869037885,0.260062236058967
0.61195326208817,0.468281844624647,0.132956945955902,0.229786867924549
0.610594734857231,0.469067820029678,0.150683661096888,0.251445333487418
0.564329514240454,0.631758335036518,0.104423142560061,0.235338640442863
0.649977683321138,0.436774751130261,0.182102118867806,0.213902500053237
0.591464788584525,0.520573726156978,0.165715746069106,0.215139279831467
0.748348948948857,0.58890439159009,0.156433925187858,0.302321990232993
0.661728863666329,0.699714581182721,0.139601213512878,0.267974210685033
0.594455439957629,0.531957440266655,0.159040255867708,0.25122759703541
0.673982697613171,0.502881868593299,0.0953208127423012,0.219180800641873
0.654777642307033,0.64593281075846,0.136309169291322,0.255516626480726
0.650547578701113,0.536495677814094,0.103501533953982,0.210709344913312
0.709054190084725,0.547110913481149,0.125356650737661,0.284568422708279
0.683121698506797,0.591370976613966,0.119250651974763,0.30091056286201
0.624876550488396,0.5078096358755,0.16301630081091,0.20020668330845
0.618424978525869,0.524363921546873,0.1349179440752,0.20751558785705
0.602925516389224,0.575024385561215,0.126978329803355,0.276402963694691
0.614376822377239,0.588327196637219,0.131134076898656,0.30808110710412
0.809876419537589,0.685545325106064,0.115128009714107,0.24515966154191
0.634507553502079,0.707568366841775,0.182836506280348,0.222797259031505
0.578246004200059,0.642681937184441,0.16620788986193,0.224487387275354
0.633719010919591,0.607525560969565,0.1710054598478,0.237808607717806
0.639581399961068,0.571312059056401,0.178886194634788,0.242790817303486
0.798543096802673,0.715177354337229,0.141743307121561,0.276878092936604
0.61508137413643,0.634895041510079,0.135148565389214,0.260835548984274
0.791604612560507,0.635800199524395,0.156860887384565,0.27710180137268
0.600945938457389,0.634500746538314,0.146968178227318,0.260119687379098
0.575082601358855,0.655620248923439,0.174081229369519,0.221599548147093
0.646352763064718,0.552757779202804,0.128503059954926,0.284645741536508
0.612386300667163,0.569856253447518,0.118792471182054,0.195447938272067
0.744985422784832,0.631534676918146,0.192768617455432,0.296369102848284
0.745007894919666,0.699866154465064,0.105494627290554,0.233705258075637
0.684061616072879,0.610409922185173,0.139814679864594,0.302872128152176
0.602320426525171,0.576581571287441,0.102850888905022,0.19917669996467
0.735293266274361,0.594673562636822,0.166302787707837,0.326363616689
0.604644958660439,0.628673555434281,0.1167591525565,0.193714075273565
0.658532907853621,0.463151112745937,0.0879443753612095,0.22622815492028
0.754558011818631,0.562117581598366,0.0826620514763444,0.246513279566781
0.576015751715265,0.575060352840603,0.163358547857973,0.208574963951963
0.673798530885782,0.469764662482039,0.107173717990413,0.273049650672896
0.693676003413709,0.651357298466312,0.15144659779873,0.201713942024533
0.748268421010985,0.592093012033939,0.0978112881047994,0.271334578056772
0.73556290789286,0.659079784746813,0.187507635369354,0.296233208964491
0.722052059930958,0.709874225770181,0.0936650394618099,0.255675271443149
0.710527561808662,0.550993499601613,0.233837119289034,0.281013174589436
0.915086738483047,0.694406984167364,0.202918759479082,0.272752902099885
0.701714289737388,0.668975945293141,0.114112188533108,0.246207219251824
0.610334411202426,0.512112104004467,0.156784669540525,0.267838775495529
0.669622074881161,0.533838753452145,0.114651481986624,0.255651819381108
0.661359265817316,0.739441798233887,0.181873614246441,0.2334239363936
0.742941107275428,0.52422169645833,0.0978509450128397,0.247118301069304
0.736177168561414,0.671419737736786,0.122371760556662,0.224440426575272
0.624609440863911,0.665387226435235,0.150011246673673,0.260756531865095
0.764765415050027,0.644745085452416,0.171359273125208,0.238107425629411
0.578933985226442,0.63789755918882,0.232446674256673,0.22935993739327
0.7341549334506,0.535838583918796,0.0834502996293855,0.219036884606112
0.549066569125497,0.476071265480417,0.125892334826433,0.1939646469003
0.598791095766315,0.723315259398786,0.140640773428039,0.303020493522332
0.753267235316614,0.58244521111738,0.144912515989064,0.186021061832454
0.572567646812001,0.613791832950678,0.125300579897843,0.264977270899
0.696984182022014,0.55525922635992,0.116891819919145,0.273315085819137
0.668542368841756,0.565918809696323,0.133097421855475,0.241567163285345
0.559286740783137,0.569951067781808,0.10754767002136,0.167198588238841
0.689458386587427,0.570949452522354,0.140823425354378,0.348195513781145
0.804725131998743,0.689144555414722,0.111119095907236,0.190490696374035
0.583513552448631,0.482645335032003,0.10249386440954,0.393972529540591
0.746598356080274,0.636088025330795,0.125267863849747,0.181568506810547
0.577976816992716,0.463247015730862,0.1188232879717,0.234273915771481
0.67942641131725,0.636318804441384,0.128427167397524,0.253178336082682
0.648838839996805,0.599661362820043,0.151872853899073,0.262944030601603
0.699614320439194,0.582169169683396,0.135208420076324,0.285521240375429
0.616995772548497,0.553648825752295,0.127483337340149,0.199562830910119
0.666037503054979,0.548222335670979,0.162474466426396,0.28443306219333
0.746336500630248,0.708077678635961,0.102025915675931,0.209441034487995
0.717309979610492,0.667235817319299,0.185104023850536,0.361832457014129
0.735398381673659,0.602147119550959,0.0892854610528818,0.184469819812737
0.734759672418875,0.763656425109141,0.23889905246268,0.267537641998255
0.834187184309353,0.675521608885763,0.185050346116717,0.252406837242342
0.923980062362472,0.717230550307281,0.164968862117222,0.335119080159459
0.668893999000778,0.577104550489945,0.143110231627785,0.276010825392708
0.879653832105482,0.716727348258173,0.173166468158871,0.267919350723022
0.790055374073023,0.702551400115004,0.153770796431619,0.270155418111897
0.861035273592602,0.695548903627882,0.146584081820015,0.27856881139247
0.755681683908516,0.789340476714259,0.12241320086613,0.276240888670417
0.68779986333003,0.594054554133944,0.152937215001636,0.307958330497346
0.678430273339882,0.529014095674381,0.0994145395054705,0.251854767782734
0.500421462142192,0.518932031379017,0.147232622405897,0.225834434481087
0.743378769880051,0.547234777896842,0.110895443762537,0.253445317458895
0.635984700900121,0.58431627550897,0.12992406644465,0.284788866793546
0.659402902760928,0.569805708327003,0.11418900867883,0.210909907591474
0.636943028190955,0.527406819457617,0.149968913287911,0.22046397119672
0.628717132867358,0.57450469043131,0.136129885918949,0.235293410274942
0.610025168456854,0.553286084273708,0.0922518736844757,0.251928664973587
0.668487897253198,0.756158616556456,0.149376054039678,0.292149939381578
0.713537518916029,0.569181109345056,0.124929657194402,0.279384398298312
0.663671901968645,0.705421791763394,0.164805618090516,0.225962993830742
0.74160062990093,0.547730255315634,0.10000501665015,0.280411099708322
0.733074152014731,0.6837904633547,0.173263782525267,0.268517217079004
0.794819248561427,0.636214563434477,0.135139791900548,0.314755545620791
0.635684946562142,0.634991837631223,0.147837719905098,0.234648543819347
0.566417911233668,0.653941480413285,0.144790342768409,0.236395725607471
0.732428502901224,0.608768139234733,0.130647831166104,0.316228852910912
0.748367057145232,0.606319723460175,0.130180715456941,0.320832077741337
0.627604992574083,0.707565263234575,0.151986396070474,0.197659788686594
0.892458013570765,0.681394767621032,0.144888618007188,0.392707431604962
0.781708549151679,0.682330764871517,0.169097909712068,0.235336978673244
0.751845909132471,0.547835092515049,0.108753666529181,0.325365762392311
0.592427721268884,0.523601117407904,0.154959062664236,0.306630759228843
0.659525559209622,0.685458125444129,0.14875169593455,0.267384448152766
0.807328680967967,0.502023417092185,0.163190121884254,0.236243978214464
0.722340593812935,0.602927811619482,0.175032725665335,0.294222068286407
0.760465816243672,0.704935318052822,0.124405037472662,0.280624481510403
0.813883562022436,0.588561433973518,0.180671093048702,0.249052203843129
0.544587343357589,0.601657823914736,0.111950430082965,0.226869479737036
0.816147616378548,0.579771608217483,0.12844786734673,0.19387172055212
0.649017863028528,0.508988801044105,0.170904872910342,0.272065677622215
0.560773990812901,0.710104832443194,0.131981449067586,0.232097154078401
0.576056959666436,0.690892570958703,0.144792033068843,0.2235445570904
0.585036541515318,0.556546854383136,0.129553540288416,0.198796657684638
0.741831941611517,0.639389030980303,0.0981396092601315,0.257222552678192
0.632737987147542,0.621123621255162,0.205276545530583,0.232107314547391
0.81041183847412,0.60995121990899,0.0954441537300782,0.333414580342168
0.807937643550566,0.587954996062504,0.0978616665268413,0.346337689824657
0.639922813942785,0.716655844361499,0.110993253572901,0.253739504535829
0.529467743930925,0.559739010001514,0.152618240691689,0.253662137786858
0.53474314468816,0.570950931849735,0.159196031604661,0.247687123379935
0.738703110643926,0.578870026100083,0.107901783918967,0.231589173218073
0.823945570759239,0.631210481995392,0.148653679142146,0.301422231771457
0.700153708815634,0.717861418925496,0.136444366627997,0.2615317941208
0.703111197877994,0.667292723946115,0.202521500460018,0.295746794870952
0.882683980371718,0.646290947947974,0.106480276977078,0.247044389171687
0.665124577384348,0.634141708881022,0.197709393409441,0.309294075973477
0.790129886413782,0.653540744065,0.140471517102169,0.313630339970604
0.6336912649368,0.488387033986646,0.107832972107106,0.216995997806512
0.714777721365851,0.621848314332284,0.194272570371116,0.252585053321812
0.533530378397364,0.72204966222164,0.146741770330968,0.246976856493287
0.746455674921616,0.602644531394576,0.128203863697191,0.342059483904535
0.653830127071545,0.524989543996983,0.122404699745725,0.306877388555003
0.827568220905868,0.521076765949161,0.170476762039435,0.268661235515134
0.646568832547907,0.792112317193117,0.131452893545695,0.243094457534334
0.771470084187303,0.589081032003766,0.119007914928795,0.255933678379663
0.676449936885186,0.760802882841423,0.153551124922793,0.278610904937572
0.731067812781624,0.513791427050115,0.0988381153885987,0.214582922211604
0.620521432598111,0.667810439643875,0.128084151996356,0.282599387474007
0.738506434766717,0.565073994588103,0.208572168396897,0.223691898634495
0.760938380089336,0.685533464095814,0.146505124416258,0.273915824262811
0.722232184677327,0.75470218295594,0.1564840486702,0.246739382344262
0.656543981870204,0.507172766314169,0.135996580607904,0.236141682054661
0.737730088370232,0.503341525649267,0.0963419532649216,0.247237497018924
0.595651553760332,0.528224355341768,0.135658750623034,0.224889675791409
0.639223522755594,0.549579042434283,0.155462028630754,0.231641421019522
0.6665079151739,0.666759155822458,0.124413077164271,0.370420952613864
0.683242309278197,0.591464310063313,0.187653918890015,0.226976074297339
0.736952083828905,0.63403030228037,0.182322950903443,0.232791638700862
0.634751745601879,0.583473244372184,0.0831367057763658,0.185562031703129
0.665762338465106,0.560417900129417,0.144426644640089,0.316924284894592
0.5585274492417,0.47289451235335,0.178612713219454,0.198930820316065
0.750239578589719,0.574620120002685,0.105759227970075,0.272922225196397
0.741168438853862,0.682464672345583,0.184888947291993,0.199336946294605
0.641633044053523,0.654020386122685,0.129631952307052,0.343352927185761
0.69264337944736,0.659454020854483,0.162843846073628,0.250046929198553
0.696997537175123,0.588311365896471,0.138377069671228,0.200330361928737
0.576972712660999,0.597331459031987,0.110749199761268,0.253516744950847
0.742977241084229,0.576082017309183,0.1793363699381,0.320555027484515
0.893692371005823,0.589200227229627,0.127896768515504,0.231810303041428
0.687777231261881,0.715546017141109,0.16254323619405,0.301480148737565
0.777731001902265,0.577741854238366,0.122303861929363,0.247836822735547
0.662719752756283,0.66838498806546,0.172029867051453,0.285087746269723
0.698130813831546,0.532247471910697,0.167173711925436,0.304947550375471
0.958747109106256,0.811219656900228,0.108313870058357,0.213597851404466
0.657382127124445,0.602619241576396,0.216207231759561,0.2928541143005
0.708575573285728,0.681598911407147,0.0858636533442158,0.229206206091883
0.576356202316127,0.471660916528942,0.186685565037047,0.224918638633829
0.734809115629841,0.710137412723698,0.11126016376246,0.248163221489581
0.652232907742133,0.627121693889839,0.164374754783543,0.26580461546048
0.748100164581908,0.582345980102336,0.107008485555233,0.203272172506506
0.615130318026207,0.627046138310658,0.168841285754833,0.202708753210699
0.676654776989009,0.54094806936376,0.135389245395954,0.195523183683676
0.778984943581742,0.720734203087764,0.159437576577724,0.307612598797835
0.772987266446098,0.611942559228259,0.128435485306236,0.261852440533397
0.617380443052881,0.679314086065718,0.159140789025216,0.256185384994196
0.916536800008457,0.611294564102214,0.181902259012863,0.273703451929532
0.776457956239333,0.786123496178142,0.142244352733899,0.255913182744216
0.702198129659071,0.643405909943773,0.202236111801733,0.247292723739045
0.678847519008484,0.724005455155969,0.095970234858344,0.339392145943666
0.723208978139929,0.58923640542213,0.177751566348538,0.248098443098517
0.735611572711123,0.640373760425521,0.166028358602932,0.376504927231329
0.624647604706032,0.583758466479728,0.126542393551159,0.196632824502153
0.751806158137768,0.612862324246073,0.13654541861272,0.327732745372909
0.621105391700501,0.606518031648774,0.16047520366636,0.187922181339266
0.56015122144039,0.563275825432779,0.151043310336653,0.183678332716256
0.68429351118889,0.566906093982911,0.0977695317562873,0.289257207464104
0.561895887856103,0.531746277219997,0.141784243495426,0.295048427933432
0.831964809092966,0.635191219756979,0.133731904497276,0.231880096502126
0.48074822344864,0.517042339044731,0.113757739470821,0.23219656922231
0.713588971311686,0.510325428891835,0.13531355381857,0.226496685224004
0.631537594914897,0.628657586370205,0.124370422057315,0.239679256265926
0.576144348402934,0.630210845488515,0.141485328843302,0.222923951110635
0.56895291306818,0.464951180679043,0.118680903063456,0.255969070255039
0.644869256095406,0.66518877604148,0.139557018660157,0.23028951558017
0.657524658572699,0.815784187694475,0.124228874284654,0.305443594153612
0.808211003999828,0.643864104194731,0.143352162847359,0.301669976384194
0.643126766105956,0.646999989578234,0.157925270156349,0.243943221178467
0.713252751112358,0.580231685721772,0.118392829524183,0.281143776821425
0.805750306190292,0.683479150743002,0.145668311323808,0.351144195743192
0.775552365473574,0.582224930183982,0.161821984594518,0.196273359204572
0.540987818408306,0.589782388997163,0.135732304957395,0.274479113105054
0.64853141765754,0.60394964785211,0.13388740322537,0.223719989972913
0.655459180602716,0.521976090221821,0.142232751245437,0.191820001985195
0.668007785996352,0.66598187613292,0.157082046610568,0.291791054457457
0.689345662516412,0.550181713615566,0.120921473229966,0.213682522616354
0.661956402704173,0.589373054315155,0.120061802904675,0.307344395594436
0.793501299863029,0.68067706944629,0.215802017501294,0.262594688351619
0.918826878063833,0.67041532969651,0.171660474348009,0.275156977432656
0.699298999853022,0.764353152923936,0.163632799263619,0.269355967947667
0.818924022468035,0.698135910193103,0.105794155831836,0.259713825945422
0.771005612569978,0.734326221805694,0.105321395011109,0.232757614617125
0.713577612272461,0.530353139222599,0.222915059740165,0.318043430156273
0.658580113398157,0.863484987061318,0.100837692119573,0.229756251893323
0.741083116472581,0.583640401044019,0.154750859699516,0.345477849617553
0.927001883492179,0.736278703670807,0.152144846759186,0.243160116814428
0.782170839972461,0.61586092502754,0.214652278593202,0.324735348897215
0.630445451189534,0.717524446810784,0.12553462778377,0.216936741415204
0.62217634160174,0.493036288733231,0.127666229687845,0.244011188738358
0.63996047373741,0.717320594787776,0.121457584691483,0.227735447178458
0.872007006711772,0.677496738820637,0.168515003879598,0.348397208433617
0.874403085925844,0.722419344699271,0.120706723002799,0.171467646750154
0.558685358682007,0.695252474635891,0.172408051641697,0.250305863844863
0.653196421024923,0.538195723503015,0.133632565867586,0.241076650959807
0.744874893909959,0.682463574728408,0.135720879470221,0.269983011728652
0.881475506941171,0.649017511232884,0.162883397381956,0.310359797191736
0.719686906413597,0.630357474842975,0.152652167553182,0.303246042168764
0.708041870472136,0.629859981025396,0.166020868370334,0.250240329244982
0.700515445523158,0.580646068516548,0.155975581081485,0.262441265023598
0.677751642348432,0.758700697713291,0.17314486189839,0.290086458747882
0.742524489551266,0.690419747327773,0.0998908144786129,0.31939814710615
0.73745443191955,0.622105832487799,0.1848128337467,0.414482749621229
0.757028224920851,0.644709959008946,0.162577871607834,0.369961877437896
0.615866461692121,0.619307263532471,0.133264820052773,0.23055335057992
0.718063401968523,0.614074992487336,0.138503309913273,0.264122219459916
0.718393799600598,0.619366359527797,0.136841831363164,0.264677968429541
0.507094727899136,0.592016781304581,0.128123603970063,0.270908576321835
0.542154374084496,0.44951231491391,0.14723343273971,0.31994192620478
0.726747260301278,0.615643486782761,0.106737222885559,0.180085848149436
0.643658277923659,0.525488068899844,0.144766462906854,0.296751365296035
0.632130163914064,0.63551097931067,0.124667523281004,0.215028584468568
0.705910388723064,0.701241335383069,0.204173604433549,0.329527282457794
0.705319924559786,0.594887100966385,0.159151376344613,0.243380499013588
0.661083742971267,0.635213410725512,0.137462347042283,0.248217856324836
0.641105510913601,0.576750471673106,0.138744804300439,0.259058349260525
0.738257091344868,0.590749966213118,0.136809304183469,0.263183848078305
0.708903090914451,0.692321861579783,0.166910164723109,0.269428379890137
0.708198945818788,0.661375287121158,0.183462285651923,0.23400007910872
0.725973936295976,0.646207307080032,0.118077414851921,0.300071705316991
0.718543058151884,0.575998364555563,0.0985098959936246,0.270609779445035
0.597413154988171,0.521358334099269,0.162006816373547,0.232783058455447
0.713041034106136,0.569013201651951,0.154593418777764,0.25593019716762
0.664490372940947,0.631073082419546,0.127080342480688,0.28485428181171
0.66537433331084,0.557967081000855,0.147765865429048,0.222116041520551
0.612171637342134,0.554283842731612,0.101473955628946,0.251706275329372
0.650247023654458,0.580117880232642,0.157441466529878,0.231514614327592
0.650878861164972,0.535747740110669,0.110262759789272,0.307822688686897
0.747581709034663,0.681685986385848,0.188102824699051,0.244669552422788
0.782562879294449,0.623797780292396,0.143926335711418,0.272551879019773
0.659966502646453,0.577192599504195,0.161889421344641,0.23609638804526
0.667695401265094,0.538831731149066,0.148573114822122,0.227761057984062
0.705910292217406,0.57546195247698,0.138159246034774,0.274803847041018
0.653787116804092,0.618179379340704,0.12178962684071,0.285293708820954
0.657353403174821,0.518839694436963,0.146764609577968,0.221608321149046
0.661548952720572,0.728843547908717,0.131403101838667,0.261571993807474
0.613512335703005,0.712092859763656,0.1210620200186,0.287134838809658
0.907898500052818,0.76644006455549,0.192179101608588,0.301602713118707
0.826366619196003,0.722361932951075,0.207193865271323,0.262493604492254
0.603061917049723,0.55463527353964,0.107252527222284,0.268121580006314
0.728085995915852,0.600683171789054,0.177142788644371,0.268318490175681
0.74976776153889,0.608744547320757,0.136071589721013,0.301595476802436
0.765700443416294,0.563587289650049,0.146769713163978,0.318721221682701
0.778228479529957,0.64109104655186,0.161901818774095,0.324300522956277
0.83765269739134,0.703929131490984,0.207836623867973,0.211010111644534
0.594830304341588,0.634918469159933,0.105840992980028,0.222668166066785
0.635060395053685,0.62703795032283,0.128686693317672,0.291176581370161
0.58069491299607,0.587739958593452,0.1452787089136,0.297493326669721
0.717236240706313,0.563978622401449,0.184884858334359,0.287112996912992
0.595278303826894,0.617524626217334,0.125427888363245,0.25010775807275
0.763823180239745,0.581692722494881,0.113941351457053,0.267288776510281
0.694757497741489,0.745085755912973,0.188090338271752,0.232577721121366
0.656695007306447,0.504174884676719,0.101936590072785,0.318063842910549
0.661737868637976,0.714456028820086,0.165637810854873,0.237123652016669
0.729950721106058,0.46933033511099,0.150952066310449,0.262005530306005
0.664082140400712,0.637103315589107,0.112673479640848,0.19169997375001
0.640349807530204,0.553071662674349,0.113614701694925,0.318588995685749
0.658716149467462,0.499311112672318,0.16138943192787,0.195093142225515
0.498112416696095,0.614334548178618,0.133827636716385,0.247843794313092
0.516726038543382,0.574311328134894,0.131113201085684,0.345831897179217
0.55235776223892,0.581855612705579,0.132855095901073,0.347785159623926
0.694031153034149,0.602179448825091,0.135297939673797,0.183999875783639
0.631668196039298,0.483600494800126,0.160771415767131,0.2458092447342
0.567078206309346,0.476163839165558,0.105798637496364,0.169167107061001
0.661374991867588,0.618942450104687,0.174358282717613,0.328093465157561
0.787119320850213,0.783725079873189,0.123228622712835,0.222132330765134
0.644125387155828,0.610912743586704,0.149154141126454,0.268466418314985
0.757684519160064,0.629458312680116,0.160009039652007,0.227411092567606
0.513552891803613,0.648724158728725,0.117405322394704,0.248265986379925
0.844132095098795,0.59909786564888,0.148180627134327,0.266710840195686
0.691862253271338,0.558719186760469,0.190645021390896,0.26295690848084
0.732396204902157,0.662649897269862,0.125074900332589,0.245892803529075
0.725948648218162,0.702101892974321,0.17091041256216,0.260685980693691
0.924776349998452,0.558702591130385,0.141245716731423,0.258128609015965
0.620010312439466,0.659575698345871,0.119190331805299,0.267668130566474
0.854550785420642,0.767671629044397,0.151003435196046,0.251472419567846
0.693742250649555,0.595140865318337,0.163099167971779,0.2643232326158
0.823269815502865,0.699908145332599,0.173751688980414,0.306350022724021
0.58114369633882,0.599614686646726,0.12949505932129,0.291330294847532
0.844881388941702,0.53171668611564,0.160202278899267,0.227543881891328
0.514841366865573,0.724251437286964,0.11517830669193,0.280958616898875
0.695115236424819,0.672904876603653,0.13681561072563,0.223239213607068
0.880952675803271,0.719860332787238,0.13198663057238,0.244620222048374
0.661626782807799,0.657811910615196,0.119859670429831,0.34903712785711
0.61852888585225,0.697633573552177,0.137581993917532,0.335532472046488
0.730580486884704,0.598214726459784,0.103043019862374,0.227604858433473
0.777458178424577,0.588891344165665,0.181840040393325,0.218877075319376
0.818479965638833,0.53379953912875,0.165596015291019,0.238089459039387
0.776202575745609,0.63133060049603,0.140272228392661,0.215152069733303
0.651931125005357,0.612897230092358,0.133483665037182,0.177409928461282
0.773958505222449,0.70945490982585,0.128076769569065,0.324489529994245
0.692934863511519,0.768482563940362,0.160497901367816,0.223648925653905
0.731959391874893,0.684362403685218,0.117070329895972,0.29397067581611
0.53744600804795,0.623381045568495,0.10831830917084,0.25657845390812
0.68322546867341,0.427183024836058,0.130579935359764,0.253251321771076
0.685333238197967,0.407117376297187,0.125319474983151,0.256227198205104
0.585531760142218,0.535304428519193,0.103027789766255,0.221902728874402
0.693453797439222,0.501958132688346,0.152177761729126,0.213348462065388
0.623929567990194,0.494248434503068,0.0935177620948017,0.184764272046972
0.614397911294286,0.630675839386744,0.173955338000213,0.287581187949538
0.716179623294848,0.642394856743998,0.15014568699939,0.235093540901455
0.615929627819134,0.731259574543682,0.134145189289526,0.325141560404184
0.684557936154576,0.662146072427864,0.153626834688153,0.204521248323322
0.645957590027777,0.572461133707745,0.129715811658808,0.272667371884041
0.612715179506777,0.470047174312893,0.120596253429189,0.264585095137352
0.478180117521053,0.445207327185902,0.129177860125648,0.199575998424994
0.441946301645859,0.440087060804818,0.119272486366189,0.221738737282401
0.62469119800215,0.453670395587465,0.104025527816267,0.207785707755747
0.604035480409023,0.548420867486545,0.117196891734202,0.20242909911972
0.706165744292595,0.675154247549601,0.14067234489198,0.304895996961887
0.75640804736008,0.683505268538391,0.158900135546861,0.247173079395028
0.660352039860639,0.578392281268877,0.153362574134666,0.262090854835178
0.619736005442005,0.529468373656763,0.149752982118378,0.241110278793329
0.771464022537585,0.528118693168416,0.108653215223538,0.237570467745483
0.657782380321742,0.481299737893431,0.105448112121839,0.197344417298165
0.698990965185803,0.652453181278613,0.176900141955936,0.262982060903111
0.771554191235511,0.641728433416606,0.130431663663138,0.302152362603725
0.718567667438249,0.618162813983032,0.191430790211362,0.273260213058724
0.817469758578732,0.66446320083711,0.155700862956215,0.279065783574305
0.556285235025378,0.536906229653732,0.129973341610137,0.21448381269791
0.517336846206612,0.535884702411837,0.159443393840085,0.227620907813512
0.730720328292632,0.655653514877155,0.10387531786433,0.266240578744223
0.687479029219798,0.649275390080647,0.174104502053771,0.236890009488303
0.655264738527977,0.683536608067283,0.157825393578569,0.290456693431881
0.76491248871077,0.641738503523502,0.125984543047944,0.253382741214947
0.782138864913498,0.733481036032954,0.169852141557839,0.320673988286595
0.661053767945038,0.618039147461476,0.136843401749135,0.24660960280023
0.75177131502955,0.686374483080708,0.118504655262483,0.231157703866002
0.743628494029353,0.555446631772472,0.172720959345863,0.297477733389319
0.584631532513777,0.578469685301788,0.0996892025875866,0.257776961573622
0.744371327100038,0.601996941874968,0.200065951870142,0.281983889868419
0.578768594351432,0.738232870031328,0.0968366733794467,0.21779877926211
0.577574640979083,0.735949315279822,0.107844304751166,0.216054949057427
0.659424710294027,0.53156003775819,0.17607559338686,0.289440918690868
0.752284018067248,0.528822603682565,0.192069206058924,0.292258828690379
0.795784840528556,0.56761609288015,0.192432967964734,0.281650132273674
0.760454991649687,0.565685180286343,0.199728097647613,0.294361180884988
0.739685592193066,0.515640037211757,0.14963499614401,0.261855936247997
0.548880170794666,0.679607777906958,0.101639765628767,0.226943143096831
0.742536609110208,0.474188299830328,0.139020356093744,0.278201849064464
0.593155653895423,0.835680387189068,0.139302241863695,0.302238990174986
0.717164124944005,0.496230382150341,0.134713837840844,0.181452343054574
0.663903200377099,0.486838767237193,0.17264132219253,0.201234638450681
0.6098113194302,0.627648364216854,0.112652893744199,0.189168583772462
0.601267829661236,0.557638468576268,0.119500541898678,0.247489279113774
0.616234343781176,0.702514300715671,0.144443329604378,0.257489992702541
0.85615257952617,0.616419605149326,0.156809499845274,0.298241386063026
0.865528882639603,0.692233286481769,0.160284916968483,0.275032039475177
0.712968187203723,0.595224529700641,0.16346852772677,0.262410971169661
0.734759081490355,0.679943770492839,0.135459713914397,0.214908369419638
0.658383387891541,0.698169741531068,0.105745790485493,0.256600163492429
0.594130760455216,0.547698119467173,0.167812934476611,0.251203857365841
0.807531159932018,0.773057222388828,0.106300078406999,0.219214095786826
0.808613058074039,0.762106525374252,0.108513802069531,0.218131011920675
0.788637504170707,0.603802626498483,0.193031121952993,0.27349105623542
0.767090909640451,0.640287283031836,0.124050862735007,0.222551948386013
0.706782394398757,0.491400092699451,0.125153284911685,0.307195708213266
0.721545815709456,0.518232727417692,0.111451955689332,0.257435382507814
0.561305385412773,0.679719599148342,0.144662609143699,0.280961894058278
0.640971585925006,0.483700370477316,0.147206394284673,0.176473796797834
0.614060704893628,0.706011471668549,0.116674244435166,0.327634172607413
0.644124793401347,0.749104037258897,0.0934159086379512,0.282488806496945
0.761180100482083,0.489974197396497,0.154183081156311,0.179019735890344
0.603475184959718,0.547183420529421,0.145677860406276,0.175101048358463
0.600877043296188,0.501013969543351,0.141240735898297,0.269818461854923
0.660517212527596,0.617586153152592,0.133733862376956,0.257392925915185
0.674934300085769,0.594589503715174,0.11086165980086,0.256939371168411
0.463332770864904,0.467664321429502,0.120355499082919,0.198573401208612
0.756908145989951,0.456202119532846,0.140369355052881,0.250092942424488
0.536704861076066,0.647253816507596,0.110112286187492,0.26511359662392
0.538196745015296,0.641473204249862,0.112618967143177,0.268737730173211
0.712291608325883,0.70163163013053,0.136556457816429,0.311236820881443
0.689989148716289,0.630088034275469,0.113528115675972,0.261836670662768
0.676789562144202,0.583252435956549,0.113237583944245,0.256369673018127
0.707362712017449,0.727759616133804,0.189119642068743,0.299439165138942
0.71785146210649,0.604481384596652,0.112485850793437,0.273525529045596
0.70105236329729,0.799044016141223,0.194604693919772,0.260723472353375
0.685282375117907,0.945561925820492,0.200703085084298,0.226181890157402
0.800185820707233,0.711776076757894,0.106344131829481,0.288938820277519
0.628407260589397,0.527155028717722,0.17411046650771,0.257608463193349
0.663001877722805,0.59683349216804,0.162349956846599,0.276022608386921
0.691870912273963,0.629606405680695,0.119481496203085,0.303885540370831
0.687581588590379,0.638151685356622,0.151903998485478,0.272866014810975
0.685341366113871,0.618806506217565,0.135201984833049,0.21946126351044
0.688227936353336,0.597814150982106,0.139880326304006,0.224529371867987
0.666433613111964,0.668047888931057,0.130663019682402,0.269395229868742
0.685177966864542,0.495195378532075,0.161829067768786,0.250782346888411
0.697672198289312,0.727231467330684,0.124177241745533,0.207062120829865
0.639350732991446,0.578626273801449,0.0914592003920727,0.226723664900142
0.663777748660918,0.553635643247757,0.191174760362521,0.243495562506116
0.612072378887887,0.602406838071339,0.0911279432429389,0.236816577038852
0.674796364767002,0.608910282783681,0.0806888653668362,0.226214882484781
0.625762031032509,0.474455213921049,0.152686892298275,0.220064311811859
0.563160073633413,0.620594439005493,0.085329247320783,0.190650656335939
0.649358673564697,0.484625133967155,0.165816276182399,0.289241125364274
0.60935892085991,0.576495265485829,0.152051706796254,0.311853266655921
0.627617834775284,0.635530644500217,0.179690327215893,0.281208025203941
0.638214678713017,0.566290668844361,0.0959324757305785,0.234874624005077
0.540663251548306,0.543835400077864,0.121392513236728,0.197951506056929
0.627833272665307,0.568004785353892,0.174402886363533,0.244653125674171
0.709683940972284,0.583904762425439,0.115900527245277,0.269587757378759
0.716625799020057,0.779278155770116,0.132897468085193,0.275068284001107
0.677624052391875,0.793913982162401,0.128363187984159,0.250417286778361
0.73220779340782,0.743239583542505,0.168482246143486,0.285604782080701
0.705797507458364,0.691524762243259,0.149372915837463,0.305852197768602
0.767247031288096,0.597510040411387,0.162239023676887,0.270883315368015
0.692457756399745,0.698969569379738,0.123455547901585,0.257718155641436
0.706819644078573,0.521399944179178,0.157798195427059,0.232356853196528
0.568027660018221,0.642067536912758,0.125190185300499,0.199656004312483
0.665669707956772,0.522121614957479,0.121337895896061,0.244931443065709
0.573365825434403,0.601333568800248,0.15911685210545,0.271245104223902
0.660702588508549,0.596635296781291,0.116216487748002,0.205119097178718
0.656397735039634,0.575909954355356,0.123695943206507,0.206654680225322
0.705612995576772,0.57007145542649,0.129636041845715,0.261693950256549
0.653475343123558,0.612720555210705,0.151285512321657,0.235778515245853
0.599041044384721,0.56518901679857,0.11931262871374,0.198065859745591
0.725733846644391,0.621881876574559,0.139818817444566,0.269786966537204
0.760331989174611,0.743086314883335,0.182509337165459,0.297207562194265
0.7875321932474,0.531867352870907,0.215901417079315,0.242494376981923
0.645557932255395,0.632407616093335,0.225515591460627,0.232006225010421
0.676495875730584,0.655453620264796,0.143556026134805,0.257929555591936
0.622723985998173,0.517236405632607,0.122034082518209,0.208792951214949
0.612663019318914,0.560999447380833,0.119186169590612,0.22393047747758
0.756422899108056,0.714776415119956,0.142862523860305,0.292584413128385
0.672296663123219,0.543767885268002,0.158532500959294,0.255694915323642
0.678972130321613,0.699482798010182,0.132558416828012,0.27987770710099
0.773364381143169,0.526134085503659,0.139098143221731,0.239577378867832
0.653593858910978,0.610918841719213,0.153528273335825,0.262344599434897
0.641877179250717,0.619285837721498,0.139035746726802,0.271704365705089
0.658367488072095,0.568593503332726,0.103640892896731,0.229351778684731
0.677505896615626,0.679414306504908,0.101655146212305,0.267058116520771
0.559975998172952,0.501469075234084,0.128989560326341,0.243305941422175
0.602907900755457,0.577106252938953,0.140344027176083,0.277171581464772
0.691801421857805,0.621500093044309,0.0889450043650361,0.229964636815959
0.574139716294782,0.647586433800561,0.168991321158381,0.308054774589298
0.720629119314195,0.494948853773623,0.109760799533826,0.221243579056626
0.542392638632714,0.699809045132966,0.130760676339724,0.259407535708335
0.817380774543323,0.513355256985794,0.169251668490743,0.26968727458688
0.763478020011655,0.571439050964369,0.143597663123931,0.252832372767753
0.768398342444957,0.521044830930844,0.135571023991714,0.307949207724228
0.611026476274456,0.561880153062942,0.152351282975686,0.234428803451663
0.762858012185874,0.586115059185282,0.151727657539514,0.281336094059635
0.818871281681799,0.673399819443241,0.130396665552797,0.307950165805198
0.640161212586466,0.636823965718566,0.168724652527093,0.241847250680442
0.635674898325389,0.63443347360502,0.170675451582108,0.243017180814843
0.689818474623548,0.643392513557226,0.157763671588484,0.211413922112803
0.749865294196305,0.653120073556472,0.210578464820034,0.224450922174436
0.726779664351356,0.782791483425856,0.122882914955215,0.27928974006037
0.848223256457281,0.604675504107582,0.192172984164221,0.292784338348752
0.67113426241633,0.643809100112345,0.170141625071061,0.220561861718408
0.721432859110683,0.540000389097773,0.11370515318722,0.224946664021169
0.557186555261082,0.556458502912089,0.120918963616855,0.279536588091821
0.776761681946314,0.513070248651391,0.128209965824183,0.174894170880929
0.554189353347388,0.476967578427208,0.114923356905244,0.250615906787913
0.681542758775566,0.497874445947222,0.107887446427187,0.186295114386883
0.50698152663777,0.408470317304423,0.160117252357131,0.266378764812923
0.56308319798653,0.510953346986733,0.150421818159857,0.25734284395352
0.532642146457032,0.621464839411579,0.103071325638191,0.169682211094723
0.660695891129259,0.564442145008387,0.132176868225691,0.253931901862704
0.562947539211007,0.481273396853679,0.118034979170162,0.205658010195118
0.726401697071527,0.710908419147528,0.155845950729165,0.3005160587949
0.745822256259068,0.604700207314893,0.145072281723077,0.226283259187622
0.656693258382193,0.617224822794861,0.137681038936477,0.248257303604531
0.657467897979254,0.520505560481289,0.16759860116421,0.220253408898342
0.64973943099171,0.672654946179752,0.0985000019753742,0.224899813451767
0.605848924977997,0.543646692826415,0.10581884205241,0.190330384853932
0.714580533030475,0.473121452269465,0.163668876921825,0.22734149168982
0.604563419460582,0.637241683159622,0.120488713157802,0.23129640585055
0.58937366463643,0.565239446479401,0.119917322511042,0.240235990504207
0.673602163658826,0.549860124653094,0.143013349704858,0.234700282035848
0.806332139583815,0.686367940167005,0.125323501028743,0.246947225800367
0.579057906035979,0.706517214512213,0.130477514669573,0.2368702756937
0.857551096145556,0.521083833646272,0.121583534216278,0.299069885112838
0.681731890795269,0.644679900569643,0.137771690358777,0.256784840807138
0.616007137796806,0.577522317357791,0.140744653176588,0.191288670723916
0.754881779853995,0.688257836715789,0.142015597076623,0.317626423143018
0.755259954687311,0.698337805877586,0.180870753962235,0.245051034394577
0.657638745004063,0.524611393211235,0.134436652204519,0.280299835841151
0.73888518945861,0.641146136240237,0.179324890609376,0.24615013998229
0.562032375099195,0.533273953054381,0.0953960126795553,0.267203401545102
0.694257679590971,0.502820214142425,0.145209569044762,0.216885756038149
0.635811890730141,0.670750130827548,0.149630280829249,0.227586387356266
0.736444186299269,0.710028517295387,0.130751354688056,0.263185957304447
0.645806781326931,0.639472856538295,0.104174218220386,0.215584209912707
0.693815502973588,0.610756168621894,0.157757114744758,0.240061384525745
0.670264996121995,0.527314674879178,0.141435189348543,0.222685489533671
0.66745957433051,0.544537429809398,0.156720192729008,0.307186986441999
0.635779996552277,0.582749534166488,0.137559917857429,0.247786344450271
0.667123671087847,0.610189774313889,0.127059989690187,0.284269693885192
0.771671693979324,0.662583520738316,0.143896524852749,0.238514988982583
0.637332899308003,0.525628412029768,0.167908258036795,0.283468456440257
0.658175062090758,0.565927936301469,0.113304929063038,0.175128618277629
0.619951833650844,0.538790860175011,0.147402509191219,0.35443543736106
0.722538153338778,0.724230999060288,0.113779444506896,0.197079117682409
0.69602650501876,0.501400513246723,0.133943429359984,0.307434997234285
0.567724485711764,0.515941907407067,0.104621330747789,0.28537256837371
0.659424921553019,0.567466365452664,0.104313545563474,0.296065613301129
0.644024482928846,0.628313577784043,0.0993660567478128,0.307604646866929
0.654875463320087,0.654911251814513,0.133302777745359,0.214378770046044
0.693136074386545,0.586348979801416,0.129821791038449,0.26662598065239
0.623617128096849,0.7524160722388,0.150448211210212,0.236958749453426
0.695605885595403,0.479989359379031,0.107741686589753,0.240439903447457
0.692835692348451,0.464855112173342,0.105957287764561,0.236188591731115
0.684349228751566,0.797144939542205,0.153586766286862,0.274344912728475
0.813485159479043,0.580293508615563,0.118390024761981,0.312213197751362
0.73973792085971,0.741264929658763,0.156974578907704,0.286991603223064
0.691285591035481,0.684473760324069,0.189771108260581,0.296049322971061
0.683413079027337,0.65191421575009,0.113841169220196,0.233700041130035
0.64888859325285,0.520784727884095,0.187918291818908,0.235628886875244
0.654725874904809,0.662995364678877,0.143572019363736,0.262819503136067
0.720098219441949,0.693991383903842,0.141106262277585,0.281539310700299
0.656851514815058,0.648989271495453,0.166870413913802,0.284086339259804
0.643068694612928,0.530479680231961,0.121243276893914,0.237441451519476
0.701021215281401,0.65933969325817,0.168041714229539,0.324471090392663
0.746407989558707,0.596346652168965,0.125163039779011,0.269652670718235
0.705314121426874,0.556648258423423,0.156806490611734,0.26881468440651
0.605503786813826,0.561622052687064,0.136098933749708,0.252904572448987
0.710899431983676,0.564901726405905,0.151820895944382,0.346224637827891
0.652811843842366,0.594709412166709,0.157957722819418,0.31959791874758
0.758531859840181,0.727030626350087,0.161114144878537,0.29028792184169
0.71607554841762,0.672562279943578,0.188201136530751,0.283672076108587
0.793206944304498,0.714026647775851,0.157947630263777,0.285989769993632
0.710964408572441,0.780348428642248,0.119598078771486,0.254078802657279
0.937634935429448,0.567984153275682,0.173056628966114,0.342730432382273
0.715747051779595,0.781993493110388,0.131095338490858,0.246136888250605
0.650536637262307,0.497331324710527,0.131168761321883,0.258033665137713
0.626079078204836,0.551121203288455,0.140274266942714,0.340219859317311
0.727046454789789,0.576689823281138,0.13748106546444,0.193257239791656
0.626072290608251,0.530338260955424,0.172165146140316,0.350971762601281
0.646333207644029,0.601785942314056,0.12352511792545,0.256279391951324
0.611624031380808,0.561308672331809,0.148840999068954,0.24754580734417
0.71718035041049,0.544019654212439,0.142235141243098,0.232822096907424
0.58046129538415,0.631690139663891,0.0861694750953328,0.287597589448977
0.673646144413433,0.563582566927221,0.146246262790351,0.271542997075169
0.637080497796879,0.675009067096223,0.204342476972462,0.307729011012313
0.745297551921905,0.512344826814184,0.0778813528197979,0.214658114436977
0.755482192412645,0.591736341277241,0.201560187766784,0.278818662531197
0.581486212037192,0.584370188159765,0.0777447496868294,0.212519662648996
0.698430080944974,0.591405935506153,0.104802649933054,0.264457116689783
0.574016643396171,0.567731160892464,0.12493180193528,0.228710760622606
0.650794118924603,0.464187239550354,0.136107845549772,0.216437996284316
0.607818928144787,0.59147429555699,0.122589330553274,0.267352141934866
0.791235074625299,0.598846977307414,0.15425331202306,0.275507734447099
0.729513604569534,0.790300596153455,0.144587527169708,0.301690488314209
0.873731359907425,0.658717379301942,0.196686804759606,0.28532131889148
0.805786466906598,0.582994068981279,0.157532181173253,0.239794660764299
0.625865675255529,0.839189522015129,0.121701443644867,0.270810548172586
0.892909381707607,0.607257196992053,0.189533696879154,0.279442595610747
0.660776941853623,0.720986611461704,0.115958712953615,0.227099612464125
0.616925991639584,0.6499175090814,0.112101421264349,0.23645271353334
0.780667747507089,0.74058126440071,0.126831053788569,0.225054294422142
0.773809900720322,0.62598372452766,0.2006821183095,0.309162481518406
0.7921347625346,0.646673361684703,0.0929172693284277,0.235393637900959
0.714441363878474,0.58626527749349,0.130121144159166,0.260208277496218
0.721075719553868,0.637439539578101,0.114371402267699,0.232936097892059
0.642391114508301,0.531259143324393,0.152147094540463,0.255693982847832
0.55121131514339,0.556223169197678,0.0933780030532786,0.232784010152512
0.716521542126759,0.590428230214478,0.16914018501858,0.232054009757315
0.64895678113097,0.574856258114262,0.139582560949042,0.296631663606884
0.594228935229829,0.571961012995435,0.155954400770641,0.238260008548821
0.729260298712861,0.576895144700021,0.10745628875473,0.2808468807058
0.688547002706057,0.681015617977753,0.193726986597085,0.239649897301878
0.934499718495964,0.786082189918532,0.124147494755134,0.310621253800437
0.555113585472781,0.59314212223888,0.153358876184017,0.284669402481333
0.71907120716054,0.467849831163493,0.128472470243897,0.232298682416171
0.605390384704126,0.543998850036436,0.111019314646447,0.217413161458772
0.623659712775601,0.58354931171611,0.129987245347348,0.259330966646636
0.606686829677855,0.600670592348335,0.109640983446126,0.219903372827788
0.650840564610113,0.763944285514463,0.107180910629384,0.215256128835411
0.70462339579418,0.503230268524413,0.162606637089653,0.321395708308766
0.712868739003882,0.88223776687957,0.138586330461889,0.365657853965369
0.886126466256066,0.644727110253701,0.158993168135785,0.257623857968755
0.82615035860706,0.994539152322752,0.18485547556795,0.375197005170954
0.913395004556671,0.5709975225457,0.169148468855713,0.231356548951047
0.875476927430361,0.687280943141855,0.145116728987847,0.185451494953585
0.830843457626011,0.610468048005095,0.178123053841265,0.241430099471308
0.720664156036527,0.751862170014003,0.108432566197531,0.268150489243342
0.698155234449348,0.527397280703554,0.1939892237225,0.306767242810637
0.673120724860127,0.608659517307067,0.141677500017087,0.280899417030413
0.623171450272546,0.718528836802071,0.133592183137399,0.222654800580244
0.69669099192529,0.49204409054714,0.1348722748389,0.341169048207378
0.585865715280237,0.652301646767314,0.135742635276262,0.220979429614201
0.777474751896452,0.502746908345808,0.138943967621709,0.282750941323387
0.757479577285146,0.703308595813301,0.146797420422713,0.266778560641701
0.745505334094262,0.750360766439343,0.117151017117761,0.245218545414777
0.622282031669828,0.555291966771641,0.164006631582952,0.276922155788338
0.689063601197268,0.628653541027516,0.115563527481733,0.258961098233371
0.701798555464592,0.650655061407599,0.111844742873721,0.237625627186863
0.673440908648934,0.633871617825628,0.16477611120378,0.230458930397821
0.664718099695888,0.585942876014941,0.120855119272005,0.296439032908212
0.637289034294464,0.649110991323164,0.12310981342638,0.23904517657418
0.683349862616793,0.541731152472363,0.135911936289552,0.232345963138986
0.644446231376721,0.539700272033097,0.113513800098944,0.262337705473943
0.706469187387782,0.597356937217762,0.0908027350480308,0.284161674763362
0.765584906412111,0.73148977132337,0.199460988516176,0.283555612866641
0.604459189009504,0.475504900553648,0.0911138448744193,0.237247254368907
0.671442854288946,0.634022569819523,0.173454488949985,0.25955363992836
0.744758563412145,0.624464781605004,0.117234028007164,0.287315232719831
0.56995567275585,0.594460610182989,0.142704824811335,0.219756068018893
0.585227628475315,0.497069441262802,0.117885346103216,0.210922078992924
0.537983274818746,0.492071877228978,0.145247234830514,0.24020108420273
0.747139049233418,0.638122907814575,0.149494723151484,0.231089192906565
0.527273262355766,0.506013925482612,0.103650720889157,0.333668531019505
0.777533672475777,0.669107967070475,0.134439429417688,0.193747533630554
0.650185366232629,0.726878375014044,0.170333868079057,0.349139668665627
0.798740081249205,0.696152760199092,0.137075752265035,0.257094446808632
0.602306331221712,0.555632209611369,0.0918091748688058,0.25808855012793
0.607183082239537,0.642467184114611,0.135848964836005,0.230740823496504
0.743431014687091,0.566026832199919,0.121706846708182,0.250464828641238
0.677237724486119,0.65842480768441,0.124154909867081,0.24968432799338
0.815193258802199,0.633787204364933,0.113469992363694,0.251947681787425
0.848281702493281,0.576289254793855,0.124724940765107,0.334497642319046
0.573464006501309,0.889365722871025,0.193572630678946,0.2474527455361
0.882874649847325,0.465459324028532,0.12493390401272,0.279521679694289
0.973607570622854,0.467746028881389,0.150313657976433,0.292172176712281
0.944905806592132,0.49262756510981,0.145549506079232,0.331429707508217
0.938469773101571,0.498201894239071,0.125391673047235,0.336580135461553
0.788730420218715,0.596625378530125,0.109851068384348,0.278884997633048
0.693644377681648,0.703220967942567,0.153183333753324,0.292537510886301
0.607093060811608,0.488697926270149,0.0895601628200179,0.235801605313961
0.515319473959233,0.562455289698799,0.169647844851679,0.232693541667945
0.520145929720743,0.572060785459919,0.174099867766595,0.236053771390971
0.634416804753377,0.474681051905445,0.098397705640399,0.236096258360174
0.646612217359367,0.573157881816494,0.120267222920598,0.240677996747419
0.541567112842815,0.481914217974655,0.148793398726018,0.247837909387978
0.887027429066692,0.820771327613494,0.15716646026968,0.33463666309039
0.725886200660822,0.481779961702592,0.158387248580634,0.233902014003154
0.694098595022311,0.66856763257449,0.124676599207495,0.246217466123603
0.700729563380065,0.700494791584717,0.152995156735481,0.244660485473977
0.694467092274431,0.643042087743926,0.128430176562109,0.262303155297531
0.652801958569646,0.583896444311092,0.20597296156215,0.256799377888754
0.629559367111482,0.601185185575957,0.143283039043144,0.238638267056844
0.618349204162503,0.468296807564475,0.144040722037717,0.214977872817821
0.709847618118996,0.725253798725246,0.126368469219607,0.246312390679424
0.796769922899026,0.593426767687894,0.15632524524,0.370534442515529
0.72724014098867,0.638778251096658,0.130506223909309,0.294586892378861
0.672894684540263,0.609100076628357,0.114139315303528,0.199117004678675
0.681953885580359,0.555086209907418,0.125403305202603,0.311693174485146
0.647076042666229,0.547893598462736,0.143840979122412,0.281738103584226
0.590973831108582,0.631629303911943,0.14290674351949,0.21834181289087
0.555492839750229,0.703431450001898,0.136290119940894,0.252747878816584
0.662527172388308,0.480427022616394,0.109689804814473,0.278179992782958
0.780293926466683,0.688475771518863,0.133263820946052,0.268017358782703
0.716248461001353,0.767575789579297,0.147151949716494,0.245926691489932
0.73329100689627,0.693588689282962,0.172716243352477,0.267231912130659
0.571550575954097,0.529898806117405,0.112128974653161,0.257324982858723
0.728455458178947,0.753716117293109,0.131841770981525,0.303985691363477
0.777847635208448,0.641828764047624,0.143184573801305,0.286024271628122
0.738256856094323,0.599808414760763,0.175407793595881,0.260786615604542
0.784225673236291,0.759905324998438,0.138729466324963,0.286788101572024
0.597816168552862,0.447254067884692,0.140830686134271,0.232806714889971
0.654177161425288,0.478419884435528,0.0851418742802468,0.191152411438574
0.627121760618279,0.611522927191939,0.198851340642238,0.300917999278701
0.794840967514189,0.659561013736368,0.0938013396734207,0.245234135186429
0.617315544664048,0.632148101286211,0.187153312366505,0.274135150858313
0.789420575599385,0.588096810455904,0.1130316795472,0.250994787611559
0.816077242356633,0.621757198456062,0.118607658759847,0.250650115606706
0.545849258323481,0.555872066639012,0.174689761227862,0.239837673948115
0.560001597825007,0.543892006198474,0.153427518221561,0.264193124602926
0.818704620420737,0.84179510563861,0.204261717064408,0.287914864240116
0.742637611555798,0.61236274843683,0.185948727006891,0.287158779238154
0.620544522350086,0.808763682139744,0.16230753564749,0.21786808309398
0.663891632498806,0.75049029536177,0.168306829499262,0.201232074870193
0.818251127034976,0.501873907413664,0.136841268012696,0.337302093707753
0.596360311019571,0.644517540760485,0.0873785423718723,0.270119811583727
0.745930491544047,0.658425075662748,0.188727174609064,0.213978821425401
0.69552325402572,0.558241278675731,0.116943079753973,0.246161701622181
0.650126725765146,0.567386727196998,0.114812632221494,0.229387166849048
0.707754246497134,0.717018361769934,0.125219875433593,0.291145147878382
0.677792534161143,0.631143003253828,0.195781341821554,0.251038139426569
0.791362572673458,0.61703371852852,0.16174706563256,0.216373566822733
0.714275059525039,0.714973282542041,0.131440205529781,0.293249841127741
0.778832384457982,0.694189181305357,0.173469766724946,0.282433887073443
0.794755212894209,0.66207346259699,0.18115789213711,0.273055925244364
0.690187081659936,0.53228526367345,0.118566604094083,0.269810748886478
0.684417223491505,0.707015508591721,0.209231320824786,0.30127944069498
0.517935483041531,0.535746729852134,0.0858393873502694,0.259057695674776
0.598819805411399,0.658572149361301,0.178015245095034,0.285228091770213
0.582075363454943,0.492388272159237,0.125243419794474,0.294199201060371
0.683979197170437,0.513516652094329,0.1238350392032,0.301669830692063
0.860101020445193,0.713261006216858,0.219306258356961,0.263255377090893
0.844156102483368,0.653106719582339,0.0997547841190795,0.282108607476941
0.573713029609064,0.538522866023048,0.130134889940545,0.211046260114892
0.570236665274681,0.494987684040584,0.146373684631274,0.242971741207838
0.820831315914021,0.538546825890626,0.102923797010312,0.25988080285599
0.646186809468603,0.66187340781348,0.168747737240492,0.286260983645958
0.725681978968571,0.634879878063845,0.152770404291542,0.328130308761005
0.747888369560522,0.642146874240209,0.128942994512699,0.229870266072866
0.699690038549952,0.654864411930168,0.147936375450239,0.232181300643412
0.861146824880699,0.745497093346785,0.137712130787011,0.236504137709119
0.612220068981876,0.694436617714746,0.143888442206819,0.26613765430609
0.859963599333722,0.785408034612613,0.172147499695845,0.30627662552004
0.644979834038432,0.698520755870159,0.130375354210526,0.264622643216976
0.674067046067975,0.621150329392354,0.127955524893514,0.211697318160969
0.676142782955388,0.610918011691085,0.159062955158112,0.212929054971321
0.745440935091443,0.628132995396045,0.125250190411348,0.388879511037745
0.626767826610435,0.701602891092491,0.173558880300409,0.194767162724206
0.651990337358418,0.577408806670419,0.1440836554956,0.292796271704223
0.610026677977919,0.742094369831255,0.0928485614383268,0.262602752855905
0.741101735550351,0.501610441114727,0.159773624830244,0.251511242912108
0.817694853277259,0.690129030205975,0.130742190484163,0.24998562782826
0.635864044518282,0.645708152679902,0.127530535350812,0.24009540706217
0.957173074320944,0.65009279563365,0.148333327684263,0.261251280947545
0.607071222467568,0.696112147110332,0.149528194690646,0.262714854428528
0.833815897080295,0.577906279494009,0.131018386364046,0.201961847187877
0.523331532255554,0.636626067268537,0.150966131084126,0.24979043811728
0.797190995477059,0.608008833708322,0.0993976026479374,0.199146525364309
0.580539453686854,0.584739436433629,0.145193127461445,0.247298283200023
0.783781664247247,0.671165658065785,0.105875847822407,0.240700172389441
0.744886161018851,0.671241439237747,0.156460740892435,0.288546245138286
0.677996464621382,0.595442848358141,0.155891534961747,0.24106191024624
0.719551005089995,0.686119999044238,0.166498715225827,0.229984487468878
0.626196116115728,0.557968743570684,0.0907959348195699,0.264633775344639
0.55765718848583,0.440102823438158,0.196547968669584,0.187530829690077
0.538123378123457,0.502658760378248,0.143439993134827,0.270617617813613
0.815305530773657,0.652510420285134,0.127472428891843,0.242962119516787
0.714989876699455,0.70760934932189,0.121408226957741,0.245421005397628
0.771632721040308,0.64242708360452,0.232908571522989,0.316407722841998
0.76299216198262,0.530077185239595,0.090938258214316,0.276025833890255
0.584576693940756,0.56372565875649,0.148915036776022,0.219695046431101
0.684396609698378,0.656080833701949,0.134774170267046,0.247661121165307
0.772338677217602,0.664615048362423,0.115938339567234,0.32159360744197
0.759374941156706,0.530668138613837,0.123224449494175,0.357565987321521
0.629393738843952,0.556873255678179,0.159177779833949,0.21041427501309
0.678847153770728,0.602438782181542,0.120720200901136,0.285741970681566
0.602659645647297,0.65602112827766,0.153135685678896,0.232197459766408
0.694140463955338,0.57004227321299,0.127373309527762,0.213079921710529
0.649729267379212,0.577878731878145,0.123339973415994,0.226871554417913
0.763788507032547,0.630337781938412,0.175412683932646,0.282469054227484
0.629927938468727,0.480269743167533,0.136896987392416,0.276366569414371
0.628179653805463,0.48573052865387,0.124525216579658,0.323472423959262
0.776995302786945,0.632529483120728,0.155509080100352,0.240907018897776
0.754839103080388,0.677424017304849,0.167063716330167,0.256934801480681
0.680078260128651,0.599065220090976,0.123270120499152,0.309333369593983
0.659070708766124,0.544058573365183,0.120957822799382,0.315338036897237
0.605135829179391,0.61652407187299,0.140219046574044,0.173059053188057
0.705995048710418,0.553382767239231,0.10735862472851,0.268611544646035
0.64139665457745,0.670288348229325,0.145311083936976,0.278914892660296
0.848780092666503,0.528769416816872,0.106695015548759,0.206593018161039
0.533203871658837,0.55174498776794,0.145981877229196,0.283308713703814
0.713955272091791,0.489977489058602,0.188568874504419,0.268262466091143
0.612710425604182,0.703111168684967,0.0907615016861273,0.193795277184753
0.66484475533415,0.605253441073164,0.156337205084225,0.281661692289736
0.823435889478178,0.608395693253031,0.147818435040928,0.19389321734594
0.684238777350038,0.621362434892256,0.134624607384967,0.267987148863865
0.736006840853016,0.682022666981916,0.139848747837333,0.248395831479735
0.728908084165353,0.691185109218437,0.135589550355475,0.249046032367212
0.686186626994646,0.697503331222713,0.145760217663275,0.349727882800496
0.813230637812873,0.556737494978009,0.129279891823476,0.227193071743107
0.677708736058662,0.604627854447757,0.135166530902291,0.241751436642795
0.585044580784991,0.588433801773526,0.172104330147678,0.227094889568598
0.678609305139847,0.587803067141379,0.172172901336475,0.281867446237228
0.585343649065362,0.637871472039954,0.155250204286562,0.250365670776602
0.488927726169102,0.49935736181405,0.121283196644804,0.197228714038021
0.631808060046682,0.535675050434729,0.110735932278749,0.261859464547395
0.589550969402558,0.690216016925408,0.139675631888395,0.237091843483499
0.769768276818058,0.619997815440204,0.134681044577466,0.192267962187761
0.748430034613129,0.602882311428058,0.163329061600924,0.234097740312216
0.636391155987576,0.565676356774153,0.100677474783939,0.248177070717697
0.781310290453497,0.574362729495512,0.135779400151689,0.285332262540337
0.555818350657953,0.665802202365398,0.131550941156181,0.232229815387444
0.728664089187025,0.513220333327045,0.131504944611609,0.25318315222307
0.520777319132691,0.482634837680251,0.12420151944446,0.244204929237379
0.785987967981528,0.67813291954805,0.095270021106094,0.195322857459955
0.555798691449078,0.566492111851479,0.123093262225385,0.192282753044384
0.643677818480919,0.422732455306604,0.118182681828465,0.266763685665814
0.562049684402885,0.684818258598145,0.132465718559771,0.245887012503595
0.690688350784446,0.524281358769334,0.107440300362226,0.202498950718579
0.777363913798869,0.547923311411725,0.108563573737894,0.219195154810772
0.57772552512707,0.50906683133163,0.116360503294983,0.214796879301496
0.782883551365362,0.675681008275987,0.14617196328005,0.310118858285333
0.717173722376932,0.581620224730886,0.131727478828016,0.26254940555737
0.615650443600107,0.533588242041833,0.121570497190297,0.211634000241964
0.890503848990065,0.639555996891335,0.179901629736324,0.304012590648822
0.777362307224537,0.571808457387714,0.205087491793547,0.234973651462821
0.691326164289539,0.689364511779651,0.120944561125558,0.306440407975065
0.719377883518856,0.680197463337118,0.123827643556336,0.293126068979082
0.678239654092926,0.579546321394052,0.178743353899733,0.27023074625115
0.826449198860122,0.804706378468897,0.121110920271898,0.309747877275173
0.725666853386085,0.810886851771032,0.110131486559542,0.271466046844965
0.66156108510614,0.65762991372056,0.20954918182906,0.253972765261754
0.759163579584447,0.48630941288395,0.0851333743583962,0.235131149786574
0.589642287148867,0.629727349294783,0.137985052558273,0.237696922123413
0.715889036743429,0.604989612278635,0.107138640923576,0.226799188759199
0.644535351916566,0.526156213055915,0.0995663471760175,0.222510308863838
0.662096081151733,0.620971039111346,0.156155600992941,0.247746302478965
0.657366529656254,0.554745405619231,0.127453281590384,0.240169478925153
0.524472096393146,0.49712877976172,0.139113776239046,0.298558954348651
0.54429972910353,0.48614265078675,0.174601477865331,0.279338711975719
0.545924151208038,0.535569224257491,0.126892169473066,0.298570368834308
0.618620849655402,0.574762076863813,0.159856044572047,0.203252490522699
0.660441319313713,0.533405814541919,0.141171492078636,0.27775647760947
0.659447417332014,0.672633251556695,0.165718924128442,0.256959907670412
0.730957504655466,0.562251135245602,0.140468996014802,0.297964860792897
0.674866297417351,0.722633094626598,0.121613885580922,0.213010545429221
0.682099521483314,0.503278934250538,0.140179095182275,0.237042332922973
0.594455423882437,0.5217558348844,0.138575984440513,0.254076367806871
0.657744715393338,0.571920890318448,0.143501376330791,0.285863910990646
0.560294287444792,0.565931263972817,0.126202953347123,0.232851264608629
0.614224930625895,0.565481363546018,0.112489097256517,0.22117228609526
0.626365220157046,0.511502749797134,0.155642515225273,0.211802156356045
0.608665973659593,0.617650976094717,0.113897193260906,0.261678521242935
0.875940557570737,0.704228590660754,0.180815451211175,0.280868884069722
0.838145868148637,0.609229736642161,0.129707932832493,0.293096251516516
0.731772175637494,0.606140537494378,0.181935020271482,0.287574092272419
0.713445721564846,0.70843017082584,0.130880467556895,0.265386411215677
0.670797367769852,0.589150572630958,0.125143455726676,0.251377214802908
0.641832264289236,0.571159077960584,0.198945140793056,0.23824742781028
0.577192091373435,0.56708835514392,0.169601717073158,0.239554266308309
0.58499224449495,0.515995609528764,0.178737212938528,0.243689947608295
0.597944818424514,0.634804103163374,0.104299637512539,0.240526400998936
0.787489029263992,0.578066009224646,0.113639847441728,0.261918020842793
0.696105429600818,0.522314078564744,0.133510502824568,0.212720808417377
0.560482305646395,0.678237937231059,0.127464482774095,0.329579008208306
0.621669663611585,0.636631036783674,0.122742497326878,0.23976696960041
0.583378701824159,0.597873807976125,0.0977919317894295,0.217110086607922
0.606490688115889,0.578213887906894,0.117223131694693,0.223665023674071
0.637304976814743,0.587031120758902,0.0985690384351985,0.285369870649874
0.875517471759016,0.660454370530323,0.145173973460857,0.22472631604675
0.642432724229237,0.712377772977651,0.174132230895209,0.364484500817213
0.766841359941496,0.631943142717369,0.142937290518397,0.280229251824836
0.759973600413221,0.53901425675962,0.141531370144607,0.361913379777685
0.749502012662097,0.72239857011073,0.141379741440619,0.308550748253248
0.654261694806312,0.648702571227886,0.172185444847684,0.21367429982802
0.716770900979764,0.61512596214193,0.132990767262919,0.266497784938678
0.758846161818508,0.551013023092258,0.155983786144509,0.28986032726191
0.675505097848949,0.73363509198763,0.137107832476465,0.261824834346568
0.910009937818919,0.734542431775051,0.178843191400516,0.344963449271142
0.629107396186802,0.509239995978694,0.119382548156397,0.230027475942846
0.67086119609715,0.472046038662659,0.158160687481607,0.207975568922774
0.718231646411225,0.448785987125348,0.177656073405036,0.199473619702547
0.671171202051937,0.816194914015168,0.139157400122517,0.291677468990268
0.655871852453028,0.618430859325812,0.122509914034463,0.330317896737275
0.781605287839353,0.697353979243058,0.176988563018879,0.259755996415519
0.841370744899206,0.628290111982537,0.141875508178406,0.308293171718404
0.67147341775418,0.643597168348932,0.168095744707308,0.262835441819414
0.676200909005634,0.619954892660232,0.112957235338083,0.300758839183583
0.633348310942773,0.573489077111884,0.15142303830037,0.223173408741481
0.607545324215475,0.542746846018902,0.129283544771837,0.288982364949399
0.747335369823392,0.599490833742897,0.158309183116039,0.239890300730474
0.631622543176866,0.673191309327893,0.151891055598805,0.235969518000622
0.736361619770701,0.547199200179414,0.142400280615919,0.324682977855272
0.715909126347229,0.659811446213824,0.188086162104063,0.303762909459373
0.7991141571331,0.733960906108617,0.118700319143034,0.257114833430806
0.666222830390709,0.650505218158307,0.121471130574109,0.330480140600112
0.594647890099919,0.739844434863323,0.155994358261731,0.185443479063086
0.617107199252589,0.566326561611853,0.10794332696152,0.30916811733792
0.751618929747027,0.509668252755806,0.199457922015859,0.322838316148623
0.652416410666999,0.75010958239472,0.103829470670501,0.258499118922019
0.677448679338329,0.565149838219239,0.166114615414417,0.304841963719499
0.61002760546194,0.605841926091418,0.131507349513328,0.20742371511036
0.623077011040456,0.508256287904624,0.112562463460614,0.267441864117414
0.760055948349823,0.740941755661447,0.131402242364934,0.279185823550916
0.810334575825197,0.612195608860139,0.14789576345705,0.24346471058659
0.643941314777173,0.630147141480405,0.118976798244809,0.246442818767466
0.697167762527369,0.570852881620807,0.144174850922133,0.250593676137586
0.670331445503301,0.538581757465796,0.111478256604591,0.204002829045681
0.697428283993125,0.619784216095799,0.157163443547569,0.326042033121999
0.695014142118872,0.6428770723146,0.142721535432928,0.215771112331565
0.707374352458391,0.683352286408866,0.141494002968445,0.315213342943128
0.617372291380503,0.537355893929614,0.142192315441151,0.258480299943427
0.779972836620297,0.644062297598978,0.116168584374777,0.224311334694894
0.576965723275316,0.503958762855927,0.152210782524131,0.294458549460951
0.674716305678096,0.671047580190099,0.140154963880055,0.224818729514801
0.734801346289385,0.648160734541229,0.135232801320283,0.230328740155447
0.680144975083729,0.542958862900912,0.140873305150506,0.274303219792711
0.812788378566357,0.67724811140203,0.197062490883546,0.319124216065589
0.701526081048095,0.636164852611053,0.13400867428615,0.252894637965368
0.593843479992518,0.556105287012193,0.107140051034368,0.228517998723323
0.833889559346838,0.841738144638949,0.140835551446574,0.3367074277038
0.832854211170843,0.842537606697838,0.136896010853344,0.333818025123541
0.811265428733645,0.665187212426564,0.195826386790302,0.275947084028465
0.591496262811477,0.511386408776008,0.11865855582618,0.253285417589526
0.722363126907097,0.644114478314949,0.159072732485657,0.291793567108871
0.716909650657971,0.577033342546865,0.123714915086575,0.194748726850205
0.621277940583709,0.535404262458384,0.139725078785988,0.349872884292482
0.658414156302428,0.59408652489045,0.139907775280912,0.344816077155536
0.848611162538793,0.688988419006291,0.161006354672943,0.264100052260636
0.606350134667776,0.547946265708973,0.12130465184349,0.209523536251059
0.580517196862467,0.514363170950943,0.16005028559896,0.235199614597897
0.621036253391089,0.605174150846352,0.140358761768906,0.282866737349879
0.682325926773626,0.586607109329688,0.100176395722704,0.258660570491594
0.659403066068646,0.574901277441326,0.103457649845897,0.223508403311223
0.579086487311727,0.563280065666249,0.137322884621691,0.245635562041541
0.685404877772597,0.549142342278715,0.153820588038651,0.304723864187801
0.576599187517207,0.59205918205742,0.138162063368005,0.303491826551494
0.735417107877412,0.552015099117878,0.166743463566668,0.214792004663332
0.686563166680986,0.610326612941343,0.103334858294791,0.246720034758477
0.794192798569734,0.565942131105209,0.141290798081864,0.287892179359046
0.599707076517715,0.690905154823126,0.143919810592047,0.208451212839192
0.781192361276329,0.595652192029217,0.112494982315613,0.287787511294216
0.691571773919022,0.583617004267139,0.122538010151971,0.215319953934649
0.706290664328404,0.610340117386362,0.159663852424013,0.23549752258786
0.676105222399507,0.538689781428272,0.118891702986897,0.268805937298938
0.687348373742259,0.503504551109194,0.122241611283222,0.199026987102592
0.773204684145027,0.778066173549448,0.119068158975029,0.31220940805959
0.866026856620578,0.685885830489653,0.147011237937962,0.327000091051032
0.85319603530314,0.674051053737026,0.152247133284479,0.322199416755516
0.588426093955887,0.558847558043623,0.127304442445213,0.251295582567704
0.563658142011437,0.496035601860484,0.133484780256737,0.244515706044342
0.672514037499033,0.554224103653451,0.117549584677747,0.283797658435357
0.572739974506116,0.479839620625712,0.126179303686986,0.208667521641772
0.714104910894185,0.627240005247621,0.0943567656067845,0.235856990843132
0.673613438354543,0.619631581848982,0.102605556511879,0.26396818390439
0.590743696934631,0.564913663941124,0.151949119798609,0.265083758713208
0.619106658114818,0.555736819383155,0.136191347067344,0.205800631271641
0.741996837348126,0.574068412929975,0.132667208294342,0.276316254914571
0.553778161111294,0.535636262953378,0.115148792596477,0.197977693440041
0.61619294337079,0.463846162295438,0.134075504883154,0.238104069860455
0.579565479279924,0.61196996286051,0.115049026593232,0.218600068068554
0.67861113828457,0.520386882136596,0.1279188119378,0.210282433701142
0.541407984728299,0.5681020738981,0.0986182436087988,0.267916143085436
0.941543130095637,0.59554760325387,0.173378505612894,0.221783194106703
0.68498445849157,0.607071862205772,0.112948239276755,0.253709499863209
0.609906571899928,0.526578054272435,0.136205156794679,0.237113126342586
0.624384826300385,0.646978204032891,0.0933149195022172,0.229566087151908
0.720439974134553,0.466271258660977,0.181222574255066,0.228354293378931
0.564958244388451,0.550895205455581,0.122583406294449,0.245457892646302
0.710565198157775,0.759570242251448,0.151176568449857,0.319248645797296
0.83630050940687,0.519423076273157,0.15028420733948,0.261661379573311
0.733208275022754,0.741258161149172,0.132948912858979,0.308349400085548
0.530515821377842,0.701043081326376,0.168629730672349,0.266500756077739
0.519787542881267,0.710390378969172,0.167795363069243,0.266267590687356
0.713475823396807,0.817256256676845,0.14572205069142,0.275060647556287
0.811543382487693,0.501880880188315,0.184435052033002,0.310274759492429
0.667027109076459,0.641477620124982,0.122775687691038,0.262760894851906
0.666526358175517,0.626788648121604,0.199471373687454,0.224811286575376
0.666562885763578,0.650265994097231,0.199412604824465,0.215879841751135
0.597873988348868,0.645474111050658,0.213065807861633,0.227991460004183
0.588415890351397,0.576340855635525,0.181818827779686,0.26309413586936
0.672786687396269,0.691348269560304,0.201459524556971,0.269538641828179
0.694170632623554,0.557688353432948,0.150240851226078,0.262481034621057
0.553207494492791,0.650158238833539,0.135213158762685,0.215333608915937
0.757715649261146,0.623694337888004,0.142197153265429,0.235680002646967
0.652571468752147,0.703499466028656,0.131926446188916,0.279316926952683
0.687379265548995,0.647219568990546,0.103632021948743,0.317476346064242
0.735896012821623,0.705955257938936,0.128766061137552,0.202874061019786
0.810651678031028,0.584171271656521,0.191662097671557,0.399311663501546
0.758118529094627,0.754282008379664,0.189377461138614,0.374222733094152
0.696551680815061,0.808386404244229,0.131571574733233,0.235471623404319
0.730765843572029,0.597380081296472,0.132606176769468,0.291206708968181
0.572798903459591,0.564254486852777,0.128656234448171,0.211727781000924
0.559837288459118,0.540374062731157,0.129305607251925,0.244006143504511
0.562240090253596,0.524006817777848,0.122669408754979,0.243148500212805
0.787137931977114,0.641586492890877,0.12356515195682,0.258946893971944
0.814423739207753,0.744370873456128,0.174799263334588,0.26975049643917
0.668136733412972,0.65658911664031,0.142237456124436,0.220295379318737
0.663688239371037,0.648227318237674,0.139441572187781,0.241535746744474
0.767332198126572,0.495793077704937,0.131301579097527,0.264035770248293
0.711377971913139,0.653958428090909,0.172165141186874,0.315033445447093
0.657204532399095,0.742926722296194,0.145199145591356,0.3070847581017
0.715838485786782,0.662982223340854,0.126057572702616,0.232025572444661
0.68466243176007,0.712145191558275,0.12762831039286,0.260119478825537
0.670550977144264,0.628418124337025,0.178413304852606,0.271883658931752
0.723009813456078,0.611134150180172,0.15543562434549,0.286343680392003
0.676442028918379,0.613001067200188,0.16098039888513,0.2688677203085
0.730641872188924,0.516419714762433,0.142718740401845,0.25516190247531
0.664361000576773,0.75446926911927,0.129822132184608,0.238283530737668
0.656924870958999,0.55910160507189,0.126020161068903,0.265851956556324
0.664122872187718,0.583164046483821,0.147097677986771,0.244263227097467
0.793824925256907,0.708572660442286,0.143416077553092,0.232779496932223
0.766187592425846,0.759422201522775,0.193029624103761,0.296359442783509
0.774841958717986,0.622091971705816,0.0930641376022509,0.289053795452534
0.771227684025085,0.68038375508707,0.0905652051228863,0.272906490475406
0.589652081323608,0.659917969060688,0.215390956047295,0.234930297603997
0.818011077192883,0.535384880353573,0.100053747986466,0.244298443692835
0.721759724809586,0.726950745034532,0.119721683828423,0.287823591446438
0.619027824988338,0.50191375210447,0.122136528508687,0.280531915696604
0.636225893796658,0.523502956719953,0.133834406545115,0.238173724282372
0.742664751783145,0.583488888138102,0.149211858310274,0.226091432282394
0.716005460025042,0.682962598611991,0.135883474970351,0.248804142718645
0.667040676510625,0.651046164372318,0.137059376301834,0.252472734136757
0.674200994407746,0.592621406242685,0.129847983341409,0.248689190030508
0.623667647753086,0.567132798703283,0.12891013852363,0.28214498374963
0.767816730857947,0.553562455313059,0.147203560714911,0.241839858286191
0.60134335600289,0.591588622705562,0.14768350942925,0.208151640194119
0.638359520630214,0.587032395178345,0.105649920179673,0.263718110888065
0.599482198522434,0.528891744859543,0.141976187274863,0.238137494528682
0.58016685024292,0.524159080813269,0.0955005583509625,0.239760668254201
0.729466370702319,0.58207550385974,0.209082938366026,0.231372185585912
0.631220150173932,0.687284276002173,0.106358429527755,0.263059228430443
0.613238324563167,0.678928871129885,0.0955644877973051,0.275255043603172
0.684303985945441,0.530719940886373,0.179509146839361,0.163307460412008
0.710662872316861,0.650696091576495,0.12670780404817,0.325872805560627
0.610333653273827,0.511784776160795,0.166577781659544,0.219456930988484
0.642922148134353,0.618487515844356,0.136163893495213,0.289683784661771
0.814854842887151,0.640970183502299,0.144965693647236,0.257863034412769
0.777210060141458,0.684067220402361,0.152126406435501,0.294481495043279
0.758386467534449,0.688690988764707,0.171580970462257,0.282566327048585
0.661436955026659,0.598643609466699,0.101102344663412,0.230459240408236
0.600533305701858,0.603989600147103,0.133275651560434,0.23450486850733
0.681253928057704,0.517926547038814,0.126418062876567,0.245373446069049
0.617128248178401,0.714531269887781,0.153543877855905,0.269025789669079
0.614695971543053,0.746101062268919,0.147636572358511,0.244751902037691
0.888671837015196,0.522357862394799,0.149613216489612,0.22391679847545
0.635061006396392,0.739531725676921,0.15088218390066,0.274526837180183
0.780207066855802,0.626296578587947,0.138565884100343,0.260205446736625
0.623844030785614,0.611847786377407,0.113023805935124,0.258042803116495
0.765935816250543,0.726392377365333,0.169177970719886,0.243542058299305
0.754362280612081,0.764518008188605,0.180147145222619,0.243511826647402
0.662968472697363,0.56806218052015,0.137048023450984,0.225541812307288
0.665286193139966,0.657175493140229,0.13705211693273,0.272214493435782
0.740604382526676,0.74577363814549,0.189533956985664,0.236612862659152
0.883217641215724,0.883724908023221,0.187151647427803,0.312531807555472
0.666041254628804,0.529055242352924,0.167795816112357,0.313830240543167
0.767566554111715,0.704534532646992,0.115796641963019,0.239196682623016
0.663822188871907,0.657790152688411,0.200232087388107,0.221713303470481
0.638547693275032,0.619017015619264,0.215171240635505,0.237994778805885
0.758131244453169,0.700907838390887,0.185139633676745,0.207751135469676
0.778241524253293,0.600057523657205,0.12591012704793,0.349228936191789
0.633296356373282,0.622138811778354,0.169651361175383,0.208319215269738
0.631062420629235,0.63243602580009,0.101811143522413,0.299450938427193
0.625689683224643,0.513192708489709,0.160818887622424,0.225994196245952
0.739096606573503,0.563814742838954,0.154302100116939,0.250249714783437
0.618652693777194,0.649172264954966,0.120683994888053,0.232265871975708
0.766425428131443,0.639127394889802,0.179592667785711,0.283663832630005
0.700319971155869,0.672176272208868,0.124826114467261,0.238979469244728
0.685925885870139,0.738900604225713,0.139100988023323,0.236517028336357
0.65609171739891,0.630476708762852,0.12038420911873,0.231086961502539
0.739825607582907,0.702891362841523,0.176036620955793,0.235122640845168
0.66751756333305,0.579861305928107,0.117254332837926,0.255261749339358
0.650290450399651,0.671040764102135,0.168236773450321,0.242932319532755
0.694340351863753,0.522432125908556,0.10290840808731,0.253113794152627
0.77457068524641,0.533027697859921,0.133000341560386,0.227180674146033
0.844173479181877,0.545084865242815,0.117383879151024,0.233854703597519
0.592656632687493,0.625639391094828,0.12151502621585,0.246112756578191
0.667409067437613,0.548817956491667,0.128028980485687,0.24252606721189
0.575122560430625,0.59424081195558,0.141917262717555,0.259836849298631
0.612271196918228,0.442841215341335,0.1181334722995,0.198733450697273
0.726844750019867,0.693587948286007,0.151888117381214,0.3137885588086
0.640530399610543,0.447946335356999,0.145171275442967,0.236415202798313
0.6086979799785,0.534545679457979,0.141815542903809,0.210815302385939
0.613100959272559,0.48322626654896,0.0885453111607474,0.25546932102103
0.672017016706241,0.612444497917017,0.200569669081436,0.34876150537432
0.650133476470553,0.624483522224466,0.197585292531779,0.361952979603989
0.663361836600118,0.667539600638985,0.188405934494384,0.356640202145285
0.801667448781128,0.64537039126098,0.111510358973807,0.24955972660761
0.571187519253439,0.654993500553695,0.170502543244475,0.283183489960801
0.607797757322604,0.56774609385061,0.125110839961241,0.254255468333314
0.708668690064464,0.697513426974681,0.145236385919992,0.256758915706033
0.588348857553597,0.648719253307567,0.12459969605209,0.252954891100953
0.606103791020939,0.463956175581483,0.143218181952938,0.197094542402749
0.485677179958249,0.501189052046593,0.0965071094612246,0.224372529657945
0.692395198356593,0.683000009290085,0.143289328554162,0.249513030091487
0.558330388390473,0.508150043023696,0.112944868202614,0.25490677492349
0.609995288874824,0.514704461472382,0.145504633416658,0.231885496967468
0.700630357926992,0.496978347790567,0.135834626782065,0.218117291325395
0.622235843708916,0.49950520702864,0.130187052425453,0.240291958773551
0.676882542946894,0.499044928036774,0.149893793350971,0.210253868127596
0.56033535275663,0.634421556863959,0.114973491025856,0.216533455812606
0.721906921998709,0.609121502042129,0.141915682301076,0.252310344285241
0.599140037781493,0.557372509203088,0.115218041842102,0.226797274421048
0.701294595738471,0.728419834907551,0.190606974008483,0.22244777751982
0.623685485168617,0.443659926766709,0.119521846645156,0.296290863406919
0.703896248068065,0.494570403851535,0.115515411064536,0.24005119090028
0.658244538065546,0.467448101531734,0.118108391215453,0.242614021345218
0.839919532179843,0.871218343028477,0.149173622316414,0.315319413243547
0.632266286703888,0.497626820326234,0.131460690985862,0.216205985473193
0.657977272855791,0.68023817552918,0.129786334316836,0.261695611377922
0.716837462663894,0.625925179534295,0.120651241195641,0.258257982819035
0.709442752419854,0.628597953958322,0.113250791013003,0.266155229810823
0.593915063679067,0.657442943245816,0.13045315323192,0.202808307700217
0.635137966570358,0.485516825483947,0.130797528098406,0.306472856090928
0.667358063837541,0.75211006868652,0.128109750537664,0.235541375834369
0.899865817801371,0.724622259453601,0.148493012646151,0.252538545793967
0.610827675463465,0.557562500572208,0.115958581416624,0.229396137319025
0.614421422399885,0.629873184398838,0.143827838599349,0.274251462763498
0.619410153766608,0.701922523485442,0.0995335497695286,0.191374375197326
0.725921052624572,0.65084930743044,0.138336577440458,0.302403030491936
0.645932633615391,0.688042616868166,0.128875223286203,0.206829254831009
0.660568380258871,0.622208683822555,0.127773889938113,0.251915642367642
0.931421442336324,0.786443998573822,0.164159941931643,0.348292938264122
0.72070998009266,0.788163554658244,0.136314406974079,0.249513787411807
0.655624230897258,0.562020937221544,0.139537578124903,0.269412623207265
0.658934450724261,0.606235329032309,0.144041629702396,0.314041517599384
0.607279775262269,0.475017970279798,0.0799070005081397,0.197894101775765
0.604737496618557,0.517828566109206,0.123093562716221,0.18475580296791
0.743717217607873,0.547548568806912,0.157785425414537,0.2525121852185
0.659818650987007,0.650499499845129,0.114698533653421,0.248295484755028
0.809735589999595,0.616815758197552,0.15564139338653,0.306506551348531
0.588846995753842,0.599173172857422,0.148333206002194,0.251334702195847
0.71813906506099,0.611165324172595,0.13574803388523,0.300812289787482
0.682148680679403,0.722815805154917,0.120562569898512,0.210731294158016
0.648105728485326,0.507847735536734,0.138702378535961,0.29397504956559
0.643264947152494,0.682343311036881,0.125736731228839,0.187881270682792
0.629491313133629,0.505081732282232,0.146719165350834,0.270318892135815
0.589003891595653,0.615388094568228,0.110989421865568,0.226592406374135
0.743468737702124,0.593568750979646,0.164996962862276,0.349745153214312
0.822994886289322,0.648262615826655,0.208046046725469,0.257091676630312
0.737417436359509,0.65380083441817,0.122463966084583,0.313771248504748
0.751862583683572,0.566982368561196,0.186549729432353,0.297102564489405
0.568807078367259,0.587230706947934,0.0872755884039459,0.196359888555957
0.646160695782948,0.582277032656716,0.138672832148092,0.227130956155825
0.664094827379317,0.629207352725063,0.115877979974229,0.243071130434362
0.849577552873829,0.679403117147576,0.163224877238685,0.238112942679168
0.540787064635487,0.478645093560788,0.104807063289214,0.270440354730185
0.694040154667668,0.558128530449153,0.137951208308123,0.206806571606213
0.626860905529188,0.604656860509011,0.123718187086524,0.302249077514478
0.580184790937763,0.487174434474418,0.150868019372619,0.319595129692675
0.580225887750786,0.499660268719555,0.142408137702594,0.308211536170448
0.588069866954859,0.529521266766087,0.131982266685029,0.30111535658015
0.759650805882181,0.738448347342299,0.195687273106654,0.252918339413863
0.784600458512713,0.726155192174382,0.137350869395035,0.29398625172128
0.839042610692435,0.725324639537625,0.145877888034364,0.22536130002506
0.844338672295725,0.703804617415888,0.119774441030608,0.252376456041443
0.639743500704631,0.627986923689773,0.13019629422082,0.25537326127826
0.650526479880732,0.592425709065812,0.135593613126781,0.305889343295551
0.719197748225756,0.615585181707878,0.172637365976008,0.241320511761721
0.835057792426543,0.609498693226079,0.16325340163967,0.309534985200286
0.527173519021369,0.575611712376974,0.095821779408357,0.21290390879257
0.610173322027681,0.542350143633819,0.181898730343086,0.290625626997704
0.662209992067524,0.495051573540824,0.106430909576353,0.205731523600888
0.728238665147954,0.570894333823429,0.185666783674862,0.23215095676995
0.848483842102735,0.707586130547447,0.0922837128411731,0.328470045605009
0.859140321134314,0.567439346702563,0.128326476244082,0.254299945844569
0.700523536374622,0.695248510926683,0.17020627498196,0.24972043202129
0.70074200742183,0.574098764328562,0.118247535911943,0.332876502734548
0.642133833890017,0.571709565285519,0.109874575544099,0.29273210151522
0.678204447776088,0.586568421557055,0.108400686287485,0.319332408214369
0.681113915754525,0.558702276923457,0.159259354985443,0.180813580995707
0.59372887796751,0.604145624626261,0.12958522365168,0.213537641825904
0.711948510873016,0.606997708656228,0.126530430790897,0.271155757788488
0.725478628409822,0.613882583365285,0.127082073205671,0.274528239450692
0.800579770675939,0.891711780563476,0.221098837519491,0.352182974063838
0.769008368748641,0.866360972403939,0.205363097206838,0.363772271876895
0.855792212440429,0.814954669177307,0.188358032048144,0.312902137477085
0.717361022635211,0.784303917412056,0.167326172047572,0.239749278700448
0.70290659540046,0.711332986797591,0.156854351157804,0.277683365250264
0.688209553756101,0.742691714609886,0.167445041589546,0.267409373178344
0.763321877654919,0.506571075955145,0.10736386733786,0.224296062311245
0.591841516610441,0.664871376943278,0.124315295215822,0.2274697714671
0.680579643544498,0.543853238760493,0.116767442201815,0.205377006037039
0.710919880404345,0.716171484653745,0.169994254209454,0.34875841378833
0.799221652577118,0.72973830000385,0.13235059703624,0.240220758615814
0.732960558826465,0.654864766201087,0.121595153632267,0.281441902704013
0.675178423376344,0.656402300336098,0.117504787584749,0.208882472415059
0.674513034417066,0.578413152381984,0.0921621640676381,0.238170517824262
0.768742688303583,0.637284928470008,0.138831594183242,0.172911236929975
0.710911460584528,0.589403156205202,0.1443821860454,0.275856486915714
0.738256475170853,0.743348539987669,0.121975117274899,0.304469945442475
0.79003426286479,0.652437125325427,0.150935874511345,0.301352449894825
0.676065957721351,0.55305577641883,0.145592127637343,0.246694926538466
0.794049564945189,0.671996971634384,0.13060818836975,0.222442876907845
0.71055936814999,0.563535388888113,0.135945580262868,0.281703128903401
0.694106047741508,0.549460623633834,0.136870960510995,0.274819115429975
0.639603436413682,0.616606827547129,0.131919813414335,0.26431318960082
0.689124207993872,0.574637933714863,0.122909281346362,0.264980741909813
0.660153784378685,0.507120795616381,0.198470947401703,0.193716004909156
0.71753394721289,0.786124065779509,0.142521540777281,0.405187381808666
0.724098098164391,0.651152306165647,0.139800189695985,0.195388373606539
0.730744370836844,0.561435233189732,0.162611227281326,0.247173927376144
0.572300131370661,0.53668025021107,0.103642256122043,0.230658726144713
0.669256402136203,0.650576512320494,0.119587608978375,0.256221252235285
0.724164813153562,0.538134446673133,0.206740168977362,0.271325538600611
0.714977580514887,0.60512483807593,0.132436302617657,0.218413756028016
0.678272506946178,0.638034265455888,0.160046184552805,0.342959881069334
0.623332850201688,0.572412587103282,0.137512600370737,0.197498823402443
0.701613804526315,0.545684483397846,0.14074108355632,0.298393437853967
0.805217598551753,0.672969247831646,0.130257929576687,0.258979871924833
0.607730379018815,0.527314438419889,0.142426547071387,0.257896615786832
0.667845374696947,0.80116319183492,0.151224719682086,0.258784396824416
0.760933996156342,0.566285367822975,0.117188066683273,0.262167371793128
0.553007021584334,0.586144532413123,0.132279676949079,0.270310742285638
0.591749297666964,0.486390482509012,0.173422792579701,0.288205712180958
0.626270669672379,0.403377546823811,0.213168336426718,0.299002998817823
0.577035937095199,0.558795698214801,0.141820005201933,0.231487801198809
0.678279122202876,0.570179964613773,0.12021328224411,0.195676205131293
0.748849859698164,0.688026972935365,0.176784602993466,0.285956307197052
0.666789170875014,0.563050605245403,0.117239906542038,0.240775055734022
0.653549759624094,0.572609639968307,0.148271148342848,0.265787025189396
0.593573026555299,0.479388984746092,0.114449273492542,0.239642814180086
0.573323148278617,0.593419435162448,0.114832175404871,0.195858741534816
0.604397242953811,0.542358909714654,0.10180646241946,0.19690238822082
0.659296359602388,0.703961106215682,0.115630324926475,0.275034365455277
0.700392847473292,0.587478415221886,0.154393993439591,0.314567393345159
0.769783961910933,0.767668633963246,0.115174102500118,0.255794617934403
0.870115138085891,0.648763027361964,0.165884120253897,0.22978696992706
0.661654122928609,0.595124085048681,0.151462055753073,0.311143570738231
0.733456054131527,0.714361100678714,0.146116523610828,0.190983610162753
0.921231280532375,0.573216933423334,0.17091148505523,0.228503201824411
0.622945503900751,0.607872839818323,0.1488061055025,0.222291566844933
0.770471727042727,0.589105618584744,0.110003163590737,0.270882739613905
0.583870086807695,0.594217596482068,0.155445171715077,0.215472015931894
0.674481979332243,0.53405002651014,0.158155186809888,0.276815155163253
0.650563697482307,0.529762004984984,0.153659604953696,0.286142210429056
0.675621602553053,0.533706565333754,0.156402163658194,0.28425654944907
0.655896348168483,0.53360178263082,0.123879573609349,0.288110275856718
0.616454779381483,0.618346665042782,0.121104390278813,0.214458551936537
0.561374419660395,0.55248417213587,0.134336551122774,0.256056675173278
0.844493769028079,0.634070461459234,0.130318423826831,0.342349748284994
0.862307991459869,0.673529949055831,0.137412950977279,0.311221097481648
0.832896075323191,0.69000125174914,0.173997014495585,0.311313866772922
0.772099227180223,0.824989848069932,0.169619382223739,0.267966982946671
0.744330822008034,0.594912675490935,0.119476252884501,0.236830845600562
0.773724224820954,0.659021357907059,0.174352919197808,0.256410666277945
0.700641030256475,0.846961604745595,0.133342126047373,0.207350847246004
0.705942874214837,0.581149934604738,0.104085131805424,0.257400087442175
0.724006319108578,0.56707832404527,0.174812653197328,0.250496062285689
0.662385457659168,0.586675444815548,0.123461469614506,0.270526134604451
0.696842947779661,0.510245611507194,0.112133449359156,0.282340297512621
0.681766599707619,0.638988404397693,0.122604833790752,0.213227769329097
0.646561592122121,0.62190182434825,0.142720865886413,0.209883770206804
0.663531637670978,0.525292242267968,0.130446622985675,0.214781882220255
0.672645611099504,0.660390194323403,0.111080060673683,0.215653831807959
0.69023147636421,0.580295845084015,0.125242062881243,0.249873925781165
0.744541797990381,0.635259865892539,0.164084192769129,0.3346563724182
0.730124642197299,0.646940136953532,0.104400776210853,0.258811308193889
0.690417766353295,0.554808255566322,0.151582441106014,0.354458063733539
0.718518671105641,0.67092366096949,0.127926347281666,0.234708776078107
0.906724406749007,0.7549278300478,0.191491379760366,0.26706034157557
0.686298939242868,0.592482498969118,0.12971057482117,0.236943193385689
0.670597318951459,0.64170135380026,0.128085000197739,0.28818833367809
0.624571426527558,0.578655218331593,0.137085959263644,0.217035397031718
0.742309383960254,0.689737064742298,0.14518916380391,0.300469994574069
0.713867358420439,0.728786028755091,0.17008068028774,0.225434833787681
0.627834040299221,0.705896124120126,0.177983885470177,0.220306486144993
0.739885683443323,0.593838448555868,0.115524789501532,0.273530217181316
0.607765988960413,0.70760032021419,0.211455507311675,0.260917932318287
0.781135869936208,0.686883610230143,0.153640207850828,0.213641859545028
0.790081708982614,0.738795964282194,0.132050888886718,0.255223438230452
0.686385459878948,0.596395545078178,0.113315017304965,0.288529484263904
0.602516854743322,0.637461186185177,0.152221079637515,0.234965637427177
0.542451622622491,0.662583363040367,0.17284305671115,0.261766624770802
0.929813134487797,0.7360048605758,0.147720638549098,0.303995975477135
0.832558106937861,0.689056088784477,0.174965272899729,0.297593963144643
0.768534771487543,0.696893848354794,0.177291492266604,0.239378740433773
0.695674583060208,0.709587292492647,0.148149829279609,0.312011384227631
0.780089873973132,0.652311104269749,0.127205231199899,0.214576180138252
0.738196445191577,0.664359719798421,0.180872716345142,0.345183897959732
0.687535470026681,0.503233252409886,0.142233703106204,0.220646892949452
0.705880943078579,0.589394138798977,0.104376637824422,0.239880308207076
0.564611108443421,0.501134502800934,0.164474709616478,0.243649046648383
0.86354173664721,0.731185648912537,0.125899956047348,0.326762966884247
0.709249448295185,0.573075199123338,0.182531855926684,0.220259063803838
0.734719051639712,0.496873846390083,0.156563435047535,0.234999083675661
0.759761127757517,0.506619638733041,0.179201973688456,0.246742020254344
0.729912368582503,0.608636431427647,0.115445584831328,0.262201730744559
0.675789729231086,0.608505821658596,0.11874932520224,0.244978239627733
0.718501128337409,0.715393847582965,0.092841759846851,0.297679364772378
0.764983768303843,0.502512628705057,0.181886410455024,0.314214908067987
0.602501918405186,0.6934045815623,0.1178717325912,0.24773642140508
0.609106428688037,0.678215589929831,0.110649546677305,0.229515612273681
0.614871986349808,0.553771512665848,0.166339096957522,0.246847709644411
0.824410714606615,0.610781271061331,0.105337506828792,0.298720237994197
0.609370159914092,0.621238012513748,0.102066624505836,0.246646964913656
0.806740895122604,0.566183791494603,0.166018868233871,0.227578905348456
0.607739963196044,0.659233899857615,0.116269413090726,0.233206377936074
0.827115718073729,0.504296062387262,0.136538604180642,0.231931457740014
0.47391780763583,0.591652003118707,0.138175204413264,0.254699646720241
0.764520848847528,0.597172463192691,0.139345103561331,0.207658020491281
0.581139041506572,0.568854499932729,0.145314985934037,0.274116710701195
0.577772135840522,0.539807467220667,0.159535383526409,0.247508380297125
0.656036280042878,0.595571166751046,0.101687373035549,0.279598120765111
0.787025489642388,0.728511776345507,0.171336224952908,0.264519685707561
0.715907012004351,0.701268416748795,0.140346220404401,0.265657799779091
0.936725219709306,0.71246287618854,0.225856021392293,0.311103146277781
0.610096592128443,0.597006654752062,0.109017336366892,0.268171142079703
0.605626089629816,0.607050466124113,0.11000250925938,0.266634314517652
0.691234657643542,0.491040557673048,0.133732371838511,0.199678662726523
0.611773920716408,0.664083223605305,0.126865493483413,0.337796698840227
0.779374094654667,0.626082655418142,0.121589735861213,0.256094422068151
0.616946078056882,0.606863208583207,0.202762283868307,0.358611585838732
0.770061829375501,0.712804295779404,0.11208538907882,0.243640890349606
0.664747503644811,0.535649674857835,0.161469970126091,0.262291479803606
0.885370224151858,0.732766484192494,0.163204278749005,0.308906320468078
0.487334755043147,0.456821136977529,0.113102608927135,0.209879732481993
0.863629852591094,0.718111909829625,0.172633560296458,0.277006809216971
0.701829444581898,0.738137118838381,0.134423415891255,0.323893280534732
0.789452397431222,0.730245713145138,0.153382883768617,0.215711957662938
0.706464306341806,0.603133593187667,0.161725702634341,0.228722323102214
0.787491278963643,0.628454074560787,0.174465877222509,0.250551865517329
0.566896753813239,0.51035544791064,0.099153566432274,0.252442416739217
0.736319780252401,0.632515092763475,0.119890243359671,0.219238333495488
0.704957783524114,0.62929674792199,0.149586536894233,0.328945462526265
0.79349424148746,0.660099359211608,0.1353343574785,0.177302134445423
0.611909645310942,0.595483387044169,0.184166773517907,0.305528306826776
0.753743669766046,0.579067538093002,0.164585314139298,0.278335309614537
0.739075726335448,0.587712855610119,0.174994116364547,0.290020435334228
0.688322259101838,0.823265390603984,0.143638323931579,0.230490248306942
0.772041121799935,0.699830199127954,0.139934025948429,0.330702219082406
0.554109478851499,0.529865757362552,0.11632316518235,0.227351086683277
0.557800905506157,0.533961378254182,0.104823578243761,0.254421979388927
0.542786693983754,0.526019105895077,0.134439407328678,0.204891422272321
0.655609659197538,0.60573442333264,0.156800311522483,0.256902675809743
0.658468359098293,0.603257256357893,0.0793978824982533,0.302499211369766
0.688560585648189,0.572731681175319,0.222527934988686,0.243410295263044
0.826402640018608,0.741941461424197,0.0824178193214583,0.325202894029442
0.624947238026317,0.583568245973405,0.227794343262845,0.20829945559856
0.635819983479493,0.555452317695496,0.0796613978182945,0.235726491848586
0.648484587320164,0.631626753691376,0.167249632305247,0.338834362260467
0.610549322239067,0.634525413616988,0.17554743077836,0.316678013572489
0.624959949647808,0.4720441935127,0.10189494422932,0.236522651085823
0.601267001253378,0.493249410341044,0.106823518451442,0.22648723342919
0.58060679319548,0.513239977987825,0.107475901168291,0.210632197671587
0.750743799327208,0.560869000029493,0.148454030996338,0.274131559040809
0.521496924745249,0.539624490968574,0.135344568572827,0.21083449876016
0.558809978934308,0.536172331654008,0.140933253787099,0.227604189690642
0.698937397884062,0.591262449848137,0.130066560385376,0.249753602001868
0.655598180518962,0.610746068168682,0.109662857305248,0.286689214763386
0.548950498982381,0.591277969104714,0.138575567197162,0.265043088737328
0.786740155461897,0.722887485075004,0.1325567332236,0.265944657568784
0.637285874237806,0.590138362302858,0.171609362688382,0.26278736835862
0.790707745635946,0.731268090459265,0.12281298189209,0.291674914237463
0.699083558774402,0.583045965179839,0.160331733654928,0.27167024050281
0.613264028890811,0.551273491477016,0.12319728479563,0.217406774197742
0.60634180400745,0.553169297873366,0.117971599975958,0.22567499069381
0.528240501760873,0.677502475425702,0.113819253110307,0.212814258059815
0.627030876380325,0.372107998518243,0.148157258971802,0.21113878635649
0.581312208657112,0.73266899663066,0.119200179157472,0.259883960171135
0.674535071311894,0.585966411189558,0.193242127070324,0.257551652243492
0.622914225655166,0.67228140421422,0.0980265602356826,0.205155001159863
0.669293088843321,0.44978138686168,0.171706834811542,0.257542210799026
0.682710208957872,0.711712815350351,0.109470023585907,0.198761747702671
0.595517622669899,0.712769036472737,0.125697702636378,0.217594007658365
0.560660744752637,0.493821439014357,0.130318761151754,0.216651024938463
0.754991013819647,0.622756867671849,0.115665999908985,0.217434256457917
0.59584167586432,0.749587441090477,0.136978418476665,0.236500890962918
0.714017325406965,0.503964494018291,0.116405184136129,0.306377793444028
0.660708341224193,0.626417707703261,0.153146878756638,0.279532001293722
0.639233966433915,0.601411951103987,0.14049882968112,0.273931628983841
0.563016638643,0.59484557368848,0.109443655040672,0.251114348910375
0.63011421506385,0.555878565962183,0.146345619313335,0.239689368607594
0.660500026237818,0.651828855896503,0.150685064643945,0.252260066152332
0.712584992908686,0.630133920465482,0.131351297843873,0.2962721425166
0.662684396042384,0.600012298546534,0.10692429850507,0.223301720158946
0.583440950539055,0.688597149178873,0.165345642911179,0.25649956674549
0.61252298264782,0.582800079892148,0.117209457194137,0.287022353265756
0.597378957280688,0.628084910920758,0.144920508807092,0.225768796622156
0.592763549222289,0.547775537588365,0.121019251849482,0.198069203689182
0.649344403515525,0.685613733435284,0.108506418235446,0.263566924701366
0.656909726058061,0.69254719307544,0.131490914233885,0.28988965486061
0.755663716544023,0.486950538615793,0.155934403137192,0.222330329306728
0.513030386124364,0.671134402111628,0.129302934618335,0.305622646691975
0.802980966982884,0.526788895108469,0.180470111576205,0.291577236152788
0.797548937736865,0.661156519316605,0.134795592308746,0.299564922697841
0.653734518029496,0.678064401238952,0.148371807567782,0.264954241062033
0.839835109545693,0.658652240365046,0.143547522881107,0.274140682338151
0.76008625827635,0.603391915474533,0.126353130334834,0.244730635396054
0.669886528573168,0.564937546538912,0.130429362083189,0.230060750601348
0.703429124377485,0.504461969382714,0.115851384896864,0.225154117673582
0.679299340036135,0.658102742316938,0.137903941234076,0.252204549417797
0.722731554800712,0.576160736628703,0.144863653968156,0.25660448220085
0.686423410368498,0.581248427940175,0.15158812800715,0.25799237645749
0.54597981146452,0.574578227841368,0.145600224566642,0.26609049101806
0.583725899587318,0.654196436389746,0.121302645541977,0.235322934135733
0.492373656182738,0.561911067173213,0.115270859602755,0.255173398019218
0.743764633407409,0.462697256029746,0.140609954496341,0.237646600262036
0.53903953125607,0.663144166548713,0.134085036058209,0.258519043172617
0.733940664268678,0.666277200873229,0.125817306464487,0.26513612771481
0.714681383331012,0.623943710636225,0.107930903007132,0.318115348728931
0.74843212472752,0.595505299283342,0.190364863443985,0.245303286593187
0.644466717482581,0.652914908824935,0.0898613151422735,0.320090617305075
0.807541377546731,0.540157871154636,0.28464822382103,0.276170756548882
0.609293740755235,0.717662538351969,0.0656668749335097,0.269831373386488
0.646553157606824,0.545306144650878,0.155531608335196,0.243172068691071
0.662894977078561,0.580265644235745,0.113523650959899,0.259837713643478
0.757942476145968,0.641162513699046,0.182359533841729,0.248400423451976
0.728765524060798,0.605952725423991,0.155271484631865,0.29955381378016
0.762518747042965,0.628146464806427,0.118717717864106,0.258652878574584
0.594014006440733,0.57945868321061,0.118728518068825,0.219391916110471
0.633366964085752,0.600996832123279,0.121986306391063,0.208341343591046
0.675783052868534,0.547892746940692,0.11058033505978,0.279767972642885
0.662900793601406,0.633222562124888,0.147758151058765,0.216676353854943
0.769681882937507,0.536590419389407,0.125298443597964,0.24656554109114
0.710407422843784,0.570080001281813,0.101565226266499,0.235860266268948
0.673785881082765,0.632056941630412,0.119473306125222,0.277007297430764
0.777916594999757,0.509012674057775,0.127691312788578,0.24518471011762
0.504557923350782,0.507353212495926,0.122789215250076,0.215607096596667
0.516463341420674,0.546331818177647,0.121910070983826,0.206113196491889
0.744302582158269,0.642509393010905,0.121298709303828,0.226396293954528
0.636387487985558,0.624221439436232,0.132049146752084,0.25505738261594
0.527553679224204,0.52814128410115,0.10664365603558,0.250238886084008
0.808798286807091,0.564458756608895,0.152677398861333,0.225833756848966
0.501485429458453,0.600528250931704,0.111953571175626,0.24386925229315
0.61877719642862,0.545574239467238,0.168060909515043,0.239904020903518
0.610339931673137,0.648150407114993,0.109890975733161,0.270579342073129
0.64711298372888,0.592833624231651,0.142493541789195,0.242301991511602
0.652223097015219,0.588572122370127,0.152590666596078,0.245532381341804
0.753968278007436,0.482797227131932,0.121695564053952,0.292838345691181
0.66326243602486,0.629103611439561,0.154006969199694,0.27253861086869
0.596933492795906,0.559864225479573,0.117081360193189,0.193791806902328
0.60385386950824,0.671646863656674,0.121310470949125,0.268511785686063
0.681078721914706,0.493200802695159,0.144181935547531,0.222427985485127
0.731572355792822,0.587584653966933,0.128225109462512,0.292507626335141
0.662278342801868,0.577634613581575,0.193446983644594,0.322166314519133
0.742880564636007,0.599568657036591,0.116339291093891,0.31010432495447
0.716913133247198,0.688749518465908,0.169079919784095,0.291266617943991
0.788649967759012,0.77831439248965,0.119298144645743,0.240007583140737
0.656112502737005,0.44935868467289,0.11769982782117,0.211142325033318
0.768358486351533,0.695616298647208,0.150391428823295,0.306445059049931
0.545539770671217,0.481284612928486,0.110171007568755,0.234081109708503
0.702892897999564,0.612560590053842,0.172502662610241,0.195338951540434
0.592774421421749,0.515993900712538,0.103307410537081,0.294174667645641
0.774458314296865,0.535201413411736,0.162834410137386,0.269627185889093
0.624211312950683,0.555482868703237,0.112366181741291,0.320164321113614
0.65191546825936,0.666086348488013,0.124567812568332,0.234262445960884
0.603710685285887,0.599307384443437,0.120919426594011,0.257470729775664
0.766198870138689,0.674394999570944,0.13954088499419,0.278967207700705
0.700697162503949,0.596291701219087,0.16627474934484,0.267588122854705
0.792755269101547,0.66777398724136,0.142062502912769,0.29244652811733
0.650778805266874,0.716295242605593,0.160650117815905,0.248106496939668
0.627931501464517,0.626376752035935,0.106044740891691,0.258560192338978
0.531782733848126,0.543624944737394,0.1356838611081,0.213145048265842
0.632325700048582,0.505297196086236,0.120392442740727,0.195251838662181
0.600699920540534,0.567234746557752,0.138443722001956,0.219472900837287
0.649557359078711,0.551843899057611,0.0942497987286666,0.246352017343963
0.674151574420315,0.597841775085949,0.183921634655168,0.304359585139584
0.621510252535766,0.595943783834653,0.152624933359065,0.315914654097144
0.715598757941274,0.468670110105191,0.11040519261827,0.274178227284375
0.656456799595337,0.705733384125346,0.140001711998104,0.267593432913153
0.63544892892545,0.462608454523944,0.139237678211376,0.197107125881786
0.743201117795812,0.761361286603167,0.140375383700607,0.293376271653069
0.577677261063488,0.396935655342981,0.125841525242241,0.161673612993266
0.54895564649843,0.592613935257881,0.115044902800862,0.279556109284118
0.667233123790386,0.548577058099899,0.147857426923691,0.208496491467294
0.6313572401936,0.601389571172619,0.115703344644126,0.269966888843143
0.781214736472873,0.643256759119511,0.139065169456449,0.223129922183348
0.681329166447029,0.638139596232532,0.144292332514947,0.322877923813648
0.771893328978184,0.546148119627525,0.154038978052822,0.298704695317828
0.796885750054251,0.776022446373789,0.167591080816914,0.226510251056851
0.642975826380313,0.586778354238777,0.140339705615084,0.255154754244497
0.647814746449305,0.702626254321492,0.135361975017056,0.254158135487963
0.664438888498653,0.567375278773922,0.131032639108779,0.278149370993485
0.857625895768876,0.764898772533317,0.165200645345252,0.341906846362514
0.64474416707826,0.691082672844012,0.184783189715349,0.296646166706696
0.760779972470098,0.659308447955537,0.115882040487406,0.377421716470036
0.774393601057026,0.58978261812758,0.107185892667408,0.279991096777322
0.636142816582708,0.760696140664574,0.185376534284184,0.377552670247001
0.825363665703733,0.664769775349405,0.116898993510176,0.23293736102178
0.645407936582837,0.591670515033041,0.146247433683377,0.241011143679111
0.699157314176575,0.602796436615284,0.161671809513647,0.22011790871114
0.67978512732836,0.619065834304846,0.138756066230092,0.248970753267882
0.739656459476004,0.558866979003917,0.130678807649265,0.306758789453349
0.809247195238054,0.537846370286289,0.133655299137597,0.291634966718721
0.845966998191118,0.748517804979393,0.156191126478042,0.321746024536043
0.710233553162635,0.736393219957137,0.178843056046332,0.252141483913027
0.82814872723595,0.500014835775148,0.115809818871332,0.304633975119844
0.560387728141124,0.68171827563381,0.158225628731631,0.239359493792329
0.635866384836993,0.69444841996486,0.115238541527096,0.191608159189139
0.613121246683598,0.541457775949708,0.143696925379081,0.270008549440832
0.885293899578308,0.831457280040234,0.122837116525466,0.294324853975106
0.809870303548735,0.58886221517207,0.130608832938999,0.253938681932001
0.86097614784417,0.601954794216986,0.167803372566479,0.2728880755701
0.649005401755005,0.672506931154148,0.114773140441851,0.299766774652354
0.667453824345888,0.73381582865352,0.109504146979862,0.274074645930137
0.621345482912119,0.480982004840564,0.169293616646793,0.272209444408099
0.601835469533647,0.533960332927244,0.098423501912072,0.220067022051415
0.663711901736557,0.642204578622979,0.136847938918465,0.266254455926023
0.684757277121882,0.534356969207953,0.166738582415489,0.256527150012439
0.588453118010523,0.72124233238725,0.163770915763133,0.304087668249026
0.687112003624738,0.564073855330551,0.126615508053092,0.209776528777214
0.590090013488049,0.632619758446064,0.120109740224854,0.267199768456623
0.87671486844548,0.615902211156821,0.172354194929396,0.286976524178091
0.646492350477672,0.643754264079901,0.140933187783365,0.205950606111374
0.59253692535749,0.519500770860918,0.13769439890435,0.220888749060378
0.63521764511343,0.507384295362513,0.133829023297096,0.263514788562002
0.620218142749567,0.691924347419822,0.154544308287475,0.214980999895978
0.773364394882505,0.543151134365106,0.107848960404934,0.248976135192408
0.521331504433341,0.59353214292851,0.114004363768125,0.217076835470979
0.814250098465066,0.609969261502738,0.14083700922609,0.246391335916361
0.608681992018231,0.761909041314097,0.132767342355424,0.275789277731134
0.63875947218704,0.609279938599612,0.149278527147071,0.298998533356317
0.658326648187632,0.84557792917624,0.137818895466297,0.296417310713097
0.721398361936749,0.51742949986233,0.117378158889308,0.196288987859928
0.694904939758179,0.579834614716146,0.0907683439078582,0.30694530572699
0.580738970079437,0.812105258990655,0.0896164203568171,0.261103389028207
0.824752213391798,0.558088726516981,0.236319123378894,0.28620625819236
0.830747546137158,0.551207709626894,0.234102298904035,0.283217716918013
0.570353272700544,0.687310758766304,0.0837441231555318,0.259306971755823
0.831138386575737,0.621403653215411,0.214282264430842,0.234157936346047
0.649203120542188,0.738615742206799,0.0734962394443115,0.300613374863854
0.568984634882447,0.521014163387829,0.102320396199272,0.212812821824374
0.690634604883145,0.667659868948407,0.11878047868387,0.239651623289111
0.762187001872301,0.629817610852621,0.171949304616088,0.240740754450644
0.546999243428355,0.531564310283602,0.124785786945702,0.293462365627986
0.646412323574223,0.597970766568785,0.151189597191704,0.24905907415119
0.856180373450591,0.707517439962102,0.165260832309245,0.255690932571227
0.606990637712019,0.724278232669628,0.15785693890317,0.339541046509712
0.7604314999635,0.543212911275887,0.151502064413401,0.199099120041744
0.718073667714468,0.582780396135777,0.160347274428385,0.212242189486335
0.477562879623053,0.563733475730169,0.0963490612210367,0.249704653309274
0.744048272857622,0.486610334928459,0.163431841881434,0.18654431939596
0.543532730742895,0.632049131648015,0.125021128543431,0.294735895614818
0.700068413407934,0.5227304784109,0.143665761972785,0.217125887199596
0.637634610444999,0.550948461931627,0.165408101499924,0.25156960623917
0.626914923838205,0.543964078500322,0.146766068213137,0.24367224043055
0.643175229492386,0.531798822497291,0.145372399722914,0.246865835384134
0.548763258266357,0.460991285214588,0.151965867790899,0.20116799205752
0.744174674861859,0.867908963485545,0.121941367168592,0.293663205163808
0.795011813939727,0.599511140923993,0.143061918889741,0.263482807328096
0.762403839867902,0.720733797070564,0.170051413617678,0.23912642268506
0.649981671933103,0.612189269626252,0.113069269643472,0.260567724626579
0.738176811036534,0.688127902467742,0.149120166103164,0.21950563129989
0.759088911828546,0.628694267178858,0.134130103357127,0.368536260836834
0.662368086480429,0.509312807332846,0.123576086839982,0.219904094417832
0.602628572161293,0.501835870554234,0.129280550686801,0.300983231719972
0.602051053595444,0.554682353902708,0.121038303368007,0.29199708084461
0.678567231841456,0.61138886999387,0.10444939472363,0.212849332249474
0.608259989132953,0.544734003402482,0.153236043164133,0.244751568061132
0.645596135196366,0.572050208383622,0.111082985947616,0.289988018774959
0.682786290042637,0.701606447727525,0.168744932513712,0.222768849861607
0.663133694004556,0.571960445213474,0.175559041930723,0.265364417699501
0.680531772095752,0.670785358939812,0.120556441702929,0.277742521900936
0.798074034697854,0.660263664045639,0.183742879324821,0.255682371836019
0.842192578160034,0.638700378340828,0.113171711219263,0.344074311589439
0.645400305019596,0.695519423413818,0.191261948693977,0.227373969520902
0.670640197993894,0.641639678699724,0.112968317068621,0.196192269605798
0.699197648740984,0.579687775978249,0.181037753480439,0.210488013996491
0.635163832339044,0.610996248082995,0.083648609752016,0.267217663410046
0.712080135401449,0.545607652455423,0.187471465541997,0.225666669340052
0.724415429796256,0.66639017490121,0.0758410345378863,0.301184703140651
0.628116285229929,0.488416011103779,0.193953664596289,0.236679954814021
0.675789383599797,0.576898796526943,0.106816692069171,0.262369076383458
0.632960303799223,0.568604406703568,0.165570630129648,0.206010839512402
0.709215277328281,0.598563848322533,0.107581393540283,0.298407468971997
0.643461903414269,0.666825404255297,0.110966806772123,0.247938932543044
0.722232648716075,0.674027211389316,0.169180495193736,0.295134287234476
0.762507971160082,0.675166685241062,0.10503609751458,0.250549248193128
0.638116508598492,0.525096180143587,0.135161736501466,0.316970986876606
0.682565730869935,0.71638944362265,0.140196849060856,0.219727506785991
0.714020564449619,0.725082270178953,0.132244172514694,0.20210121117162
0.750627464585433,0.598532686659989,0.172474327888013,0.329357633396088
0.723120562028327,0.642620247143146,0.166408627010296,0.225783699194927
0.652532702038689,0.614408461062089,0.146380856776905,0.295323324866794
0.754428218274074,0.691141933347021,0.166625463634163,0.223511104461754
0.794578268107203,0.767374022767855,0.160468053511078,0.310790115528232
0.726163265825285,0.633383205428892,0.145852325112049,0.285572436422791
0.640714827067687,0.710393018172529,0.109207545644841,0.251628503335836
0.611166784630133,0.492030114261692,0.14861025638249,0.239900193819782
0.58907954295193,0.49533290149706,0.148069605422624,0.250118564417033
0.642610657263983,0.454676130091336,0.114254435665963,0.258145424396771
0.709402847851478,0.701892510648398,0.165605594200513,0.208604166730742
0.707095620162469,0.670325712034525,0.11330204780218,0.18355886107705
0.777631651797127,0.556156176992593,0.144366744513741,0.25224250396743
0.682191184863815,0.668669702112568,0.133647500788472,0.247051193859113
0.655329201928284,0.573738236972253,0.168275249926457,0.263211163228137
0.753282142593249,0.632708943101625,0.0994178167971719,0.247938351308456
0.784250449829327,0.574443632096053,0.150305249811243,0.263263436144017
0.687924318589526,0.658695105103701,0.147599682983324,0.283210854681752
0.696579113056895,0.540546514646433,0.130357619100415,0.26761968016019
0.594722391430407,0.495273990391677,0.12557782039206,0.286409923370095
0.709982381301195,0.628856535606804,0.152893365561087,0.243968570407343
0.66344194197486,0.618043182689158,0.127110154815437,0.299657133435965
0.678917709579567,0.555929357161202,0.132429041246325,0.184885224047014
0.652484190200349,0.685296113675493,0.154545084380127,0.343757254991841
0.672093482167473,0.561811869204018,0.123395273157056,0.257155856117764
0.583330351356096,0.585005817267134,0.116962965972561,0.283333078779248
0.814987793758508,0.553071138147735,0.149030788012742,0.269491757620732
0.6699021940367,0.703835492235494,0.131621484796968,0.290009108366275
0.688315676018102,0.641461295156907,0.124804256172857,0.350713108807936
0.827677909901428,0.548056078624919,0.172257299321888,0.218331118365046
0.627056659981327,0.705159357901317,0.117588044926925,0.220577450001949
0.622617340352585,0.579127723770639,0.165702189195602,0.277265379070195
0.591892217913397,0.637355824204742,0.115932963322688,0.236650793844248
0.712564518986695,0.770584190969606,0.114596841502545,0.212914853905016
0.568241204614774,0.444401426624907,0.159313092812198,0.24504780046394
0.531962539361235,0.569428039327419,0.116216045668724,0.236766065391639
0.722878868312199,0.601065490053469,0.119090217206619,0.245792817187134
0.681695498735247,0.80140501930575,0.157743673503697,0.278543418520618
0.823129958885368,0.543129043018004,0.144566923473939,0.310749701375554
0.696087329259262,0.734632312262399,0.154262034790263,0.204568127312044
0.563752588312395,0.505754517371584,0.116586854631656,0.217359188653617
0.603762104685069,0.589900595140404,0.12105249029162,0.239382620925672
0.589264645437872,0.517620066154418,0.143241755059484,0.252919902452897
0.51652201535694,0.566774162430338,0.0953481893823167,0.169917664158027
0.782537947439058,0.691173103349436,0.153323824958776,0.292339813411875
0.596484755537577,0.722305232736176,0.124100565970737,0.242128125685014
0.674498911633946,0.573959070414945,0.156340032862416,0.18497085723747
0.701941438097022,0.550196742877673,0.135196819013487,0.301842094419118
0.736533264436672,0.601399564860938,0.103067065679189,0.221240122229789
0.613673897516486,0.505279510025342,0.164933456056285,0.316237746053041
0.784840459695468,0.58969106060139,0.115348691564996,0.224486425814381
0.594355909537496,0.595180424005174,0.133901315531826,0.273635323368774
0.579786488025249,0.502168745159496,0.146320010476728,0.203006382844031
0.706382057073685,0.509457762861939,0.0939805054624814,0.272512083632486
0.683152253151219,0.706884989581089,0.137596114902695,0.301335515217341
0.728930190075405,0.724781581710374,0.178320191042994,0.271130521501477
0.557234628251414,0.499881280701689,0.111937212815795,0.248128113172486
0.70522538714583,0.522881571445783,0.161449896615312,0.193905300982366
0.63734448437199,0.634623512389767,0.114125365637003,0.30185405973849
0.657753638812778,0.555448460499746,0.173503541658394,0.261410870318759
0.687798519604967,0.722273090984382,0.107206779475159,0.245387114122542
0.813411065076591,0.473412940176164,0.161931015455702,0.29468391415239
0.821561239539137,0.6448312062266,0.127323259250339,0.264785068875294
0.583896176036172,0.618375501452654,0.188957039640025,0.285417421545124
0.721228828714373,0.519314546512454,0.117806822575006,0.214379096838499
0.751567428681042,0.767051959320459,0.15948107506683,0.281926309983477
0.710846411011714,0.570487135452982,0.177464029595783,0.279474760615737
0.587142788072635,0.752055517767859,0.0959709024825205,0.234422913631736
0.754255392822716,0.637191946326479,0.122456414694033,0.278517881825779
0.739466580833115,0.595140341750835,0.129065571356892,0.271498610875225
0.602206430387733,0.619416016768174,0.124884076364976,0.26741991006689
0.675317754966576,0.564510809201237,0.171007732974849,0.227978457911963
0.712416035184446,0.729936935534518,0.165065877022409,0.239290546188137
0.596630020706699,0.5966079960117,0.0921041284493393,0.277871237539457
0.80007443017235,0.493583668810131,0.223735815357123,0.230550939411023
0.679380451558653,0.557873374702666,0.134261099716093,0.203533445804579
0.659073141992194,0.529707966361031,0.111145866819911,0.230669727673558
0.62306204246571,0.571787004778672,0.134797353817598,0.248302953604803
0.574848587917828,0.733026398530049,0.126246996936702,0.247470117397952
0.642647456211333,0.433178416253076,0.144816969136137,0.230448481634161
0.638892398865872,0.64930773447806,0.144864977038016,0.320717013691356
0.863603688552197,0.693654711575055,0.150095952399414,0.301719776879688
0.81728461795807,0.933852383908279,0.164143065989621,0.266634505955589
0.704105228876585,0.600529042482104,0.150421462994962,0.37126828227465
0.64356247847524,0.702142490809303,0.131426403430494,0.181424945622275
0.924013985584377,0.582793033709883,0.182874758364703,0.264156739869495
0.720202453306439,0.756223326496204,0.162978541608671,0.273230751230094
0.764194579013047,0.704168791665397,0.144869959774435,0.283070621931649
0.577535434199892,0.637797974227872,0.158264735797398,0.240407968202058
0.634168179053847,0.448315610640595,0.135850912171063,0.290916701074493
0.677009035832642,0.579194515303944,0.1576843116436,0.234227870161323
0.74757459900247,0.702872952322026,0.120020123162934,0.266228719057558
0.736093283331089,0.726811496892542,0.115183933797368,0.266260512004292
0.574491419813129,0.537148890646168,0.132592182210684,0.225629301595494
0.67714915603641,0.591973424146492,0.1637680765191,0.26097536883384
0.65390730797752,0.639367360464969,0.170321897222205,0.272355651981989
0.620234177120684,0.592949369606146,0.136220502455731,0.205601222666886
0.712504550176768,0.487947979367834,0.121602135351833,0.209045442661842
0.603279626141062,0.525676393047115,0.19595889617706,0.247122257126857
0.748101940462497,0.611670293981548,0.0698777161099986,0.271209169159719
0.728654643486046,0.61890435776596,0.219262250520993,0.241553813405498
0.698128340969943,0.638772361656957,0.210028235619752,0.253291403054919
0.717740994868488,0.570496598514933,0.101179946137834,0.240397950165828
0.778834550887106,0.710293624666099,0.219482661888865,0.283869771952788
0.700177068597385,0.706995776366812,0.114053566304902,0.253189637954646
0.719416231673466,0.59018423726748,0.112906409437342,0.265527337137745
0.680879991396019,0.630852898179745,0.146979023378014,0.243997470389611
0.605213063884575,0.549730599122946,0.149570909109141,0.2161155891855
0.590284107743116,0.559432777968017,0.0835894287961156,0.232206409714232
0.749319990618848,0.687280862223715,0.18806142882237,0.2762728602502
0.661053086467529,0.546722383853696,0.0967871862893504,0.281147720919369
0.627109352267942,0.584384113802629,0.140433375345312,0.24580269545278
0.669707234363014,0.503149959721691,0.163694777893536,0.278048947346211
0.649951925153731,0.493419972910927,0.145346054097795,0.268203285470114
0.612406917565202,0.582496863946321,0.138336661808376,0.267537539465746
0.649796870054659,0.567445396601297,0.136238059465786,0.288621327773924
0.678614665117839,0.570338360689914,0.137020069032346,0.282083856923309
0.687743543159422,0.56874885224842,0.111097231854146,0.208332791622408
0.562725435152813,0.596678525300537,0.172803312772588,0.358493549748325
0.856516319916103,0.610500697569694,0.123879010852131,0.281380816932441
0.616519043301427,0.539280348836109,0.194176463545269,0.267576409350328
0.639671915132911,0.650567947812042,0.106149201994043,0.259203869198746
0.696090733106586,0.531651874162054,0.175438119538265,0.276583503492646
0.493053974189803,0.493293611236142,0.0673533468913449,0.199692161105599
0.694049554204144,0.485159595979313,0.18285033046366,0.249297690760506
0.575720551652553,0.524001398695509,0.148345728812519,0.259922747975219
0.663929572525939,0.51138853116075,0.0854048137991901,0.214682145328989
0.701754084480561,0.72103935250366,0.19480679838114,0.302944679173731
0.737836614744397,0.588535086897952,0.119241098530292,0.24775676708358
0.614157512936448,0.639640448231613,0.184605258243063,0.315167957623677
0.731467765231793,0.717178287071279,0.105265522830526,0.331510962503903
0.748965599135181,0.623259268542834,0.123627378120515,0.364560838258779
0.702720798134126,0.637616938557964,0.161248938635421,0.213922170214013
0.661955859881732,0.580827868997975,0.172466214152876,0.193243285016892
0.713455197737548,0.616498289804541,0.131398952780629,0.271307239889466
0.676955395726212,0.647869809639267,0.157385102654762,0.217622028493592
0.708004129157909,0.56712068263575,0.121719819019868,0.225154443507665
0.607177662226922,0.636255788029574,0.178849404400862,0.326435038639905
0.805158771863183,0.606136531850202,0.149544870659462,0.263497415285998
0.71942009696331,0.515211639732515,0.134731022153179,0.221373689056702
0.57698097893835,0.71806255751701,0.155538795006049,0.219983778953727
0.675100725183088,0.457247730015481,0.126810353819766,0.242632238950135
0.585812381237166,0.638667387073786,0.118305460043581,0.264609230257347
0.794587816219659,0.654089520779384,0.146615509361911,0.246875459040552
0.542618366102767,0.557317019187599,0.123854315113231,0.248401634716611
0.754084392868437,0.626845468926586,0.0970525209056829,0.247879285530498
0.678022001302821,0.645120963734277,0.139170651155669,0.311826587347714
0.677798468276019,0.588263417188542,0.14027560699485,0.306705209579356
0.645181531436476,0.579349064580305,0.160017002905207,0.270141736346651
0.727603144098116,0.518719081382986,0.151342137019131,0.257412983409965
0.657819750242615,0.701483893689213,0.145320692964721,0.329364857414457
0.674319558747971,0.485194093883783,0.160938060149369,0.198725712820793
0.681754087984282,0.690051890048089,0.127136600539058,0.271551542804773
0.819464764694235,0.58056197264232,0.186840768203895,0.223568644346454
0.81794382889381,0.58634013053631,0.175597155985025,0.213897043307458
0.528181886385161,0.660051276914111,0.107419786328604,0.247155342417459
0.748433376150597,0.528847837773121,0.116255167080199,0.221453774030346
0.652449094155771,0.671632234093238,0.171395601355496,0.24710244065067
0.592042556006935,0.464381660229981,0.105071526837788,0.233725633644519
0.667444783226502,0.603710293749443,0.161412862233275,0.237298851474623
0.576422040415346,0.53291500119015,0.0950990713516227,0.194602127681263
0.603996130133251,0.647300035506125,0.13124142014211,0.27433480964209
0.574453703086188,0.65426117840175,0.166011610312218,0.248174272066047
0.787133555776931,0.457425884041829,0.143970845057924,0.221683699283544
0.668539390875643,0.702666437477947,0.136183341914876,0.293889770236425
0.661538310998791,0.675301330164609,0.12923356213322,0.201775914989024
0.665927734507821,0.608921101845563,0.139656692199069,0.324344736108394
0.596864993951281,0.503582745997024,0.113097820037525,0.161956063743007
0.703721307303919,0.674059329264559,0.149056195188871,0.299211426927173
0.703736836765123,0.604662265718895,0.184464594963849,0.274861600391759
0.720226831977766,0.591710332650425,0.185995237004763,0.291500561133196
0.756111725261483,0.7122618188097,0.143722650111947,0.243449420335883
0.603612433920586,0.489478702107713,0.130865133817686,0.223660646979422
0.673849019428116,0.618681584864531,0.132860775437823,0.298135763238055
0.675523574206992,0.593549590549032,0.128273914754467,0.272140730532263
0.749406763418883,0.743023825739652,0.1369957268824,0.290967787645413
0.755546470874036,0.706389560819159,0.128366926264261,0.277372160718908
0.739563745989486,0.599772408157524,0.0979423038353777,0.254727895259839
0.657419602878474,0.588925307442484,0.169576446260003,0.265109175285425
0.682663500892448,0.575956963661258,0.127836395172133,0.277880098216538
0.53158410616203,0.585983103466005,0.113527895499505,0.249332933426589
0.67649507936006,0.663675993242261,0.157731717501163,0.190417195696102
0.979526121567352,0.630260459298052,0.117530537720612,0.42063156972865
0.5417180459613,0.621500196475418,0.155201626822802,0.14938336877825
0.596849620018981,0.529476769477447,0.166265498795636,0.176421761894127
0.618288783342026,0.520690844266513,0.100923430505782,0.293157872401543
0.602563718942908,0.558666040630594,0.118275753359984,0.168566984343956
0.666629355127289,0.603760934306624,0.181505257450862,0.346865419124054
0.687664363878512,0.582572283523226,0.142804083734419,0.202549942497708
0.750766662541286,0.717544810366471,0.150007883448133,0.33053507226489
0.637519045040502,0.567607836524716,0.151522962718848,0.199757925674992
0.759706256198886,0.748102609079751,0.11012927712954,0.254097944947589
0.732387194258763,0.663217145702125,0.103530206028125,0.31317096166634
0.709997107310092,0.764601798450046,0.129110561969318,0.281494474229509
0.637928399673886,0.471756846592191,0.114704668831058,0.246365206137516
0.591253479828881,0.574221055649677,0.124854307566455,0.239023804542086
0.677379656587476,0.563404068352576,0.138126475247996,0.303241741380988
0.707122098810436,0.551550118449403,0.117394405936548,0.204599544164202
0.641878425158733,0.597755583298873,0.152137252900903,0.318165251342098
0.665686573943641,0.592928933662675,0.149744374848597,0.207252962751307
0.726194135806536,0.521488633324878,0.134492668482096,0.251648394913537
0.615859956171358,0.5905416770288,0.0887138188072441,0.216276280241806
0.605003974540692,0.606299669001112,0.0900481659052424,0.223725025466091
0.607516266924163,0.508879737476505,0.173671657818512,0.245443471900252
0.595518353849917,0.535689188132615,0.136110053512846,0.232198156281803
0.654972137094836,0.639393879301594,0.140355850477273,0.249536858717969
0.667034510706611,0.645477055144031,0.15124272558286,0.266008530161781
0.765285595711523,0.606532629175513,0.160086601038737,0.27116336230073
0.589727639850868,0.633105364265292,0.122760797733339,0.229678875074988
0.771039490748644,0.75782702758747,0.162503415201043,0.277435658710825
0.710389983839831,0.747716332791054,0.161800001614274,0.287198706891455
0.721356744089223,0.609100865893663,0.110990429861607,0.262116538100383
0.650857198795849,0.63284216634175,0.150856065311283,0.334555363199183
0.711225390177023,0.663873664580696,0.147329188273806,0.208853733649394
0.618402917368166,0.530614508859874,0.133353295791875,0.266218512325395
0.56631712031855,0.624935883496223,0.151970750816131,0.215746278505221
0.767890905726794,0.598768056949365,0.123812944911837,0.239626866172867
0.748197396743825,0.600198822903378,0.175271646791787,0.293705052830989
0.823858573619254,0.519961187503426,0.126863778655332,0.244266708269466
0.604212380750657,0.580952918844395,0.159704587138615,0.244736606958478
0.754436485531663,0.672355802408704,0.114197656585834,0.241283311561082
0.774551818404614,0.682989694563082,0.112966520998501,0.25058126423512
0.630092736320223,0.522021708851644,0.131648943377494,0.279516920282451
0.605568959975703,0.672573766145938,0.127196535255146,0.224415546671226
0.737893033645664,0.439486816603473,0.129519395003062,0.27759540950533
0.592186068582905,0.5423100913517,0.135413268498563,0.28818614817732
0.730052866544856,0.662199811741274,0.128025022558256,0.21249492350022
0.683027303833751,0.572217015647218,0.131766211285071,0.286905426502409
0.740501910271145,0.695333152948935,0.140024033199661,0.269371303824229
0.653217677319012,0.469584580592794,0.11659355639968,0.192276380057888
0.670563957984743,0.548765879189102,0.142138806790776,0.254643395754814
0.712765779470116,0.702311150977028,0.138975175466345,0.314592714118722
0.794285050419687,0.586440975328439,0.123551580795174,0.271624786976489
0.708145156942925,0.643548450699349,0.129091783615995,0.245107481934104
0.647311460472783,0.581652427272161,0.151319015709724,0.28524955873684
0.847003416118418,0.697513476965497,0.139702331500003,0.265492216185806
0.785826988016493,0.73357621538124,0.140956012423117,0.287268170174804
0.674618748296648,0.534601658069412,0.152869025857851,0.224232615017314
0.761794560772808,0.64222116832142,0.150305607782314,0.263206334130913
0.782809834260262,0.654972089154879,0.20815786339745,0.209924313893974
0.64433185472114,0.594962952293048,0.137030963990076,0.242731146907084
0.700240670039319,0.640777675888136,0.151813173458028,0.288194904888866
0.694253053668387,0.638911339020179,0.117822735579055,0.253488209409337
0.731626082210062,0.69885042824038,0.105196526034031,0.26631675289438
0.741264797462861,0.535213066458642,0.151171064744496,0.224396662325908
0.586138983569942,0.560847847351924,0.119695667253913,0.248943870419627
0.694255496183021,0.586746528481387,0.126234907941868,0.220518353649247
0.592534049252766,0.616552520242665,0.143306214499374,0.309839912668827
0.704051899926075,0.631939884334801,0.125041232656955,0.254890895587353
0.690472998811095,0.613262784815024,0.11007146781252,0.241577292518419
0.601209149350204,0.616218291257135,0.167012994075218,0.226123633814061
0.635453814151668,0.521732240278187,0.13948928267145,0.24138433499713
0.600057345536555,0.583924596989002,0.122251135376593,0.250023567185794
0.723830590598166,0.642194858896776,0.17673942510261,0.273359412022909
0.752856470279858,0.678269660105109,0.152107411993774,0.271653670979825
0.820849840005745,0.646053146538425,0.136171681372502,0.262979105773139
0.608404171436895,0.580400839336401,0.106039651401131,0.256102746776521
0.712427864901539,0.583448763850116,0.206569029416254,0.27908098750082
0.871178688460048,0.736683675177371,0.169414531177593,0.240218065847416
0.639113619644379,0.596200341020223,0.121598325406363,0.292985834281975
0.683209274476933,0.479447943009646,0.120272233830477,0.209957399252373
0.604268893626859,0.686515147107524,0.16271722059309,0.263774713932055
0.808859300284769,0.664628444407893,0.132400570731078,0.26634199287099
0.654656702763814,0.624670208783196,0.125703262741666,0.277933905426657
0.571196557094376,0.714755076814537,0.125059860846903,0.270692697213784
0.574165258185947,0.716661343580601,0.130628101947386,0.281671764595425
0.633801816618067,0.656935177172237,0.113795067466554,0.264137414439977
0.658315154785046,0.558584719206708,0.0860182846722306,0.236399077495831
0.676034946568427,0.621763920111289,0.138139795868291,0.220448399906812
0.552032237917669,0.557586050279696,0.0804662795845561,0.259906607571132
0.672014514730696,0.439502242707083,0.175767585776217,0.244735333143173
0.863881961055413,0.822903305395724,0.131189885402426,0.284747717884669
0.790303350052458,0.651043994969811,0.176977656126959,0.238582008734744
0.771213723828698,0.610976745155468,0.166446957353187,0.280480365753469
0.742604238386075,0.689160453249361,0.10580611953906,0.283285455786478
0.666262677565189,0.79420608776843,0.170107129228592,0.242074053909573
