"kappa_out[1]","kappa_out[2]","kappa_out[3]","kappa_out[4]"
0.0991889754618452,0.230117847999765,0.115901587572623,0.285626591031967
0.0936165110035821,0.330673239559367,0.111896817029736,0.260209348105519
0.0725793998727005,0.304306861433873,0.0952087594176733,0.30614432338818
0.117735401774404,0.310744057995033,0.1269728900144,0.254182921004894
0.12089708436706,0.31920557537927,0.128573103262055,0.349650236440087
0.119141959143753,0.306303662656222,0.101079746820497,0.242860944081488
0.0353326042240182,0.217454664074436,0.0681816650199907,0.275678393507081
0.177670780436146,0.363460378896916,0.13853060380696,0.337351162370055
0.11682032100237,0.234482162836611,0.109155489297152,0.255800629422108
0.102616827648414,0.286578549703942,0.0932906705769184,0.299047133982102
0.100564579830512,0.267488431365223,0.091936236379283,0.304156043580281
0.0663796151058186,0.261279105847612,0.116114239457033,0.219138213614794
0.0562450884202708,0.223989216760622,0.114266765325397,0.258048832943092
0.0636178439971083,0.212618477333993,0.0769657537305461,0.263823952883936
0.12089421427051,0.292810524937164,0.0871802278167993,0.303279074510636
0.0465266433455969,0.285171578730375,0.113181418600136,0.241506590386835
0.116597635027124,0.272225633961786,0.107578381479923,0.279939861671797
0.0343841908054273,0.279296512352011,0.0942831161429005,0.243030146194897
0.0436052662513948,0.241791389392672,0.071329288121718,0.288918133799381
0.107661048691138,0.252101619479799,0.0956624165492972,0.22727684912142
0.0736397581170423,0.30156714542495,0.0793130982261357,0.239444525634991
0.0765277808827565,0.266653962292169,0.105293620107322,0.263012904752202
0.0589843368324855,0.342145375990793,0.0959731102515094,0.301645996143325
0.0846066732790825,0.237330146718701,0.169624015930277,0.228727600676194
0.115678369188063,0.23720535549208,0.0963823312833229,0.316572592066911
0.0618408050409348,0.328834564786274,0.133785706041931,0.267337836602027
0.06091452399576,0.340690421866691,0.126615387348124,0.263242493458067
0.0811361231851497,0.304166887852139,0.0767823923596827,0.262576391237108
0.0566457129512444,0.253959686029826,0.0621646881367789,0.300882819076493
0.075574776880299,0.238350471821077,0.108855462673678,0.241692584612837
0.112513556852662,0.312727362799075,0.0727491472587661,0.282661876075863
0.10929704646619,0.312690002778959,0.0721522917422196,0.281904954937571
0.080210655485754,0.221705144511019,0.0902788170229811,0.256394149475911
0.0632987867239616,0.305025639170752,0.0955177805382361,0.278887585820942
0.0590041850226199,0.269764165571965,0.060385355663593,0.304385804855805
0.0489983619384642,0.252548625528291,0.132684103603165,0.244016571374621
0.134250495381457,0.359943985817864,0.109819274253558,0.269527242757085
0.115729948436173,0.263771080264439,0.165144787097954,0.267340799409172
0.0708095283586796,0.258220505809967,0.0757662894406301,0.278073250994907
0.147804045776935,0.27399025728183,0.101099239524612,0.274179587785353
0.110009140357262,0.279820494321774,0.0964007672518002,0.272310122617642
0.107241552429156,0.408352590377107,0.144559097925958,0.349574204873207
0.0846521282145743,0.387257802952575,0.118700691602413,0.284878486932818
0.0929013674552458,0.366771830657556,0.116232669950424,0.289096765480456
0.113746745169655,0.240920541850764,0.122624691525326,0.300323803585005
0.123030897380766,0.357601950473488,0.102880225090724,0.277945170403771
0.106674527773317,0.271387371312996,0.136046643633775,0.292271667680878
0.0671281531691078,0.371968495148023,0.0990503099883837,0.287895941108529
0.100311355275689,0.261320987247654,0.113808396104946,0.349665082382576
0.085478387133089,0.315516132218893,0.0703479275882566,0.336567009227597
0.0951859494331137,0.305373302016326,0.119164363882534,0.299175933437565
0.071142351060285,0.364392612310034,0.118960264811919,0.356379397040704
0.0653304666867829,0.289035785365503,0.120991312618025,0.328097916737137
0.095819042776537,0.293081443248416,0.135994087334444,0.353877829478298
0.0999081662685257,0.290918854459894,0.117917570853112,0.363147508630672
0.0905958904520587,0.278202171862888,0.112613424467219,0.284153135036057
0.117546101806683,0.331686846628396,0.102096634947572,0.265195917433268
0.0808368279338087,0.259041840716434,0.090644005843713,0.296732190355588
0.101149934662135,0.332763384614845,0.09814584063196,0.317359856171482
0.109557387450295,0.317125022297281,0.0972046795822663,0.321188071037607
0.113885032724437,0.293484687865017,0.121894854312999,0.273265732100486
0.106474386512208,0.280793759606765,0.112791450520578,0.280781803362755
0.0838417863130116,0.323940125128883,0.0955062800492697,0.320020483002296
0.0877092558651098,0.235451293808744,0.12824866231027,0.282349154568293
0.0436538859660109,0.356566903151918,0.0987331815430075,0.294398513226013
0.15624269167936,0.255654179423931,0.122899834543912,0.29143861839906
0.0535878766810186,0.317109246921974,0.128239585763952,0.254420066016278
0.142748007853306,0.205976091677907,0.176109659459592,0.356112697841122
0.0630920339028612,0.313457674094988,0.0645841606249662,0.21830772413893
0.0557321316414256,0.268494657515963,0.0759405343033514,0.265534053509174
0.059041385275561,0.249347400220924,0.134630301400098,0.231342056230449
0.0932494504142311,0.249535070394152,0.131248849611909,0.237193793809129
0.094804122285247,0.31831861100572,0.110178541552388,0.282066965450168
0.0715539327030889,0.248159975829453,0.0970574754885509,0.251038669463163
0.0783694300304009,0.303611717804456,0.143923180488591,0.275719819782039
0.102375027843421,0.344429306616956,0.134617880305098,0.273449999092038
0.0664252646076328,0.289197354052524,0.117695871241912,0.226493568053623
0.103610195073611,0.28655175701588,0.138963983640893,0.306580541451522
0.0533766524469953,0.259002406170992,0.10658066352261,0.268043561216095
0.0470091122025938,0.231431696359733,0.10920665814754,0.300291949404
0.0978848436965192,0.358601120331305,0.0939312129512987,0.240561074802441
0.104329966646436,0.293630319586663,0.117080597367724,0.290776995921766
0.0931059222777566,0.226011813321538,0.0700163472389791,0.252559855509579
0.0676348178528728,0.347853225122428,0.125684747046959,0.291857366381572
0.070499222759536,0.281760671884752,0.084711939747273,0.257175774176637
0.068941729270656,0.30769398840006,0.186334150460352,0.270459401698662
0.0530893571432892,0.233749514337645,0.106864039225376,0.265067423558315
0.0922500437313104,0.275482291925429,0.145621578418686,0.264767261986692
0.11011323825462,0.271351915343779,0.127229324992634,0.274434445687853
0.121668533700806,0.298532191629408,0.17341681434679,0.294737008936688
0.117467369599681,0.293793856534333,0.133244792658853,0.29042463293015
0.134319775030983,0.281261627729055,0.119349711067287,0.252019220390467
0.0580145703107376,0.336534538392939,0.0946520892973871,0.2896228616697
0.0589952069059793,0.328696504862215,0.0990832835074908,0.292979854611047
0.0745117835640447,0.236888752967749,0.119228351686317,0.26342670603617
0.0822629561407703,0.316553468700989,0.100642385671635,0.281961848445407
0.0609661659647694,0.227617479812322,0.105879054692937,0.267441457480358
0.0790783652743992,0.232731686861446,0.0666067283496816,0.2571776146271
0.0693187554493187,0.346241604492498,0.129099992280236,0.291752036896551
0.168718589109523,0.345895246381895,0.166521601039216,0.292848054349854
0.0514382007401387,0.293509558715648,0.0767457528900845,0.291449910907486
0.0503896688820185,0.246640222800562,0.0970275775269876,0.336947190565999
0.056465455450682,0.260344617741696,0.108266771822492,0.345947590795811
0.0675226747859055,0.355444190952524,0.120946963974607,0.295557253159577
0.0832727948869373,0.316420752627213,0.122205603321167,0.251796228541453
0.103148317822225,0.239952772166714,0.125986993311183,0.287219386077968
0.0727809468972137,0.324552711244472,0.0788718780322504,0.311931558511899
0.0747608026179093,0.32960654971692,0.0898509416096593,0.344577670519097
0.0926558753093623,0.313709804840559,0.146739153247748,0.272429071423124
0.0928185000371358,0.258847336580963,0.0862249792742044,0.247118306766984
0.0485859881407497,0.270877215842653,0.152598852742085,0.25729183898634
0.0609039910692659,0.25765760495706,0.104941869593717,0.294528739191025
0.0662188995119647,0.25879261111794,0.107058439318914,0.312113369672255
0.0766355310464084,0.266174488370849,0.142996743191112,0.263197544713047
0.0782034124706985,0.230598858441903,0.132655948343129,0.288757616845774
0.111356294017948,0.363248371286818,0.110701703393168,0.337563931996303
0.0508830867761248,0.224159812499266,0.118035445538774,0.278681012977733
0.119624948133273,0.335117860650885,0.14028758284176,0.24137104548062
0.128614140964265,0.365721700301888,0.121755189735191,0.336303278265317
0.120051838486652,0.292617321130355,0.149948307430043,0.25410166915096
0.101166649787278,0.298192779698523,0.0980170368012311,0.33074265257854
0.0861101823554546,0.303256045958139,0.094109461367923,0.290521437141037
0.0723295585431236,0.270186449794589,0.126235750759076,0.359528023425298
0.0755864795798143,0.269286887991006,0.109429194645338,0.26120122884389
0.0905911834779595,0.266723530999971,0.120859599714373,0.276284046581175
0.0646823353094,0.290232589109417,0.135334506875919,0.307230790370927
0.0644701148677014,0.293310859378677,0.13559875121205,0.305254804017195
0.0841067513663108,0.311052707196815,0.110979043236791,0.267874523420555
0.0883291189344902,0.292914073101666,0.124126688119697,0.293861309302405
0.0645511732066388,0.316243501467366,0.129337399809103,0.274186852167258
0.104073257140342,0.297309589488314,0.119859144393925,0.30282111993599
0.100107483790078,0.304102107075897,0.119444522145847,0.299114209753352
0.10000706845203,0.265354539234561,0.137126469206786,0.279488305814562
0.0828551088186069,0.3161649893842,0.122251205141359,0.300684960097001
0.114957264715559,0.306674641645932,0.105345657544891,0.320769541612452
0.107697665659322,0.306632250291262,0.114392865982473,0.306093184839669
0.0667967509092229,0.265055068232919,0.108367217401004,0.274505161041673
0.0897679975472143,0.299710390324651,0.097596564968967,0.271055138466968
0.0757742058050321,0.324072981102027,0.121726434135687,0.277400748495124
0.140487609657243,0.264436502446634,0.123203314116562,0.297750594886852
0.0848642720960282,0.259500434236748,0.0839114809714477,0.26240304159567
0.096077355703109,0.328779847121016,0.0955618412137017,0.254991938063832
0.061986143969758,0.310779925415882,0.14782607096751,0.292381349760722
0.134802822014216,0.268643521872353,0.0899060909969203,0.276270379342846
0.0589058930764975,0.316254729053224,0.108451453884191,0.282570359222489
0.143275742403622,0.259500221879613,0.116315268077934,0.245443349896331
0.108733723548539,0.30038176235228,0.0822404525878027,0.380809988130289
0.0837703823557776,0.270090717172401,0.122265214358135,0.231344237383385
0.0921590577226488,0.315620080467978,0.102317514401322,0.377675711027486
0.0804085332548625,0.287578092767216,0.11923265204868,0.325382744415726
0.109496644390235,0.287662975982061,0.127527405075199,0.232644010220045
0.109911818060555,0.283982980375522,0.110002461933869,0.248508816063279
0.109274660839017,0.273976054060928,0.131553116288959,0.265109035680771
0.110271952266782,0.307495278340019,0.125343432570726,0.312197613339186
0.109528266874522,0.322177361831607,0.13175298823997,0.314173609212143
0.102375084344367,0.276794705786195,0.100623191792496,0.272479298852742
0.121643003061042,0.329987953239847,0.147420062788804,0.290193451933949
0.104012745193905,0.306503330294529,0.172231271845859,0.28951430960238
0.0615269659167083,0.279077532356551,0.0676653524672362,0.282980012489201
0.0790600586786565,0.286147227028089,0.0810498891316984,0.287651895270497
0.086357543267031,0.360819450994539,0.144542447869694,0.287502712953259
0.109385513816711,0.377951786203222,0.143145156722391,0.280544913637076
0.104959199738327,0.285992960419088,0.148886752040056,0.316041549210767
0.0740319284798291,0.326956562711796,0.116256266831944,0.245352026586301
0.0964860339516973,0.269547887013641,0.117979232283666,0.327313315756357
0.150616389840198,0.284273842473505,0.13120120552224,0.26053070280349
0.0587551867308969,0.310992668520462,0.113987546540033,0.282609665292382
0.0706646727948406,0.276950491702381,0.10271852944303,0.278246993970042
0.0595102031085843,0.283215838909115,0.112204354385105,0.25554443135429
0.0784071861898644,0.282054100219442,0.11233661790193,0.297480048240557
0.0938227284093274,0.314087041471052,0.159830539555901,0.276025122523153
0.149923412341879,0.256811548913621,0.137104319763051,0.296892277550529
0.0915829474918592,0.317522124131381,0.156295278938954,0.297001515701976
0.0773066181253953,0.251387178080241,0.0846904284896615,0.244523802607399
0.0919807552302967,0.295597851395906,0.136650073465051,0.250375138642985
0.0901530473716785,0.316943976008124,0.0839655496912583,0.305519904799145
0.0626933261151003,0.313931263959911,0.150945836069919,0.280590368918956
0.099843120408765,0.250951427180448,0.118584528606263,0.340773891541337
0.0642715846175133,0.351954677631867,0.120995378487847,0.23974341485306
0.143446477078475,0.252893561461277,0.115077081312348,0.275651251657453
0.0753428920870021,0.279545345945438,0.109218824541615,0.27630463170181
0.102443984867272,0.279063104075213,0.13458601455186,0.247797593589408
0.0676320548574556,0.244447860049069,0.0797276121390574,0.267668146038255
0.0976690381299536,0.232985778584971,0.131675514037453,0.239634304304532
0.0879385414229502,0.27602415150536,0.0890920729462614,0.322967994005296
0.0979999096598526,0.248013620833227,0.0807776356174897,0.279186579268926
0.0766437587477092,0.309465709518063,0.12808068708548,0.240636725584276
0.0425157994861045,0.277516805392652,0.0928490808765806,0.291367815654785
0.0816245130004456,0.253022584584944,0.111957423823234,0.237772648603243
0.0928615831931187,0.249464286187202,0.0980978991206509,0.260278933733947
0.0532891276953157,0.291806092208925,0.0977877883837933,0.244893727777575
0.0471640089309083,0.254792953780188,0.146625835699494,0.307081991055086
0.0919151241278681,0.298807316284958,0.0870828238983096,0.278615634213934
0.135850176331286,0.305402459494412,0.103600051378718,0.279051774666646
0.0918555216741918,0.306160253358235,0.133940297896203,0.270628799649638
0.0739654565727743,0.282262065880411,0.0798012833626389,0.304531545179602
0.104018306251057,0.297200642346102,0.114745870602316,0.319747758689516
0.0713292072795668,0.250773517700965,0.105326602360141,0.286592410183822
0.0822439327800395,0.289389221551391,0.11587206971085,0.285300012206868
0.105409988332242,0.302949230737974,0.136572950428759,0.260872293320025
0.1281466180799,0.305040116893559,0.128354467410902,0.266209009071784
0.126271603790632,0.281949993667167,0.143501241778525,0.282020673536575
0.102131149157716,0.318890694002614,0.125307862381829,0.338232854437567
0.102973109722994,0.264384044679992,0.16197322154389,0.311009651579979
0.115068919326151,0.376756952588066,0.12632124852071,0.346628202509052
0.118445235677775,0.365085488520301,0.121661401829836,0.38434019887496
0.123548686615207,0.304755844623893,0.119864992587763,0.338062287341516
0.118098507908435,0.262274207762912,0.145118470854371,0.323687004199829
0.0647480773478545,0.288028856485334,0.0945060863960011,0.242859964137889
0.0731712629421232,0.307281601047196,0.125717565751777,0.285696918545295
0.0580686322812207,0.28877201155313,0.118590219023187,0.293701381027026
0.0592938689296293,0.297800225565393,0.107612013334354,0.261934988231507
0.0850630802090492,0.314286462874055,0.101109182225708,0.279858086199214
0.0683352416057005,0.289890005507309,0.0910180035063897,0.347939448196354
0.0934762530161685,0.299759304979978,0.115059958178105,0.282504339259455
0.0782693580608161,0.266117503453349,0.124083367881569,0.356153444125722
0.0826205826170118,0.338708353645967,0.108236475931725,0.272203412029854
0.0714834408880055,0.288064860745887,0.116580214731358,0.251379121675802
0.102950120204137,0.221593985489234,0.141254419263784,0.262586469918316
0.0789202302268748,0.250968529386544,0.126101638516592,0.268716465455242
0.0825982044002584,0.332380796797554,0.13569759639863,0.251241913379123
0.122268147552583,0.291475414725721,0.0869018817809354,0.287684924340673
0.126746289497645,0.376439499194876,0.114423692923764,0.301540130351766
0.119089886432085,0.283009134164088,0.113139012834048,0.277019811786649
0.109333972128773,0.278186189893008,0.165231729788543,0.298148408177628
0.0827352590861911,0.28559446418858,0.10521946182114,0.325134692755591
0.101279249837114,0.278222903122022,0.097251050835491,0.279599208996263
0.0834963174520205,0.262372900728666,0.0673935371487939,0.309540963751177
0.0715264984548803,0.336521433536781,0.0970721469304525,0.284152409983883
0.0887772692791526,0.254255999407045,0.113433316879919,0.288086098282796
0.0758474773113774,0.256149904085583,0.096891845121937,0.290777438824358
0.0895460146234126,0.334351832319024,0.120573065081445,0.244579971039763
0.141999775588499,0.273517403479947,0.121536225330256,0.269484954292224
0.0969111025111652,0.289029140986233,0.146675971027372,0.271618456551099
0.0868602322587276,0.284357271785022,0.101834367757523,0.276172488817097
0.0501122093765723,0.217899012065023,0.0535048918766105,0.212066043350178
0.0869233943229609,0.268642178905036,0.094609730263587,0.305200760914217
0.0964300224252666,0.32906595571705,0.139414117755632,0.315859205271481
0.0634698129845934,0.241447844266098,0.0803527183790479,0.258209337567045
0.0987703764036221,0.262937068952107,0.108404521015515,0.300357138298196
0.0673412201988208,0.263228221038662,0.105938447408321,0.323294841921669
0.113382150408827,0.284733569924228,0.122941640768585,0.287242665139663
0.109854744272327,0.275319862496404,0.117290870070579,0.288833122301755
0.0831169982533926,0.273097948665665,0.0884541630368161,0.292591761331095
0.123331686653115,0.26756473808118,0.123066707219563,0.230343667741655
0.100196577183337,0.262385855033278,0.118126330751584,0.264342217692051
0.077765547370075,0.306317925886861,0.0962991820905386,0.324058303724729
0.0866427655021667,0.283536109238659,0.103430356549869,0.243583797925777
0.0719929110173837,0.271237106233362,0.0970752935934962,0.241079606151991
0.093539813191805,0.251696556822211,0.131880246511922,0.264505967658047
0.0865402017762438,0.25352879271369,0.0969164832692781,0.313529342778795
0.0423084121962682,0.300961272451633,0.0984721719842012,0.265841207034675
0.113309020703283,0.30881257784983,0.0971213171381121,0.242333598574032
0.0945495027342489,0.291398137214911,0.0918716927793643,0.291782035068708
0.049503713129503,0.240625532644865,0.0844864182499739,0.229260596352862
0.101689639141589,0.273039409911906,0.104513114175808,0.231445897712268
0.0785123045049998,0.263749823138724,0.108038399091778,0.270305180688431
0.0853742499993327,0.264170545813462,0.132004604497093,0.257273161080275
0.105462835442311,0.354318577424004,0.139654170458771,0.262054181016161
0.123656899028666,0.289505867161997,0.137014854216437,0.309915722155712
0.112322100014898,0.338330006359802,0.114524999290322,0.336749716952446
0.0489125149363339,0.249544571076379,0.0997786523622535,0.300320614310136
0.081623109375431,0.264698408593489,0.119893549470045,0.267837754543142
0.114429926581495,0.302497425802924,0.114429795016938,0.305033775325722
0.077664279753381,0.35543621459628,0.105579474356919,0.254179335859632
0.0880653168764771,0.235932110958605,0.0933107920097326,0.26609804665028
0.0729499725764441,0.302868966085987,0.15767212860359,0.294345656363419
0.0608715660783584,0.310440787548092,0.110499349108193,0.302310501193073
0.0525063317645566,0.241116681904472,0.0786729105864082,0.232233495376798
0.0568091036755024,0.249482995186315,0.0667943806734924,0.243329960187306
0.0804303035332821,0.230308135638661,0.10422861641391,0.273163042000017
0.103678276760763,0.321874403575177,0.120137948589347,0.237539055190014
0.0636070148282859,0.285987621517145,0.109508401836048,0.304770604664765
0.0598872895669294,0.277764859268383,0.092771672097851,0.287969271032523
0.0423809425923576,0.282972576012181,0.0935617667107687,0.299646477202786
0.080680631938214,0.257836046085302,0.101142884066144,0.241535302620403
0.0476103882197647,0.201743600653367,0.0879597108663746,0.247906114221156
0.0443314283568978,0.349459862904539,0.106287836804308,0.310358596140173
0.111497291350496,0.38035102099676,0.120440724154988,0.251681766436111
0.126726304697064,0.342579643318702,0.114666008701639,0.238616519060671
0.10803133143817,0.272061966339232,0.111428315973417,0.303737186597353
0.0905403706711521,0.286310250797973,0.150194373976247,0.277696554567209
0.0853961227141654,0.270026239305576,0.104549390885428,0.291038174533359
0.0481333566260028,0.235625210686942,0.0769445492221013,0.249563893337462
0.0403414486158732,0.318362936633806,0.12593320657762,0.300216735043842
0.074049101446994,0.255478836618751,0.0622978878983551,0.289106961421437
0.11558115703655,0.318420000899247,0.0966688877210253,0.319306226540008
0.0794354036883304,0.236654772699971,0.117470634259077,0.230828492060398
0.117855881468941,0.273461515485341,0.124223651111091,0.307439789111346
0.111875862082571,0.255193801589069,0.0906286900809773,0.244477132876454
0.0780277692970393,0.257613123312052,0.105375274712183,0.270646696170996
0.0705996000713573,0.268709553806216,0.105157675626002,0.244662106363133
0.0825873090327388,0.242612467776361,0.0950178808309947,0.286274146473746
0.10628035578595,0.366778722092461,0.131808336714372,0.305417631402098
0.0842934483242248,0.285462467098059,0.155559722517492,0.324589203965974
0.123218725334949,0.324866910729233,0.0902298112809165,0.361740686847671
0.0683129136402421,0.261915447360642,0.0815075319185479,0.351779824633752
0.118833599059382,0.392776104926216,0.143460008869008,0.27421100178291
0.086194754868582,0.284609525060857,0.118533169724363,0.322898901015139
0.0964587185441943,0.270009639854478,0.0951452097627266,0.267232627054257
0.107148369110227,0.224882613214933,0.123988585603827,0.255001179224778
0.116098441535556,0.309296657883555,0.107002932314163,0.299934837861555
0.102649533486948,0.272975093478349,0.175272390202331,0.25355470237219
0.0562097004285413,0.282993629397953,0.0985822511234765,0.313397410237684
0.0324636166886377,0.284036871483954,0.0822889562404399,0.251459604782238
0.0490873346525468,0.30386880213153,0.0888461492020749,0.235543499846157
0.0691128233774221,0.292480059667168,0.0835470618549421,0.277181511632509
0.0999301349832168,0.33693496578226,0.092974273692718,0.282862326620773
0.0822446666832077,0.281915912779655,0.0954255970954071,0.270750683638824
0.117179383097038,0.254243764830728,0.128684759528532,0.284599885349756
0.0767694186861117,0.267313095592735,0.0853181402006656,0.265380770398836
0.0601311623252531,0.280731634470845,0.0997454377569843,0.244065547634602
0.0964758856891685,0.330352184731247,0.0786450931997229,0.252600632951588
0.0660087738674445,0.281855717903047,0.139826830062895,0.320711808256334
0.0555662787653042,0.242992291797799,0.0795030446817528,0.265546167725588
0.0926822831057065,0.340808223813971,0.14928792716903,0.259458427116578
0.0733618530202358,0.31899524822705,0.105581234917738,0.273052437397839
0.0617237349347726,0.267625199940726,0.0834464715948174,0.306544052083428
0.0574415574982561,0.272461978942148,0.0995980838451208,0.222442631504527
0.0393447460527533,0.244954027759865,0.151774921414899,0.258050034785122
0.145614917583256,0.344440757350441,0.0977212312973392,0.282798511398596
0.0408654466952798,0.248276624180146,0.143066146436549,0.284947574379309
0.116196568372113,0.249592589922104,0.101836877929768,0.235085325128693
0.0752662758196631,0.308759690845666,0.085572800700062,0.217872264219547
0.0644908148181621,0.297912882824819,0.116256471941742,0.343473223195362
0.0887212024834082,0.295019563165191,0.10708970611579,0.29004375031683
0.118417984619717,0.284180199984244,0.131475454329551,0.298855861085046
0.066302000252146,0.30847378508394,0.120001338101953,0.302623301710168
0.0701526143491537,0.353108649043517,0.11171746941041,0.277772079352382
0.0813211183562593,0.261421364283067,0.117412854769829,0.254368152508461
0.060662031043083,0.250575949312476,0.0846838665148155,0.301076515807198
0.075753100433406,0.334604865483357,0.115863285238039,0.291669581420113
0.0877237790296944,0.241125194977106,0.127620177687601,0.262093085574092
0.0927977670759311,0.24339183916716,0.106385107222706,0.301861612367499
0.0816498498281508,0.318108543237472,0.148196993716323,0.29740765012537
0.0620903315298501,0.222467197942192,0.080381490196847,0.232905147459473
0.0573696445541364,0.241028343445363,0.0869901447127014,0.288263502473491
0.072341867013596,0.272287064042745,0.104506082949031,0.285966025924131
0.0910668382021741,0.285741828569542,0.0761335060748668,0.258614431093676
0.0809667664560747,0.369652029485575,0.176794090572026,0.338164107477326
0.0944981161218982,0.274780165280957,0.110544680130131,0.221030919251726
0.137757909093794,0.285564052506226,0.101776060513457,0.306303863676251
0.121169636426833,0.323269231920378,0.154309892843354,0.256204681992065
0.120952495220479,0.343871947868772,0.154870577584687,0.264288070174784
0.0867609786188721,0.350444686616561,0.0881536816881975,0.357416961704413
0.0949467655302208,0.238450690801519,0.137471345983465,0.277745081964731
0.111396588982895,0.318963430216258,0.127691528498838,0.268149749445748
0.0581033906470994,0.236235583385438,0.080344723044506,0.256892629981622
0.0752846724973501,0.25168526686045,0.103161894482461,0.259955400952985
0.10295317199966,0.320060614345905,0.0816980572737576,0.267214965417351
0.132260139703993,0.25374893608446,0.0884773943299566,0.276200252627732
0.0765514242633451,0.33171064609978,0.119762383943645,0.332739255287532
0.0753981203190083,0.354896518270784,0.131965122519845,0.314977690512656
0.0901580656698263,0.286752203219323,0.0764645839403596,0.250199927458556
0.0920756070089422,0.244147042002817,0.0661091401977507,0.250602653698111
0.0854398167738943,0.311618673338491,0.128204644482485,0.282243999344142
0.085193307513076,0.303976345939845,0.11837157899725,0.281820385239658
0.0693811118546315,0.252255446772229,0.105575702118996,0.26590378485099
0.0746842222753626,0.234005796106997,0.127085117305909,0.283815613059312
0.0861734664701899,0.367866460030919,0.0888421973722852,0.325267338792631
0.0994481916707994,0.244006479934893,0.132998633442785,0.253725827917443
0.0862594193345712,0.218795014064758,0.120176954856475,0.302161110586926
0.0700563356060642,0.2766952310303,0.0992632671645508,0.260239262922519
0.0676224938427059,0.216559489198485,0.0902620879546912,0.274277189367651
0.072002651347455,0.319473001058784,0.108238013717234,0.213121047091206
0.096848044673478,0.277766814524451,0.123408793300782,0.289384352159685
0.052956219464097,0.274341048567943,0.0926548134711944,0.286043087401176
0.0708743803695733,0.277064004345925,0.112822892469202,0.299309264105818
0.122218501461226,0.257394484126921,0.106473044969818,0.246488776135731
0.102716656934554,0.282888336638505,0.0866418798254719,0.274312610116017
0.0744518449023734,0.31133276785892,0.12166075758755,0.320826821439966
0.0980113458498502,0.305986362403764,0.160844218767564,0.331347694502997
0.0885506520165473,0.2629249760008,0.0784077760574852,0.254292788476495
0.0647303577192986,0.327537677706984,0.10640262513523,0.251504228689383
0.0919474409834472,0.29882086111141,0.116259649435479,0.298648905865465
0.0987371297964904,0.270348587772394,0.112882311892542,0.297784364734638
0.0994424725252673,0.285905832500167,0.121941705992225,0.299912097205311
0.118114012245598,0.279851689347668,0.119691636192546,0.296859603950462
0.111478031904681,0.348627444267103,0.0981899218129564,0.329524464826725
0.0439539219675516,0.260175560173399,0.116783765507104,0.288801766054653
0.110305940649421,0.254896922212633,0.0846854147959053,0.27571899560186
0.0832490833793817,0.228625614178988,0.097246254054439,0.247472649349294
0.0827822721702818,0.292156487267231,0.121983226807032,0.2569633315255
0.0671420324383867,0.252787463928043,0.0579749847180755,0.251220544531516
0.0686539668229411,0.251244320291239,0.126737126680431,0.225201352084788
0.056299954476372,0.308378608647508,0.116677251164532,0.353138185661654
0.0909902225436276,0.241492278780546,0.0831963802151647,0.246090017613663
0.0619259791594789,0.270661576369552,0.0840985596655034,0.233720911206115
0.036716146420305,0.270890073218751,0.113347199568653,0.237985781127178
0.0931160054706809,0.266029817800957,0.0650701642725031,0.230959138415416
0.0480294644451773,0.221034700194424,0.0544723716363096,0.264627428693801
0.0910410049747516,0.251707586439701,0.0782274517574512,0.23205902613106
0.0638956226197053,0.262768788875953,0.0870288882586384,0.250760426690632
0.066500016324824,0.251936636709883,0.118151852495714,0.247421976917896
0.0548270414799408,0.253788342741978,0.102107162540087,0.240533674437882
0.0700203615950427,0.264221677369731,0.0895647733168397,0.315078130946934
0.0687358416435811,0.247714516819214,0.0922594623357488,0.306840147557104
0.0387271671537849,0.299396068683005,0.11122642676463,0.244412657834682
0.111825205765098,0.254349073754251,0.109842872707321,0.292142077437858
0.0682601984581307,0.299827440699379,0.0950251793169333,0.234379099558859
0.0827185361113949,0.27437247114868,0.0923238025060085,0.316462033110541
0.0471459104419089,0.271164441330462,0.120728800947743,0.245073711202548
0.109866377672579,0.238746261957176,0.109546889402625,0.219777971924297
0.115644014751192,0.244103114746519,0.0929028261979614,0.194975215493695
0.0811796499439236,0.29326816579091,0.106114593259878,0.296033673094243
0.126505866095791,0.279397964097741,0.102872441286469,0.306676461710394
0.0734196106218635,0.297977890712731,0.0807182336205269,0.349537249380093
0.0715955624156914,0.279177525183744,0.11520145083587,0.261408902483498
0.0736357893117588,0.320280973940821,0.104330291975388,0.290541972532216
0.116010040532311,0.308979730672256,0.120811365308468,0.333606974343251
0.080249660338147,0.254726646688328,0.114843676614372,0.236660945523004
0.082183477969525,0.294092797653328,0.108180389470445,0.245033853553692
0.118490044532707,0.288628226114958,0.147995005841102,0.322882164813727
0.0710863917331729,0.282881883141245,0.100581611406837,0.303343172124088
0.0745987606477939,0.267872412613144,0.0960269621038566,0.267034099104715
0.0853547688865688,0.240173979327887,0.0843228222229832,0.264659981665579
0.103836073827706,0.279462824519468,0.13368857893827,0.234939569533898
0.065422506294562,0.272041545457916,0.079273868632293,0.271478951110887
0.0975640707506744,0.233753392850617,0.0866695206417721,0.278420984505209
0.0506638355059521,0.277834015539215,0.11277609769318,0.243967742510779
0.0928643240569171,0.267054100076637,0.0949771103328133,0.268587894777185
0.095156177638899,0.334324993564459,0.113698219988925,0.305032363452995
0.0807297482743369,0.304512541329153,0.11508517970264,0.267468640906822
0.114137380476183,0.32566788089358,0.12057916585665,0.326716690885119
0.120466652813773,0.378114360478801,0.146363924651995,0.270220576156025
0.128571708658863,0.297865849454082,0.15716979631695,0.291480873357155
0.121953909701873,0.311324645686921,0.158105000847124,0.281994872122039
0.0687587334037391,0.27539073760195,0.0692935675761677,0.249990246573893
0.062063136833067,0.259580021525742,0.10158712994812,0.254640439130927
0.115031921137479,0.237249679619894,0.155421653471513,0.29582693635148
0.108208513917901,0.258683694904179,0.129741111938953,0.287130300926405
0.101448209698117,0.304468619065425,0.131948899577024,0.281807507817632
0.10709854484032,0.329109273750311,0.120369293063104,0.302187138124127
0.077140286967626,0.257119338116641,0.170351309191184,0.292900971451107
0.0858225151935781,0.292679466782064,0.107425754483747,0.258960507894791
0.0711382533932649,0.21965520187763,0.115209514609344,0.241117600187514
0.0685501579180882,0.292946040325778,0.130106803660373,0.255369321445318
0.0508672547148455,0.20469544728159,0.0857623932510769,0.277587876479849
0.0949670721465901,0.308360657055007,0.138664464083365,0.271636547460243
0.0846279468721024,0.25210835956508,0.103401577889849,0.311181013489124
0.0846861665870901,0.294006838201216,0.111123938521836,0.315904218054327
0.0807426531458558,0.277582984778444,0.1148290942674,0.315859332570135
0.0794781929491878,0.257056957840139,0.0837305073907732,0.348687227388793
0.0873484531495245,0.293629668379791,0.0865476595378054,0.281459840322029
0.0868656185022838,0.266242507257949,0.135014783361105,0.316795076081947
0.067507537610665,0.27369462362637,0.102647758810132,0.223488260313683
0.0825838702498356,0.342195891071462,0.126888511737447,0.248266898118421
0.0878251317547912,0.293140648609002,0.0816604673240638,0.268158913509014
0.121483842185238,0.290144056038175,0.13545908908587,0.320067922955355
0.0950142513518364,0.270718973537476,0.112751868790634,0.247710134692683
0.122353746121394,0.297151272958458,0.119443491135363,0.302557147093866
0.0942170433081695,0.273558898620164,0.133287693405972,0.234659215241882
0.0660224454677117,0.29509282117762,0.109961235757221,0.303934133235898
0.067206285892573,0.235745962940807,0.136242485177209,0.286939001514378
0.0689380303516995,0.242230557174509,0.138548801168345,0.288110438307174
0.0902914462768263,0.301469076462899,0.108589054478967,0.268849859075079
0.0559724212846999,0.265936803440583,0.106682176094804,0.250289663932333
0.0637609801492044,0.288357840805263,0.119896944335219,0.254039616009035
0.0586977080323294,0.255177221992946,0.0898121421968412,0.313092604256036
0.0646724547890079,0.306139958155489,0.150778914834653,0.238022358108244
0.10802707946467,0.277166657481061,0.114792937508474,0.333770563105369
0.0820697163016612,0.271065728115558,0.109312863013111,0.27851623883833
0.174304764099891,0.268653058796784,0.121795909127506,0.304614439487908
0.0581140320244274,0.253851845824921,0.126671388625947,0.309015271189638
0.100414157995018,0.332276875310766,0.106940459856877,0.276423319812602
0.0749923503924354,0.353654151558112,0.113449757202575,0.288441251378166
0.089200416198417,0.290946555749838,0.118766657247408,0.262074620692562
0.0678035039458624,0.232166931396103,0.117755771656817,0.255531037454408
0.0546035992479352,0.225008511267734,0.11936188163213,0.321983632859644
0.0800486087692098,0.280403984960289,0.137787343070008,0.268888880857165
0.0738318289168193,0.273832643902448,0.138771934815939,0.267814344945808
0.103670829374051,0.340835498545076,0.103121891602918,0.25277075411363
0.128775570774187,0.296333292232806,0.152902339146186,0.38424915009333
0.0659889029836365,0.335789978177582,0.113501975664959,0.28896750222088
0.0852571163482883,0.274845547792523,0.097409958501525,0.23489910392174
0.0599295930530432,0.272732101982408,0.116596183371224,0.276443158474491
0.112155869357091,0.31460027932401,0.13340601211711,0.346681692083534
0.093159640100967,0.256684116220484,0.121987191462095,0.305404820517482
0.0982803035656497,0.290785402830362,0.110553383090994,0.328675211076691
0.0798470927321526,0.283738039441452,0.085988664759485,0.231302276971135
0.0884302014522827,0.30852892613369,0.0940129338220851,0.261555281020896
0.0945757809434335,0.297276217520206,0.145457454134605,0.207154554402082
0.0822584832822325,0.301249199946585,0.0811523263029353,0.268819503386588
0.115843308963013,0.322422871561092,0.127567145032364,0.30269260539795
0.111616578625591,0.270764342564431,0.146243851522046,0.309095073017119
0.106082066763402,0.309846309810554,0.133194754686826,0.281499291441221
0.0808716175182308,0.25060978381607,0.120407592363016,0.328168471742494
0.075661613635127,0.267534958875819,0.173890533454525,0.232066673697141
0.105146372492827,0.332071072527782,0.0949501047683318,0.340381372487372
0.108710581871074,0.313906421536801,0.125275507169758,0.3627107690026
0.119493924396853,0.331251294957232,0.117609622340408,0.292406530134922
0.0716224082617987,0.219441779889068,0.0896005130393077,0.239391852500181
0.0788923502347414,0.290228296492097,0.109185191037982,0.248701967465325
0.0790449638694944,0.349546525783289,0.103173124877517,0.282745880882468
0.0905373425750872,0.273604943228298,0.114541226698448,0.234011321647858
0.0937395529497319,0.297710604804176,0.0867847645125999,0.285255897115856
0.0902769366239272,0.243178987526625,0.102770115384482,0.245223677711031
0.094242653391052,0.364018056183194,0.157627694650922,0.329141388979104
0.0952057077130151,0.368400202555407,0.159439495142269,0.333671413263134
0.0880403847414183,0.340188466968781,0.157238065759237,0.359041080725479
0.0986602042669191,0.422423717085596,0.113826412341403,0.250426193337011
0.13443725576345,0.318016423258262,0.145948742491955,0.270864342138505
0.0912810549147763,0.295258857253232,0.130294582398452,0.266453430220655
0.084448355457952,0.274220947609337,0.140601105224264,0.258094033556535
0.071637297126381,0.317632118462756,0.10596447144212,0.329510754942486
0.0721105542263194,0.342544341053305,0.105513950233916,0.346457476025093
0.088262504842048,0.329191466092492,0.119756049771828,0.288896375200506
0.0906022535868222,0.29943381295004,0.111970659931002,0.287266055348268
0.0809078216293891,0.288493856165302,0.116624240619156,0.282355091383719
0.100437854620487,0.248526180797597,0.0971374815311264,0.254968653196998
0.0570032396673622,0.323665410453867,0.15674471459089,0.324145400996427
0.0660709097810093,0.280420769022501,0.112332177229809,0.340064496123634
0.071253157703899,0.307216084029799,0.138792427828694,0.262976279603165
0.0977551752269018,0.271553372590055,0.0926494251409865,0.285175952953669
0.133735656824001,0.344578880897585,0.145688180598791,0.298921306293955
0.0978005071739528,0.275353470011466,0.14176397724858,0.275030570735377
0.0784662073181217,0.263363504309975,0.11823168034207,0.274835491017486
0.0601370721100798,0.274715648859086,0.126196862557352,0.304577709754793
0.0828969192468212,0.316997311790079,0.125804579533799,0.269050039955397
0.092161987145946,0.34865581722751,0.113141922343893,0.291007615618208
0.108412503746205,0.355697256617907,0.0910150035840281,0.255090751398054
0.0800085303570796,0.2497682125226,0.0887700954751115,0.370410290578977
0.0762696726816137,0.266471840643657,0.1086307217966,0.258145055020294
0.0637521230025986,0.256592304747205,0.0689638300632727,0.246037910435388
0.0711799796370668,0.283802683808926,0.110085830680202,0.265148725861473
0.0523605536780921,0.21579005083635,0.0913555987360631,0.195200769511616
0.0442201591102798,0.214398921845143,0.0962445115570838,0.232387731198073
0.072938218594647,0.297816041476285,0.0824681563417808,0.248759209214022
0.0914359910637121,0.233797128552939,0.0793093638717495,0.284501530826756
0.0433370227708325,0.281717087523653,0.138490270303359,0.277627620698659
0.0800395938099131,0.288395370791412,0.0769230067284615,0.228904006895767
0.0724119907784463,0.250574176946298,0.10367156498437,0.279608562097751
0.0950382019641955,0.326773107174889,0.129205947062391,0.219924570081481
0.0830776773760117,0.248861651528413,0.171767381268456,0.27386343159316
0.0522988478378592,0.23808212277355,0.107682223841252,0.233013096911518
0.0535793599453379,0.293106234527095,0.102238343485084,0.312248254178875
0.0557708562585636,0.318737826441502,0.115573318001238,0.278257738157544
0.101384423963241,0.333860778190081,0.115810413683163,0.271545618283658
0.125360566093762,0.25253791447575,0.12378655969786,0.302854991975244
0.0601361197133935,0.261688225668347,0.128628782246221,0.257186783461012
0.0788601363088566,0.238375252187173,0.117623553994184,0.248983099850508
0.103033839021431,0.279003393081243,0.125881563877045,0.247847902328385
0.0939793913920417,0.303865849618056,0.0951882133798859,0.341861348050661
0.0609843407335129,0.254065847424009,0.113862848939673,0.231443064123872
0.0749621564619976,0.301070281848894,0.101005144928677,0.251130977649878
0.131954027142319,0.283125610407461,0.115092350800977,0.258077181901486
0.094030919997403,0.355057315119872,0.120737306249787,0.273469289773443
0.117261109815182,0.358344860082856,0.0960689542604442,0.288897881889087
0.0906316469684635,0.238940629592492,0.139247819768222,0.294399706433932
0.0972483647343697,0.275740317215079,0.151211537006478,0.332213272156452
0.0964844441684039,0.281336102369334,0.146203089938709,0.317728529922222
0.0827589163235883,0.332631452877083,0.116236208944376,0.287749366726526
0.0863541889621581,0.279868059497599,0.0998777978075042,0.272999027541625
0.0961473067491239,0.313059558505574,0.143649111887223,0.242924217052322
0.092540037678638,0.296022029379649,0.1198510814342,0.245625865480789
0.100266925117986,0.290988863231348,0.104083244271042,0.320043184479849
0.0603398515414859,0.257178021047771,0.12019713083842,0.217456958180923
0.143158485834641,0.307852191696406,0.106503343651451,0.315169328051577
0.104639218848128,0.268594063869036,0.137195247263709,0.274364876772622
0.117767498624477,0.316732201327553,0.131483250216277,0.290209887387985
0.124571576596314,0.289813193689467,0.133184787245305,0.322199028199479
0.113006294037696,0.291825219937513,0.116312243920268,0.301787394873816
0.0926410502784916,0.284469168958058,0.124272511746474,0.263701594872972
0.127794182036396,0.314023748290311,0.109416541056837,0.288574129243521
0.0920198755864744,0.32425059631226,0.140519590954199,0.28734702595275
0.10638637754562,0.316087829696025,0.141144514776786,0.275932067851857
0.0973051191962891,0.353072943133508,0.160921459077372,0.309494247832242
0.132447117547642,0.30468757329428,0.114691754209033,0.311719442467724
0.0444065514255925,0.278928297221387,0.123110656247114,0.260638191568118
0.104717932261785,0.30775406737907,0.13561302717047,0.294105887611617
0.0734212146930809,0.302474273086536,0.12093767263326,0.29148991349419
0.115610042328069,0.281778712225313,0.12471042217081,0.243475851575058
0.131232987369715,0.243273037444581,0.127628852571009,0.351424640173274
0.127076351901688,0.251976283915975,0.122759452196384,0.342536373978212
0.0760730412860705,0.31345406029042,0.128277842756209,0.268714557414988
0.0718699228429426,0.319585173967269,0.0909657075919013,0.270553574348974
0.110861335267465,0.26460092700635,0.115505958621425,0.271340757827131
0.073364959534336,0.33604482400766,0.0980000601904126,0.287915474195289
0.110919889644721,0.281510890311065,0.130960472400332,0.308939626707337
0.0846903980507785,0.280658159706521,0.126898366716845,0.313553147422569
0.116815137448066,0.289759458648539,0.107966405348305,0.226867681731542
0.108663027173639,0.285392023280657,0.107038489332046,0.221239683053154
0.0897312904469968,0.295266173233344,0.0876085812361593,0.334091070983884
0.121088995609485,0.322223983232935,0.0904749808318198,0.28185395574646
0.094485278380166,0.295111397254049,0.126763094854626,0.310233528478775
0.0701458587985861,0.274114373023238,0.12216937803597,0.288609983821633
0.137804032216274,0.347481382426048,0.115596981714085,0.278552105679614
0.0656787272247283,0.288053818378927,0.086548046725472,0.278372327074851
0.053548559968934,0.315770921500792,0.11760000390523,0.264195617840443
0.0697260533731232,0.295109377648949,0.122133278733109,0.290630496530454
0.100339688062659,0.225227534124969,0.10207077696143,0.269600996789553
0.0805411535993794,0.316131082251998,0.103810593596297,0.263897944390887
0.0871313310828322,0.253871390208713,0.0654576934281355,0.258285949654583
0.0596664932812137,0.322571029771826,0.127811406908661,0.310180617896609
0.105783267613758,0.323502137329696,0.0943630957405521,0.231676677618616
0.0552563199511684,0.290471688559423,0.172848688189499,0.334591156301833
0.064279808074814,0.286168440899329,0.172615269435165,0.312960869333575
0.123461010417722,0.334368006947808,0.0679268548510224,0.335360912724652
0.0864438799003071,0.281445874424586,0.0732773031345777,0.268754930165812
0.122608940565917,0.291374712730593,0.146477246358216,0.258112290219907
0.0696657832872177,0.295182610581454,0.083500542467276,0.261366430314116
0.132363133364911,0.319496399051862,0.145689283437675,0.274908553353005
0.0667550527215948,0.221840475567519,0.116697597035029,0.219375633816909
0.0853113350113483,0.262060706839758,0.104041193989879,0.255629712417739
0.0799963621793833,0.258880911609696,0.113233892016806,0.263203209599595
0.0939307802968875,0.231857085773632,0.132489080999161,0.271946673814949
0.110716685317162,0.311997387468751,0.107151222056325,0.222732533142573
0.074345966168368,0.256327240532409,0.0860125223556662,0.339501967388263
0.0778558562811638,0.223140214125632,0.108684348986608,0.223547900966664
0.0735948794034038,0.288032861597306,0.0952424991052643,0.351864183028063
0.0743372000805158,0.309533173356081,0.129376768069308,0.255904048051754
0.0990331137715538,0.298044762027711,0.111477496320532,0.307109072958699
0.101498931311685,0.28436582918199,0.0736033519292471,0.290037021680986
0.118888128194058,0.280940040129754,0.139969879877861,0.274931105027931
0.0487343842708071,0.243547080477363,0.0826187502908203,0.239568749827266
0.0533542644119213,0.236037108822555,0.0886272264831286,0.25784362561898
0.0420865425565062,0.28157241545763,0.122291154606138,0.281031825348937
0.0983435887457548,0.232454970228502,0.0793731232661439,0.296325158861927
0.0797008817187082,0.282163242011499,0.105128822636567,0.269826373649679
0.082010964092393,0.279027639748148,0.104737497003793,0.242212574889747
0.0982230105010034,0.297098963789421,0.0799331365130713,0.293088244789808
0.0742957027259587,0.248475402462079,0.151133598347665,0.256451914897472
0.0763347147297326,0.27598230949949,0.142741641755831,0.244999058545766
0.102284431615573,0.268189548644077,0.102056815162387,0.259251145071536
0.0947804132820981,0.234692236327299,0.0995660515439395,0.2355629806072
0.0698997800363133,0.3030032438416,0.103959054156523,0.278304088814551
0.0855754892531553,0.264852345697199,0.0987727427282829,0.25158118051178
0.091444176044033,0.2694379051674,0.102797167344899,0.216579486031532
0.0533950784865313,0.281513096986153,0.113001782321771,0.261832513768348
0.0551223948362781,0.27598983789618,0.114471777986875,0.262787653519668
0.0646373427267668,0.273209120007476,0.111328144777197,0.26123399844633
0.0545529794609604,0.267632247793705,0.116717230871822,0.315750648869177
0.10390337729204,0.272958549013934,0.0942669062838662,0.241080524323391
0.0579478485437652,0.28179430607942,0.124847840036199,0.315446692469837
0.152237089757122,0.3478470347805,0.102140972676686,0.250917004046099
0.104043591550038,0.374154184904546,0.0913292652211486,0.267934332127394
0.0894482323339303,0.315831578679299,0.0976688232954282,0.252472090461422
0.0665693036148268,0.300089511346308,0.0803182577747525,0.285585809594296
0.112303398180364,0.276519900766627,0.112260460939138,0.304750127375781
0.0660108072641628,0.254209692979342,0.0783944628195323,0.266700896685566
0.0873996782359956,0.269431197675587,0.110445985399754,0.236974612177325
0.096696490915827,0.342524665553399,0.126855514994773,0.240996934532655
0.089059194777967,0.238249003869021,0.114525970238008,0.309984216345619
0.112124978353218,0.299206675736101,0.0972315717156423,0.247263668841398
0.0715453677332624,0.280111169321169,0.094496030971794,0.243341633402762
0.0921203265212007,0.327674469649891,0.144788166496926,0.308175811830851
0.0887252268267251,0.321085444877536,0.131753023576843,0.298228547072792
0.0567844990812563,0.297664288540542,0.0942862223463576,0.240522144053648
0.118111220208472,0.325285588878189,0.128458965991382,0.317113372711757
0.0570005939496922,0.285228787398186,0.110407430095518,0.28549201894187
0.115462789980807,0.268663577170449,0.0961054535822692,0.284947082478094
0.0558133437687359,0.220213310712871,0.103029137817548,0.227765972127982
0.0731694776806878,0.248883766257216,0.08986390740466,0.240323708600975
0.0561102641130866,0.24646467603903,0.0979113083737116,0.253672857683532
0.0884432842597083,0.266624342047269,0.0791250620439549,0.265586495083253
0.0741141929278026,0.262600155184421,0.102970929411338,0.249467444073696
0.0857413354580017,0.270827716164563,0.0986424976884511,0.276810455940921
0.094522449522965,0.276333211970757,0.113847851996459,0.270210775276379
0.135354357358478,0.303258613732434,0.140674343847559,0.258185550491669
0.0798028626024375,0.277955241296782,0.131723275475904,0.262669154149311
0.104268515811779,0.277898052955314,0.0945789237613633,0.334531591131253
0.0921216096959665,0.291090604834645,0.115708929587255,0.282090217068417
0.0637561837130748,0.300514063745805,0.111993235920856,0.221088297477915
0.14903466675212,0.261213242435064,0.120882377320693,0.356268951421596
0.0961458212149444,0.317987164264934,0.11805301027181,0.27529573829154
0.071031219860435,0.280836827068837,0.109930895984194,0.27519289240017
0.120671408802579,0.324683365875722,0.12574068902798,0.268551455980236
0.0916285591129095,0.235456958183312,0.104184314800191,0.271112155576586
0.142963948752945,0.282520897941513,0.120917897849628,0.314020883987523
0.0952266583275035,0.322235068864886,0.117006742469494,0.264010076682421
0.113514976869792,0.282259027250871,0.105466651260039,0.24152777823884
0.0827150739784885,0.330498985260182,0.0844209654123061,0.306988154058998
0.0763541474440985,0.308294357041723,0.100801261880119,0.308057926109735
0.071236937708304,0.291383748144964,0.103389744494137,0.312790552741909
0.0884363283328826,0.254967008178051,0.115965901540721,0.277195351274249
0.0657359362325104,0.330651383770933,0.113557210813677,0.241272370742867
0.0769736732871264,0.220358017792603,0.0961249442802424,0.266697379012431
0.0956489242454275,0.267566170344309,0.130707303235604,0.23551891483283
0.081304497970265,0.309936995704323,0.0891701221058524,0.278264992981218
0.104638450961623,0.280404039674673,0.133407192430391,0.271627356218827
0.0795206785659176,0.327514563779121,0.110915661448024,0.298568803241339
0.0571236986404704,0.246473547647087,0.119893333665254,0.214778003759896
0.0474086238257458,0.22889498284281,0.0889277631553282,0.22142455683555
0.103178294016072,0.308855128287313,0.108767552132744,0.29823808715227
0.0674051397395428,0.267022752083222,0.120735030052614,0.254398586774668
0.0888000312901724,0.302344357733539,0.146209156789341,0.268615813783928
0.0544976949605246,0.2673931261516,0.0710164002930408,0.319757211236458
0.108310951914032,0.303319590881212,0.0641421189799084,0.280925512189615
0.101480834154976,0.274194195628065,0.174043928354621,0.296118433363335
0.0992241129788722,0.29428552789173,0.129335751006451,0.25404178613018
0.0768911595934603,0.295270472831132,0.0706570916656293,0.261855369024568
0.0577581923862802,0.254717082833841,0.0742669857115342,0.2309538026706
0.0571102205762772,0.233133403734697,0.0650791811115237,0.212248279423129
0.0480228402431964,0.214988155444139,0.0748354557473853,0.265846414000848
0.0750546617096254,0.388095251938323,0.0681376570491159,0.270688247434281
0.103593652707025,0.299344380086769,0.085847680216945,0.317133014976702
0.0849325443357898,0.303949494762881,0.118774130290659,0.27571224000249
0.0612506652824881,0.275923861122893,0.113566776896627,0.270940477575849
0.0981722476744709,0.334215980892556,0.123934077742912,0.299798115148934
0.0636605998182505,0.268331494635554,0.0739345042770678,0.286289158921323
0.0773422209518295,0.234380294671664,0.107028767393504,0.261776499165716
0.0711827609036132,0.330118688445836,0.156879994629157,0.269638053673452
0.120667925953573,0.238477288847482,0.0701365740734378,0.2158081612965
0.0910816451906004,0.307189676762137,0.126621951456916,0.329848305169767
0.0818954423648157,0.269985201720959,0.105208662145049,0.258000934683642
0.110448849674903,0.26375615573723,0.124869301210168,0.266215036985583
0.0820647840667969,0.263041044370615,0.0794458059967208,0.225117362534051
0.0935730136765362,0.306729111858496,0.0943400500993585,0.286713998275964
0.0689609879190835,0.234394108400123,0.073954025904378,0.250373976412336
0.0724813523618854,0.247470191998782,0.0556203288192612,0.296927036757392
0.056316922354768,0.227366404576335,0.106307945690024,0.200637679042798
0.0475044976517168,0.257514262117683,0.0933791774445979,0.236778751013928
0.0990729884506544,0.265758659043068,0.130464021431726,0.290361398206919
0.114253576049582,0.343939937967082,0.146376943896556,0.273795635708118
0.0818243693531,0.303067083063078,0.145354090216249,0.295431501351272
0.0841743840067804,0.304875412523714,0.132435322389071,0.257335778931467
0.0578605852863296,0.28364030578916,0.10531820685023,0.309309164256443
0.0769874341630556,0.261172688027086,0.146168210608522,0.23660632970991
0.0514903775415394,0.265047362940306,0.11566837440657,0.27496296835809
0.0879232304602297,0.346033371439122,0.10649727862048,0.298426343730588
0.0950235627827667,0.272585028805731,0.0991343838995995,0.299281136328168
0.0762162253468569,0.242750327860082,0.101888148396947,0.260617372784719
0.0664590866111578,0.213129152325227,0.104453342219901,0.280780828724749
0.0685284547378146,0.278480538078785,0.0861673846990206,0.252406741679056
0.0961156465913287,0.300752709334181,0.139641770354458,0.317239325520093
0.101448225892532,0.318868586454996,0.108764774057157,0.251252848218892
0.0859199086157048,0.34289288338234,0.124419479374236,0.261009272441979
0.0789853448923238,0.282479328074348,0.147943901398966,0.271356483969187
0.077585464211423,0.249778288191443,0.103938494059004,0.263846999948739
0.0587135744425832,0.31755681529235,0.0875621927381249,0.377227542844597
0.080723292836044,0.29296729137929,0.10230125534808,0.340742511771844
0.0938870248372168,0.278680741231991,0.142974895122459,0.218397382332492
0.076959694025821,0.270436763833858,0.0899070219498716,0.277479881388405
0.0782845347813069,0.283671218931937,0.115312215477061,0.301806632584965
0.102854662220103,0.255381418290385,0.129866855001545,0.275966473743787
0.131430821448961,0.285902763872861,0.139568474957802,0.257633652153969
0.0735067324380051,0.273371811059184,0.110792070606225,0.241607005801138
0.0750378041049396,0.282761672688408,0.0864889038446656,0.31001596870604
0.0769254195861306,0.265295425089253,0.101108302283398,0.246068627174328
0.0595604711691968,0.249067765806449,0.10812196684017,0.252159025713781
0.0507323047311147,0.2463881927327,0.0930897166212642,0.310820415789928
0.0712283515516316,0.346801148459015,0.11866406556218,0.265585442566509
0.0640710189274347,0.340436720690031,0.112863054181514,0.251338132811682
0.0448425484759133,0.235764296797227,0.115694327833396,0.261784970917237
0.0499840024716511,0.220052150553978,0.102375218951976,0.32264953667623
0.0605297115729727,0.255860012905098,0.0858923267825061,0.266002249285788
0.0897942138219527,0.304657449093724,0.0957988392467724,0.343709974378306
0.0928326583679158,0.274311855583914,0.127649935652803,0.278482267393936
0.0919660724036247,0.317752009750073,0.0796478826498648,0.279394203658627
0.0603199964153723,0.24930108560714,0.0932419909402593,0.239167563527759
0.0980854284303095,0.299237990527915,0.0931728436103343,0.260660500088739
0.084540103387705,0.244466605664092,0.117991825337031,0.314925664073672
0.0447507104047954,0.261721197428109,0.0951840316536899,0.219167171990883
0.122471629212883,0.259440450607731,0.146405161359243,0.373708770092346
0.0638388533810431,0.302110761362429,0.0961340807155926,0.259526315183844
0.0902311726328637,0.305959089980091,0.100416300586272,0.264481935772775
0.0452410531715459,0.267565286385373,0.0988799188495454,0.255854446352207
0.0605774723072467,0.219251247284663,0.107007842123045,0.260676426650225
0.0701185496871736,0.303053436991408,0.135448296596921,0.266842152812299
0.0871523803882733,0.22274426772052,0.0942387701690969,0.283979524079581
0.0817671580999673,0.231919432677263,0.107266431384941,0.27212907930623
0.0941996433817581,0.314887841445656,0.10932008758757,0.266834333695919
0.116412072638757,0.291006676872546,0.133510969504054,0.288450980696304
0.114534117124768,0.261961742176241,0.125763709698382,0.268999893815862
0.0944431860076389,0.29487384129515,0.112096408175625,0.265425242381283
0.105178398008211,0.287080803133918,0.0701295615360439,0.276666490440304
0.0838060490533437,0.276257363311878,0.140698902676616,0.270012962014336
0.0801064351820581,0.293636544451399,0.0936880196679211,0.268144180939548
0.0836682638944015,0.222836878630489,0.141458244935329,0.270375084146706
0.087715035051481,0.301402112962265,0.12555901628575,0.258377025116618
0.0865967174309514,0.249386080617873,0.103957683235061,0.312820140681193
0.0960515721747309,0.331604707545838,0.0906853739401455,0.319143529500447
0.0809901523392016,0.319204756356787,0.137650599799551,0.276651923616551
0.108769938070492,0.23336216965458,0.0711854540195159,0.26328746169475
0.04286238978588,0.24607753140333,0.0606337372667917,0.27567006692912
0.0398086434053937,0.26744135655229,0.0761665489941652,0.272115537242902
0.107603193611297,0.295909565805744,0.111693583798033,0.265238626166783
0.105921074975728,0.296925811663104,0.113356949921876,0.264254237764841
0.0665884225251401,0.281955945738337,0.101631588711707,0.310449630151931
0.145665719221758,0.389224591187628,0.0678724254001231,0.291840166725943
0.0796910566209429,0.271636689479315,0.104571666955709,0.312327718494581
0.0766129712514314,0.272878423652318,0.115448917198874,0.252180200841163
0.105875584669839,0.312023026789292,0.100134471045911,0.316923651118094
0.0858440387613726,0.283207288968598,0.136662839619773,0.294158046891413
0.0902514722657497,0.308616326829132,0.11513769405921,0.261668366138865
0.0788083342190073,0.281444060296339,0.154369315457436,0.302036297660477
0.106092760055351,0.319379784581606,0.0899172427596071,0.298820787661662
0.0813276394155486,0.261223159909935,0.173042275429935,0.347522491786131
0.0610974671661143,0.310931626771171,0.107204616878919,0.255892699000942
0.068749027236212,0.292590857458723,0.121784911589248,0.272760519680987
0.114116135105188,0.291082323860793,0.0888152731635673,0.300092770179002
0.0858545358058291,0.273933060564432,0.0873983902494892,0.235176644502905
0.0926684776604574,0.283929175620646,0.103940292881985,0.353393680481227
0.0425515270164197,0.243570956797778,0.0830023989585983,0.26371359138224
0.07688356370469,0.276105547695311,0.114694576049318,0.286987658591663
0.10147692246578,0.322760027297517,0.10951535421443,0.273637533750185
0.0740157468453478,0.330759423292526,0.0969283423109217,0.286073410152545
0.0743825267170287,0.2842237980281,0.0942298470078956,0.315965430163125
0.0828847509351534,0.23635525204861,0.106521067864263,0.238839047128696
0.0871325741605903,0.223693191158137,0.113076336989853,0.230736688810559
0.083806313851717,0.350345973058816,0.0742279262819238,0.279473428480298
0.0872725146289248,0.270161422420251,0.163091425544066,0.295843836905638
0.104196968423404,0.279588152397796,0.0839140190121754,0.238895284714862
0.0390426347002571,0.265076506567703,0.135350583961175,0.280842263534641
0.114582094222109,0.248243130709817,0.0631509490379204,0.205863551371931
0.0702704142662688,0.217512601885919,0.117794683364038,0.289942039957859
0.0922914101610318,0.243964059880259,0.138251872002692,0.252329607376772
0.0723723127988077,0.289431203887783,0.106864215073474,0.264190976635457
0.125949576657361,0.26638792981865,0.115172501241469,0.297091017828494
0.109334813093267,0.338430214357457,0.124807140870477,0.329699230845826
0.12274583781344,0.328090444877671,0.144230332082355,0.311245810133806
0.125568381080469,0.30796216155061,0.154097757335171,0.329068865253549
0.116873088510572,0.278988405031023,0.0950686950914372,0.303228117833795
0.0754591665954568,0.298041491656619,0.101895988865423,0.306379360766572
0.0891825957846396,0.23309452769371,0.1127937330675,0.237727390674128
0.0833019806426859,0.29305906406926,0.102717697170297,0.31357271185831
0.12384588876835,0.240999169391554,0.131525150447122,0.27404897711397
0.0814564513802311,0.309316740654917,0.111103870772827,0.273787714381236
0.0788826299449025,0.295359461107389,0.131759982948078,0.311692306454281
0.079952464960332,0.300205275847111,0.133467184825341,0.319380908706654
0.0727515011863769,0.291722129525218,0.0973059513076606,0.298871971515899
0.0952232768774825,0.290461949933868,0.0868813872898875,0.250836414476126
0.0643497642814397,0.273103839806548,0.105978770093538,0.291966460638531
0.0578824885104497,0.234687715693813,0.0845116271753821,0.264536139939408
0.0849524550774397,0.271980324389154,0.0951466117667375,0.263446169444696
0.0895610016158826,0.280119945824945,0.131629922960157,0.197190188378606
0.0454129112251741,0.295649756150631,0.116360201932938,0.328296617552014
0.107055628205688,0.283570065162443,0.114142440022735,0.290510461848384
0.0942467598870544,0.267159398750378,0.115990283964649,0.290821398135993
0.0724845456256245,0.257549047159952,0.107840106878919,0.254010415024731
0.0665445319057297,0.279609695306814,0.0928466930894417,0.27086327470014
0.115540450815385,0.28868999331192,0.119871996461748,0.261170930436643
0.0842686089553389,0.243062895457602,0.100328654119201,0.283966565701412
0.0879688980304741,0.242811090116662,0.103628262977049,0.287690531452258
0.0877806234016327,0.280202964050936,0.134171287071442,0.302823951994251
0.0685432449147085,0.300918022528793,0.0829138194550821,0.223664862533334
0.114930634834359,0.257776504553078,0.102839665392547,0.284197820950198
0.107746298359784,0.389623173094987,0.128029518948472,0.2773204393029
0.0806000543301986,0.25511124399101,0.118907097228256,0.249103333839772
0.0700794882799041,0.256230010099075,0.0923573589143919,0.280035028979405
0.0838954597685483,0.197710947397222,0.12060261578793,0.304377393017922
0.0691067782475458,0.282583234372829,0.072378770772868,0.238936563331638
0.109082560465261,0.291478483933419,0.13286825689575,0.371686445083306
0.104805106656341,0.284423147339217,0.0984444408887819,0.215319677912644
0.124213235220496,0.30471808654074,0.0790226594132581,0.241230185162989
0.0974569363343999,0.304954997183979,0.137939605689136,0.263317995258793
0.0952068151400213,0.302726136291445,0.121911407021321,0.276019220267383
0.068361061845768,0.26911193200882,0.113290634336618,0.27180839194138
0.0654791554385042,0.270521157491926,0.113768155206729,0.274188529163248
0.0967009855995426,0.257526307566379,0.0802696674533472,0.227639390297667
0.0945076095859358,0.206522180734895,0.0945223099372824,0.178259722609358
0.0940576582112905,0.213290423316565,0.0916894400845688,0.224216803906572
0.0944313104225036,0.256636449609932,0.100461754986167,0.220348869584521
0.0852818747503121,0.290471963950586,0.138929100379634,0.332188942605971
0.109883808797129,0.283145069224202,0.118065719888034,0.257272486569093
0.0602060036452348,0.247098895737033,0.120409563338497,0.305601342932082
0.0850696305078046,0.222983723531758,0.0916331561656599,0.312576194131398
0.0711985253550297,0.215302789671435,0.111719763181811,0.33861611515541
0.0873617047840888,0.280358232161328,0.0915398836183715,0.296435457031329
0.0737763197732251,0.263169007588635,0.154544782399898,0.294233868772799
0.124009796635728,0.259460862951645,0.0772216631049798,0.290139307832601
0.0670220405086419,0.325894193266919,0.105639580910895,0.314734903957942
0.0833708156350628,0.340713628064743,0.119175825310779,0.271098989007982
0.0893547619606133,0.336459423410985,0.119828056879609,0.271254448161055
0.0754567181079302,0.292566608460545,0.119835529120818,0.312805743133605
0.102745636107011,0.324024752822984,0.117769790742944,0.278598432342804
0.123646205920002,0.267061356174753,0.104227489284347,0.349734645428552
0.12846651246725,0.257964105384712,0.121338027216328,0.336996093818597
0.118600369879945,0.293123067217191,0.125566270668379,0.279808558803043
0.102030116536222,0.26662071198893,0.119777529742502,0.267404247869004
0.131063398061081,0.322155164139223,0.114865944101054,0.279268385573451
0.047077761864256,0.319249428297197,0.118246216328681,0.307964309167091
0.144576690222522,0.273843345018452,0.104848381225142,0.259229625378037
0.0388675436323433,0.30029458065729,0.116096712837731,0.275413237490509
0.108738682042283,0.259021786246346,0.0752469695856774,0.288148364297418
0.0552066954199603,0.306579526956584,0.131085591129505,0.281333685242286
0.0734108516546439,0.272511827046904,0.137541100497728,0.264993677113946
0.0884128905040243,0.288027875725766,0.0874568691905952,0.274597596286603
0.105777441578178,0.280532785627077,0.114007043814904,0.276166258269733
0.111370639295728,0.247893034810067,0.102097909659706,0.27039475310717
0.120797728431014,0.278175404733084,0.130086170148499,0.327979970660186
0.128933481568129,0.260912779452422,0.13719777990953,0.345658931674612
0.0725983614772835,0.282495017175333,0.128318134671106,0.239774866190162
0.0768912405211566,0.305194081560788,0.112419018848622,0.255192159706334
0.100326436821056,0.244286629873475,0.13650452027714,0.316962808795895
0.0804291458071648,0.341035474202465,0.0644445339707062,0.261592769587449
0.0764777102728999,0.229309933976252,0.0397560350724133,0.262311194367758
0.0620715388386804,0.314543223461974,0.0947489163674238,0.307975498081029
0.0579133006812767,0.215025341916779,0.0796343972125609,0.296101015950373
0.0515548397732851,0.277929233414531,0.0668312675617414,0.163547718242661
0.0813262355480123,0.31373258324485,0.139210071004585,0.357242074685842
0.0968884852623264,0.220206275869807,0.0730065875675073,0.235262531121151
0.0943059477178605,0.257987780942367,0.139095924857935,0.261587353577528
0.10016540792231,0.307097038734963,0.0852840418877233,0.292873700651026
0.0831701055679909,0.264874692701487,0.11338071626722,0.289485021261779
0.103497072099941,0.302023989078356,0.124309643630424,0.295132965497864
0.0493569346615196,0.229501908146179,0.114078411843045,0.270501455889765
0.116095773158434,0.273397390054504,0.108834092395534,0.262676556102555
0.114691005801487,0.286831754057022,0.152906772202597,0.296757248212774
0.0917665126939814,0.307342988516048,0.126475005872215,0.258075588024879
0.0855509186293392,0.297655973442411,0.137342072746247,0.313171484886413
0.101958985326639,0.316230849492562,0.127324315762628,0.259303430019818
0.100147284975559,0.341386667385192,0.105223044474454,0.213932447981634
0.113323435658235,0.268108420867513,0.117697702039681,0.325619806375901
0.100231795525766,0.34892628994108,0.128383389110154,0.266001324862568
0.0748560500295268,0.265450818427329,0.0742311651718531,0.281651256344693
0.0729952934956508,0.233444600501537,0.125202089640968,0.253791850560633
0.079141382139005,0.229178329283857,0.12403767336813,0.300782526926174
0.101339398359651,0.319677414953893,0.155920411083812,0.29113492031958
0.0684235120010707,0.294009291907108,0.10632497412734,0.273668168007619
0.0784058829978146,0.264398269060221,0.156320000318106,0.28184340140778
0.0920070485358004,0.388322900641287,0.0832638140506531,0.313626864713492
0.0872919752124113,0.264509651360616,0.105169877905071,0.268751904817928
0.0727162531698321,0.300802510809313,0.111833381424149,0.253730441482621
0.0777229959907886,0.291169486169116,0.148736510980307,0.283200140429564
0.0681861559901589,0.284052117953001,0.161390907031836,0.279835607836756
0.106782498066502,0.236182443019422,0.10403231942817,0.333476066869839
0.0406961400906109,0.285471123548999,0.125460281026555,0.259294536960068
0.0851603015755118,0.303249883328476,0.107884073690044,0.27931480535347
0.0570781611917971,0.262612320463105,0.105903443040297,0.276737642162431
0.0884310351900194,0.353456958940238,0.127446348197577,0.292916974573021
0.100738485104069,0.247866638705738,0.0733260692990679,0.231045781598641
0.0548699477184882,0.308071020921683,0.10594760083979,0.324851959266088
0.0641040047185892,0.3064775451239,0.134172292825986,0.292615855907759
0.0788321233110865,0.265091260447695,0.101506451967326,0.295141890416637
0.0844036052047577,0.29539261782402,0.105992253787612,0.25808404193359
0.0534421717252246,0.266479373776332,0.125701865921385,0.253996818486706
0.0948866922441485,0.330300665189395,0.112196715367734,0.34415721147056
0.13573637359229,0.339383382209454,0.146121992159564,0.420977190034049
0.108870681936361,0.327102792760922,0.123767113064193,0.26601074488291
0.0869474263076118,0.328662628503227,0.104571706778659,0.287197016247944
0.0841534516531306,0.292361823407377,0.111066390104117,0.248899171908287
0.087833063556505,0.289892354006767,0.0868813739604153,0.296839747746858
0.0768378716089547,0.263502105209309,0.119925010674702,0.197056935360753
0.10336414521633,0.246297990433583,0.0713986797991366,0.28493249963255
0.0659632921979769,0.345230422349789,0.130550040328595,0.329389599924723
0.11746147716375,0.298798618652748,0.101919240978575,0.316677809280666
0.0511633576170313,0.260515741259318,0.111390274758669,0.293628381267879
0.117526720813592,0.32934664712121,0.101165307616521,0.271962544545365
0.081828184803537,0.301374748740917,0.109830814147257,0.265793365462565
0.1359842890227,0.319940600386802,0.160451241263005,0.228486585686446
0.0895033776358511,0.28410775669939,0.102612565221334,0.316055561115498
0.136442997481818,0.285780087357608,0.0887124881639095,0.279261077079857
0.0483126906520433,0.248131369275554,0.0834037908268034,0.282066634276959
0.114774695966894,0.325855891984776,0.100170498497313,0.3159661158874
0.104335871890494,0.289822243983207,0.14303701236926,0.291737939772755
0.0999686527354525,0.279653946996282,0.151844551023094,0.286411597169464
0.0581645757102626,0.282084631056405,0.083628876897614,0.339164316428605
0.116956337694714,0.299234949788485,0.157271310600704,0.254824209358973
0.0879441530523563,0.279321235321991,0.123315983996353,0.324740182356116
0.134408414410085,0.353700495104902,0.112171516872034,0.278826836788709
0.0654523609816445,0.269242490956573,0.128287138509653,0.267930661066788
0.0726563639015438,0.260046073094694,0.123929153113377,0.2730965137157
0.0620188732410972,0.268756301841425,0.114488931175558,0.275672371948706
0.0572406982365261,0.305523895100979,0.109652873234753,0.344220364354201
0.0819627480557247,0.279635747724882,0.107950197970831,0.239883089473253
0.0972645680245679,0.318384554550806,0.159420585168638,0.303280943216403
0.0845844880607576,0.3007011482987,0.113121066636218,0.30891391821915
0.10610604415252,0.348505328038513,0.119364461689703,0.278311427967106
0.109352154015969,0.262340359820324,0.133237319607376,0.232742265688246
0.0595383803232425,0.270818246226487,0.0993889010275137,0.260592648066468
0.0589093989060169,0.327040023531563,0.100507967777727,0.294367665550639
0.0739201474364382,0.256786172756482,0.138081686999541,0.247675629864474
0.0676172618519984,0.265816020210297,0.0742761736218449,0.31532558726821
0.0667941193720968,0.27421830986188,0.0937396001220132,0.292131082957292
0.0685752417619149,0.274258287662186,0.113132947686381,0.24419970556211
0.1364534426465,0.340940845610408,0.087217446626614,0.305645264634038
0.0606036375869145,0.248085877011509,0.12912722545605,0.359377129705837
0.074616269412982,0.247083141419409,0.13618180452702,0.328762316002964
0.0908261122121634,0.274824050278295,0.136181012747591,0.293154749774736
0.15147752779098,0.307851779313877,0.141037266575584,0.320628686448079
0.179460517781391,0.350954111301066,0.117044464519502,0.278972773329797
0.151206907274896,0.322378554806777,0.120482113854658,0.291871643668236
0.0406225342451493,0.241822769557974,0.125595945467939,0.293480876620273
0.108292049504559,0.268186036956835,0.106139779734538,0.247523932885199
0.0970495514911282,0.271555178835392,0.104281175351093,0.286745740524897
0.0703712471359235,0.3486678552384,0.0964127795919394,0.322774513524721
0.10085146661173,0.262263741316292,0.131644594909511,0.240478208620261
0.0671615257309153,0.268187588740651,0.11377855522161,0.282240970951338
0.0547384783213429,0.294048095221514,0.120754827530299,0.324818677126682
0.0585691296495255,0.273101057507259,0.112832089579087,0.281064676345413
0.0762174152192227,0.294792545823469,0.102947647649724,0.261385751699753
0.117160007617539,0.299316612729026,0.100585274776532,0.216125580260186
0.133544083643134,0.306884213441757,0.116025210443778,0.327721684790168
0.108670910578188,0.388674054569125,0.142834938360129,0.264902029959596
0.111795808281798,0.2574503216977,0.130929007672046,0.262540296273446
0.0684458113782104,0.3177768164269,0.0778440780011468,0.312738751751764
0.0774234380008539,0.305064708639074,0.0953205592932592,0.251426926926195
0.0920850329327084,0.2716664580105,0.115690338069833,0.326168626143221
0.0994870139516225,0.319407527429761,0.142963603254133,0.247574373752382
0.0572074838440338,0.300641857643852,0.0784604451757723,0.261542598567775
0.0960163132567519,0.308955405433319,0.106337263532366,0.251415070891945
0.0999699868116535,0.265822175238242,0.112622802786745,0.256251668855897
0.0799636953487362,0.300019069650089,0.10032551183515,0.272966121061642
0.0797668358446356,0.244219088848796,0.0734351861486366,0.247528326175053
0.0525813208392914,0.246590320790737,0.0811964294890733,0.278172482100917
0.0369257713072852,0.222460049080164,0.107453908064114,0.284120351144031
0.113509838135882,0.276531630910612,0.106783248932681,0.269589678204413
0.0507267575719904,0.28362044249939,0.0997111235729679,0.234928003051665
0.129289444968803,0.30561507594337,0.107463819031024,0.333096513762827
0.076550118066363,0.232822778365146,0.12102889857278,0.260846409609427
0.0283898881609899,0.292048561314386,0.0992357538613419,0.291410184702552
0.085918605558523,0.362156648428471,0.142677226193072,0.280278604447896
0.11207284752115,0.227460807393424,0.0673970289538476,0.300413232877401
0.071996447046573,0.189743445528993,0.104282890287626,0.24639404141881
0.0657602044770272,0.335012020918365,0.0927264712281072,0.28830539256596
0.135797456750374,0.282729258180905,0.0996946524912117,0.290878844019557
0.0746356880022148,0.359738866243218,0.120872608284021,0.296265538471248
0.0599353704953327,0.313075606678345,0.119801493430454,0.301446525503891
0.098537948945299,0.327698549369463,0.139935978628633,0.355597436745222
0.0773788553315037,0.310415811202501,0.140497055277327,0.301491860091863
0.103022890258788,0.338498888571455,0.148257608599044,0.341850275940363
0.105632799356884,0.330509687975732,0.12156803369542,0.33448965230706
0.0616650900475153,0.297990485948163,0.094836890090183,0.25776037330012
0.133354106605238,0.317962116901043,0.165935431695062,0.269285627107569
0.0852271857275774,0.250327158128979,0.0590266380242455,0.285579133557432
0.0712719244700752,0.246400681384899,0.0843394276408618,0.307858481906582
0.0480701045818861,0.283494229949812,0.105215766974568,0.201529302290194
0.0590289980903263,0.206291321214124,0.0604859467262733,0.31186467620479
0.0846270130222627,0.308640183129351,0.113921421804975,0.251251092078955
0.0908412906791474,0.259570274143721,0.107257141861047,0.320163410457745
0.0719363060567724,0.257314721107442,0.140444808253033,0.267809320500008
0.111928628117901,0.271872865816831,0.106144912760491,0.28643786298272
0.065564811029468,0.304621780440536,0.0998887213477647,0.268256503913604
0.106119057797878,0.259696912491523,0.123893499266285,0.261155687641603
0.0801430238613252,0.235847104807828,0.128507183229354,0.303416739325787
0.0837583462679317,0.285702314803235,0.0810806479782032,0.29487186764685
0.0895909191997611,0.274038573814587,0.0674127098626256,0.211658813037617
0.0715015486501573,0.243265731175754,0.0491337381011408,0.24912185294531
0.0861855398616588,0.252698517018878,0.129982082146799,0.226555349125108
0.0916168141043779,0.314114150268371,0.0952412889388529,0.202171263655422
0.076571189634342,0.296948743738316,0.111890185417591,0.223768244784447
0.076274117672462,0.310698575835849,0.0929576503045795,0.278610232667818
0.057920670572628,0.277465561971434,0.0833835604443477,0.327132488396888
0.0789754462396293,0.233088708434377,0.110962821811462,0.237633967265149
0.0836704158734992,0.223069524451089,0.0959078856317799,0.265565114548439
0.069241947092117,0.33333324390174,0.113104443103615,0.275768044046459
0.114113761175075,0.266757828341977,0.120999809506354,0.281573694539295
0.0838825740488504,0.280298332598688,0.119800552963551,0.318016937412691
0.112337359369588,0.322964686437498,0.067949665561799,0.264926795402356
0.0927569648688596,0.264006693939827,0.0674356502930788,0.248421786023252
0.0994001263958158,0.270938095062998,0.0725219627611985,0.247308173952198
0.0566648257840578,0.264439538002917,0.117549760545101,0.284073788717714
0.0907962317081153,0.271585454604572,0.106496357560846,0.289581022664844
0.0946365772420304,0.281320101038502,0.14119538786068,0.282007822108543
0.0510676049952822,0.31695436272237,0.100769945396443,0.291227457797543
0.0794646393164201,0.290450341968294,0.152647026987615,0.23953154365918
0.0772791616210095,0.31662486940167,0.0962925658873214,0.270241067187037
0.0813197566029823,0.293997035166587,0.106899903432487,0.278922917406211
0.0754397402884357,0.373171718998347,0.129191150362334,0.248412774299069
0.083624389532371,0.332126799023782,0.136329156486443,0.246997314945347
0.0941437988690784,0.305641499057986,0.115914920914744,0.287137488667179
0.137172525645227,0.281433865116343,0.137808284654977,0.277144736872859
0.0664702557780021,0.292693742061413,0.106455076242238,0.230209601934373
0.119783008428709,0.289775232120297,0.129410138763416,0.332363241534708
0.107375425097776,0.273513076739508,0.0954952357476832,0.259312319772142
0.104098793624421,0.345942462140617,0.121509234949112,0.282892817873269
0.100971957141861,0.304442504650562,0.085480859234734,0.295531945629364
0.0663928514478281,0.347445930484831,0.110391832942707,0.294929534800937
0.0904659711636192,0.223990686755115,0.12746241361178,0.28170427218422
0.0428008180754617,0.337447427160754,0.123015693897673,0.239944041585335
0.0770056051566985,0.288306843790808,0.0818857709724829,0.298055145920766
0.13961797331916,0.345593646539823,0.107559598280275,0.268905684569198
0.0794423122183061,0.290932214508287,0.168012557032091,0.292881160677925
0.0964211127458085,0.345793879347095,0.0869238808210026,0.320126651706896
0.0712633295594065,0.231574564375652,0.0906992992576659,0.265161541175013
0.0703286681045907,0.310069847226251,0.0701782369973561,0.314462434174958
0.118119722739923,0.340082413156801,0.125812767590979,0.279916412384157
0.0581944216797197,0.272120523005206,0.150519160026208,0.245201468872643
0.0948801615536108,0.246278995235012,0.084620476821226,0.26812966992066
0.0820667393744694,0.302910022346184,0.108896603918542,0.348336399705985
0.0533407680339771,0.201261398552075,0.108529659738756,0.216137006765379
0.0511027856528181,0.206685277509111,0.094483451716064,0.241352462281829
0.0572637237858799,0.21042965321954,0.0911326221256338,0.245995985351871
0.0870709875109425,0.292484768478836,0.0729710431820132,0.256497966459542
0.109070792254003,0.278140107984306,0.158640486455718,0.331439364512118
0.0858857760426457,0.352021980943336,0.0857153832812367,0.322997915297544
0.0779790555332908,0.313014340847149,0.110498712046,0.257107838454748
0.0996952441664801,0.239626987514018,0.0874515439765317,0.230355307545556
0.0559097056869443,0.28838787057064,0.108142124359627,0.248354603963133
0.0794028314951274,0.291654943401479,0.115507701464892,0.289236652007597
0.0567524092763607,0.291551366608906,0.110626960900992,0.293133601230022
0.0623680321786765,0.25649245340938,0.107523588336612,0.25109537211491
0.08452334712106,0.263905148834618,0.125034567227107,0.262087613452505
0.0820441785119479,0.232524909166449,0.0844980975686155,0.254725376617997
0.0512222571643913,0.311584184853232,0.0956444233532222,0.218961999065125
0.0848494488563716,0.224906640715081,0.110576976946444,0.27752742006738
0.140100825248457,0.389178862780265,0.148425136496898,0.29512840009309
0.18465527886307,0.302973726003777,0.0858993740841058,0.29305984772876
0.164225394902778,0.375382838124181,0.128503472561298,0.346107326127982
0.0845515578220265,0.362353638177307,0.15011195998875,0.243117758666319
0.0840545369155421,0.357178960862807,0.137911305281516,0.250096680595731
0.0831509160467708,0.359496168927933,0.135266492559723,0.252195185691419
0.0956295995466722,0.274943945412116,0.0855086308022243,0.304895356641562
0.129389307743312,0.325675977757842,0.130945595839822,0.282848258765382
0.135528682423011,0.334939470666222,0.131698866493708,0.28800037348101
0.120286665154593,0.297028092038904,0.0943484832486426,0.267086928724758
0.121170426096193,0.279619047182132,0.10292909692253,0.262579586190146
0.116319790122814,0.278955137602455,0.0924054460251459,0.26154398819308
0.12534875122436,0.263691902242339,0.0966042274258344,0.285243195872887
0.103025189967581,0.28950238640842,0.0933026675166601,0.298562977557153
0.0636569805722951,0.293056237095593,0.135567410879208,0.242450508799944
0.0729096177710947,0.275065534511039,0.117867256523296,0.245031134480688
0.0795202524097929,0.265059390300059,0.124526521700387,0.247057473103439
0.073676306352117,0.298143419697289,0.076465069496751,0.221703309323961
0.0563178098939124,0.24818480995492,0.0977470948834772,0.257151524670499
0.0935924670137423,0.310798925827428,0.120699115643313,0.299346050837209
0.0881267132660211,0.275654314299891,0.150893338189302,0.285200195322525
0.0842261693189825,0.294436619545374,0.110409132484715,0.302448981504323
0.058073460074867,0.257539933952731,0.0681351071568873,0.246216984352411
0.0793234379414117,0.304195179813084,0.0841631890572752,0.345139155006022
0.115499738137596,0.235739461122903,0.111100047352819,0.257321040746367
0.0839246566672005,0.338334188915029,0.108056202455949,0.208133801019579
0.0779467402015159,0.261205650104229,0.100282759138752,0.301633410909681
0.0799343617540662,0.308812245486325,0.109528239672977,0.29163927441571
0.0927046946578994,0.330790286546683,0.118773748878042,0.242487367775529
0.0882504561745715,0.291104116577567,0.126014959607445,0.299538588709506
0.129291413421492,0.341847161243397,0.11759874268893,0.243955545247413
0.129125590478439,0.329081658836784,0.111097727635899,0.221484902874598
0.0751790826425013,0.287265314877327,0.126351671298981,0.237025024225928
0.0876639392849793,0.328706742718358,0.0869514968769333,0.308916782871411
0.0870085936296272,0.247763681566985,0.111187240501363,0.252276808228767
0.116877670370509,0.238298321227379,0.119590047214951,0.283493125584201
0.0668759209523191,0.251158239048864,0.134656199246557,0.278296257896734
0.0603840065898314,0.301456565499514,0.0808261465221788,0.327973037139713
0.097262159815444,0.211413824515473,0.137441421270257,0.226842725033135
0.0729716816860828,0.227849534181085,0.0955058909315523,0.239611110064756
0.0876427788351125,0.256584676914164,0.123569989397161,0.229923726396932
0.0611810773402831,0.29511075848215,0.126592131352626,0.26063309491443
0.0697892897376892,0.238387885327076,0.117755902144433,0.243171060963958
0.0778407469769582,0.227412665864683,0.112477023195171,0.23673622786325
0.10815327235096,0.264146454964374,0.141701278093641,0.219599875855706
0.0538220138856028,0.280041944267504,0.131493678649189,0.285259328054679
0.0989231904952853,0.265473009121375,0.113444735640005,0.230338519852989
0.0969984877690118,0.320625958337829,0.119082179494814,0.340072492563381
0.0750430521038738,0.306282729055107,0.118535847623416,0.346471211148085
0.0666640965047789,0.288246233493977,0.106246493336354,0.275418334979506
0.10367575152681,0.271709625004512,0.103070558313988,0.270274086829868
0.106601239976935,0.327149157035735,0.110578166483427,0.363209844704049
0.1306737478665,0.314394340062193,0.130835976379941,0.262006972939754
0.0935524070216763,0.29963944434367,0.0957026372169607,0.27038086028071
0.0948807765832432,0.260154127994209,0.109550435901697,0.23655158598783
0.0569980152168777,0.323163232705571,0.0825322378911953,0.296900643123032
0.0756532696522303,0.230226864700072,0.0787032910652054,0.237598145647456
0.0804167660990358,0.293963575630944,0.124540083340067,0.312238321182297
0.0664692426743895,0.324263085758975,0.10644893582301,0.306134849813319
0.0791732023824177,0.231443247706602,0.0698858593200255,0.231075761043799
0.116923017368483,0.260535637626569,0.12285276930244,0.35345599572344
0.111117415499198,0.294201679666913,0.143985330756755,0.2881442811492
0.110205594613598,0.31243384615878,0.0844504880826505,0.299609188461488
0.0887338742285805,0.253058155109181,0.119717672400404,0.301854105957337
0.119809278329331,0.313386125792612,0.106950604654536,0.285846354370517
0.126758064837117,0.302147440582889,0.137716219017119,0.302192385673753
0.059333971428407,0.275554260010062,0.104837346676807,0.258858318434477
0.0992268431618314,0.287499769582934,0.0984661032542381,0.259141852187049
0.0898684495120078,0.334699390152106,0.136516235213875,0.322147552395417
0.0897910749586894,0.334340839925811,0.108314997884231,0.298554430440952
0.0840760940715796,0.299723028728437,0.107726991670652,0.323188450519438
0.120643478611332,0.25511240770704,0.141436090546362,0.26026457678145
0.0637621157094228,0.291497431472594,0.137965783544292,0.3210882417844
0.13755516480225,0.2874415997442,0.0997687312232845,0.303439032793594
0.0602816690078653,0.302146407321239,0.116207680553723,0.322685406454502
0.0649043997872152,0.292609918563035,0.092850944834095,0.29521446716388
0.0566699222198831,0.268573951492619,0.106032155998072,0.302955120002487
0.0844465976494846,0.252203198371449,0.0967978356015712,0.227066711026691
0.0707157021709636,0.327772964112217,0.100688844699391,0.214547865551092
0.0516375459387222,0.209985363878286,0.107862083521161,0.310170182728487
0.122254665227453,0.304171584253685,0.0969802692951171,0.304985955095241
0.112827567019909,0.283243868728738,0.101282489174641,0.219900733222595
0.130273906296822,0.293933645568729,0.0974930696934233,0.296938998513714
0.0757093511741753,0.278269614130924,0.118766168352753,0.270800302379402
0.135207007871914,0.292532865150035,0.100649776298467,0.352137569163535
0.115769293576135,0.344059128236076,0.154632607380923,0.3115241435936
0.0797739711449512,0.374100943411483,0.117881310971967,0.328186165465489
0.139255434675225,0.343411360202363,0.112261959942183,0.364651228987744
0.132839006528202,0.32991922529099,0.13848143320389,0.287012861956146
0.136579492546995,0.312099053384213,0.0948543191541159,0.312509842663069
0.10133710592712,0.333622555059259,0.166460555902929,0.240555790295814
0.0978541048307121,0.353251060776993,0.0971120939391045,0.279570423671549
0.0406237192271438,0.28441089423627,0.116209436257624,0.216993817370003
0.0736264277650119,0.27995453481397,0.0927653927637273,0.257670621948537
0.0820847386909794,0.274007507986496,0.130583771093533,0.270767663137679
0.0815757425779048,0.351689756744454,0.0765859555191198,0.344197162104489
0.0898620079842006,0.238975785699714,0.130164710695678,0.223778502712767
0.0749281915901426,0.24435378347283,0.111168739824596,0.251704658304724
0.0788017980447012,0.257534698851808,0.111286395624052,0.279998811328742
0.0938552092404797,0.266003365389571,0.091218629313336,0.319691050391464
0.0850209321207385,0.323469491007124,0.136206512171289,0.287180029281078
0.0784149063073044,0.265024537088844,0.0980188570927295,0.304430386991769
0.141405281219718,0.289480396045296,0.121896577395769,0.257886997952819
0.0929167358558045,0.311567782993045,0.134681377189472,0.302053952736134
0.0769106162793332,0.312156743803078,0.0962435666549533,0.315535614286655
0.0819462651701237,0.267485306175968,0.0858865750408479,0.329678634703386
0.0847149353047377,0.300081906961276,0.120772329425526,0.25902384726787
0.0902228989337207,0.269649129886518,0.129378945442988,0.327166900470925
0.071185810191084,0.282352690948682,0.140761117811403,0.299634109751261
0.113888023223521,0.30183851205121,0.080141338030809,0.293026910749214
0.103543716325489,0.33400097172779,0.0903386406774848,0.2445916090763
0.0801480979387263,0.285485269985821,0.117889361809591,0.293439427428175
0.11006891423188,0.26695924425534,0.112971264705637,0.220926741255548
0.0682107500884137,0.259218127417762,0.0877890724897744,0.257736085048879
0.106688931310614,0.276140437470543,0.0835328932116846,0.221634327783226
0.100187838965336,0.257589471780893,0.0904262238296619,0.313584552630419
0.0854148574871179,0.265576012622901,0.124597504700329,0.235687711897385
0.0597754044806109,0.298331189686877,0.0932979054058404,0.275330663448935
0.0758386616870003,0.274862506780694,0.104850772512142,0.315188318311197
0.0645295898105962,0.2686570887024,0.11568243223315,0.295777542884653
0.096547364981289,0.305845935819676,0.0834259599614036,0.238830205764142
0.0985203845766282,0.27915185304254,0.124732667789003,0.271343766677742
0.0681840985736911,0.263693236819337,0.0922439221825009,0.219324227080694
0.0867178738137129,0.266310591260447,0.133312524449768,0.279850337645109
0.065029694006431,0.248436308481966,0.0873393290902897,0.250528051006628
0.0697366721575424,0.28062289010512,0.107739461591547,0.253476448817447
0.110211193683937,0.271146318681341,0.124083078317309,0.236444420976595
0.074359333278934,0.329751019771164,0.123134659094381,0.248279527606774
0.0685847156700968,0.252621227279195,0.117212767929153,0.352439251748676
0.0953396023345122,0.353185607810534,0.149673775119677,0.255767380254066
0.0689845802706404,0.222849137849597,0.0682791611432441,0.306981414534919
0.043955776106121,0.265674441137346,0.0610247288588646,0.288471941141879
0.0800349542215238,0.264063098656152,0.1429555982351,0.21885611513919
0.082827237473463,0.327166376959561,0.147117918429355,0.23091275297418
0.0605989743490616,0.264778272030502,0.0966986220796955,0.258442772338813
0.0653977580067635,0.297727299759224,0.0982963261993279,0.27652429391829
0.0920612523824528,0.294780933868685,0.121284786806796,0.310522905359222
0.09118910221429,0.323970461348368,0.0842276079929301,0.346993165319306
0.0524976658190504,0.263434009131906,0.140534171170221,0.248162579724826
0.13612855131114,0.326263753861012,0.0784877533950389,0.296713031504641
0.0808381864781523,0.275999138688776,0.175699955978668,0.359818480045756
0.0741910823963287,0.253451364370482,0.106537548862811,0.297931578084354
0.119656350953507,0.313845945104503,0.14377139693885,0.305760959266935
0.0870343124341248,0.255860052511235,0.130599793277786,0.275830153079054
0.117857345839643,0.324741024202194,0.114474944256747,0.335762292596258
0.0690229911677592,0.321583741254916,0.132088762837915,0.32340799378403
0.0754763867634888,0.228599501845786,0.108637725092869,0.276544796222172
0.0601161120723584,0.270088750688738,0.103725421369178,0.298822152185285
0.0731274583412558,0.257687397263072,0.10426317901623,0.215994902946032
0.125924812485271,0.29749093445658,0.114333493631053,0.22717975752728
0.0539664855982847,0.279528086070248,0.127923037959968,0.315581126966072
0.049306661104179,0.326410773374804,0.137860102985708,0.261622040076549
0.053013551783101,0.337711074615477,0.131321672987328,0.264364300536288
0.0656615950148229,0.223487929873294,0.150061241268502,0.294736967677491
0.0660795948955735,0.226454568693702,0.152232763485153,0.300963056326286
0.0977810799407777,0.312758210661104,0.070899337536198,0.284737306909223
0.0761749390126444,0.316305891137171,0.114854515492111,0.271731158763426
0.0740735048878062,0.305922616408051,0.0973120445480308,0.323458072732916
0.0460443829272969,0.314748478056308,0.104123009950956,0.245462608253073
0.0807070748833004,0.305592576785904,0.121096790775919,0.36007170382993
0.0812698386547197,0.252682966305037,0.123212639207529,0.282553317818683
0.112954182629631,0.310917772223987,0.106587679365927,0.340061486186746
0.0877719810491977,0.353192125965368,0.123581036759061,0.298130552948403
0.111036203444387,0.32035474500271,0.146108414380484,0.281180858618126
0.0464275245947648,0.271174820314288,0.0971114912950523,0.289043945801123
0.0724152454398192,0.324843778011531,0.120206972438704,0.267229007378735
0.164795300261486,0.300040250773581,0.129375504031134,0.29269242421122
0.0524314239817915,0.304324163449079,0.103722820534059,0.260219532599828
0.0809146306788555,0.273889689151182,0.128345020945867,0.279531662014235
0.102663102459982,0.301712406987418,0.11367516494544,0.277494770951381
0.109389903212951,0.303673666890094,0.142199977925887,0.27371430429464
0.0944732290867527,0.338145941625772,0.143538110306124,0.277847026735405
0.128500502422988,0.305342591056658,0.110117180446684,0.353310152740832
0.0551144057289468,0.290328038801592,0.115556332553087,0.277882024021532
0.0884510413294035,0.342666404856314,0.135200375956505,0.323581792790744
0.0629548547517675,0.300268397369787,0.109264981879851,0.284059063976028
0.0824441757739138,0.27566893042294,0.122516316267668,0.277809301809249
0.128517774394345,0.32786935340991,0.137511646845135,0.28643137613496
0.100060460265696,0.302253832254584,0.115054925301987,0.267557654423134
0.10155039749771,0.28838845257055,0.11999438101667,0.284066405650231
0.0930816866739081,0.287422787043643,0.10097900316126,0.259608501025139
0.0867394740840686,0.239271376690093,0.103574559975374,0.280867861700669
0.110632008105144,0.337431196826444,0.111302558412551,0.296170525822924
0.102239814932001,0.31585358274422,0.110817529106182,0.28545248941808
0.106228215713901,0.279690794366054,0.131589272044731,0.275563789549476
0.102050884399438,0.320022291430271,0.125315245600961,0.250970466240582
0.0484887594884828,0.237927888380646,0.0833885646665849,0.291937694895416
0.0976632695784698,0.280601792468684,0.10021972470355,0.275966429140332
0.0538167721274648,0.260763775291103,0.0574106092502805,0.256260002324675
0.0942389719548974,0.265339158583101,0.123428079834641,0.264548648753286
0.111731998585518,0.294285820912438,0.103074060780218,0.295733698081082
0.0866168732158068,0.322449605181746,0.101440501333309,0.330493459622257
0.0613489536408532,0.290253003811596,0.108474775598663,0.219735381953559
0.0636092993548327,0.292416742128019,0.0422692613588695,0.263847434115172
0.0600994608276573,0.257062871467797,0.0484411811811208,0.248454129630968
0.0722460481097356,0.310121477409057,0.103995776480867,0.236681781899644
0.0773618528192208,0.253000436758812,0.107027708155103,0.299758526691192
0.0698828114384288,0.250120554186989,0.0999654067038225,0.292417993386793
0.0818449990666038,0.313218416497191,0.0942038440045262,0.302850031190285
0.0822731731424395,0.27512909052996,0.0955479630532867,0.26320917512793
0.0958649372865676,0.291550056913194,0.104483169669974,0.267394392151431
0.0842190154083712,0.276696086715928,0.106226584796699,0.247795206892152
0.0955937969389245,0.271884875768206,0.108771085335281,0.255650415171231
0.0750296147417175,0.261475334237858,0.158632301928513,0.291709247774713
0.0772606984677551,0.297839330550677,0.0948011371857172,0.259522858501754
0.0911621295482724,0.306415433959187,0.0943233184056837,0.355430592286931
0.0823835354767314,0.290152988782082,0.113211575106619,0.267554988164643
0.0803710923135306,0.303646749439122,0.12112797579764,0.28612891221308
0.0675197545907359,0.272822052721258,0.103296890157059,0.268777931966397
0.0730250844851836,0.2771293985082,0.0988966361739769,0.257934963736317
0.0664254904505589,0.295110645410834,0.127781688620294,0.274398561019531
0.0973743886910552,0.364740695321058,0.0772464592714593,0.36629761498571
0.0912667928960491,0.208138858389775,0.131523250996642,0.250296057926249
0.070924792216541,0.28840991271509,0.0968557574819479,0.247906417577017
0.0697389194084188,0.256134237654231,0.116446274695618,0.298833637234072
0.0745767164275918,0.261424047344359,0.106098837042536,0.293058684217479
0.0934009068707404,0.29007762153493,0.141154459534685,0.236908664743239
0.101096706502339,0.247004121513018,0.103481940425657,0.235364122789531
0.092118578524681,0.303408710011633,0.113013521636871,0.299055654021639
0.0797088742804134,0.275395281378771,0.160508747568746,0.298178656883251
0.111502820920917,0.345926972379838,0.115902215141832,0.279307997107515
0.0812943406295811,0.254522124197134,0.125074352718171,0.279725652400288
0.0889776067504229,0.242142175611924,0.137785136802701,0.277032982408217
0.0809996301197118,0.279477917117894,0.101769643101673,0.284221247767772
0.0621644973352497,0.272505680361761,0.106439333181873,0.344450486104507
0.11487905939306,0.360302292171228,0.124225132309941,0.270647680754275
0.123336106171715,0.267131182512956,0.13016760218776,0.340686457007325
0.11227852611606,0.358866462470259,0.139943739445372,0.334387370795115
0.08210456950965,0.25149534033063,0.117357399236244,0.347850042787203
0.125949812437465,0.360294764018369,0.115056251344016,0.332105440158684
0.10173549127763,0.306899525099433,0.116787699625289,0.262106232837395
0.105250852776007,0.216955269239729,0.131637348304382,0.273780838412614
0.110355134222903,0.212248557932816,0.114424118848452,0.23696431716454
0.0496420104909448,0.299203014360359,0.0823930496584829,0.286925435960616
0.0563356346873471,0.320767982880282,0.104686384705569,0.224058998698541
0.0671734958277008,0.314996777185433,0.101968937527157,0.233504590871847
0.0599490081208455,0.342863158128473,0.0989739092528999,0.265403941930413
0.0983892133262078,0.28566002908729,0.111933333403923,0.273698820150391
0.0664904014658676,0.302402269298485,0.0915079087676959,0.250265097219724
0.048118775532553,0.266618526939292,0.117469518305898,0.330117822734884
0.0747890619328335,0.270832123762212,0.139244270073239,0.21070910948537
0.0948289582458429,0.297235465668949,0.109253433851042,0.306948016193178
0.0882557551560102,0.238507592469688,0.0662162335241781,0.269640191136487
0.0639137025592011,0.21694049531196,0.0685114940652248,0.266688689349307
0.0633194162029354,0.213575312087856,0.0507072245838561,0.246016780354882
0.0549418523825419,0.216515881807451,0.0905775000995275,0.25496116416394
0.115777449021281,0.3187545642445,0.152409724663201,0.242698515082669
0.112016587154239,0.266016425690305,0.135656368176024,0.277081874934909
0.0967168674181534,0.386928318546252,0.122876253918535,0.296102734932915
0.0866589635426736,0.274111000722537,0.107973220110843,0.269857973102923
0.0772848515280083,0.266751402194217,0.0987669581453344,0.304209604162245
0.124559198708703,0.400882471198819,0.0986805841550307,0.296090018618748
0.0661792764775685,0.259837190242489,0.169296561388791,0.339682642773649
0.0585212791569091,0.308581171970372,0.0784263710122481,0.27859293468559
0.11615181676534,0.311434848327768,0.144760216850536,0.303486292890542
0.098626410098307,0.346505336954302,0.118024477275819,0.279406214766943
0.0704688956322655,0.264868474535554,0.112032088121129,0.261450190329649
0.0902423154630904,0.27988140509713,0.139551677371786,0.276867925452458
0.10047823542397,0.294600317601493,0.0854807921554325,0.308215797512086
0.0926868945156575,0.286434632943258,0.163283866280523,0.273792346842655
0.113722266181816,0.278991102305591,0.106012301088956,0.30053398730111
0.0965293491847014,0.333754720864781,0.0968263809993325,0.246725846569823
0.100139045840068,0.315687373814457,0.169656721915642,0.340127625889711
0.131420415298587,0.287221281494933,0.135931986212367,0.26537837763397
0.148307026679318,0.299510788291757,0.121230386178917,0.260120569291001
0.100693555282362,0.295393676943336,0.130037311131017,0.284400998933474
0.129933937650932,0.286053818729388,0.134504066210501,0.26474290802212
0.116863883847581,0.315500824047266,0.121403043125956,0.389819802403013
0.122365635064472,0.314326762972318,0.11916212241803,0.292760959949567
0.053326074147238,0.23680269311958,0.129756633177545,0.225588375678524
0.0463411394116241,0.269373047369137,0.135026340333252,0.250171556870514
0.0623352256521229,0.314422255760445,0.100509570263913,0.304415366593543
0.0569895437545921,0.302372793449331,0.0996513151201263,0.291018326253017
0.114994965074319,0.265351453701593,0.162780050482331,0.270763113508687
0.0725540178784132,0.28699931349191,0.107495726618931,0.265212977871679
0.0901761468542164,0.305018649380858,0.105135828083679,0.233939054792704
0.0715895059351478,0.332013689593838,0.121252064286167,0.334771651136028
0.0797022757438048,0.32447393612026,0.142258119296053,0.332722861274328
0.0969506461183878,0.293269234722119,0.0860755040197297,0.270877904406004
0.103572804998222,0.320806518542423,0.145375458449609,0.288796116260778
0.114041480944409,0.303585324614967,0.0936482229951705,0.286836330015255
0.0658375102598725,0.299075738757932,0.104984352698122,0.308109705902297
0.104939848426139,0.320332812207257,0.0893186609734648,0.276671914349485
0.0463826785606197,0.285878503509605,0.0919769920817497,0.254851465283914
0.101951549573191,0.303507650284129,0.118956063684756,0.269549634936728
0.12254639474198,0.306046576172973,0.131070753381923,0.287490006403473
0.0894670491026813,0.282963985682183,0.0857044114669159,0.312662759091004
0.0619722674999845,0.234768571033012,0.113337851775653,0.229790900627661
0.0467941374608821,0.276565306315339,0.0883764381620108,0.254769617011073
0.0590701486288196,0.290177254958859,0.0686699237438798,0.315326741208261
0.0734497632475977,0.287520030339755,0.0834122565750324,0.248043720349255
0.0500766799943335,0.28272324112092,0.0740503667317258,0.260594870910573
0.052474489549746,0.285323827217879,0.132547733745047,0.285850815187883
0.0771192470049885,0.311982047216701,0.0832857545199826,0.285206499864111
0.121968009473097,0.325274913890974,0.16838219328811,0.324970277118792
0.0656920545712706,0.307254408629883,0.0764822791308354,0.323330636384272
0.093960398764825,0.278712933606257,0.104987390615327,0.279797931020811
0.0930664952387983,0.303344378400382,0.112916603518373,0.278468348446107
0.0884730621585757,0.311973276819758,0.121963263186953,0.328075370205724
0.0787291079576607,0.2712236256018,0.124188269114581,0.236908511978194
0.0756127827721691,0.270188397697476,0.0993937844340362,0.276622614379676
0.128482772135305,0.3013289302898,0.115597910612293,0.308768152756194
0.0717112858095449,0.276898262276075,0.122780279695039,0.282453396674947
0.106757389232836,0.246287657168687,0.13725771176033,0.275890823333512
0.0508833876787335,0.266157777791862,0.0940556725531867,0.23240201656904
0.049048021443962,0.275205417631056,0.098573735593725,0.237349320234793
0.0934169861766636,0.254107926602828,0.0711843982810755,0.259856234129047
0.110004055627506,0.311406515795091,0.149777363074087,0.288356012818758
0.0985620653138196,0.345532321139738,0.0758293058523068,0.245059677852082
0.0995614045261377,0.335508676775527,0.128800796941351,0.296864801001318
0.0812973429234402,0.335353291592611,0.104331659172507,0.300571676913725
0.086663052471436,0.298770652715026,0.0936318986793363,0.32670297980656
0.118492978612535,0.247357328696313,0.141041797262916,0.242663276443052
0.0807918286235944,0.282599947363535,0.129152253942968,0.312871501675347
0.0947486763134683,0.245939354867461,0.100600356418395,0.293463307979951
0.0777681652180148,0.243844988352001,0.12342402078202,0.187411591243518
0.122280797721712,0.273270418598215,0.128025360856037,0.26852494516337
0.0417529714996061,0.292446188349674,0.0906603177906077,0.235492812812247
0.118442190821408,0.310244810126778,0.133737044044632,0.267681252423785
0.0647254282885384,0.255479340698298,0.112456788042656,0.283106232059995
0.0679917661665354,0.276228704462705,0.112289735458166,0.288750440536817
0.0607902840391519,0.275321871026544,0.0941882608671066,0.229872682726454
0.106982299287591,0.266186119683213,0.105956440525853,0.306119894151152
0.0885472620350325,0.274101958424204,0.12725017370519,0.284051466924686
0.0746301146282172,0.304888648787923,0.074942571931589,0.288750905270613
0.109696066985331,0.311268777661368,0.165879606341761,0.275633611998879
0.0878127910203045,0.255550836214892,0.136616320642357,0.337455611767078
0.139589449276234,0.356301414694089,0.131038597661729,0.325109634827535
0.138893874114941,0.301707040680358,0.108436999449173,0.352965393788987
0.0584066512957135,0.286104065758421,0.123938111291729,0.280115837471063
0.0869814707141908,0.262871087418069,0.127916176069453,0.26935986871845
0.0937407014020016,0.321900656342057,0.108508356918195,0.304863734656727
0.0988017477656561,0.312470476000866,0.109746845496455,0.276659440264326
0.133242720130512,0.233710993610238,0.109067380584572,0.275723608424651
0.0953365082861942,0.25147635272714,0.102502516187749,0.309813695885732
0.0764553737778158,0.339777608400731,0.12244464667925,0.226984029220476
0.0692772084216509,0.267716869441406,0.0943183488861166,0.24664931089206
0.0514549695037433,0.26885610664593,0.0696440842228927,0.237483839371177
0.0805391027348454,0.289830161190364,0.085696246456706,0.30552056776421
0.0862063861540537,0.272127530054877,0.141395858279531,0.263662803461548
0.0925587949638403,0.287513993668527,0.122752108958738,0.264737141542837
0.0676095974778478,0.336838636429878,0.11865665409741,0.328354870107526
0.112769877677127,0.334660141475961,0.151014960855665,0.263997831505816
0.093016999376805,0.249137907789321,0.0974027438530978,0.349562251145244
0.0896670481863537,0.321255979057077,0.0941882160200905,0.239885357193905
0.0694002250666995,0.238765082784162,0.0889181913774602,0.315415886206765
0.145180255540566,0.252734635370991,0.122005636035504,0.334155179138326
0.0827305257596361,0.249526140077407,0.0836099162203502,0.27408282771605
0.0873887824877496,0.285242398726889,0.132601405635123,0.317390612708187
0.103398524805712,0.341517270180009,0.150330557588962,0.293566352922933
0.0906633322439148,0.268310289716807,0.0715451594305545,0.276063937733162
0.0832225714626534,0.284071946145385,0.122650396186645,0.333683904511547
0.12250344541357,0.298858190979384,0.126699801054397,0.232989867147694
0.10340571225681,0.303128100948422,0.100328558843693,0.259146574948715
0.064885873716441,0.247163386922879,0.109164865499367,0.273359502501723
0.072472424150579,0.27993737981632,0.127959462819588,0.321147070172401
0.0996292481062644,0.334832210318776,0.145567066905272,0.23436182341755
0.0830294241457513,0.28944540653406,0.136557014999016,0.324116059438309
0.0705593195445957,0.269416723982675,0.0991676565033615,0.262437490145222
0.0563173350449425,0.227904463100689,0.113793574148545,0.254417307294871
0.135459522456919,0.330567996987817,0.142354597771835,0.317659282727616
0.117164607982376,0.281913266642222,0.109931891508236,0.27256973618403
0.0460884014173101,0.284805962271794,0.13004407912683,0.256939839572259
0.104048957020144,0.286955922844467,0.0867551806201887,0.233389152386694
0.0932773281352921,0.293677604993511,0.0880424778328315,0.227327331707223
0.12656395300829,0.297045518371679,0.106423984094241,0.268799705041446
0.118974163785003,0.334943427035502,0.118369551343093,0.284949219262918
0.0676642931010139,0.277786967556807,0.119792280924308,0.232988184224845
0.0809371134972901,0.29964558902135,0.1063873267586,0.286812959056135
0.0728623448753545,0.285204351643315,0.0929018832914439,0.257631051196462
0.0781400978238099,0.307113368960599,0.0995966163174373,0.339612854370725
0.0953516303979036,0.271433970364529,0.105653879795551,0.259422465574805
0.0733790625446722,0.301439163618177,0.14061231614392,0.307973150585789
0.109111095095447,0.304536706677614,0.0710928986057857,0.282729313479075
0.110788827515317,0.320029595778641,0.103524569707315,0.29658308056344
0.0556060209118769,0.263880169213276,0.0957789074009958,0.272749641400069
0.10203757345544,0.314998652853443,0.120606126218693,0.260761107041503
0.114816517616175,0.223001818106355,0.0888782811139728,0.272441587715806
0.0591933845814725,0.314732727139955,0.0907074319502846,0.243925890039531
0.145442734674754,0.257570108918908,0.125996183825549,0.317137273838468
0.100524381306317,0.309439985365718,0.072189211248664,0.259595427454876
0.0836390616641449,0.311076396613741,0.0855399431567141,0.241507133978689
0.0972895840045457,0.317374008677439,0.0774833439512927,0.240120729523569
0.0740303304467701,0.318979221847704,0.0986198127436698,0.208035104997368
0.0768993819034059,0.294202746052721,0.123789925888423,0.323171052346929
0.109539923407485,0.307886560620673,0.129299397534045,0.274456973189155
0.0961664296416819,0.366811312244977,0.0955952247547675,0.301266562620552
0.125379567209349,0.290837125534168,0.068199698175783,0.233569006930986
0.100062262526837,0.279418419892243,0.121239857317,0.286965197217062
0.074556635529803,0.277778689810477,0.131657763805656,0.229544412867475
0.084264606313962,0.293589955216793,0.104347234899311,0.278801343268332
0.0861299682412567,0.285235206369559,0.111597012718103,0.285013925212119
0.0742751407087735,0.354572437683742,0.16990706658343,0.255622323671988
0.0928443358237284,0.227943599221277,0.102809731215446,0.261040658307979
0.103694795292513,0.347459059629675,0.0732986975594982,0.282157321230885
0.0621344631856572,0.280157813913505,0.114060607938237,0.297702956244044
0.0594895596114775,0.282289731498171,0.11749815760803,0.292218140206676
0.0884444017949027,0.289089508902329,0.0824218194563227,0.240485274867883
0.0631559800915616,0.264357596748574,0.113793448011253,0.267013311295357
0.0971379402214148,0.295230932747254,0.0832500729061379,0.301354704123053
0.0721433686694769,0.280369963558511,0.110411399903465,0.326297054270282
0.0746533878433571,0.291672335261744,0.132611076807574,0.289141201456916
0.0787527248379428,0.275227198274483,0.0924439386815254,0.319241639282537
0.104302131105068,0.270470102459892,0.0860569590940346,0.206430462943957
0.0981277870104943,0.255650819800204,0.0807220736249144,0.252012408647668
0.104488291637865,0.290936992756908,0.095132829912526,0.239150636835289
0.0990157581522065,0.244367994788797,0.0877546377207968,0.255307499499773
0.106253213177763,0.29106159164371,0.135373468751864,0.281216279912486
0.114673863934781,0.299941510110573,0.0941296371346453,0.305056996886998
0.0568001576187926,0.352392721561964,0.117494824771921,0.284623803816392
0.0627153368038317,0.366642213764841,0.10943205288494,0.302115047343733
0.0613646566986152,0.284846929440446,0.114559066623501,0.323602741155809
0.0796267241732855,0.403973926531515,0.125816676825339,0.306296257327092
0.0702472210475034,0.348999540937793,0.108707445239471,0.317923054351127
0.083329750767094,0.209158244536316,0.097406509296034,0.231930004810226
0.0853916149607138,0.217030092117296,0.0914806896447097,0.239043384807328
0.131654056539606,0.279524976664405,0.0991067298173755,0.298968689491504
0.0782963451779504,0.310293344412292,0.117970365109222,0.302417252030889
0.0856806353252316,0.248845611462128,0.134238692216635,0.262209497585581
0.108723935062985,0.325089689762025,0.0930652289471927,0.280695160910633
0.077241867422549,0.324233709430692,0.150273315745621,0.277202797453313
0.112577512162047,0.26367285257686,0.0987288335179284,0.276007797451891
0.0850782531008832,0.282930875774574,0.12403061952647,0.280111748952019
0.0778599421582081,0.28022512406832,0.10017182570745,0.253014556478206
0.0805293383551201,0.305222856368311,0.167163769567757,0.284994338011901
0.105557975313963,0.285204241032615,0.102141125506285,0.281482026989535
0.117466920910274,0.283119764473965,0.124346546896784,0.32292782892478
0.092395066337392,0.310716336957957,0.105303550273998,0.315813909308348
0.110425168588316,0.25143339386122,0.101255976592729,0.270907702524357
0.125210542458894,0.326774606173794,0.115150554263138,0.358982970923544
0.0893414648640161,0.334711156056855,0.11442403439078,0.241185369302441
0.108564972837438,0.256473927442499,0.146009627107847,0.334200974715819
0.0893283613676834,0.259052909343109,0.10580713862198,0.31322987490403
0.108952501997394,0.294177848155427,0.148954096910254,0.250951901561719
0.0885189306164565,0.290258204093241,0.0839007613214718,0.334047935311514
0.0690501785183197,0.295625281301014,0.122021155199388,0.241448210001929
0.0809267469812505,0.279551937623102,0.108817215032825,0.341939813841502
0.0761538098053848,0.312289895347931,0.130302563466076,0.316247150623913
0.0848865816740813,0.336270378135155,0.122411332701783,0.289208505046712
0.129302030035542,0.306186346544461,0.145666228490255,0.295303420835592
0.0850860153611867,0.306823479560457,0.124472267741407,0.276611932236216
0.101453692131147,0.299313612652987,0.150800285477015,0.310494334781525
0.0907143884936737,0.270191763372349,0.135792911170157,0.32572019670082
0.125132401526643,0.288717864245403,0.0820750287053151,0.316653656292103
0.0787928986234334,0.287176978282308,0.113533846415669,0.293239832663988
0.118768869110416,0.269532399940298,0.0865240592484457,0.28344510586916
0.033567217383012,0.25026850963708,0.0797822220761548,0.276025565309182
0.0259465316266033,0.25049934192135,0.0747348482383491,0.249013659168699
0.107491779331919,0.276807357689687,0.105784559370378,0.259622851748975
0.147436421749329,0.33946793534704,0.193920504250721,0.287580066971894
0.117251409603804,0.315943289142599,0.124024354452729,0.295350416491379
0.0998528286303915,0.268320743926744,0.0824644094056553,0.353181887515811
0.0676570098774238,0.302693934371757,0.145765503139207,0.239406758831349
0.121484892540016,0.281273790666809,0.117545365443074,0.300232570292221
0.0647452608828666,0.27339937242435,0.107498663360404,0.282688599856222
0.117417998302897,0.293124250105255,0.106809671244563,0.281475161928668
0.123409268711109,0.269631081333533,0.0768493183360069,0.278471406296443
0.0599698039752975,0.260592135252799,0.125584034625487,0.31311971686676
0.0374716132466989,0.239820302867486,0.0954445124173217,0.259485561873281
0.0396307619009778,0.271351290201132,0.119277552386443,0.249667451287274
0.0397565065297975,0.270848931791396,0.102128029299878,0.274233008233059
0.0451381858584069,0.297317239394872,0.110736629350097,0.275815248904741
0.0530566940312453,0.288621173745515,0.0768740144162735,0.249314012264084
0.0378284283119253,0.294201418698336,0.0768522294138873,0.242859278198018
0.0889923830228756,0.246004474365247,0.147481350087212,0.281347968283541
0.093752015058343,0.230552749223504,0.117605207593199,0.294733853927496
0.067727276844079,0.258350571338948,0.135150404267607,0.278319309869219
0.101643987802309,0.232647841494249,0.115403763634534,0.26474937548015
0.0942800431150734,0.326894714672674,0.11734133280312,0.27014891615019
0.121189385989055,0.287879948875272,0.106160125208197,0.312754227840782
0.0801758418399293,0.296517502582536,0.0791573622960826,0.30913627010802
0.077777870326753,0.268088725080366,0.106584307164575,0.266436720066479
0.0879745103731588,0.289009546745046,0.117685954674355,0.305900077599536
0.111203274284376,0.285635763224314,0.0869598969566524,0.23361308440358
0.0705765131399179,0.280655174101877,0.104435787328959,0.221031425950427
0.0534717680241146,0.270990501541095,0.0974029787216361,0.240990454588537
0.104179424216443,0.260273391590082,0.105604601410976,0.174412072817507
0.0577697185220909,0.249446018076696,0.102677978606691,0.264316406428589
0.0568682597403443,0.265136623176329,0.104812208873918,0.261026531901749
0.101673403243629,0.314598196014893,0.11521477139563,0.370765264241754
0.103625536523012,0.286402341089674,0.123191450153347,0.329259157918469
0.113468318836585,0.335783707418164,0.133090599117893,0.300958274892945
0.122350518178557,0.342222190728147,0.134824209616139,0.339755606426512
0.0791672720815749,0.357661302861051,0.124402949829408,0.277327555126653
0.111021737279178,0.356095870814698,0.152660626728899,0.330190647345293
0.0513648943696124,0.252132221382212,0.0948823123325153,0.355931232507781
0.0602155153117765,0.263630886929998,0.0697171091235373,0.272558859197544
0.062996336051313,0.289371515569002,0.0853233327437266,0.285339589408514
0.0583299116032266,0.270720015591026,0.105944488018601,0.253276016724201
0.0658653603193563,0.292050090218395,0.0982308352951,0.262656009328297
0.0590406908220313,0.277910238793496,0.0951367174238642,0.292495182289401
0.143113023044412,0.279895501720428,0.123162475212783,0.25579488590526
0.0885188738170607,0.407902524476192,0.127285321173898,0.295151551758441
0.140220247141962,0.326493772989845,0.112328714740134,0.297828802490197
0.0780503370543109,0.334938034045629,0.105419263114091,0.306544151978269
0.0884405722296179,0.263862331986714,0.10731453863866,0.243140095307375
0.0891052914856259,0.266125782872393,0.0973560520699149,0.284353945929213
0.106410176205831,0.260834031918394,0.135697911107993,0.291427272803943
0.0615691732581927,0.318729555774951,0.0757948997637984,0.233346563145634
0.0565382587657276,0.270645022155443,0.0875778374414775,0.28658529916972
0.0737268759083671,0.299967456732783,0.103968389185081,0.24764485697663
0.0723859768341602,0.246888554828341,0.0818686584794443,0.289246535339706
0.151098111203495,0.357091860529555,0.171349742953543,0.328881979947925
0.0900071643532992,0.300333958322394,0.116003217038772,0.294151979839506
0.0784730462215478,0.291363937764078,0.122509991191032,0.29826705557659
0.0788124159752476,0.286133814974901,0.144184726251954,0.276045343951567
0.152041306919438,0.37992384088213,0.0878228052070559,0.292089777023029
0.133207085762243,0.265871857293434,0.133498888051838,0.333501072393117
0.0867081530451661,0.299810702547546,0.121163710667905,0.30026375739206
0.056345087565131,0.266052456448599,0.121344193197119,0.269782820530309
0.0800288009605073,0.310982226522757,0.115910898835645,0.297438931658214
0.0928696889795783,0.29753908425748,0.100814900551623,0.252701870945775
0.0650758713534484,0.298764309780372,0.119161447138788,0.307198850865148
0.0927001876117902,0.26358573434162,0.100412688190686,0.249619949912235
0.0678463844594926,0.28582074082911,0.127904164535958,0.285968716120214
0.0790691856862631,0.246292324798831,0.0893007920699043,0.267515713683845
0.0698805689148514,0.286875264160067,0.135711487911044,0.276191650310277
0.0888488570169173,0.24604839236282,0.0881268072813005,0.270261707941811
0.0905488358095381,0.260234288273161,0.0950409670941589,0.282161908934608
0.0808803135438577,0.289578079120056,0.104576488247626,0.249886149309759
0.0583467348619539,0.278501253555387,0.140744370302292,0.278304720835585
0.110747046581158,0.272615712315481,0.134207598574377,0.291787491852862
0.0822025482819355,0.286391055284023,0.128540269345502,0.29467643973719
0.0952907937623552,0.319650819092067,0.114142078493512,0.249317898273581
0.102393111203475,0.303913115294236,0.117662361721503,0.259653413478849
0.0724261940106119,0.261781934881026,0.105816884285275,0.284475240453924
0.0762943021262246,0.260842666466955,0.0967696429930383,0.276576213860794
0.07449956096819,0.271341470969056,0.0916427101696028,0.309325102014731
0.0678515146815685,0.337366645549499,0.104420448431185,0.255474824326656
0.0802212660927579,0.266050042091857,0.114712964313775,0.331300828192959
0.0660963249995412,0.350913008414694,0.109701601055883,0.24522815943786
0.0566899629019365,0.250377740951073,0.0977603794214027,0.277906511169238
0.0721162163477158,0.314727488368728,0.132378956097333,0.244806012649828
0.074300740755804,0.224304898665175,0.0760168491002059,0.319861362418938
0.132548198638671,0.258627803520874,0.112817777971283,0.327160004472991
0.0869036207012866,0.393066571061733,0.129394951296185,0.249436811458783
0.0865998457712722,0.263526749342964,0.131367084984466,0.36120347669627
0.114526698399355,0.259952421012778,0.122893589763992,0.309434367412036
0.111910240891797,0.282167031139935,0.117152362182184,0.268727852696736
0.0977785379911181,0.294270698257755,0.128454325298754,0.269999402356201
0.0801063767825407,0.285660127996992,0.141821614433752,0.308205943886386
0.0952486139588928,0.305181417585406,0.09161284192111,0.328101996211716
0.07835768626156,0.276694209031203,0.0860711777870942,0.249380248130045
0.0673234315574009,0.319050075148446,0.133287009982851,0.307255800562934
0.122919451802112,0.298983095568726,0.103820935126604,0.269418141641004
0.0625343891908304,0.293045813842543,0.13146138057057,0.237197608459087
0.123761417398715,0.277561047878123,0.0771843684749488,0.375577357062434
0.0477709722216718,0.251864814904868,0.0810744172570354,0.294575317897621
0.092200056918122,0.23167792248113,0.0963296426690389,0.29497100145193
0.109792010849103,0.328173229148424,0.110879171944247,0.337345633814028
0.0847051821467958,0.25560125171953,0.135293461858247,0.287792744880617
0.0974336266123283,0.246058753365201,0.125575127557668,0.283864585018357
0.0796128894634562,0.275783040087525,0.122958302943018,0.257889695611341
0.0919840364461013,0.324009362011715,0.130274519859167,0.248990477779671
0.0862037093760184,0.350909504926832,0.11916063136779,0.231496271626212
0.120530523693039,0.262625146997337,0.124759059431829,0.352616525202347
0.0564671795217561,0.276452014154041,0.103032426416467,0.269774844445502
0.0540310313107213,0.27532917242145,0.102845194826387,0.267490482313124
0.082349215723099,0.286235567173569,0.141782907887171,0.272275857889921
0.139447835295936,0.334717233354134,0.125197743570424,0.273900953136948
0.11039231747214,0.331940348220739,0.131076861210802,0.318250053623347
0.108328454038134,0.27151733993633,0.171716426136326,0.316955099545602
0.110924587360233,0.344563176939471,0.137096063560253,0.326423057762126
0.0758591457096026,0.333789844361807,0.106784750238377,0.265457594172103
0.0994967480255667,0.293585880467977,0.144918389309303,0.27936280417477
0.0903025626708422,0.291552836745493,0.0900755119841628,0.246817469620324
0.0991179244167184,0.256282640206482,0.0862396836120492,0.258496450228224
0.106410652147871,0.259519777688934,0.0876260266695271,0.282180783236867
0.0628832745180886,0.297324072989856,0.110358048676154,0.271238097632824
0.078592376284754,0.298397566751757,0.108818152053977,0.285025787808963
0.0874286067835894,0.25857573197073,0.0960987062779444,0.266455064949299
0.100580934903461,0.383214982823303,0.127083298432146,0.329572615662975
0.104671424281704,0.288681637942062,0.118155189713139,0.356355877061069
0.119817636755534,0.271948455989845,0.116814094194469,0.334485176274987
0.0734118340998264,0.284789450486392,0.139262385506991,0.315603925526591
0.0870514176342188,0.24919466543569,0.131746303566518,0.314056344842737
0.0795551450845776,0.265302320747254,0.153907146214581,0.29690923435842
0.0928253282021789,0.297502809015074,0.0923646201258198,0.286872497421639
0.0754609220065821,0.317904410016973,0.167494195859423,0.290494922338421
0.0724309609242493,0.287060541691827,0.10609157800882,0.288488389423698
0.0972394757143188,0.304494164697487,0.119863798850145,0.313722097968521
0.0925894847430448,0.330723921565458,0.123858794748511,0.23582845555598
0.0723149351845373,0.278084940802049,0.1336041452534,0.375482654305536
0.135055424682953,0.285361384566616,0.0970991201030595,0.323037496399907
0.0530633586926207,0.255397234967495,0.132236117078179,0.28452342902231
0.100484279309455,0.279840459520206,0.109779326569503,0.298044996854391
0.0497109039861523,0.300506754207142,0.107282263563903,0.288306800047822
0.0946901787793971,0.282988499661997,0.0954465390853696,0.350251583909337
0.124070923687477,0.304662015196688,0.152790507847152,0.210051429174919
0.0770552073320565,0.288822896502512,0.0875657196210983,0.244048456569593
0.145295655538284,0.311770287392184,0.105472092146584,0.225957100270071
0.0937747644794097,0.284563336586665,0.119024605078678,0.29454268469263
0.0867645069104544,0.288368676873895,0.142996581452584,0.310505763529594
0.0568772515480362,0.260648519277525,0.109458288934418,0.252155225655826
0.106064130448638,0.235616850869356,0.0717758089425678,0.265162050731592
0.0956652709823531,0.242086198244004,0.079622547939591,0.231598987252096
0.100991778406119,0.258348975699672,0.125205905680198,0.219955827694675
0.0784094377382697,0.270280019393966,0.103262381039161,0.291794948317547
0.149807504500831,0.270630808554716,0.102808814941128,0.26343328111507
0.0417595995236528,0.30280497485929,0.117303063611031,0.290036103777434
0.125609092067431,0.313698523491392,0.125456715880443,0.330546306391373
0.0724153464667554,0.290386545104132,0.0968232576970649,0.298365197297479
0.0817030493098708,0.280204659811415,0.121530289555192,0.315413757814653
0.106920166982015,0.285240843624311,0.117555030495255,0.314730840435991
0.0802824652502925,0.283300559198948,0.11288112767905,0.279733807817655
0.0915956726440298,0.340384462996041,0.101527948145683,0.314542512491948
0.103887260615596,0.338342585667022,0.112947249007115,0.262205338754355
0.12065129247815,0.275614896012864,0.119314091397683,0.312944163874109
0.112984425239046,0.247761326152712,0.0952537038647012,0.29876375953955
0.0921436922762608,0.248457668625453,0.0873839126287925,0.312566071200116
0.0783514598719064,0.272573875299137,0.127063355859082,0.29884124032812
0.0807769146263623,0.257779571029063,0.117503964991693,0.279565172646571
0.0713605793306634,0.289843066543697,0.0960260643338083,0.331733323498655
0.119456184642935,0.27113451287424,0.0724828415861106,0.323745692190828
0.0647323958544272,0.318793958522567,0.120247306166318,0.286242070306058
0.0632407670863593,0.307593879221769,0.126950209371709,0.278603284363719
0.0722288983716468,0.236378248103078,0.08967081377756,0.219326817404247
0.0624895050194984,0.230380614412076,0.0964358124474709,0.217304176194333
0.0695102298553216,0.211630770956847,0.12001058420417,0.264031920472784
0.0966185667841474,0.29030598137289,0.123986447531268,0.272747229444542
0.100190613982354,0.275126216978257,0.121163738612058,0.33117132530866
0.0678350609497374,0.26846520950012,0.0760195957973858,0.250483330649516
0.0720622511875268,0.246987812788393,0.145980275030828,0.281594445198429
0.0641776398424586,0.295014089577522,0.119473489558071,0.32731020652958
0.105589157728484,0.349537713685899,0.0861290846891389,0.321786773526059
0.0963874144933496,0.316175209058084,0.11871698696312,0.280961634561569
0.106561402447575,0.283448712824099,0.0898895320102504,0.314051330606316
0.101425273342841,0.322108047089722,0.122749593453037,0.345538800175701
0.0719905797913919,0.275174417862789,0.119185185945498,0.228971706637954
0.101785973915064,0.298308657244627,0.0989408919214668,0.328969328896753
0.0580696628095257,0.242426199167866,0.112006125982105,0.270013227989041
0.0960460388893469,0.263520283749085,0.0913897664102747,0.215521533356221
0.0744449766421604,0.29007614273813,0.10599917555643,0.197546663732293
0.0927712395536137,0.230373449519526,0.0927422137697146,0.247442181971059
0.0590197630827474,0.256630893341071,0.123366099741924,0.247061298545
0.098227540343916,0.227686440414993,0.0751972724375228,0.2931178428333
0.105417133230783,0.288120266988083,0.0925328594629456,0.258706308613898
0.0898914513864746,0.269571846176346,0.11511799722701,0.252741093569021
0.0905019184045106,0.323309364181474,0.113900039493132,0.276092763025378
0.0955683117001414,0.249507396517469,0.134129102173749,0.266849501436164
0.0848825467114228,0.307464059015694,0.0957697416195246,0.24235339373599
0.0676218953538144,0.254351162651943,0.0891826854468617,0.308412216163411
0.0979960602185913,0.282907780285991,0.138516106095449,0.254034934526621
0.0644690871849534,0.248748745248928,0.0936932689349659,0.320032097838084
0.115211585539715,0.315252571474942,0.119677376246431,0.256570848042449
0.106600600675544,0.25748019675926,0.107995729798762,0.296674577274477
0.0835028715111916,0.267916374184724,0.105625585018671,0.268816478403832
0.148764274331136,0.252640302893589,0.126114013861028,0.266231178299228
0.113788527350378,0.308413028241243,0.123075462521363,0.284810927843479
0.0861776616372326,0.253050846844637,0.0715240524226269,0.258386917348597
0.0714053325593084,0.248562820593483,0.105916320593796,0.250851218357182
0.0649600540417708,0.25630241731482,0.102111721202393,0.282779300666688
0.083957639176668,0.292250813944433,0.122888825140035,0.274004104998195
0.0619034468483945,0.272216601426969,0.108498233414883,0.237703302658332
0.0845326210714895,0.283823651626321,0.0883157798170819,0.285000249216972
0.104498060609841,0.288596130742706,0.110054521396357,0.261548499055846
0.0989290919267083,0.283732531516334,0.117092870092889,0.323879517348131
0.12537461079249,0.321074829906207,0.080111133445891,0.283674564239636
0.0624968996170123,0.263991618841719,0.130084887874992,0.270855423970485
0.05454663164239,0.346801346222775,0.123303991023998,0.26694278852066
0.062833586929873,0.251387374864089,0.157983054994364,0.296191609835861
0.0702790929840294,0.237288371135202,0.121900851033329,0.260922293637041
0.0952004675526094,0.314349465735883,0.0860590961469627,0.261915370589143
0.0793352067951527,0.257397203597615,0.121092236777792,0.30423231038914
0.142678999613245,0.304030776046915,0.146075679543133,0.289408013819263
0.0854145980044596,0.2585254129318,0.111742231856974,0.254841741352397
0.103573893258631,0.328687085675785,0.110353282836888,0.301100853838322
0.0784448606164072,0.2800368221848,0.139755492657804,0.284035365359797
0.0766867760402169,0.267282472509033,0.120827104898672,0.247530483055414
0.0709089194070659,0.289513671667963,0.097343918926342,0.336799252073
0.0968596717720757,0.308328867214354,0.118229236849404,0.252400775754217
0.0634447562321295,0.29667335500909,0.10034764418017,0.321873675132752
0.0583132321258449,0.332362695681186,0.127384414462915,0.324265135061981
0.0753784294935253,0.238699956464837,0.0809135450962592,0.293372534894186
0.0667786507717761,0.251075219501771,0.128109662598329,0.263424634180748
0.0974909994186249,0.326149831585801,0.121171986271332,0.245510176797474
0.0603600061226165,0.217404239293106,0.107157296772535,0.24832196380449
0.0530408348647835,0.207143311757813,0.111918414960774,0.225332105058429
0.120799612355996,0.267072592455464,0.135886139432198,0.296552370764331
0.114979643498033,0.274470829000746,0.132870473009464,0.297863884820025
0.0766576339929951,0.337067670211369,0.0917627612388644,0.263479370288036
0.109515760014806,0.231363422332287,0.150445722520974,0.286330630929924
0.0553474136353318,0.355615870881616,0.0731155811995136,0.332366158317526
0.080455996234531,0.217583822223349,0.109411720085599,0.348603025363177
0.0512542265853886,0.25880308150313,0.099401196017276,0.325179980190782
0.100874955546103,0.275314734456034,0.10825234011845,0.256175380914028
0.0889097478038931,0.254130483234429,0.102449495962053,0.309312901363875
0.101085518547163,0.262644937427986,0.101996267608182,0.288827887244157
0.104530337098316,0.319871441063171,0.140843693840269,0.264284446094583
0.0769778910275651,0.263246233543215,0.116700771099435,0.262614678943689
0.0860948815926611,0.262414333958281,0.0892831550092736,0.245155625835644
0.0394097022485833,0.226805405181875,0.101612920932323,0.281304638559301
0.133856630208819,0.358422830139649,0.114823844087783,0.323457546484401
0.143066511563852,0.369242018618833,0.155771631455096,0.286042951533059
0.0861174190982015,0.342479845983486,0.0937322603197969,0.353002563746348
0.0671854131347233,0.307918075341195,0.103835263690799,0.298850183878877
0.104703670489431,0.304704071173813,0.0924262049497206,0.330030876381216
0.0762667456452187,0.240007480007148,0.0699799946725867,0.199036100017763
0.0645344198670309,0.283822560914927,0.10856930842773,0.230893984703132
0.122772813539252,0.310245858550273,0.104175730666989,0.272772335617696
0.0811895958217456,0.336168904079804,0.104821677450739,0.293991359224717
0.0916345236650414,0.295205473626888,0.142099479119129,0.269999149192988
0.0510261003562833,0.227359492879131,0.0855221583929502,0.292629245833123
0.0793351408819664,0.324342370537365,0.133945767717606,0.237516001385951
0.110134285210001,0.233764118209845,0.101015093851254,0.353010046595675
0.111044134080329,0.227697745359453,0.102366304740462,0.357464809379735
0.0700090374561218,0.313357766663218,0.0936076740153892,0.304565038527432
0.121946061786368,0.313730535755531,0.136094328758474,0.293447995520175
0.0645686896032804,0.310387780713722,0.104549462413783,0.30403448404375
0.0596843705663366,0.291600811176436,0.0912510564948425,0.279314057105629
0.0985894321372565,0.240680783877186,0.134377913680824,0.281261107864795
0.0909949503728548,0.289143952153261,0.127926202671843,0.264673267789461
0.0638483689688926,0.297232340808823,0.114512554162647,0.309363169678976
0.0608734872414805,0.215855622103662,0.122599360176242,0.290996008303039
0.0384329476457253,0.250358592426213,0.119688255093763,0.284346291430736
0.103460095020249,0.271406238659189,0.0868922385499252,0.269224670174891
0.0676120891633643,0.317736622435664,0.146459738928268,0.266735013885132
0.0663365510359896,0.323551051508454,0.148123199642553,0.264034193239551
0.140316233355709,0.285912076494268,0.0857230392429898,0.326829974012122
0.133605768332244,0.28717103828184,0.136100092155773,0.248649591185369
0.0894491824988639,0.324399212519882,0.0978393589288497,0.373943977949072
0.0767722722249836,0.293501778297819,0.117476264413327,0.290227873087075
0.073937588290336,0.249812521632348,0.0840080931197583,0.324969555401169
0.0783504656972315,0.277045222578906,0.0940428470468889,0.315437284837311
0.0750912854911996,0.294715572202166,0.126413478619458,0.255333691914833
0.075647044277977,0.291612197606533,0.0850919411438011,0.323434347909012
0.080799631876216,0.2806491330796,0.110784627913512,0.336677173465656
0.110902766670664,0.275327768509501,0.102758090260159,0.213593850357989
0.0776758356999825,0.293998021515231,0.110929610678882,0.341093805339329
0.0469700380050924,0.32739355564337,0.10639266986659,0.287123034345923
0.107310922983389,0.25903987872191,0.0915846760832532,0.318876578582849
0.0685182614603833,0.258414508918428,0.102546633749326,0.251783520652051
0.0598418401863383,0.280089601710027,0.102967988256193,0.299839686749495
0.0976421289513145,0.293933214805961,0.0940908230928371,0.252249974644956
0.0843725985017464,0.273893928837088,0.134488252580109,0.234177525508487
0.0752088542957935,0.322219062997462,0.0874054938397566,0.305189888559259
0.111170400924331,0.270948355327383,0.0838466505211485,0.270667436019213
0.089952651027419,0.32579217974076,0.122208503954395,0.324422361472484
0.0902437928995502,0.257800033387951,0.111727371987986,0.291981615053053
0.0774857680267175,0.250559015360567,0.108320623763752,0.338833742218331
0.0864524067956721,0.334767041372453,0.0983516628666723,0.299941096378584
0.0552541343219881,0.242221418128296,0.125018542292528,0.309835347842889
0.13152772929077,0.288492835389057,0.140640725247672,0.295380455080895
0.0769412406754129,0.266855570378435,0.117257935660096,0.25401703992101
0.104644064512364,0.32043288726093,0.0730365590247201,0.327114805442889
0.0952014170677372,0.277941080346032,0.0894968324132121,0.34860349908931
0.0644805472225898,0.284457255309294,0.118595207508667,0.199550612824813
0.0770934765601939,0.274440332867015,0.105277690720836,0.217201034066256
0.042305942750748,0.24030119566495,0.123779873707518,0.236914173152969
0.12743969578073,0.390313301469742,0.132531534340982,0.287292841021238
0.124399628229501,0.252719411593556,0.108680217563446,0.262250959858821
0.0807657278251789,0.302529386396358,0.116855773182165,0.308945283486624
0.048958345160365,0.342264747514465,0.095816039209959,0.246604310111265
0.120584011394401,0.225125781951255,0.126554737615639,0.299766710006049
0.0608039204975458,0.256261844931414,0.133362716007428,0.254991474962574
0.0797255038789861,0.352930977978503,0.115064050758643,0.249195127132908
0.0821628797074079,0.28769520992894,0.117698139780674,0.304134381706524
0.0809610532575684,0.306364951293452,0.113255021843389,0.308677387784616
0.0892217679288111,0.297654495280706,0.107616959551767,0.30633974623647
0.10993973219755,0.300456988343303,0.0739758437453083,0.235022960042901
0.105689444989987,0.289472651577656,0.0876318021805343,0.22841812156852
0.054813095976087,0.244491171995384,0.0982996164348404,0.317355501842765
0.0809416078900521,0.328756589343991,0.116967519485835,0.288645911303142
0.0424518923735794,0.285905613306247,0.14210314983576,0.256976541060943
0.0991112475813069,0.251053210608242,0.0858658767452455,0.313463498391934
0.0869480930451458,0.28747155217621,0.135221336036104,0.262415717107593
0.0328976775796967,0.257852962100107,0.112875920285458,0.231391501899109
0.0478003569622662,0.244284044054361,0.0779619180423696,0.242465076721667
0.118086236997482,0.259562107992615,0.122369567465132,0.307893157505913
0.103361524870735,0.264170898082031,0.105814467548688,0.336807177136482
0.0957666399605422,0.344162955706583,0.106947186363904,0.305282029250841
0.0885577473001972,0.256399387581188,0.115432664264506,0.221539239789886
0.0638070560077103,0.284165389798279,0.0956671572368922,0.295265100455223
0.089385202422245,0.304032010405668,0.0965367083387222,0.28578293820379
0.0846899674325124,0.270883609077166,0.100333978159873,0.300165252861244
0.0886856683588346,0.269410764380999,0.0825450376931131,0.237054710319965
0.0705464343017427,0.283423948209369,0.144286014857456,0.304052876793886
0.113412287553561,0.306757464277165,0.126299974216979,0.264910317401891
0.0932135041959015,0.357839161634134,0.148878968218708,0.278948301137845
0.0751197418708588,0.308781121884492,0.140551915509387,0.283596716480909
0.0931244060640613,0.258888567264841,0.118631158178436,0.276268173562883
0.0778128984725787,0.322240954116104,0.136947558880119,0.282467393242091
0.0725917370139113,0.226059722141587,0.105803161814421,0.282932622192067
0.0756308128185147,0.229639625093147,0.119939352955516,0.278792540110536
0.0836065978575511,0.30292427093061,0.145017351399853,0.273228486907739
0.0866281295690508,0.267349541610577,0.0998527847954226,0.259452801665922
0.0839812719738635,0.298435889714261,0.13437650905248,0.31941915612708
0.0724147720828855,0.314892512183564,0.0978857821915535,0.301106879509909
0.0905367308774811,0.256473238820018,0.0837446774416781,0.289149114387136
0.11160127257181,0.24413168953768,0.0919041093797593,0.277868291480481
0.0561915711827885,0.327113800858523,0.0878320944847822,0.237104648863979
0.118712883021278,0.253250309185736,0.103711719325033,0.291117821795683
0.0966860146983845,0.268895167900064,0.117069668693827,0.298722100613303
0.0859474581639361,0.326384917172975,0.085495499909015,0.261452901018874
0.0745489847299223,0.284324276364022,0.115813489700181,0.302971331600415
0.080543794077501,0.284105132083754,0.117949782610284,0.244665032911935
0.0737752374715932,0.218424116184169,0.112234459606902,0.263286412402118
0.0617475355845241,0.228231971169212,0.115710716668473,0.288325867022862
0.0806975326331282,0.265057682505048,0.130422362110685,0.310175206137587
0.068945532366895,0.374041283664248,0.112591302169854,0.233418425026514
0.085725503107384,0.267740807803595,0.107775349102413,0.289381354843968
0.0894981403836428,0.318220397797314,0.161022232716305,0.265406964614765
0.123320863505451,0.256757923104315,0.146839029956296,0.313138306796647
0.0877319588135613,0.339930239013302,0.0944465318846078,0.256158734724918
0.0770061994750635,0.27161413936848,0.0895726266311616,0.246278544409679
0.0692170617256278,0.259899462259888,0.127469443454028,0.210061331077402
0.0824393109826404,0.2950987292855,0.0943773751171028,0.318940303087628
0.0989221106036798,0.320492017644966,0.0969127688282323,0.259242382627341
0.0885003923015313,0.251142661919795,0.123163809823516,0.269086570846718
0.0597308961240124,0.254184009374642,0.126018092126101,0.320846203395839
0.116950160082951,0.28261575506161,0.118696193324963,0.307922323466365
0.0909620786401933,0.255622541448105,0.1207580515269,0.271237046367243
0.0870825534538781,0.298796171235121,0.132047824590614,0.280258099566278
0.0436156165122667,0.274401605418907,0.0704748321677367,0.254849644620595
0.0713812729594693,0.214943464496007,0.150304640781279,0.329081970939243
0.0885575277808826,0.243786529395636,0.129044781824186,0.297945170693643
0.10058364083857,0.267317343125892,0.109774428366627,0.230249366128087
0.090471824834041,0.329477247542608,0.104285843936409,0.373876609815236
0.110180669617389,0.247705649214995,0.144238068086466,0.293089039885251
0.0630539735441273,0.362677903837631,0.0906702299943722,0.287128027907186
0.115903298727825,0.260000292910124,0.123841804400278,0.257049384578358
0.0851951464335939,0.339111155623004,0.131881782598061,0.300366730247527
0.0743562935296718,0.315646401395322,0.142452538308281,0.320065854850203
0.0802798767539634,0.313802246094385,0.124430184558859,0.312101669466354
0.0800218437213302,0.306953252771731,0.128062776846065,0.301501495267826
0.0721382002800896,0.263863484253102,0.0839754957958071,0.244849481454816
0.075086954257664,0.281857824540829,0.113132760597501,0.275930257513785
0.0714453528083843,0.236750865411992,0.0872399695414832,0.214173922549032
0.0895958086125935,0.311111113508027,0.0947421936625597,0.269232808970255
0.116310399522376,0.28291732780479,0.127695989809413,0.354382173010003
0.0672443169358576,0.287179810636906,0.112333935858179,0.286081789230287
0.109142013199308,0.29062221678705,0.147798508454696,0.295165105453533
0.0710646728907278,0.270107160172472,0.100378832108521,0.267217664120865
0.0691022511863929,0.263199492756712,0.0836713353275493,0.266971009860391
0.0358227543723096,0.318732536623832,0.0952442734833315,0.27843247662349
0.0716077119930502,0.253074236358601,0.116447406212428,0.267549258179188
0.069681098936401,0.260141975898357,0.0984476224565272,0.250821747846865
0.108882730115389,0.291191878265527,0.120131146010956,0.26671519258984
0.108954976523777,0.292763763823852,0.117477583395591,0.268161890065321
0.0859437222544818,0.248284779048335,0.0992284487626102,0.254126364802692
0.0901541209163365,0.321837401073409,0.164032228084126,0.260604444839246
0.110481592297151,0.355099608104539,0.138195490160341,0.285161258666784
0.0651179355362469,0.287869478498558,0.111879033344966,0.271354689421768
0.0733470137765834,0.26028042144667,0.137149573459662,0.260296462383122
0.0770522659560317,0.279676915895648,0.134076820206184,0.239284251200768
0.0636244778173665,0.315585377644967,0.121700427652595,0.239150094545761
0.0699338456694457,0.25128803829409,0.104669738756329,0.256834942737186
0.0736950720400132,0.259698470938738,0.108891840025816,0.254582928999154
0.108720051687611,0.253897479143074,0.0821296114423161,0.226404164620647
0.0840582843568285,0.282377918840781,0.136056085757639,0.293045678086669
0.0895086164401733,0.301400307627168,0.147040035498044,0.285899716103498
0.0989940083994975,0.289935126905479,0.123355489789936,0.298009149970767
0.0979998351330905,0.286421543005444,0.0939697307211027,0.29244128459545
0.0513492961399371,0.252328595444025,0.0871151017267865,0.277551123227448
0.073884833346731,0.321841305108003,0.092555005112166,0.291020188178675
0.0710226396670262,0.238410058699398,0.107040217164655,0.323395529770086
0.108438520571234,0.29853394246083,0.118681808170268,0.331655417840066
0.108018605800862,0.360685874267954,0.0766312622894429,0.242228611528692
0.100182741277413,0.26835718287078,0.0931659463693092,0.313733737570955
0.116327143114065,0.342846436838547,0.098065900119397,0.320142301495247
0.0881461547790694,0.25998736852995,0.124712689760581,0.30116915657478
0.101603673654718,0.281156809653115,0.102413086680538,0.355197780836373
0.0560515471555851,0.268389359814175,0.107607914864818,0.244846769445202
0.0648449505335848,0.230425837549459,0.110133312145374,0.285480683586895
0.0717361505362342,0.377996679217208,0.105595774193934,0.25531160830666
0.0772560828366734,0.248910229779667,0.149242193202249,0.287845670565795
0.0835189410763739,0.307273311492096,0.0771038706475593,0.2099628746218
0.0828890607383619,0.239731041602984,0.0843670429677213,0.287891968776444
0.0740084808166848,0.280687465683672,0.0929750106720172,0.265353251663725
0.062393725800014,0.291495214567839,0.132467936372537,0.276689613226897
0.110288928297281,0.285001073459281,0.0977327138806684,0.298089585870053
0.0902332264088524,0.278783858612647,0.101618667089525,0.238909155425442
0.0853123734606158,0.298110827439804,0.0987773339860273,0.248644082051279
0.0704125945925431,0.310362728350278,0.107636000921436,0.267122779534647
0.0678453915732004,0.26951637481824,0.0804622260470231,0.233618384649516
0.0908213999391469,0.295695914033282,0.131640527372677,0.246634807169548
0.0866449882795301,0.258961325754708,0.0783471947541005,0.267261246491874
0.0601429140268014,0.388337962437868,0.109064249861039,0.309448308879664
0.138367978425799,0.304482405919915,0.124274723256099,0.332963161281387
0.0625211863079658,0.224953341457674,0.0748306811112826,0.278765505989677
0.0486204481329008,0.202085414977588,0.0725083051088555,0.242076524953881
0.0901318805698864,0.35033748925245,0.103905209652374,0.245646547304023
0.0767070937369754,0.302858709600075,0.107201104513375,0.272203182470839
0.0798980112815233,0.229051853893377,0.10286484680393,0.346161402296184
0.0808698327885159,0.349589581813843,0.0638471864199511,0.250303550385973
0.0852241395171071,0.207500640324468,0.105408779276192,0.307443182401473
0.122134543480577,0.327486271730803,0.105132719763426,0.30576714337077
0.115260132036929,0.25860530881211,0.15249236260184,0.283386369534364
0.0918861813617251,0.280119850532344,0.0977894363256748,0.319238108036827
0.0527283425126115,0.269477230478513,0.0905736027607672,0.201049715156196
0.115299171912077,0.275475237553781,0.069838606583218,0.253013218864074
0.0501621500942049,0.299951360334221,0.108405458657277,0.256801194935883
0.0795386284903703,0.262000388460152,0.0885199872966322,0.320506542524141
0.0897701473798257,0.274310570859559,0.138850199556142,0.237513353391497
0.0741259736474931,0.242704097187366,0.11349396774532,0.259699340159026
0.0712746627961137,0.267098787650006,0.114895250970751,0.226412426349928
0.118921196191314,0.32978468008707,0.1241007138334,0.3194504606055
0.140964800735606,0.285506416617233,0.121184543624854,0.295233047019692
0.0690954037814689,0.297041428144357,0.128561465892935,0.23954278816562
0.0741060046938964,0.319834921620266,0.0933263786866588,0.311906258755859
0.0734533749687944,0.232416365967892,0.0866730211873776,0.236047017431125
0.0802152916340621,0.251127056160925,0.107298957117249,0.253469244226856
0.0711220661279598,0.293555193231617,0.0886661962361154,0.287303641088738
0.0548707925234386,0.291168575552809,0.0988683691882226,0.228572096808955
0.0439692547940596,0.215671048058277,0.103319492045046,0.314137115014004
0.0845025925492474,0.337728214474343,0.123128324773049,0.299201153285201
0.086883451940576,0.242303978586811,0.170062937505642,0.251643837736047
0.105019882301065,0.354013868460859,0.115733368043906,0.30115304656155
0.126330655473357,0.373226180031121,0.146061133837136,0.240829650838914
0.0867312931444613,0.283992065715011,0.0684332715517138,0.267039046979691
0.0932451730367665,0.257524523008438,0.135449456753786,0.251154346886648
0.0924275927323178,0.257004090951381,0.135081004038396,0.245656291213185
0.0446937705327616,0.272131175677836,0.0907006991166472,0.26479592382174
0.0574505405927615,0.222627825945292,0.0974224047384102,0.218387248144783
0.0557297977562389,0.254499201639652,0.105989157661586,0.223010779913314
0.140037077312401,0.346483473844473,0.0796391581935304,0.292953213814709
0.0439970010747989,0.232017719687464,0.113436929393536,0.255459512822914
0.0493726356173395,0.257682328607409,0.131750354845347,0.285557904738175
0.0767481022023393,0.271943505673354,0.085598412324024,0.265985224605737
0.0922505951028938,0.281909633941805,0.108547270594855,0.308941574222887
0.0802281963563042,0.269078393812061,0.103105270437955,0.278533413015134
0.0994920531418367,0.274940136903061,0.120063518314574,0.280065353542371
0.0746908343737651,0.299249807363035,0.087564856726574,0.264020790012144
0.111055100730165,0.290137526374811,0.096673650001633,0.26846451299291
0.0520245870438693,0.291393250968718,0.0809782875079995,0.315502614948723
0.0993270122052726,0.287419915337162,0.118556770065766,0.211465347457835
0.0852179047449547,0.244675609010387,0.104639732883339,0.316174718127257
0.12415882390961,0.237314508224871,0.10182635525064,0.284664590750805
0.0932783276765223,0.246579724008532,0.122401075715104,0.271482736923781
0.0919971166342504,0.217843093721748,0.102894796338225,0.261095567909592
0.0760672837774054,0.348151963938783,0.125057277856346,0.213458982165556
0.0912825377748559,0.269177410748972,0.116170587766374,0.278174613193924
0.0683322162467514,0.280069226302844,0.115831837693361,0.264168092879853
0.127194027058906,0.302271538705948,0.0957698032528382,0.307787053009378
0.0834575950590932,0.351507626717205,0.127244891392412,0.304816332119685
0.104687898548257,0.316160487192229,0.0991503815720438,0.307170830445533
0.0837707261074154,0.257328839561993,0.115875408917099,0.293683535723172
0.10069153909343,0.250538293879773,0.0863843439765299,0.273603260447388
0.0700016460478374,0.406030769682269,0.138516031813383,0.282476438974717
0.066819715175464,0.391012654525089,0.187294839498411,0.317417791571498
0.107289336765616,0.240191206675733,0.0960854015747614,0.28814870624894
0.114398510235771,0.273258747366372,0.103253395681463,0.260806244803247
0.0853834708520867,0.295543021797486,0.117404662951494,0.257541710763069
0.112840709273255,0.347071619126328,0.113962119181453,0.260815901502901
0.0536060693278353,0.243265664263269,0.0839195335008316,0.238201645440387
0.11658138046653,0.319503156275192,0.153045089265626,0.300291358815782
0.0777896816839795,0.240841334471755,0.121904714182457,0.272098254554747
0.104307300638072,0.328979848224112,0.127247538283526,0.325589079456373
0.0779911984848288,0.252738535259805,0.09962539467123,0.24333672148869
0.0626297019069288,0.271996010658905,0.124244742406052,0.310079375134266
0.0793538588845644,0.287538105539187,0.133343399847043,0.306837819663942
0.0766379230611858,0.288572035320806,0.100135688536407,0.215054629430949
0.0726725399891246,0.242579253229966,0.111809771752555,0.270031311625905
0.101108912318153,0.241410349757124,0.123467338057651,0.22872945283016
0.0384788852720501,0.232055859950961,0.0767045709783951,0.262403431777036
0.0665687476282503,0.261992475896171,0.14099015548746,0.325842103845725
0.0639163360575251,0.256718837243795,0.136464806382219,0.327786969251473
0.0992650569528227,0.339010726431189,0.117579353993868,0.308756457428863
0.0933645799285352,0.317259954177954,0.0895980034888207,0.334789655192938
0.091057083710977,0.31711496939343,0.113649657356506,0.312823279066411
0.0851165220381281,0.289455494014369,0.0914503409330198,0.241987067982077
0.115496461202397,0.317144150112081,0.0653897268814517,0.297087170566155
0.0873255733891666,0.311292893850016,0.166939406863468,0.270178824855846
0.128997906672909,0.278602508584716,0.0892745031539205,0.274363534653499
0.126795815609726,0.359416966315829,0.0977374568391139,0.274550469980748
0.148168123628282,0.36062187290193,0.117288489384253,0.27077376837694
0.11254761143707,0.374831390599382,0.135000665607124,0.303623385276547
0.104192916776635,0.263869165926145,0.105548994488794,0.262642508528067
0.0714048363808115,0.344291918052423,0.0787161438517199,0.319753468539599
0.119579110042085,0.30929176292316,0.0942628604997435,0.330581736360966
0.0815537599291269,0.266466133748052,0.13771833255958,0.240591932168183
0.0768877368694427,0.313802997797637,0.0892775847831416,0.302598817555518
0.0969097087271352,0.268544380811873,0.14411096173553,0.266924906424765
0.119163662314025,0.372624320774801,0.0998184430573582,0.305589765985398
0.0997060946097877,0.29474565163172,0.162859994308085,0.238872820927118
0.145918166076312,0.343675611008382,0.0991574527317785,0.314803526838307
0.0630453832708921,0.26745108785037,0.104431775783608,0.274605164206686
0.0767191337236507,0.285689675272808,0.105562736828938,0.307267955750046
0.0918000163299182,0.266451351489459,0.1091769921465,0.268780625672622
0.0945807036632024,0.313708424985993,0.104773704380016,0.289546968258204
0.0770726737950791,0.299646031669522,0.15390263632698,0.2945768897253
0.0986057920958341,0.33825872231573,0.0989530489939214,0.314614349500608
0.114728066259604,0.287135024841537,0.0804035444157537,0.296182090867917
0.0923523757379783,0.321590676224684,0.14188305438075,0.293977465027587
0.0430905245020184,0.253214902087022,0.111898453258046,0.247483729817918
0.0658702779755588,0.24843828206107,0.111945136846579,0.22631765705255
0.0695704090700608,0.26230522038633,0.125081532239478,0.251178399542118
0.0851941215861008,0.19631298525856,0.110346364310087,0.23389540056598
0.0642485590670024,0.215134076821968,0.0868342946146979,0.263586311807014
0.0731130773553662,0.248690039477617,0.0978498609292458,0.266215189631391
0.0451906853002348,0.272949862907125,0.0890964413284787,0.287828657622142
0.101782668450646,0.277626554008439,0.125398850379201,0.244188354722111
0.11623267211315,0.299343318941619,0.0999857923198262,0.275036577379733
0.095795095062912,0.268724796250514,0.111018450950691,0.303031628904241
0.0546806269497421,0.337224942066404,0.134939679032692,0.250870482723294
0.0908069498029807,0.250580688969076,0.0672035685257961,0.313818496661976
0.0918533471426801,0.27801717259459,0.132204723167435,0.276178242257063
0.0942400845181052,0.289381257870751,0.0902514940154635,0.268101290605163
0.0836329019368013,0.274983385990333,0.0990224460009499,0.267668275716832
0.0892950640972717,0.245394728297005,0.0957446078872924,0.310516279825612
0.042502849011246,0.268493345286733,0.121835845632863,0.228446229024973
0.165522750003917,0.297451727121154,0.116501420767431,0.237016999917285
0.0856536547692377,0.267604132647608,0.113167941704288,0.283149214487801
0.0779214886149225,0.258145277433714,0.126713529383377,0.259189160606733
0.067702872604246,0.31393726900065,0.116338760319816,0.287225268456953
0.0760802789333458,0.272670939176973,0.159263003184159,0.25352940026325
0.0539510918501952,0.247890611249007,0.0828170013188138,0.250531382571497
0.0694487548104629,0.317552049832021,0.101529746376662,0.274478810211279
0.0775469779874954,0.261403374933603,0.0913988634517732,0.29042616965247
0.0607045264125389,0.24933621247284,0.128951664962338,0.240159099119271
0.0577928376276813,0.247324570216437,0.078910350305731,0.182538176155065
0.0496482585625022,0.240911821914937,0.0855790460898368,0.218548914834182
0.0430215950811952,0.249637880488092,0.0722043093246076,0.233605852364835
0.0681828601221715,0.304996221328209,0.0711519704598951,0.301734462509613
0.087275960091368,0.326151919784479,0.0678675419041118,0.263898735157347
0.0885099974010141,0.303053291308728,0.146004131498561,0.248796121302741
0.0878612742063484,0.321633731883051,0.130456564259126,0.253440669543079
0.137199226207266,0.322656945774819,0.116347636197793,0.323419594237799
0.132992461144019,0.273202700644826,0.0965501338022133,0.342220665758142
0.0534419105042867,0.302185618258571,0.112999182665602,0.277997102870078
0.111298101328069,0.216922526622034,0.0856631988185397,0.285193327914379
0.0806714612538846,0.320835703991857,0.111061700612188,0.271157923653028
0.141861685367521,0.284159597936386,0.128315509434007,0.385787753715714
0.0730345176395071,0.366390187127528,0.0960990775457894,0.286259672901028
0.0678241215750302,0.323396243830462,0.10063513803516,0.275525420699724
0.119006820997686,0.29826847602189,0.130034592149977,0.270988730170015
0.116745378051406,0.386985568571532,0.132111824855634,0.306088193661014
0.125052571184421,0.268975402865147,0.145196478498152,0.338452200555165
0.0909833177377524,0.317528665516499,0.117346747679262,0.296661741409187
0.0748434956406835,0.271900387643633,0.109071119281983,0.288770401560793
0.108522998498648,0.275719334038882,0.121276945821201,0.249011320455025
0.0580818004660922,0.239193205660119,0.063240458147752,0.300275346584765
0.0768646188949773,0.353707422806552,0.108975668559338,0.26921258418383
0.0686216930414468,0.219791482712067,0.101208006472149,0.276540233757429
0.096721518336849,0.271041556313502,0.0950705212743075,0.27929012132415
0.095108943841173,0.303688991625446,0.123538328553401,0.2392124819581
0.101143442622911,0.233588673786274,0.140044125187748,0.26231185612186
0.12313175851537,0.233441520202574,0.111200987566304,0.287929295327391
0.067258143676454,0.359137738108952,0.137252433176003,0.264612887267135
0.0686034233744322,0.280230265536965,0.104945063925953,0.314640816534242
0.101711439659569,0.304993628490734,0.112212785106634,0.276903840962619
0.0885422770420373,0.27603353384519,0.0939028682621906,0.29564798846812
0.122543427588317,0.209056541414476,0.0785314637995409,0.21977883189576
0.0562424263809601,0.268398164664858,0.122899878998574,0.236709033499178
0.0582878839143281,0.283826104501421,0.10948508281067,0.306333243793202
0.0487945453403181,0.27330226857471,0.126157621191143,0.312996249659075
0.10435139212149,0.285401798638034,0.152492945432055,0.258852175394999
0.102914762731105,0.261044282453824,0.120251737382567,0.303468655586844
0.0825335451938032,0.341116228156378,0.159541115552333,0.295347965221306
0.0886392419369706,0.294388855104413,0.0943044454460204,0.278160536935066
0.101360697365044,0.352162058570575,0.127861044795704,0.272091613201222
0.0682796894648597,0.245670258526381,0.0861590060853197,0.235330098262602
0.122138665875341,0.268241268215717,0.112881914072812,0.303685982849242
0.116176600585059,0.283777281687421,0.107399208780628,0.307400681450763
0.0596340329774005,0.267507372537583,0.0957390693163298,0.278488263128697
0.0577049619425712,0.266509418956481,0.0940575969739546,0.278294386867972
0.0589487956755702,0.311690944246323,0.0876200250264335,0.232931503434504
0.0703735919961876,0.287150938550922,0.13688859877428,0.234527756910417
0.0874117713747993,0.288520516368197,0.107532314480985,0.308533899730804
0.0760946706514399,0.300957416106256,0.0962063606542966,0.238742002010715
0.0794794506831971,0.313932004549259,0.113518488089304,0.244761794237963
0.0597431217936412,0.304163134743402,0.11668805336161,0.304255376278523
0.106647191206716,0.355348365220086,0.106258124481435,0.29383997974598
0.0556182308986766,0.23642447316024,0.0884647951114159,0.267218264592613
0.0881474297607328,0.294045162842586,0.0934498713239427,0.293805230566672
0.0685445396364729,0.260769604790746,0.0925924420947839,0.291810366032004
0.0872565447945732,0.281813522100227,0.151764010161771,0.324247638319519
0.0824315926720849,0.286831096290306,0.0937964579118819,0.228427646611712
0.0816243528347046,0.289483155544079,0.119169689487124,0.309228644775774
0.131847858619121,0.339511235278357,0.139982305699821,0.248957050223034
0.121673598407983,0.318858581929066,0.140056928489305,0.351804528743493
0.119857229228632,0.355601020389164,0.136482171276958,0.319155512443467
0.0804882134831449,0.267149694552892,0.0782037175295942,0.264036453298682
0.078989982930484,0.274008818596577,0.0768163980302258,0.259890432833767
0.0666714154244896,0.274281250080325,0.121118805561958,0.236843593014959
0.0687655821718847,0.273552919662655,0.144264159901209,0.239831739295544
0.09922725443289,0.351318747954992,0.118360486278258,0.298646057357561
0.0905180684764527,0.260621884153017,0.120722098837921,0.265594858806599
0.101578960246327,0.251054560445218,0.082141251977829,0.337014272684661
0.093372925542215,0.269392496655043,0.122023738844781,0.325462397824463
0.0635925373031091,0.288954030679399,0.12859566225575,0.239846664317135
0.0776093170632551,0.277024178235192,0.0946021934352384,0.278363387201436
0.0634288340211537,0.317336431512085,0.109461844730087,0.279286611669875
0.0973774772463596,0.279753492729619,0.116338262958165,0.250277684213219
0.076095250123757,0.302879711457417,0.0831251928245146,0.303192539180987
0.0987243059478731,0.251034591738068,0.119282897057547,0.249709347362101
0.0968771580951988,0.308317857856595,0.142781980236563,0.299011739538086
0.124724212633248,0.303173779206021,0.154079572334662,0.301969655712178
0.119830811206839,0.320042759216115,0.122288292593706,0.297979865744544
0.124695904252103,0.334958617565723,0.130889634702852,0.292104309325415
0.0847732149667947,0.274871491948367,0.157517257192171,0.282180688760858
0.0733221936252148,0.245993281274342,0.145379405194474,0.292304507523785
0.0756920550633299,0.253338341576808,0.145428141030567,0.298476966016316
0.0714827688631148,0.256087889602324,0.140000649511405,0.296194998410371
0.0975737649666373,0.265041404433895,0.0867827052392036,0.250677435158492
0.064427613774444,0.334783234116788,0.107979030287794,0.301655754414698
0.081754363534923,0.29291241689764,0.114643813363506,0.297914431547522
0.0846194328869048,0.343595462349483,0.120160643792939,0.2614431366742
0.071917714124113,0.20146825733479,0.106150974876282,0.285081545290111
0.0672446063978395,0.308429367890429,0.127340286536971,0.254950595184667
0.111884425742148,0.292662045630785,0.141065938650708,0.307714196532459
0.0765833242838148,0.308393177557919,0.092712161339044,0.287069069768713
0.0765247659589021,0.289373758868434,0.124752086296204,0.261875613128541
0.0697297099697219,0.274961579537473,0.109273994890097,0.292864576805689
0.0785928537300164,0.32560702585708,0.127265803850019,0.246326173697546
0.0667058057399563,0.226666696917794,0.107867868885187,0.296897003589044
0.0933846743905216,0.337388998491126,0.0975145139725263,0.240495243074827
0.108266834336892,0.291155544581509,0.180147941299129,0.29091446673633
0.100819553645986,0.296718149853273,0.101606185610361,0.285463348719299
0.122169128788642,0.355542959180948,0.144733791800489,0.344202218380273
0.131684581518832,0.351177991434353,0.133629692427371,0.331664922925204
0.118343217076144,0.366480112496228,0.138199210328004,0.311621518732645
0.109312539717296,0.270359384417162,0.133690896413582,0.297087816843643
0.0919817892906371,0.40470048076022,0.115255220631617,0.367690700683365
0.060094044057444,0.301674395362919,0.112156125587818,0.286730939631174
0.10523499518879,0.271613474759213,0.11209293499958,0.289066453352547
0.109948944554695,0.301575975019728,0.11573948080758,0.311327426036346
0.103565452273995,0.34590626133751,0.11916307976428,0.304720158512431
0.108583767919762,0.376331097795796,0.123471155568336,0.321118214282617
0.100714484028716,0.317284729686202,0.115813292093589,0.273196414734058
0.112543723675286,0.247489871920954,0.106621512612832,0.286738321263956
0.105208466812558,0.272222907962777,0.117627269544324,0.272600122716079
0.0385726747792557,0.241264578893021,0.0951544593834657,0.266060405315538
0.121638048536709,0.339162363560593,0.0895779306857374,0.271867289019319
0.165671191497987,0.369174885863038,0.126821192734895,0.335709037718342
0.088765047978353,0.231260013554052,0.0886009704674478,0.245379587739023
0.065972239637046,0.248029853996399,0.111498587520314,0.299417940041847
0.0798800735741251,0.276830789316963,0.120605639500561,0.333962800968966
0.0932304472195381,0.300133283083734,0.0859754927984135,0.283742362519655
0.11747465345664,0.282852895273877,0.13482645881741,0.297066599195735
0.112599375671778,0.317510771871949,0.0931430126467518,0.302630027076147
0.0857381034440284,0.321447693171687,0.102714751114812,0.272859805038972
0.0887820799162921,0.319096538615384,0.107117383709309,0.278557340668736
0.10332588763314,0.300932371972639,0.113265556694762,0.25686234754588
0.0742594016085847,0.308855978600438,0.102588347592281,0.183423904114
0.0820123765622759,0.318897785584965,0.122192659629414,0.348487906057643
0.0550305995627742,0.2511757256539,0.116644094030759,0.228097162823586
0.0617036167846496,0.2460243689019,0.0706488981677358,0.254355678196039
0.0475253412458391,0.274724496994244,0.122936177827078,0.268688695100887
0.0810188521518179,0.282350009901504,0.0838025582821889,0.251311288501523
0.0658699450361428,0.291766751011688,0.0898344783881898,0.331786861730944
0.131769667237979,0.319058149841805,0.106298545188005,0.26375272879862
0.0742518818212495,0.31309179100239,0.106777856323207,0.321730305712959
0.0819386894925259,0.325368065592214,0.101111866860822,0.288551838621846
0.0943199462378372,0.329102048693423,0.118547139776275,0.296566328851799
0.0940477780072782,0.339822438178883,0.11598883517771,0.31107048800555
0.0913120016576619,0.31526505046702,0.145787621515317,0.289358478156446
0.0903572316431485,0.232733239966536,0.0694304024381701,0.282784136671138
0.0561215425731518,0.27735423832005,0.136618992746852,0.257667013751989
0.0711997026058082,0.307580257624284,0.137631757725432,0.254960694978357
0.0786954639868569,0.283774664617204,0.0987282999039561,0.252476631650293
0.0719393690491544,0.291249363230003,0.093501136296392,0.249933660319435
0.0856767409627327,0.284276459553171,0.0948289134982416,0.250287306255781
0.0981435344370609,0.204937381351588,0.12082519496743,0.264285088764756
0.0804694255931064,0.211566354838947,0.116006074032334,0.274534410421861
0.106721358307338,0.276183794890507,0.132858939492939,0.261143106514718
0.0670609339988701,0.320742109807325,0.181547980235163,0.25721710682955
0.12573197569977,0.299006599588449,0.0949652639205949,0.332240561523186
0.116073767525812,0.294091785191725,0.104207293866291,0.323609796218184
0.0922306662422103,0.294581985653558,0.092358241999561,0.267657610462397
0.0737838538848502,0.276224668574171,0.124443625847312,0.285364243024506
0.0576355765924138,0.280120834593166,0.0958462746370517,0.234193359466226
0.0569203661930386,0.285079905848548,0.135282740646178,0.280597291089277
0.0610710806816942,0.269856794539965,0.096648147230476,0.253291870189426
0.0966086140037717,0.270273623549328,0.0827481351912251,0.331562048062331
0.0683440853647766,0.337039773796607,0.152624686475435,0.249458760421528
0.0572476618302133,0.182422059272233,0.0780327925968337,0.230183074708196
0.0711233046743736,0.246209742886717,0.0838402589122875,0.293179015933833
0.124353450809864,0.286494106802509,0.135907448463106,0.229911945812315
0.0833303744571879,0.284815126746026,0.0932332304105515,0.294551810341316
0.0772606553343204,0.31260946098689,0.15008108688799,0.243569205626681
0.0683125782181447,0.286467563910201,0.0946083770085519,0.337502443954943
0.129743683921559,0.266222510768957,0.155570010461087,0.211044394210136
0.109262357768877,0.265545184990725,0.138490436799669,0.215059220000412
0.0976244609070786,0.305398448076913,0.113450559964521,0.276728737193394
0.0934442059994089,0.287113725146615,0.1231684241118,0.232267311874658
0.0590144951318246,0.234931235696021,0.0794591683042141,0.335113023225165
0.0889174817596757,0.28643151153563,0.0830282147363813,0.253597673046553
0.0517934073812191,0.267915104090815,0.0886151585501288,0.331771776643876
0.0721562675908805,0.291979091873066,0.0912865079173598,0.290462883174802
0.0585156728918669,0.267116314395237,0.0829353495329584,0.279772779562527
0.0715875772704724,0.293082746636704,0.116355822420162,0.287134997569281
0.0763891018943388,0.336001930811202,0.106904980001098,0.281851433393773
0.106654128490173,0.328130255181071,0.107789436267935,0.300797503890162
0.0643281235769801,0.221893750501176,0.116714179739016,0.264066072372571
0.125549100172789,0.273463476613563,0.0932435827321487,0.297911010218597
0.1420488212988,0.273333247560277,0.117408298025687,0.307271246479355
0.0525430788434361,0.289914861026151,0.111870927018893,0.231137344330558
0.085452885196157,0.216655927462853,0.0780937017646533,0.250476695315043
0.0573205024913922,0.232963907269085,0.0698502180809638,0.293640249508961
0.0579606534232747,0.229265997850719,0.0908032500794278,0.237502873524296
0.0673992677441286,0.241610667975464,0.0865719915677155,0.244712139996591
0.0630188433334809,0.261780046670303,0.115307889493713,0.291637246860351
0.103571622457883,0.324554279533507,0.0791357006283804,0.277623561380958
0.0622577959900196,0.292696733921722,0.0732194597514562,0.29054971131035
0.125921111773105,0.303053174293625,0.086276179772392,0.327010696978713
0.080019195143993,0.237540955883132,0.0994653179159383,0.274590010641174
0.0749241568591509,0.252620391273395,0.0749491837234075,0.240503509579234
0.0823824768867593,0.254611561526516,0.133889458233837,0.313044414438779
0.0907676105433357,0.305168878524165,0.0788255522438667,0.244542701107647
0.0870902794566752,0.295319219639567,0.113944996078039,0.308139941969128
0.0658087461135013,0.266273265545643,0.0998404408656826,0.24546417427948
0.108331846826733,0.352478052506315,0.121309063620267,0.287290989915968
0.11241973742834,0.356115569121104,0.136551234747104,0.276610559926365
0.100512197687822,0.256973382806385,0.135057606553909,0.292844272966525
0.115292480010547,0.263826062734379,0.108076443787659,0.36411865000916
0.114202406151443,0.256677962006046,0.120628861791074,0.28446212325738
0.0991234000298801,0.343215619179881,0.114623967773403,0.313732088463721
0.121173166145838,0.332031226797489,0.103873038026764,0.255908425946827
0.093999654459165,0.214269548085042,0.0884718688574351,0.251351622851325
0.0608030727492469,0.237767455404441,0.0932189108195719,0.288325410219419
0.0745732573857721,0.248271168471931,0.108445237370404,0.244709247157116
0.0839729258307222,0.234061895341304,0.0920959982399379,0.260224078353401
0.0940855786636882,0.274548480796388,0.0890197461895909,0.307887941953968
0.0752979084741089,0.28121715721952,0.107719405573059,0.290747994087944
0.0610957929728035,0.288110558328892,0.142814566522468,0.26749129682778
0.0895215521125251,0.283252498417426,0.100800484420863,0.282530694350562
0.0799617600810313,0.283980299386878,0.132270523140809,0.298123593479088
0.139916700197445,0.351764220486176,0.156231907267153,0.276687021941911
0.0769864751280572,0.282404034722998,0.120661569768732,0.313666823694276
0.110003253927899,0.307686883731068,0.15343294339951,0.298940235185404
0.0736682141613419,0.235789312627454,0.0944153691638549,0.299919339586946
0.0465714279325551,0.292085299381759,0.10021126243903,0.306685507896159
0.0665228982534204,0.260455276025511,0.102671090078,0.269242404858683
0.0667954740677652,0.240037528995296,0.106484054906609,0.255132235376803
0.0800089073824952,0.238227297580729,0.116400095638858,0.274664210543935
0.0642968251774693,0.275785688742821,0.128004073802416,0.266200656362132
0.106166533766259,0.339333226688568,0.123279033537744,0.338621687563444
0.0609569704299206,0.297519764883802,0.14802300713503,0.282758693152784
0.0949947121385471,0.310817471948414,0.094127382123698,0.330203132096308
0.0687851305681943,0.330109344653738,0.121409238962905,0.338609243737575
0.134581412583502,0.252537968252128,0.106814853620454,0.269804486811742
0.0732690894057229,0.275959593733206,0.108777280896209,0.281804539047904
0.164753424972579,0.331949688504905,0.139879358880677,0.327477496440943
0.121175450273766,0.359139825975685,0.0996091238691499,0.305270792588362
0.122839935257982,0.285260073538592,0.130612954959889,0.306101864555428
0.0932747072575343,0.29173023053841,0.159591100577562,0.276062230473505
0.100179447292376,0.243270179336237,0.102135837260164,0.303641854685284
0.121151914066548,0.289186712468171,0.0812226737974964,0.316879141052059
0.0913514277554918,0.239561605502936,0.132414803835076,0.317467578102274
0.12369303606996,0.332642622927073,0.0973883919086468,0.269320751875689
0.063537214401995,0.25512918191564,0.103350308762955,0.281663943078609
0.0800014526334704,0.287362832395549,0.113241013661151,0.248878645640695
0.0908282885868928,0.254371099248962,0.137728883760173,0.335699521161704
0.11767991939228,0.356762392574077,0.165413374099726,0.301337611382333
0.117269641441952,0.307787707824109,0.0834965188297269,0.320963937350976
0.0955871986001382,0.321737376366835,0.18284251297178,0.31734679638967
0.106110390481731,0.344962331378692,0.0848321141236844,0.357503121071182
0.0509202106423187,0.320730779664412,0.13758651580519,0.323901330873925
0.125331803581072,0.266356832857646,0.103173852627791,0.320552679962325
0.0636916977823268,0.318557872166566,0.123685495179987,0.297581170145406
0.107672588004981,0.227988635338105,0.0841857344113583,0.282071642053246
0.0904767335133227,0.308558128011237,0.126249573344403,0.295102959366594
0.122098522231225,0.336821335653421,0.104774019184461,0.266218833130744
0.149597432923424,0.27142833442793,0.110942142894058,0.274063899465284
0.0549865501933053,0.197106685263545,0.0976623849288975,0.262760443582169
0.139259530065484,0.34000140341185,0.117174967185843,0.291734885592839
0.0985960837635376,0.288678680130827,0.144186820992547,0.276191189098052
0.0788557152717758,0.302432314910501,0.0902666221652761,0.246042679297775
0.0853200896749625,0.270700234362032,0.124178893132802,0.283656829654013
0.102302793843893,0.25715959179425,0.0835701343599641,0.285460532843994
0.0860958777530737,0.27462861764014,0.14851281151842,0.290012708232343
0.0857234000018371,0.301361136281746,0.0999347493510003,0.261884046808997
0.0955226165031265,0.304813313338091,0.136003103229251,0.297600265486548
0.0777247393056226,0.22737498718982,0.0876267901102336,0.284214072390281
0.0996659608686872,0.274264405488642,0.107636753822434,0.215304987558044
0.0899890534143246,0.351451122720439,0.134306697763829,0.308344548728245
0.152662943893133,0.292664612245018,0.124879249882271,0.26843113591773
0.0481557863563115,0.245228165726423,0.112412418074044,0.363307196035384
0.135803072303396,0.30931549029899,0.106820394263901,0.265983125159555
0.095067410529126,0.28459676402291,0.128667217899824,0.233800913311857
0.101228666772676,0.30755479801256,0.0932942844627311,0.283212747734332
0.054771689893364,0.242711215657345,0.124772768332281,0.297687403875458
0.0552929740781551,0.274072834119853,0.136396354047203,0.231767760626871
0.125624258289982,0.283017748708845,0.0751282269067267,0.302446995508713
0.0929069000394288,0.213241276112909,0.0883649631612747,0.210203278954708
0.0850208142130682,0.320732591070762,0.101775230345733,0.308807599619344
0.0954614300536491,0.278596167694333,0.108391394378146,0.264447151923465
0.0906560081247181,0.263896413866044,0.0940402105775047,0.268226933072091
0.0928603126955061,0.278482639082479,0.0965918844693596,0.353844788347599
0.110132938431658,0.28717389592943,0.102122035305483,0.364546143935244
0.0702606760383559,0.269843346402085,0.0990302357730302,0.309188361725546
0.0853644418492489,0.257317962630863,0.111873357323164,0.240646546347271
0.102858774539955,0.380420566589903,0.136199172452112,0.363371004241459
0.0846509827095897,0.261281827640065,0.0999376776784939,0.235090566105784
0.0536914827629996,0.254510826966695,0.0881925505556877,0.299347289225722
0.0670260055910056,0.278424446017412,0.109195321984126,0.368990619724297
0.0717107050603504,0.25623251241047,0.0977824621624437,0.32102282485944
0.110006743857036,0.352035062479104,0.121687242160819,0.260718132074375
0.100660159754705,0.286838661828106,0.137871678686959,0.279051826740776
0.108472731906338,0.339163372048347,0.137189318479131,0.336463764348682
0.122223437988339,0.339091893382501,0.113469438444106,0.298363431610504
0.130239517455146,0.305316428323013,0.108596975273606,0.259334175473501
0.0634698071341339,0.341387583168472,0.11982986300152,0.275588608618119
0.133226832353299,0.3310890907217,0.145934980221781,0.307980513915972
0.0474688395140724,0.246838149206209,0.0914555657163307,0.242104029358796
0.0990614462292118,0.25887992213676,0.0999738515022459,0.299207974628348
0.0994703676016552,0.275531143806082,0.0792042233970101,0.235171977391165
0.0691209110371652,0.241107492068018,0.0601713871245252,0.250150415815375
0.0690545469389834,0.259603478850691,0.0694781470959677,0.239581884041064
0.0739288176590488,0.272226865096791,0.110234405254957,0.259618350064026
0.062253174554463,0.262823103362776,0.126709047227092,0.287396733749286
0.0773526042495544,0.285207245413107,0.114365749207972,0.283017367837669
0.0809225042248552,0.275048856300601,0.0879222202709611,0.308727199812067
0.0847455142781613,0.300263729688102,0.122540848152983,0.244099555505035
0.0791621960024729,0.26927412822093,0.116485933280689,0.248729541902479
0.0827405471061974,0.22599991000191,0.0784705310001026,0.283350860442506
0.065246440491835,0.292694037174437,0.0844293801490115,0.326375392830716
0.14974720282103,0.256211537079426,0.109042092637654,0.249538805144328
0.0779961624404394,0.307578692063242,0.118960562859703,0.285823740611092
0.0810308304460099,0.300821343352268,0.0999863161378832,0.254232437296183
0.0823729262009856,0.274354412272464,0.107923289052387,0.345365375779892
0.123156921584982,0.337045797783208,0.130020673531678,0.361096290438615
0.0894627569775062,0.302682110966931,0.115511140516198,0.267300300979168
0.0612748108525757,0.301942700609979,0.10294716218026,0.281535139825401
0.0942565738531163,0.241731975190395,0.0707166644667441,0.264422245224609
0.085650675651015,0.316251029491746,0.119717104933594,0.297952602878308
0.0813891447275323,0.299656787134846,0.105158794614152,0.285402803626134
0.079653960905568,0.331968306898002,0.156105616538682,0.293025808148301
0.072218349047836,0.283306165615649,0.130927437010474,0.272627587617172
0.059290418685494,0.251235213469708,0.123710249087541,0.285249449193235
0.119295478517105,0.376154200631785,0.114628804461822,0.26598004179494
0.135371712269468,0.276911275158284,0.117843639033231,0.300250328155286
0.126514654255951,0.299661185728286,0.106962543184294,0.286710200572888
0.109040647996145,0.288709060699201,0.148809586516218,0.293916362404213
0.0858852719983518,0.365358926626163,0.0939786683386967,0.237538359505581
0.0664355265610542,0.278795636686651,0.106839335287016,0.325339214594997
0.0997844659292448,0.337570961065298,0.0963667475241642,0.249908409755894
0.0829394241844539,0.277911533387088,0.103138063185221,0.272052765940041
0.0945602172258506,0.32971547139769,0.102851743357144,0.30221126954614
0.0668549632004895,0.230943842849924,0.0880039683284617,0.309296067323708
0.0910424463377126,0.302816072908156,0.076129466490624,0.266969920490774
0.0639694868037495,0.265936966630133,0.126356390873712,0.278547074095465
0.0549080875539864,0.324241740385086,0.104637748492637,0.265160911144177
0.0606758280664753,0.263268388273767,0.0925553446929124,0.252442185187585
0.0602733597875896,0.267390198157384,0.0945652072635674,0.296770925042407
0.0967894398545435,0.291269389584382,0.0958119366162899,0.275886245975654
0.0803534945887468,0.273924170413206,0.131027564802604,0.277695081329885
0.0992409482696138,0.284672961300308,0.110520008579817,0.255863047406129
0.075573355242711,0.298629876705382,0.122020445538097,0.347336532763543
0.0830322566476841,0.301706185582914,0.103052173519805,0.261767347059039
0.122613528854065,0.309827243498378,0.120961339932188,0.3159722618496
0.131488696675832,0.366292697501117,0.124792227924173,0.296306415969181
0.0919536962284751,0.290774607582771,0.140874920631406,0.303819480941497
0.125768336065984,0.329011533540413,0.107798973901525,0.293877129253922
0.0448004984593662,0.238994110791375,0.134434105713829,0.259317601980011
0.0850514635773014,0.34188620268541,0.0972041206392136,0.312079428310173
0.0862802399333915,0.269939999682566,0.108877074801717,0.278249419094434
0.0722001288411459,0.310624676442851,0.130018527085374,0.333594531318475
0.0731970219545498,0.271492349465574,0.102833998215872,0.243405312954448
0.113354694310816,0.281507112960421,0.134340036014531,0.319618461497628
0.0774338006052386,0.294902046840672,0.132904207152453,0.312297981058297
0.103968318204834,0.281220133240294,0.131770567142373,0.292806001154046
0.0421385628757375,0.270528139628559,0.0821507722155564,0.275867227444095
0.0826474794243475,0.241234599564831,0.119125259697826,0.197947498546494
0.0805565013968173,0.244429870351463,0.129219720114129,0.290317478399527
0.0703167946647846,0.238578289560737,0.100860637005213,0.223973212008153
0.0685732242279189,0.2411270791412,0.115611138722376,0.249698358771218
0.126225351978284,0.355628984268473,0.115679308097863,0.315381813329208
0.0775186678826192,0.288690984990785,0.163903366579317,0.291241795901491
0.0916520333364287,0.271308723049259,0.0674517964977248,0.305291076277644
0.0896443243037326,0.265035055969252,0.0907223816340273,0.330051785713371
0.107467967485498,0.26704464905986,0.0934828133511214,0.324836145316991
0.0922367042498951,0.289097235339096,0.101711000164119,0.240935890469208
0.0539160158625824,0.280659801586898,0.116962652723412,0.263846828380157
0.0970066640637257,0.305477857899721,0.135754276334841,0.282889090415263
0.0857233615655555,0.300457573597357,0.148216371336967,0.277980298291913
0.108337556783382,0.32236715242954,0.123464596267939,0.299354981044786
0.0911833393716227,0.294986653937015,0.118194518771906,0.297136013145147
0.104679643230137,0.267523783760967,0.117530958072855,0.277961309996145
0.0992927914804159,0.339329264247876,0.0972826890226359,0.301998591818769
0.0878550815491491,0.317925973322531,0.102081294593776,0.286148336559721
0.0989021910872839,0.32877523146123,0.118588646745258,0.292786509778394
0.111543251012248,0.285234835882189,0.111206975947987,0.311939645882267
0.114962871495745,0.318615553203589,0.100412726728902,0.299157164678655
0.0850973536346533,0.234954784484257,0.114161435441135,0.22263336998182
0.0867109646753646,0.285606537972813,0.0795188238544082,0.307455930575442
0.092430492181779,0.303070691880917,0.154608322904329,0.368108116584619
0.0902618945480122,0.275607733588413,0.127134402385496,0.312971100125688
0.072286954006427,0.312107625954342,0.121189524943218,0.25508181257821
0.087259824657023,0.334590847623779,0.126671295443003,0.322300882311247
0.159594966165215,0.335238377729451,0.137187161651633,0.340435023668024
0.0562970394738888,0.232343886949062,0.107509661194611,0.261202204945802
0.0505881459038049,0.265439307319076,0.101256966881782,0.262298344682461
0.0569612033976903,0.241325843901375,0.128812864731886,0.250972844127276
0.087019421830271,0.270680711560188,0.10024662542028,0.289096081167905
0.0981345825282913,0.330773685755562,0.10996445389009,0.297190168774465
0.0717371141118898,0.275816478970745,0.120388603274225,0.272926783893232
0.0985763649469098,0.299787672715322,0.0714421492983914,0.303490023786566
0.0678377183335444,0.28237777292596,0.109590044371523,0.281088987193392
0.0668791505818179,0.276267333170598,0.12634859735671,0.283700404029108
0.070684357997218,0.240782754641742,0.0935743586832576,0.265458690035882
0.102980961374413,0.306588617150408,0.124680462048255,0.286768482574841
0.0940210364167734,0.243806355694988,0.103999120911678,0.251974750475256
0.077017850549953,0.258160275494268,0.10732010719015,0.241754669750735
0.0637371640353091,0.263823312733089,0.0623638264313629,0.261096435549162
0.0814781789762389,0.312642118289732,0.116139286329335,0.283691371937675
0.067371742432282,0.298518873583274,0.0980333853788919,0.285730314717536
0.0709072944405611,0.303188731636636,0.102886322259136,0.25090336359626
0.0918390832176028,0.270224166953989,0.0994644671111454,0.289795779265633
0.112094347961574,0.304063722908508,0.144394501809718,0.313281246545913
0.0637514866903535,0.251158933470239,0.106725627748999,0.224591516592227
0.0542840947978401,0.203279714099229,0.0974365147648228,0.218381008789406
0.0599569079916442,0.243259113828637,0.0691058481575122,0.322503508801516
0.0920046174633538,0.365598274678809,0.114015302054796,0.278286351265677
0.102573317672171,0.340397723894814,0.112702956693244,0.297180474570735
0.0959281885649667,0.353819032476142,0.109986712571008,0.288836375386524
0.122577623893173,0.276723376150586,0.0840685482054735,0.286670761665816
0.0518898102536189,0.30872189150582,0.0786953142691837,0.265424375488059
0.11185674409206,0.265386960170199,0.12952521923918,0.272695364033655
0.0934523759428365,0.299426449920297,0.126044279832711,0.292952859397493
0.0946680946549845,0.322780980985391,0.0999075507388958,0.289903504116547
0.113094009470613,0.319058789864079,0.0770294956168619,0.264262223765187
0.0784047167068004,0.279619840758594,0.0957093047982505,0.262335549946368
0.055845760142293,0.29753121334759,0.0832099353069369,0.231811333420305
0.0581461229568603,0.303931860643437,0.0842897279156733,0.23209522178849
0.0890224141629306,0.302298089167373,0.0912374521144452,0.258483602131206
0.0802117571908439,0.288189379486022,0.143199826658408,0.279251592771768
0.0761690776035615,0.283908646826696,0.126853721887391,0.304492004407652
0.0795508041281137,0.257347598247056,0.10637013663839,0.307739929512349
0.111969671397797,0.3558944747293,0.133156988611421,0.344793129170524
0.0792148200098747,0.288481884069971,0.107800031317785,0.27662810412404
0.0712254303192846,0.255605147225894,0.107197264181902,0.29756807347345
0.0787853871524487,0.234351633486216,0.104714714286509,0.20085784846965
0.0750103025762579,0.257923143503298,0.115601492599983,0.230117024565929
0.0697610838221934,0.294045084542375,0.0844835320560465,0.287659622716352
0.0734546951404737,0.300976445784956,0.125394547560309,0.298889664337797
0.0771022760847105,0.273362954541495,0.125005526327278,0.277152628891709
0.12944924529179,0.35541651233389,0.102262847386532,0.29489178416555
0.0591050374653862,0.254010646507637,0.10958153589206,0.228633044493834
0.106381372887847,0.303222328358465,0.0957034797964965,0.247024255411679
0.0622384134157847,0.270589533910516,0.107948068161245,0.330395147292938
0.0602300606910257,0.296161752563741,0.150623799282203,0.285965009157055
0.0884211783439849,0.333057210270185,0.0857623088815906,0.293147621810114
0.0894374711342087,0.272794937781301,0.138112996112146,0.274316529545558
0.0787475248366,0.357440673921556,0.10594952284248,0.322866394486321
0.093848184366552,0.315221743019654,0.14357142254239,0.311807514782127
0.0875181717314668,0.276655481741109,0.101547028023165,0.28716059438802
0.0869641267572524,0.281741031001657,0.132325413965434,0.249990032459911
0.0987186040054098,0.26492296147143,0.108418019565687,0.338264818781239
0.0936510530878087,0.33570703816353,0.138764450368683,0.287904367161748
0.115530378376107,0.280713686795911,0.0876969154600533,0.221581567259449
0.0578049652899434,0.29870905268478,0.0743577926127023,0.325699931984154
0.0916845828045526,0.236395289498363,0.0889817214797919,0.23283779042459
0.0658005921612035,0.282692662323934,0.122859917430382,0.282364073905783
0.0497687723911895,0.26204540750368,0.103080953917515,0.26031105983969
0.0906572570412864,0.297847943270593,0.114567839625201,0.270172650537044
0.0599888450030285,0.272993891422051,0.132666067950475,0.334247165031435
0.100329641023123,0.32006190264026,0.0742436083787339,0.251854433143504
0.106714542836342,0.321828717801416,0.0819210557936813,0.261071128889743
0.0348888490217971,0.25475599535735,0.157816643721067,0.319637601752058
0.0947779581135752,0.281283472301776,0.127600381066804,0.279062196494383
0.0795648508005842,0.330171320512221,0.0926376992643306,0.336509048105719
0.0881081773706258,0.250579993416139,0.128205180683021,0.248891454184876
0.0885441248726299,0.317396305932564,0.100861885985916,0.285546715964195
0.100178142416045,0.341176289776592,0.10292339477969,0.28929164803305
0.0930914932476957,0.250673638420822,0.122537651705684,0.252459070190749
0.105119617723192,0.260760565564455,0.149845785456648,0.240144423559769
0.0980254896936876,0.250940289761694,0.140038610646705,0.265776389749685
0.0678718645929795,0.192693371033432,0.0965037740857553,0.240461525564986
0.0411863209204366,0.296546527492988,0.122866703981113,0.233977790012582
0.0407575216900205,0.288593498139822,0.1285558895854,0.266275399530959
0.0392040570967214,0.306449365493394,0.120412341120216,0.263809587406003
0.10080813614798,0.264038505355741,0.0875427052351153,0.319742317710522
0.0825371243582297,0.312438884305251,0.10290820576954,0.256194769659613
0.0482781089204905,0.286540858444639,0.10772836212083,0.27981970777398
0.071245938790497,0.283507850924916,0.0924953241009336,0.259772193895456
0.0832395971831053,0.252535236457736,0.127002706449276,0.273931877297155
0.0750846340803114,0.278070901621072,0.115334924695394,0.339978034859516
0.128884838267958,0.324935048029026,0.101768869691718,0.250653723415429
0.0662144656462967,0.300770665924304,0.145380013519719,0.255968999947995
0.0882224755240787,0.329971524598001,0.123684487075746,0.303090235796295
0.13569883630132,0.358760626067185,0.12553403766781,0.336898485648155
0.106045612664014,0.312126537156359,0.148225741730756,0.320495598222951
0.0812762408173826,0.224831091982401,0.109186545218133,0.286189243423484
0.0872080730487159,0.230880917474173,0.109554930642832,0.294004667847096
0.0895607865400855,0.30618837752765,0.101772412320963,0.28286773670248
0.0841406596783834,0.329400625360216,0.0960470664007726,0.330680270825789
0.0926056809241185,0.289950440524705,0.146110379742741,0.271471783806668
0.0855214037229613,0.305062573458891,0.126639732691663,0.26684251365868
0.1091357023187,0.293513577983363,0.132011227844372,0.288807524767912
0.0938491819363604,0.285998587311778,0.0832968083407278,0.235982893858508
0.0596034510025775,0.250579733466826,0.0944705136049085,0.264487314454991
0.0915274521355022,0.300909967642351,0.121271551765017,0.225367348055854
0.0969630745027838,0.269534823274411,0.109183710388694,0.353744294058373
0.086329715505273,0.293211908307152,0.122190555936223,0.213440171443864
0.0646857023858088,0.316147357265932,0.0978016149049594,0.311172474621579
0.0815862769373333,0.341299199299458,0.10307724183451,0.316194021588049
0.0859931948642587,0.354800784762055,0.137461627468334,0.309846895652861
0.120339523081424,0.285133739149556,0.12667507066725,0.288819128866014
0.109718415435552,0.309894241193319,0.125865400104018,0.300127177256645
0.0939366454302212,0.272943163709082,0.112768994961446,0.282177909026711
0.100476858353026,0.334655525598316,0.0995595964364313,0.289875466674158
0.0609416532910365,0.344116869586513,0.0932805274175446,0.331486690689645
0.131557033471647,0.336984551285439,0.108761409372322,0.318525998867169
0.0962192888072795,0.276888913890827,0.138896564387229,0.298992397333552
0.0830016645374064,0.275537071550309,0.160338042868579,0.304134344426214
0.120657331842207,0.284609956627547,0.146704266587767,0.25797226117924
0.100153838393557,0.290007837569241,0.0981613075624884,0.289680324901511
0.0982285563067851,0.252173713237259,0.100019343438222,0.284216891087021
0.112655085886536,0.327781758182876,0.11537264255323,0.308044632944901
0.0953296709850195,0.300266611939961,0.108240371761005,0.309918375892794
0.0884049617538954,0.285504309213495,0.121596847160756,0.321204678205182
0.104963244231458,0.32040962174993,0.0706047538131189,0.286105965728887
0.0766743785944257,0.271312590421117,0.15929342667716,0.270691661135154
0.0610807365533061,0.308311025576899,0.125931823502838,0.259315453018619
0.113786072623435,0.302472152528608,0.122585726023719,0.347023693703609
0.0495958521176666,0.24963357350013,0.133243113133432,0.252806648909811
0.0810340772343494,0.316966608097342,0.0848265445271285,0.258210746766782
0.0873743966702556,0.245985492259104,0.105681479075284,0.297518700091646
0.0802369247825143,0.254118730325651,0.0844544912911574,0.228835982901067
0.121733414316283,0.279279519066049,0.12836757997912,0.335429936926394
0.0635979565949176,0.294252421190619,0.113508910215203,0.291468055769122
0.0955778938266246,0.244842771413924,0.0942057092236529,0.260797554228947
0.0862738990362354,0.314854501034345,0.0815644892024444,0.277682163888571
0.108536437140428,0.232182535119749,0.10181159915525,0.223810019879937
0.112809331237573,0.338711027674694,0.1239431113153,0.294896015425807
0.129053693938801,0.366160131953015,0.12430700773166,0.326069079788899
0.0871567665140983,0.309796926258121,0.122419008365115,0.269678390486723
0.111415063663826,0.29940241335372,0.127975934079923,0.291967065853626
0.0669108843179343,0.320479279953639,0.0959063880479527,0.305643639307651
0.0997608850502948,0.32634515095481,0.146728584000764,0.340180554434228
0.0979841485074469,0.300869007331093,0.10264150940683,0.28897890964435
0.0960084763656415,0.300414340286896,0.116846986532714,0.288829978640382
0.0948165509628994,0.262470992699444,0.112405677987111,0.245088333885111
0.0842117597742591,0.289227880408893,0.104773965350169,0.240969741406397
0.109263625057868,0.296734355782162,0.10875661608515,0.346610937252765
0.112567432345569,0.343326688842116,0.120581541064052,0.262397468332198
0.102681984443174,0.362126820480724,0.118620293167312,0.348111246598183
0.0913552522958588,0.248706688711085,0.153068804102751,0.30004954392624
0.100585013209342,0.37117384992719,0.131114577972473,0.3510128856123
0.0621652073004661,0.209927258807333,0.102815629188985,0.272513254155151
0.09436375301266,0.326756938856608,0.0948741596920133,0.313340266892943
0.0949280305798118,0.235292875823599,0.0804815924650469,0.237655240424749
0.0887381999088343,0.25688951993252,0.0979743432881039,0.198257700237353
0.0632672332226257,0.249527854971027,0.0821185681483529,0.203083528698234
0.0714928034953872,0.25247400523425,0.0685398901731122,0.18651841446841
0.0596255289147667,0.206610229390509,0.0927942435263818,0.280224792196822
0.0622998701458726,0.273757379489188,0.0839843823165685,0.286646445412519
0.09458247447746,0.297292743334605,0.127035818353279,0.274335483308238
0.11115574034625,0.262367433880266,0.136729983263332,0.296745672531882
0.135906874973552,0.284347511510531,0.145325739638446,0.247041210499435
0.101926314615406,0.249844315371267,0.156350728956567,0.356112925606215
0.115872227991938,0.399562051638587,0.152118856474759,0.247621342398189
0.0759465551616263,0.20647945402749,0.088142897149279,0.28362819119207
0.0800184912606837,0.188943950576531,0.0856549944016076,0.272354018826502
0.054892366944362,0.360062914977827,0.0613908964772309,0.267775330228136
0.100853597201188,0.228552730276417,0.151781571981908,0.279189733298637
0.0594869385701301,0.293699143965137,0.0793720631881464,0.251776975801407
0.102489978247832,0.264339983100048,0.101161820826813,0.259240522974178
0.0654466040739346,0.308347009008654,0.0998744431300669,0.318469716995899
0.0700823981960292,0.307899193833265,0.0803359303066585,0.295722700799962
0.108910453505482,0.277933204641002,0.133929292624475,0.264101006316583
0.0925802362505863,0.317563426594389,0.0924746331913815,0.281387634170572
0.0702735261852583,0.290522900903178,0.101668074272665,0.238257877337035
0.0968007389547681,0.292658144141002,0.115394748183458,0.29646650171046
0.126816379412544,0.331109169472191,0.0952229534603167,0.286686198696098
0.0980217640525108,0.268370705127059,0.129989604849292,0.26932459966876
0.0562951661063046,0.291772239774453,0.097400397104262,0.319144002183127
0.0690850170298618,0.265084009908743,0.122536608528572,0.279456660447294
0.0665641035518421,0.231797990116446,0.0603742181871167,0.295630281263149
0.0379625034512723,0.256403244020994,0.152550904775569,0.286349259751213
0.101747563629178,0.28560163297173,0.117542211057483,0.234827529406592
0.0713861505376904,0.312182758684421,0.111009438637965,0.345188080666615
0.0691954833703844,0.286731286593997,0.105898836870104,0.250158224726665
0.0881439136050098,0.362740593783856,0.0842105570058499,0.250806071694883
0.0691719721380435,0.302443304208273,0.100770261456357,0.249150407233427
0.0948799705194855,0.277188422950668,0.157549594538401,0.32393285335209
0.100168859275762,0.300179966220838,0.129709598651272,0.24420760154263
0.0992906897444416,0.350557078334599,0.12127237495195,0.277797576420207
0.0690482820816604,0.252811867742331,0.102286972009344,0.28140741007261
0.140286074310565,0.296124294632135,0.108714124301726,0.276145583775557
0.0515981887642379,0.241434434461374,0.0768110837824622,0.267414944712103
0.0814637893209015,0.279787024405572,0.106008361282819,0.300922473382727
0.0901947355652962,0.31517799652406,0.107893073736079,0.286251911111278
0.0945401471334172,0.367389505471587,0.133996347151664,0.295507036974126
0.0859967338517351,0.306180023285184,0.137168450365629,0.303976629058564
0.0477296038361468,0.201513731206473,0.0586448528472562,0.170867100683923
0.0659993434188011,0.231083707035193,0.0729489442550953,0.218543879822839
0.0612477462704698,0.220692015223118,0.0846653822659409,0.281670177180505
0.0928942725237544,0.28243217439594,0.0949663242469873,0.26494186085175
0.0532044949583886,0.30755335008855,0.122868044290025,0.251998407182238
0.0904065611380869,0.231756716682243,0.0776120853240905,0.274566255167352
0.0672317432821211,0.284967396191048,0.142278285668714,0.291048817540085
0.102400277645251,0.249249607663697,0.0933566334480883,0.247068195212942
0.0684067653228024,0.260479550551151,0.0883408251844561,0.353241032557588
0.121454699557302,0.367261165061461,0.139033284780637,0.248957797400142
0.0505798147501599,0.246633612911336,0.104000629640689,0.29195902227443
0.0615508462844083,0.274306003187725,0.102861738670359,0.296341772038026
0.112331788283624,0.340870885679046,0.119424756164059,0.262704103617584
0.0805807039352221,0.385229589961796,0.124182665239975,0.297930051927773
0.060848411995562,0.218110583951259,0.115157016746788,0.283392907515067
0.0554156937791746,0.292795476158778,0.0927662707532681,0.308349205600176
0.0815932997319721,0.328450936659669,0.131061824780349,0.311894907273185
0.0817491456486367,0.265276025225738,0.0989284850490913,0.296707754654912
0.0813186493905966,0.314876966436389,0.106027110260752,0.242631221974825
0.0982579796391849,0.23701335343904,0.0958353115167264,0.285723923375184
0.0595716324867859,0.298584492606971,0.114263912244759,0.295803788374422
0.123540911455111,0.340358147152698,0.100429582020007,0.273769627615481
0.136404026752197,0.309210041903614,0.144763431165379,0.206978888225523
0.119672890977731,0.285096867998945,0.142328931292714,0.240082084544034
0.0685566667786467,0.263627433112047,0.0575435779350301,0.270168017817896
0.0821391911778612,0.278981136055414,0.100402641378087,0.253933855735187
0.100222368955355,0.293887178182492,0.0882445625498778,0.262031419817987
0.0823965727504703,0.27557773387316,0.139073252223538,0.386433597898213
0.108024678484883,0.271983853466874,0.121490017009671,0.224104256347394
0.0739696264026142,0.301786634006862,0.0870093338848685,0.293546173024798
0.0660773924544139,0.311830278644036,0.101068475431321,0.271855205396024
0.117313054837082,0.273393068815815,0.0919931806976433,0.280044492115818
0.0644296466135625,0.232864579349482,0.146410870468252,0.227794330389355
0.0680349750173154,0.230222887783246,0.162208068773159,0.259482097279073
0.0722986696043997,0.272207081540013,0.0987314490681868,0.244312816447543
0.0611874211412427,0.304872398995746,0.10131435222585,0.280356386438167
0.0544342276783409,0.20520467186359,0.102383636393217,0.249998293426201
0.138414050453329,0.33944595966937,0.0966105870635595,0.278265682732838
0.0848783538197454,0.234342984874811,0.120901809777242,0.255959588272838
0.124964645862256,0.249173198603473,0.163516068081535,0.289056833715756
0.0882266133859258,0.273844516422863,0.12830832069593,0.305426897872256
0.0950671842629639,0.290421843531595,0.0960891453682827,0.284289606179596
0.107888315793673,0.318749527136541,0.150262947134872,0.333484345767754
0.0886642121852652,0.250963664196043,0.066871709813058,0.221711783258665
0.0692776252960159,0.242317562113827,0.0896198898314756,0.242375220114228
0.0542058511581303,0.320999991508084,0.0826794660322163,0.319748345975558
0.0593465993942754,0.295787736501064,0.116031532571166,0.249795480963476
0.0634227037241122,0.278843772728756,0.0783494881172389,0.249759090925336
0.0417938421659038,0.249294660322001,0.113041977658273,0.269800142866331
0.080736301093684,0.233168704181381,0.125145006047218,0.235311569831298
0.0832814832511713,0.240297190033771,0.107737231330952,0.290324313729042
0.0967549254574998,0.297831277242361,0.134561789530725,0.323698285180818
0.0918579813865599,0.274667642257249,0.130263113622751,0.282280179838443
0.0982871703805453,0.302035661255196,0.113234881482543,0.268230192035052
0.1305611657114,0.266747403364291,0.0948505659904589,0.252994081416186
0.0736715905288705,0.250856525837618,0.105944472797063,0.28383664866911
0.0671850417068215,0.278979835855841,0.0960749121725818,0.294905509278435
0.087100799924548,0.294659638888048,0.108682414795771,0.28291490230766
0.0500827546642639,0.239179602979486,0.0871631056263398,0.216167211500406
0.0388329766432488,0.227553123779254,0.116145250546292,0.218346799851883
0.147095492375146,0.332786986057525,0.0921112060112174,0.324940380343764
0.130162969014645,0.35110173295861,0.170560021507539,0.322819777537753
0.102733219888606,0.37318843881893,0.0934295920389442,0.303404597733827
0.0942718048786694,0.387593750059504,0.0983867769290407,0.271105235114987
0.0940889547465308,0.300841241644332,0.125258849680869,0.299285503057863
0.0907536026009112,0.300428060444771,0.119813701000562,0.312218510084815
0.103315290081293,0.282049821887042,0.145218959308326,0.254998912962346
0.0805658532554849,0.285661706950108,0.105523144351551,0.284101776932153
0.0848472362904437,0.253601144117556,0.1142213965804,0.276615739807642
0.0769184785522774,0.273671974809201,0.109596420509291,0.242907638014136
0.10547497002622,0.330603951463325,0.159020694551034,0.323826448017893
0.0837730159408442,0.258537734260822,0.0959560697865505,0.270838445787794
0.0754195522049371,0.264845133463471,0.0872320233183889,0.2627080224045
0.0787078852012047,0.252279230172265,0.11682033786537,0.283085016401248
0.0759646447643657,0.247813785718793,0.11840400316407,0.278650107221213
0.0610469638498949,0.24200450741934,0.105155204893823,0.285135656135677
0.0857778510731706,0.30451245710026,0.0856280940781482,0.31303302330407
0.0925851554154223,0.238020984051245,0.0909382066930431,0.300318569915028
0.0772715202686202,0.26409703904756,0.135269494697279,0.276215879248551
0.0760122702460532,0.266585469016294,0.0997146018402482,0.287315660854664
0.104753074251792,0.320537868158206,0.135042473426995,0.289428366660606
0.0989734003727849,0.304218988245709,0.12603157268962,0.29654767348778
0.0811540494009082,0.404430883355121,0.121490068377578,0.347618070874502
0.0824706782711558,0.278341053578588,0.101308268462672,0.220088634892992
0.0793455573416758,0.278865989762729,0.100518725097186,0.287247756794526
0.0561987058063781,0.293826622620687,0.126140941873486,0.267362229534085
0.0483729532440061,0.293947273205183,0.149609734334026,0.259038838529057
0.0963564924993587,0.274077198677235,0.0970278149206676,0.248203926985317
0.0816891479867063,0.299070152233858,0.104028010278146,0.233496102452743
0.0784651624010696,0.255734978648771,0.100775144908006,0.283492679525419
0.115669949425874,0.28096355526075,0.110522343449644,0.26174058454015
0.0765285081309338,0.244182905832957,0.1011169575105,0.239775174439199
0.0860215423933444,0.290660735744969,0.102428729004817,0.290375818911304
0.112445239031593,0.234222194098687,0.0839046352846329,0.216706920416897
0.0993431254729057,0.320915473602595,0.102692708464883,0.313343771650115
0.039867000452204,0.26593753483038,0.1211704551805,0.270023706415547
0.0978290627596049,0.309525740040925,0.100736140900606,0.226356411137639
0.0872968884847936,0.28902822204086,0.107132303461101,0.259344144171981
0.108373996086545,0.315330348250305,0.118600276976095,0.29634723547973
0.107001565844653,0.322885426292459,0.109827646306473,0.282908012558499
0.124026527813549,0.293473149531156,0.180995806345844,0.307205342656726
0.0711583696967327,0.329243965441087,0.0868479550916901,0.274604635902062
0.0823784047382631,0.314722157433031,0.102766352321796,0.27404655438768
0.0413550367395287,0.296684154334347,0.0903253637079704,0.289073907634583
0.100507683105644,0.293167024318215,0.104936468728112,0.343351397867803
0.0769980803893211,0.221379256778817,0.0956647944367999,0.208186052813458
0.102302321764935,0.28248238866561,0.165044137128542,0.326251099481294
0.109224355392686,0.303137249060333,0.0655195356462367,0.254008764987778
0.0817311208885203,0.338640224063517,0.0772856619657636,0.282834810881822
0.103886428243349,0.339608633788308,0.128742259594883,0.30040952769635
0.0778106907818004,0.234818598978183,0.15458764752929,0.311356149641308
0.137811976962531,0.304918372713233,0.0931042934701347,0.222341883384056
0.124169886297459,0.324589574043711,0.139090997734993,0.399841107237706
0.141348281661604,0.372368777302309,0.119628285630626,0.277394800660287
0.0816632538925537,0.258129989342026,0.125926405322141,0.289198815886096
0.10383781063841,0.325932039288635,0.112957888036985,0.248479333133494
0.0843320532784837,0.316106817989621,0.11920490634592,0.303518797483072
0.104344640188287,0.273989271781743,0.0864235594810849,0.272892195792226
0.0967775744129186,0.32673974312385,0.100533147851526,0.262342493499774
0.101241851650483,0.289074386433187,0.0892109197238513,0.245276713337821
0.112898075935511,0.380723628768955,0.100293429947616,0.357884274944043
0.0677338214919486,0.267225101881969,0.084884121318571,0.255691938812604
0.0746886539157489,0.285983046466769,0.0948887072638514,0.254159457103179
0.108135920670328,0.29438898454078,0.127680506458042,0.314232967868731
0.088448949632525,0.280128538297483,0.119743851723029,0.31623903284898
0.0854832145414334,0.32003662325519,0.12255415104907,0.27518017045513
0.0687261212562748,0.312477599536936,0.151203520999247,0.282467300442801
0.104887969309419,0.307928961123406,0.101369965662838,0.262233440121228
0.143553899664564,0.368108611103886,0.0917653264655252,0.274437594555315
0.035393854218742,0.257921972576851,0.0879327750482113,0.277588439191717
0.136218860678291,0.344321936903255,0.0830304504860317,0.282087802620066
0.0541281911922503,0.305954115660268,0.0915416656335907,0.302022887435263
0.116065745142388,0.300688917821021,0.129968955106973,0.260236848403969
0.0652413094695373,0.309223258421489,0.11659590808352,0.286939711996376
0.0839107578709425,0.276132874691912,0.117252501689428,0.330664195362567
0.0861318639766364,0.264958531261505,0.120728834665696,0.25421083294568
0.131989106744073,0.304663100265133,0.17204911818258,0.296880360867263
0.0879853056728778,0.309970463367329,0.141150332259874,0.335259085676041
0.0839820479538792,0.341353921946522,0.0853238930266923,0.282796749834691
0.0579214736665024,0.241804974490795,0.0921250084909963,0.293221072291693
0.0663421548640271,0.26986344346905,0.0894986347846606,0.296098209604933
0.0759898545912134,0.265898320921021,0.0835618259159303,0.242698624330122
0.0488597950244879,0.244624057803806,0.0611387916713142,0.354811694843185
0.0738398654803498,0.294864458301586,0.125487643125804,0.301833047855779
0.119026546675558,0.249267631975182,0.144874934261546,0.277925344506602
0.0950647082117481,0.323675166459113,0.15464148590154,0.278738719741416
0.121961014738542,0.32076062094602,0.148368604570558,0.27724527780215
0.0743812516758641,0.286526648138007,0.1074852782679,0.33910480187461
0.104047185929198,0.273850912933026,0.106627316892593,0.235339026531959
0.140208116265426,0.234309452527008,0.121602848693398,0.221166711172147
0.0559992183485633,0.288657417190409,0.0783680126251483,0.295286437453975
0.0692368343390956,0.262413429248284,0.105804707903229,0.328778977072662
0.0690885032781631,0.274839036400808,0.104577345730372,0.298549861823522
0.133449215502036,0.312657008790108,0.137704922291775,0.271214970286922
0.0543325275132532,0.263302619652678,0.115759254429487,0.30780741430972
0.0921224170577434,0.209192796420188,0.118457487224161,0.321288450842774
0.0773374817522814,0.359284864585735,0.108619666948051,0.283022438385529
0.0550924781832019,0.244701998771036,0.10026263589995,0.247277009211487
0.0748379940093218,0.294017847574372,0.119304559994036,0.208086131091006
0.0916622023992041,0.274643612204657,0.110413199399802,0.211979119373357
0.0689400024679317,0.281277316094466,0.103455404075565,0.264844579405549
0.0747925662300991,0.295085432129136,0.135645463574794,0.258036972865501
0.0925432480864927,0.268496190698051,0.146035458045895,0.318480782182933
0.0620542749683259,0.300395022787613,0.0878518031084268,0.282517128429452
0.0709835722477034,0.315065284988407,0.117152051711692,0.303448006834836
0.109838782561502,0.242961810373942,0.137507003457424,0.311520501375322
0.112865546894258,0.326034330052915,0.104854299041568,0.266891349952054
0.138554573574297,0.400836839978656,0.0695183197352194,0.306327310892051
0.141767805668177,0.300097577142156,0.107648208848543,0.228651328332861
0.0973831294563875,0.342592436739198,0.109616662124208,0.271839709210631
0.113032479155294,0.294740918061393,0.0778772433019743,0.339767860961491
0.0880098516315307,0.30205793249965,0.0911744772605117,0.237996020600089
0.0894281390905492,0.325885373778548,0.0992452879980189,0.288482018108743
0.0927931783702909,0.251546878238437,0.102282593426772,0.267988847833655
0.087101634748887,0.302680380054189,0.111100607322562,0.265170896914377
0.108534203281166,0.30017167867341,0.132586045867229,0.265677032864303
0.103665739265247,0.32075836137535,0.122612225892529,0.260942132590975
0.0561469490124066,0.302257594507388,0.0966347990722416,0.283345996073105
0.0932052114734954,0.277840017891684,0.109527570050566,0.235128997154595
0.0885952228912159,0.262098108719482,0.143655593186751,0.277692189273108
0.0972356407043812,0.304255443211439,0.0934066454618881,0.264747470561013
0.08840919157143,0.262607632424316,0.13667227334872,0.242695689317945
0.0921491301665393,0.311758310311288,0.108564064868374,0.304079292766196
0.142787970517562,0.347678449982449,0.106311069954566,0.333324961661182
0.0962255701549249,0.303964290439736,0.175434694308143,0.309257585597393
0.102811158966365,0.227225779549132,0.100486240747254,0.207286763828884
0.0693668320057637,0.289624953580981,0.103132773912063,0.310000907268846
0.057649133767572,0.304696988408318,0.126684969515029,0.292961470305059
0.0647727163180001,0.252812778892627,0.0877970170478971,0.254231102693253
0.0446272117582481,0.26383680884806,0.0922963912182287,0.246461780648853
0.0894108540909518,0.250242910814045,0.098932780436829,0.231237402412319
0.14031170473793,0.263111633193301,0.0975990660736423,0.237846138050358
0.074418104725008,0.363254295272351,0.0914863852194119,0.31192092227019
0.100754690256807,0.314192232743304,0.0805059572726386,0.284619291688252
0.0755999821892019,0.208246688269135,0.116649969429593,0.304455089341282
0.0823690682976961,0.221132115914375,0.0981715243971533,0.321709187269763
0.0706725086281245,0.349265983855057,0.111847439932738,0.260862278497879
0.0608933823802425,0.342113788738301,0.11376902509085,0.265443974590874
0.0810046493682859,0.275569059206525,0.108832370273346,0.282852750135955
0.0445545144355672,0.286615927151473,0.123563268920587,0.29802986741203
0.120394766060488,0.29779615102906,0.108208085556181,0.285064393894944
0.0956597199124158,0.335144708805377,0.128487970446803,0.308527511829763
0.0854352242700265,0.321623231792934,0.116971059968889,0.315431383977475
0.0667704707762848,0.243906801931864,0.109109108575758,0.239825057381944
0.0569027607613875,0.254825593359991,0.100316779048405,0.22826113265456
0.100901651428519,0.270271541667162,0.139220456548655,0.285812472796036
0.086988407787061,0.284972863250742,0.0962032524745189,0.284344392315755
0.088847944012056,0.271448791859629,0.122122222766596,0.273751123760214
0.0982590793734675,0.319267529092815,0.144655957132989,0.216389526320583
0.0928394824134694,0.267559713018844,0.145964152148154,0.326009212566672
0.0858885298995333,0.241333850177611,0.132049224164011,0.291852581733461
0.0696981914805914,0.205457600193258,0.0644683414359872,0.295893625181384
0.070309558246369,0.291023057677646,0.114116727061777,0.228691540750504
0.0749809116442275,0.265837636743647,0.0978818306207789,0.27538297653328
0.0796584393210195,0.284524204923383,0.127320083198202,0.291145788361344
0.110067348490556,0.340151082979996,0.116244761009994,0.303373261250994
0.108354105181824,0.280571678209821,0.143548673822609,0.254330952358596
0.106636301621098,0.293078694058218,0.0970548082083766,0.309908752483456
0.110559993121343,0.368651995947551,0.136850903168837,0.294011604836086
0.099366874674425,0.254539364105777,0.0915562665531083,0.290005570353659
0.105284654255335,0.279172600471958,0.116430743775213,0.307471263169378
0.0671047843619289,0.263975952703484,0.14346145328403,0.265591675782619
0.104309312639114,0.321258393676317,0.129537088091217,0.266940676824574
0.0656032959541141,0.273676519196666,0.0982805897006374,0.288290280884072
0.0658716243186919,0.24249339099985,0.0937123946103068,0.281449284014394
0.0580704408173986,0.287034924106659,0.109914973658545,0.241315117846055
0.054326372560312,0.268365676364822,0.0876295312979709,0.251474267662785
0.0652618484368456,0.252059599140658,0.0897983371384503,0.235734555894568
0.0344681557700031,0.264906504467031,0.0906983365953401,0.22694151755327
0.105187322611454,0.311455638245304,0.0945747664007694,0.247815636671583
0.0590631070947237,0.298405201193219,0.103535849061467,0.257951319225356
0.0746389804282399,0.239527658633107,0.10421765314689,0.310596314138048
0.0979971417706241,0.275682121939909,0.0866640949014244,0.260471944921568
0.0989288956247447,0.272560749756467,0.0909412146931278,0.243391366083988
0.0773368191592313,0.291662136559895,0.135156661908101,0.25582258182301
0.137984232838803,0.333133142998132,0.11511785107627,0.2909430022005
0.0633332399073575,0.270719366695798,0.147460326963069,0.281361551905483
0.0672314141814122,0.305507595502753,0.0795028423156657,0.257583759950042
0.0412103019053538,0.239169196011463,0.0800161517352768,0.27568555879524
0.0795150894846888,0.261774724201575,0.115975699678153,0.245860765338346
0.0840154880227468,0.275203989549065,0.122813127857154,0.22913479638944
0.117097227795628,0.344269982925079,0.0855154814913509,0.273352662940529
0.124190685014523,0.336953591506382,0.0861724101865928,0.283642487512076
0.107498953165231,0.312197026231229,0.10601009902178,0.288577598746279
0.0898204476693522,0.349200990251826,0.148386125217457,0.258936854387934
0.0589527079018527,0.267981602584412,0.117757129120319,0.344122884704359
0.109507939753152,0.24905049113657,0.0992622715037971,0.242890154912812
0.0772916437213306,0.26054617272486,0.0840851863954393,0.254046749843077
0.0933350520898825,0.284944605935527,0.142722700705541,0.267869857372579
0.0983442033020347,0.274675386644448,0.124905669373071,0.302550559951735
0.127526626023514,0.252569587920003,0.120297389696626,0.288176422302834
0.0589782284155387,0.31078080683608,0.0938434695386292,0.270227126203027
0.10354883741465,0.267819474339737,0.134306857806472,0.256874635320107
0.0845887917043845,0.269358700091723,0.122894657018143,0.306774172557962
0.0568695031909829,0.313539362171797,0.0887744852069778,0.225382365102543
0.0663314408805533,0.288770524015031,0.0928281218439337,0.346226147589435
0.104101292267017,0.235926157420588,0.123903790567411,0.211112207709177
0.0897613923130443,0.272963020766442,0.113640736663001,0.279815928177359
0.0729602362052088,0.325792884144377,0.109509923916149,0.268880032333298
0.0547078521458512,0.259906774349793,0.0670669346685314,0.314807845057718
0.0492916119828299,0.263594572086833,0.119460313752337,0.266683624079359
0.0752227490720498,0.214478188187922,0.0510892922062678,0.266501326567746
0.100730408322132,0.254164712483689,0.101795222854641,0.223826907176026
0.0850842087219476,0.305345866487874,0.0930880158060976,0.269951642857193
0.0816563445378952,0.302078402818538,0.0935150453442878,0.31678418200578
0.0719093590082481,0.240226594857483,0.0949243960838134,0.289763430906009
0.101107147611643,0.266935900900702,0.108858972755802,0.255084484940266
0.0539285991692782,0.32164724271465,0.0826727044883943,0.339255860561487
0.102134468287455,0.272664879216157,0.102210970539318,0.28077122800553
0.112584582346094,0.272716122676817,0.0933470446139815,0.284107003977829
0.0637547373472393,0.286553623715693,0.115560307748422,0.283646728875621
0.0677224689583452,0.3043857312702,0.14793701450992,0.296864514546714
0.0830322568684665,0.273455499593061,0.0973336432392806,0.248821808575039
0.0926884281189679,0.242753974492498,0.0983040820785601,0.251601536023836
0.0668959162618813,0.247168368141276,0.0898594105599846,0.264944465686585
0.050431068971185,0.278096588781671,0.0940363778911001,0.337636948036603
0.0582102298666649,0.296067996902566,0.115042145669348,0.277898146025056
0.0472314133561985,0.309467057003208,0.117858400063371,0.297528819333229
0.0883478341144758,0.224389443209266,0.0978237319056223,0.277086794647248
0.076122773621694,0.250269229730703,0.102472044336627,0.309701741074446
0.0759100919548612,0.300016101738472,0.100013366918674,0.283983773299589
0.106126113115254,0.313462890582197,0.147980838900341,0.254320155594454
0.127267465842838,0.371798404120024,0.120431787525085,0.271201820272561
0.092423469045331,0.275872875547865,0.150777893091202,0.310982069885779
0.098724475219678,0.324175469831125,0.132275795783544,0.345667192919819
0.0984308616504734,0.295235918985146,0.13830902749173,0.279657134586401
0.0795837818931257,0.278212908951054,0.12212110467854,0.272860131342444
0.120278159429553,0.281292226333037,0.144785283233014,0.258290370343566
0.0922705699392098,0.292406548666207,0.0774096925553422,0.317208038226365
0.0556582114952712,0.267526737972358,0.113119058604705,0.308738881496736
0.0945255851076651,0.218384003577983,0.0835669362757321,0.238094887893418
0.0708716657034517,0.224734408280804,0.0915956011685095,0.272905721829333
0.0569559609610832,0.277261639714685,0.108581578156432,0.299215867959356
0.0848509743557468,0.281258963365225,0.107402694201215,0.276458719773195
0.0835041713806668,0.275461872072768,0.0928699739633169,0.272553220821522
0.0687903749814517,0.244429849239094,0.08282736635639,0.19532674821153
0.0676521779856992,0.232003561723606,0.0558040551087656,0.260353002966505
0.0791275093934841,0.289486739441889,0.122868388832586,0.263354119820295
0.0955356954162364,0.249764261173443,0.131166687639552,0.326641177258486
0.136439462458916,0.309097875626564,0.131688954193619,0.267373048236136
0.111335619795161,0.258383352543974,0.0909948914878927,0.2669818134356
0.0873894057785353,0.296480761788463,0.16952041989134,0.254943712495941
0.0670063512347648,0.245498420769429,0.0712642752696042,0.211559748946214
0.101810737854535,0.308106741991273,0.149971677414201,0.260402382253708
0.128520422726679,0.266025066024075,0.0721750610010123,0.357295186381257
0.089451173183791,0.249051398105772,0.111266384521085,0.217498870778874
0.0790658987775212,0.234057010731108,0.0888495947050561,0.316540614941625
0.0907063231821471,0.313964343268033,0.114349506232998,0.289268659317351
0.105340099767936,0.310482627450287,0.148175325748657,0.283001765684895
0.130680503171978,0.254152535463132,0.137785021018089,0.312349003603517
0.09846364041813,0.304972896116608,0.129668721968123,0.348896680773964
0.0893335916559911,0.232744130464728,0.11951136335006,0.301977675697945
0.109607959095415,0.288703993237051,0.0960279121196221,0.278501791015553
0.0915599880359386,0.24305960327262,0.135064631058405,0.260871030953406
0.0704614574707587,0.269975384079529,0.114723783839451,0.280094510402474
0.0719107098631362,0.256743424993751,0.0976993985227423,0.229337829880006
0.0774937217540844,0.24826464929293,0.0943169630196959,0.25396463172464
0.0729562804225094,0.238330143337071,0.098176036243038,0.310440548240829
0.0674125457877082,0.283997572692517,0.0951927545824184,0.331348002991812
0.0647223232587267,0.246211314864364,0.0792245364986626,0.27143126968668
0.0823293914728127,0.224941169629037,0.0950077851460655,0.315171686208067
0.11541838800503,0.299188982804604,0.0965129001370812,0.239159331399419
0.0869596352857241,0.294421782871492,0.131952254798885,0.299610043214711
0.0873743375917924,0.319155265217052,0.166494363542428,0.287943590532033
0.0845720089211006,0.281915611543562,0.0962850516457653,0.298182936526089
0.0842150164698372,0.27437258906404,0.0888182471590079,0.240241358206828
0.070661411286986,0.278348744261628,0.0705054750373743,0.307450759774232
0.076714682038674,0.271448538063843,0.0772658579693227,0.300512123492063
0.074250378159818,0.272338228957576,0.0576454880845391,0.248751650391722
0.0930877000261248,0.310702029439056,0.190486351936334,0.329434472279466
0.0980524473561182,0.268907099824612,0.095698755776859,0.275515774808381
0.068338389790451,0.282265615061518,0.100524192353208,0.2737751621607
0.0627701379738039,0.267146530149638,0.112884843910589,0.280156082396226
0.0554800967395838,0.268890764193769,0.120168258840073,0.249670742021881
0.0712991359274457,0.252108092253282,0.103121753524227,0.272213037570482
0.0794571792332099,0.303280564220812,0.113138655112253,0.283555707921176
0.100707267055936,0.287979673400387,0.0967933180616208,0.369733769257477
0.063017012155338,0.287050162253241,0.0925573786584303,0.285061621662146
0.117438985821507,0.304786089823426,0.118332481008728,0.252227246738816
0.0815040660990084,0.247557392008843,0.138581724358526,0.239572034034824
0.0916189969903091,0.269765736382469,0.111482629592052,0.263242250828915
0.0897532888291157,0.298736504031712,0.0989448633500063,0.291402774811109
0.075095098821342,0.312967365483904,0.096932181712702,0.276609323919244
0.0552372269105608,0.298824945992981,0.134944739434392,0.288106793426465
0.0855669315220454,0.302478630445825,0.126951614388609,0.259372995181425
0.0706070969114627,0.318078624201636,0.109762801025314,0.242371000707666
0.0756130301518561,0.294907304383852,0.102118075623492,0.216912667608245
0.104907163553487,0.259910701853044,0.141472134148094,0.341416859889343
0.106424573143421,0.301366415442472,0.10069049888416,0.28959038694598
0.0688096125006194,0.277326995712162,0.0940388062903711,0.274314380308461
0.0877682729765403,0.2649227831257,0.0805771102383047,0.293953519236907
0.0854560120296561,0.259182423599014,0.0944237585917146,0.185624442255304
0.096934369178318,0.231131714559155,0.095566108858091,0.223780702790757
0.0633644157809934,0.328549622793143,0.111148804208799,0.215658840358102
0.0566974385173542,0.195650155221914,0.0794081708279973,0.305013178265195
0.0843796279763681,0.286914169870018,0.116175123880223,0.237936739939583
0.0614642977659901,0.267617490673072,0.103578681915145,0.248581513926999
0.0813123417230175,0.225622762901941,0.134668836507558,0.270856116454679
0.0801732270153848,0.274786410818087,0.131823933760311,0.291880639151629
0.0953161249769169,0.317225210292401,0.104816749442681,0.300160778861835
0.130232959575382,0.35957629350925,0.115753355798699,0.297415528896783
0.133332116910896,0.371594630182508,0.131883243687647,0.295025314331104
0.147576409497142,0.365140216135607,0.122206536592578,0.307295861772704
0.0961282203220449,0.303783028002579,0.0985981855947317,0.304316859970416
0.0800823536735963,0.310785091094977,0.142903506668226,0.262724764477065
0.0721114665214893,0.296418232273918,0.0907282017546001,0.2943934486965
0.0758321173951721,0.321991690297389,0.135320133173472,0.257209321620709
0.0628970646181573,0.287363144017243,0.115906440941399,0.306367207065135
0.121189312234685,0.294566710803329,0.127716994479151,0.248642078968927
0.0856908025069905,0.27764780660375,0.100993915478534,0.261672422092114
0.0893200561058167,0.279003092907676,0.105472369226393,0.31782012222944
0.103062126875836,0.30613727058445,0.153279457902673,0.264104938337129
0.100363228848004,0.283960200402733,0.124199060241048,0.275224708756377
0.0733594265737232,0.296690493550093,0.0884962576199962,0.220962817591123
0.0626654334774287,0.22345809631535,0.104889410479466,0.212485350882859
0.0255586309540112,0.264801547082381,0.111809830273689,0.243671007147429
0.0777263022811812,0.270253967840846,0.0848393280494226,0.27996699816364
0.0854831772536587,0.305704914383933,0.0801480576309011,0.280109301175438
0.0939677606418436,0.247668318372088,0.0693796663788466,0.256061428659417
0.0980028371224923,0.255774336626316,0.0752502581493246,0.317371571852513
0.100158274197752,0.265374862900599,0.102247615128284,0.252081605850727
0.0895367901811763,0.336602412611153,0.0906571585347084,0.280807662076292
0.116692007991947,0.319622041156351,0.144655921329702,0.293377374587817
0.0955852475098726,0.305696810339251,0.151728994065227,0.294462024267417
0.106426747135833,0.270500138939635,0.111984450819851,0.306597845114442
0.0978851462489245,0.263412325325755,0.0963851306645681,0.278113050412587
0.111835200617579,0.277842967930454,0.0903966228952915,0.294042250110129
0.0795364372687579,0.341221871578931,0.154965123403469,0.296426003108165
0.0653522488394759,0.300305248109814,0.101146568310427,0.284405011544106
0.107799990358043,0.299697579309583,0.115216489909823,0.277848890821603
0.0668816911626503,0.2748402915492,0.105722783009456,0.292372142947973
0.0656973359642456,0.252865703832859,0.0923445958942355,0.267487922161835
0.105104764006451,0.254519067523717,0.146132339909543,0.305266593718714
0.0647008135083647,0.333411977002799,0.098577365999901,0.33002187332863
0.130892409130673,0.28223824933232,0.126311848566018,0.249544080165997
0.0473341597898946,0.280502648984669,0.0606556885310961,0.272702750779153
0.113233563401518,0.267746359977488,0.0655501120716606,0.336976512584416
0.0726786341507245,0.276441124116051,0.129702518836638,0.270283710911295
0.0995496747350829,0.299297644555574,0.125404742355391,0.302316258805401
0.108852993309977,0.284388820432959,0.136365864942493,0.28525412342118
0.0627043123679137,0.259312519838443,0.120690756421289,0.314220951613715
0.0942690134530289,0.265139508961378,0.0933939351364914,0.333436976739962
0.101212900901019,0.294859255404177,0.175261270180015,0.254852111369531
0.0842903891370758,0.326752836153747,0.0829669491153592,0.283366435131963
0.0953037069992066,0.274437491095925,0.0934649551556255,0.232802750718164
0.0682888823623073,0.279313438599849,0.114476232958367,0.290581403279169
0.141822084978386,0.32416415773355,0.0949786625249004,0.276636708519481
0.0943512674322693,0.297451892187201,0.0996638532295962,0.258818384484353
0.117529185626398,0.318647038291769,0.12853293054472,0.262625206011672
0.0946089233647321,0.313568321039395,0.0816553824529702,0.317582933707519
0.104604315290338,0.275382245281106,0.116931576430589,0.262626555540428
0.0541501768201839,0.247418121703644,0.116909313310447,0.230314094093955
0.0510703791449055,0.24168959928883,0.116363896873466,0.22876771558322
0.105307956849061,0.331064245501959,0.161097011183157,0.309462094760978
0.085152366312229,0.278003209509305,0.0629264102540768,0.298676935649605
0.0719810781586192,0.294100249524473,0.0717724513863808,0.287953912657236
0.0990915983770125,0.273158324790414,0.118756025173258,0.266234813771785
0.0996340235959954,0.285269431604296,0.158233336139115,0.26867029036674
0.0510958798959044,0.282970109689312,0.0760299800559072,0.317310684844326
0.0502991714358953,0.255166608341998,0.156049982992177,0.22391965691086
0.0642345356738293,0.250038190441868,0.150936943107915,0.222518577914186
0.0774848146114427,0.244443526787019,0.114845573838666,0.275600085076799
0.0781065004464228,0.293020685455495,0.0875264895624899,0.262658725299938
0.0629516391147855,0.280956184800983,0.0691231607594277,0.256029025410888
0.0654907262126345,0.27599402613338,0.10256160428326,0.222818486921519
0.0947396631443716,0.240604487006574,0.0836619859344629,0.268554228494083
0.0624234326283237,0.254497640157051,0.0985626160359234,0.333848329769996
0.0858549485948662,0.259025917330693,0.0941043922456538,0.277727268756305
0.0611796877524087,0.278987180708587,0.0914732908296362,0.287903848799639
0.0843564954212724,0.252546409497466,0.130650445945432,0.251055558571485
0.0487880301420679,0.24214788486148,0.128321715121034,0.284233968123741
0.0987959939052043,0.273685548676798,0.0956270750312029,0.249241799981008
0.0740801112754144,0.265015911964928,0.0890298039080935,0.301338444565317
0.0641033190960142,0.212561181112374,0.150906440014886,0.219095487217646
0.101810912210894,0.234655887758569,0.0977071301679833,0.323268324475016
0.108765688426226,0.293425203143249,0.0830883038595305,0.283831232164563
0.0696256354891606,0.28659357133766,0.112267388528073,0.268783050786468
0.0661742338446615,0.297645189732874,0.102527840688484,0.26996685725235
0.0834285252431917,0.299159332210963,0.0913762877863437,0.287593452812359
0.0822224180349476,0.291193348892545,0.0871946944691477,0.298360259055574
0.0760535722484704,0.283996885629545,0.115863732872777,0.264592272006593
0.093593370143365,0.313564928770083,0.10787950061969,0.292907749321296
0.071045313066687,0.267527665831461,0.102539519400978,0.240439586606232
0.0581325561157139,0.2618995341801,0.0957041132746411,0.281897999982806
0.0482303936041651,0.270677736755408,0.108981335686581,0.227269377767424
0.163617367651352,0.272802869703765,0.0934798832231887,0.296410629211802
0.0859481852280363,0.289593389048463,0.137816263874661,0.252930993006346
0.0576257010949702,0.260863042936191,0.0940270378977606,0.258806200139417
0.0642917088733321,0.33965824491953,0.160949760373177,0.240842931661639
0.0795091862374863,0.242721653784548,0.0781075879006847,0.350520194438194
0.0554432372453428,0.28812775303166,0.0630768922102607,0.227436899861968
0.0520644290505971,0.313863934702069,0.0697112043554452,0.237222163395569
0.0694988736173021,0.221082599831648,0.143122676511799,0.282448072987946
0.0876921589555738,0.328639969981827,0.0879690408302037,0.252839154806959
0.131304237379417,0.280664938936107,0.115088529249764,0.25146661030188
0.0938613707029471,0.309703802893293,0.131301572420108,0.381645961237985
0.103644486704639,0.308501653931538,0.129782285966715,0.290016985837463
0.122380808299198,0.354253242702918,0.117483991401068,0.342583812214522
0.0912330649029812,0.284765324260701,0.135155492616747,0.321865201171444
0.0901087428835169,0.261880328391016,0.111187840658326,0.254982357550171
0.118332168159706,0.256356796555686,0.113810198999983,0.225364908633037
0.0705424041717269,0.292775515920535,0.0990864152968573,0.267382354771246
0.0816716511998025,0.269967592562301,0.0747469766644033,0.285471370117755
0.101607258806031,0.262594913590401,0.126141256149851,0.262161017320775
0.112805894964615,0.25669995103628,0.139581931437592,0.319900160222492
0.115184576807779,0.353567498791129,0.143422202568951,0.227987831987702
0.0730254617298885,0.243367275818249,0.0920792946589693,0.262987943574307
0.103557530862685,0.331943588264982,0.133648196180147,0.32980064655609
0.0786335046237134,0.334558536867026,0.122937866210009,0.23094191365171
0.0543560062159835,0.268687518092542,0.121567821241626,0.292553017878915
0.0963478418933957,0.296441527394214,0.0998795671669479,0.294630511703769
0.104522149109934,0.265975967165941,0.126762751252704,0.259408290151826
0.133935229188503,0.319545566999025,0.137905132646191,0.258265544068942
0.0699265791082277,0.257601424438391,0.119590041170347,0.305020562803942
0.0851710172030578,0.299608803527036,0.111051784691407,0.262125163259299
0.133169854589799,0.271873200458442,0.085562240262889,0.277570302136609
0.113479194138019,0.307399400777554,0.123010720126146,0.267877690870145
0.118051084093449,0.300120622348723,0.113506252181746,0.262407937067171
0.0506620134634963,0.286739841019724,0.0819564601100088,0.268878697743554
0.0972501035864534,0.28442996627757,0.0978221467865336,0.28930496995596
0.106348457802142,0.307682867431277,0.0869875525085086,0.298564389988303
0.0925608208269979,0.370245157097377,0.140060907538297,0.338163459901316
0.0778277871361921,0.227200815148075,0.108029330551507,0.290264902775641
0.107733454118984,0.297541053340427,0.122828673714202,0.260812508039568
0.103135335544314,0.288237154799754,0.11615579100251,0.252445281308409
0.0834186148414097,0.34857099692352,0.122392793646541,0.230998545418534
0.083904633703418,0.35862121806008,0.110714177438272,0.250870661570884
0.0952986621183694,0.291782231353874,0.143787322394545,0.34642667279782
0.0689383817316319,0.287626460191334,0.135865851810175,0.253580298179397
0.0871089325636701,0.349267632392014,0.0863041932053666,0.305682701544929
0.106917105136689,0.334646499721496,0.125029220679106,0.323277525705028
0.0760647342930375,0.263168626104925,0.100961202290371,0.256411511518652
0.0619028989648307,0.295893965561752,0.0943638207365459,0.255354119096614
0.0893321141452712,0.251635933707792,0.145308251870432,0.307544321464195
0.0940719012516706,0.272476758653768,0.125851048271207,0.263303985842013
0.0606723970845781,0.281238678406931,0.135193295442047,0.333334626778748
0.111393301456766,0.292038344538622,0.087302881635836,0.214033798993833
0.137441259612219,0.335045391920248,0.153438969691753,0.294475224366771
0.123950769253041,0.256565491699579,0.109277482572986,0.262489633553898
0.112887216116709,0.27474284416721,0.165862055461574,0.283877427499467
0.134176767918105,0.285220721550921,0.135182914118126,0.308281871905543
0.0670842436553296,0.253604562297004,0.0890948152015312,0.230026392724341
0.0812436259264988,0.320665033225612,0.0962279447143661,0.234984009091414
0.0633814576342759,0.303035233030364,0.124046067999495,0.312785272087365
0.0548439020093491,0.262785536348278,0.107616741649363,0.315318547997869
0.0834212192701629,0.314469292108557,0.109760194487409,0.246354708973813
0.0706750077483396,0.255750151673385,0.0745265371963139,0.326477830159653
0.0851605367101658,0.299845638903636,0.0739349658326454,0.291360196453955
0.0830501805124374,0.242342707832677,0.103428855879016,0.282659822788576
0.11205757923579,0.218606483711816,0.112211576648568,0.276982841132026
0.113975771775851,0.294259620787469,0.137136925184492,0.295302170823082
0.109316854789275,0.338895080462879,0.137061449435597,0.317989680774336
0.0735638688750187,0.268811826025635,0.114218346582734,0.315255920568843
0.0801170087028148,0.284691574527244,0.128399912095001,0.279076378258974
0.114038460023182,0.299176250986955,0.109596746272196,0.316163605696864
0.0901571380033323,0.266427700140363,0.0933823152209849,0.315924653546726
0.108719416067294,0.288334587164822,0.0986918734614909,0.358320330801676
0.0792813614548676,0.2607510606593,0.116480580822331,0.312352328650302
0.0478153928924706,0.258441536539377,0.129918416886197,0.230292963962963
0.0749547577665715,0.329653978621957,0.0925730599744791,0.287773548178991
0.106565376191885,0.343701422045623,0.122555360228702,0.274943903780576
0.0834377669462787,0.257063741523064,0.0872175012449323,0.270373155123644
0.062866044750966,0.237522546959863,0.120727378001647,0.26097395965339
0.102134093475073,0.309061389390025,0.0923266561677777,0.235831207974895
0.0526263530818012,0.234314489131505,0.0725363173338967,0.302221570103867
0.112379314212003,0.318231939808658,0.111677904920192,0.263307396208063
0.0584231612782314,0.247667069375609,0.095068553088024,0.268298949643891
0.0648992168349052,0.241173016570732,0.0823828182593298,0.25736724586024
0.0496718373784122,0.281826676304301,0.0995319740173586,0.258825305870607
0.0884381011849303,0.285692037950379,0.0948591814744099,0.3176546190077
0.0789450910448245,0.243501766805244,0.134276864322372,0.232414319288395
0.0620895996009418,0.288992162165716,0.124357194474941,0.251072793583822
0.0748872718516261,0.236368494301588,0.115567668420726,0.284382260245253
0.0579200825185636,0.30188246276727,0.119722917922232,0.251021987205859
0.0624062542130926,0.245658933378074,0.10992628052969,0.329727479428258
0.0736380508095945,0.320998789396795,0.129428681954352,0.253565430687786
0.0849995483971083,0.318667364326243,0.137906783026915,0.24750853870496
0.0591758672781954,0.182287492417046,0.0921650443479561,0.260475947517964
0.0704907423047859,0.234599724320849,0.104812098702387,0.223029016949789
0.0833062358466335,0.216187836313408,0.101607381150765,0.186341401168753
0.0633957196632272,0.284573669942181,0.0976926328113022,0.277293047346293
0.0737504113208122,0.250206369797408,0.0784726012861029,0.271314833950397
0.0914413142645846,0.2605243330438,0.103111838708295,0.238629028618689
0.0881646291384458,0.260946550642671,0.101302532202395,0.224146181268762
0.098565083680306,0.280422914421063,0.104264970444283,0.206905479997211
0.0589028572315197,0.257334900110605,0.126910868755956,0.303447257843372
0.0624768891080152,0.251391593521033,0.069673339204788,0.253096772082076
0.0735170277323697,0.249076373064975,0.0951095391368687,0.245912832397051
0.0659738625113254,0.299477059663844,0.105002076378132,0.252661321348725
0.0912270374138963,0.363933930912017,0.0883709650071071,0.312352615100283
0.0938258134976329,0.283973777452629,0.116522595080663,0.304894915958284
0.0933456425057948,0.251936526003372,0.100362005993235,0.284933177314303
0.099198425715379,0.353534044892301,0.127531110925799,0.300016338186773
0.0823306305251219,0.282398588479533,0.143662300386067,0.320189497411081
0.0947137712275891,0.297025389337674,0.0983025891517229,0.274741247361464
0.111155197718468,0.241023930756614,0.0941438817144945,0.2497359221965
0.0557431501480752,0.28175981320324,0.151686651874905,0.268937022477941
0.089348152694371,0.290613964337868,0.118568899200262,0.311761996980826
0.0497621723467768,0.254219817426566,0.126844365175526,0.264329051618931
0.0865069367516469,0.286852597539479,0.11330905258832,0.28427612200544
0.111814569299356,0.318736391658615,0.122788926919115,0.287107728431719
0.0769699971406074,0.281782176296062,0.124217732849894,0.293281704699394
0.101480074322175,0.319484475351478,0.0931442977927469,0.240183605083459
0.0572844381988775,0.209331387938017,0.119255695338935,0.235818218782989
0.0681395589995235,0.260342696795811,0.125826383664586,0.287617911918703
0.0777124923329943,0.321693512280137,0.0992622865892242,0.317256649787669
0.0966396779133411,0.254734359756897,0.0813108845160936,0.245971474843442
0.0535409835425585,0.240091758698038,0.0955587431300847,0.284565455065657
0.091208718803446,0.354192604571528,0.149648450254276,0.212637713306642
0.0650852168867318,0.309018585712834,0.147254389692143,0.253132371331905
0.101105043195942,0.333656353077169,0.107243392363975,0.296089784359499
0.097537357876629,0.344803827561559,0.0998981990682409,0.310805053737057
0.135299009977578,0.289970204311123,0.122898694732279,0.266437787910518
0.0761553591310539,0.354319794448213,0.112043077200175,0.352527485766201
0.114520703676599,0.290996086184701,0.0927465576860432,0.309468948305497
0.0820383416029511,0.289723497634115,0.10239476846432,0.310432485407742
0.0763443734736569,0.313487401800716,0.0852405055001291,0.261516512539674
0.078613554831526,0.248320089001832,0.135946148346182,0.261359290627489
0.0704475719470645,0.332248071899958,0.103865542159487,0.301291043390455
0.0771823629146256,0.253440296419654,0.112006477889707,0.274552726340158
0.0878762028261123,0.246380386913752,0.109148014945347,0.273362346776983
0.0678222907554781,0.253811987978383,0.12807468460452,0.203832146819315
0.0759830844022133,0.252164481147739,0.103336162569949,0.291272204275227
0.0789234983445433,0.270656581006929,0.101290659833699,0.292082945051221
0.0848356223436545,0.282322136740319,0.131266370511882,0.24181074501102
0.0564594775136846,0.309870332513001,0.126538344229466,0.297123378169491
0.0708978676169749,0.25832213750105,0.111926054743517,0.260070406359425
0.101908686460396,0.30752322157808,0.0812526048689242,0.324922724372048
0.0866492122550319,0.279363963959452,0.0953852655404743,0.222268118930157
0.109654221107325,0.276433828304139,0.0979057476447904,0.228024334535428
0.0959528232545209,0.253335740790116,0.127429347893285,0.273508692806101
0.142203374134906,0.244683950467705,0.093401560074581,0.255233861478229
0.0876189373040558,0.232900659465955,0.132487874907301,0.263211797995218
0.0961886406801949,0.246770163469849,0.105554171709862,0.287440529345217
0.13490238265871,0.245214043192154,0.122558220254915,0.286763681248218
0.0967101814339176,0.275528049825902,0.108093195005697,0.23689023891665
0.0620737257041181,0.25494285484163,0.111848007797268,0.295282367857025
0.163718744188852,0.392464419278753,0.130089493448542,0.249838914371271
0.0911622287604795,0.303714953198978,0.11510314851117,0.260171667897909
0.0732320098384392,0.249584701064953,0.134425807732262,0.303266964332552
0.124270026762831,0.307531615502253,0.0865905125414521,0.336028776622865
0.0813394552381781,0.285721112440143,0.100833424271793,0.243530831010546
0.112317214751759,0.313823832586784,0.127828500206107,0.336443359496938
0.144112318227667,0.330310756244094,0.160522693689782,0.299137840641793
0.14724591963502,0.290231508010785,0.112591530338275,0.280545405745519
0.172670281963148,0.29345141134223,0.114368466611245,0.258017296761578
0.107899437063264,0.266325047011643,0.130338850207687,0.254459814351859
0.0755339370822527,0.30965065120939,0.0927436758205217,0.329973230938731
0.0790330607113229,0.290039061982979,0.131648401982702,0.256438596993877
0.0909991760943712,0.278620528860418,0.116430879906627,0.25065743081001
0.0819983542571484,0.286617663688377,0.0893447070059354,0.264300906117765
0.0841551135404471,0.272651780216524,0.123117265550071,0.290963250170639
0.0961949302916204,0.289946844651915,0.108506287735447,0.266568217051254
0.0621242257961118,0.281753222973426,0.135486871181839,0.243534923139835
0.129289621403091,0.272987946759327,0.0800593099087693,0.335621964689705
0.0780681372828912,0.326684264977153,0.118557121092322,0.277546199151368
0.0939786006980062,0.2910863754561,0.129614566920259,0.302765342304017
0.0904694244541865,0.258871898159654,0.105141639421846,0.229636205190807
0.0632514549653173,0.28531729777718,0.125794863649479,0.219019275914538
0.0946844388633679,0.287222333720373,0.112409043735808,0.226272441696071
0.056598610524495,0.278993723391599,0.0789186073948741,0.246760075991114
0.0933379460113918,0.261824405606876,0.139307301189762,0.311297442166662
0.0866912402865411,0.296803932575696,0.106007936419762,0.328956145371093
0.0637331580783558,0.269482807785077,0.105703031492775,0.21136072543711
0.0772312048794354,0.292122902134663,0.109024020450683,0.285825015433243
0.0866720095468251,0.319895840672499,0.14061811682457,0.304702902226245
0.117678755581643,0.252967520158307,0.132701383757958,0.284322453387388
0.105164778608799,0.353079786729473,0.109213454303344,0.316546468096914
0.0639963346890245,0.290914832591692,0.114508091374495,0.262208829645376
0.0510648786822129,0.242197788707217,0.124563802936608,0.296349569709383
0.142045811159211,0.280668334844977,0.110066156737201,0.26397271305552
0.0676596067511696,0.221093064594456,0.099237356285297,0.321725704153146
0.0849070129965557,0.264416658119844,0.111667937634015,0.225395403848021
0.0812609333580222,0.237720554778566,0.0837758360735998,0.283608224012159
0.0869130886160324,0.358926223333188,0.0955917556318493,0.331556516171013
0.0720186163066043,0.270006137299211,0.073046714069239,0.248163155997882
0.119706934981699,0.343007059368679,0.135540044504167,0.252122475896515
0.121844664974208,0.342924500650479,0.128825406930032,0.253383980232157
0.108786806079881,0.296057573739738,0.129099772527074,0.298882513321675
0.0734587598581541,0.289273696305396,0.0950014971653088,0.305698407869626
0.0617167704667802,0.271389551934252,0.102064980177533,0.282049333792188
0.0465405957952161,0.23024188697854,0.136572191942904,0.253511799758352
0.0538432472775532,0.274264788393738,0.0951478260736876,0.225432474301485
0.0831169323621514,0.263718285515606,0.13119050130003,0.305788116092739
0.103620054208861,0.342540195837842,0.113285855277312,0.275242643630125
0.105597771123337,0.265036228941091,0.100086946566064,0.286515358366288
0.0823403343221885,0.308783435795236,0.106279672909735,0.280337018158516
0.0695056456372418,0.266632489001351,0.131819682626134,0.260899367855226
0.0717439131051334,0.273309955629581,0.0788278717087412,0.283684056062279
0.116339669269786,0.296444220587803,0.136309344534682,0.289192111774198
0.0899584820816902,0.292669705707309,0.115049591963693,0.259294060324839
0.113608361814938,0.273748793373472,0.118308010858193,0.307997758016036
0.0999208662631763,0.343675085792973,0.117099132647505,0.310217983714915
0.102030349803962,0.336809992407183,0.117360638958827,0.327053639338028
0.115499830691084,0.305504773179509,0.13134946504539,0.375248834251027
0.114320461028687,0.274641738120705,0.100564935191075,0.234187783624738
0.0978643117192588,0.281734423453046,0.0979635081416525,0.243959555813247
0.0850952111437923,0.321251370048324,0.0964276624247902,0.269966388451975
0.0690402391512059,0.214612021625324,0.10440760177193,0.272214219776799
0.0885364431991734,0.232885680195342,0.154505527389903,0.228664941731712
0.104959878949599,0.208865168944794,0.104674299955518,0.307727244713066
0.0867802155299032,0.297641141210295,0.142522196652494,0.247708366959895
0.0754164151810211,0.282461427881246,0.111658242047147,0.308005878584509
0.0766705505373872,0.259816724452476,0.09328339293353,0.375916630785468
0.0675218395356686,0.236416331308423,0.0991794315198951,0.316304816864821
0.0813337511170215,0.239137938216173,0.108122452003698,0.190063473574358
0.0762817726886625,0.247829399139369,0.120036872069741,0.229911580291508
0.0979932012598257,0.328887227073849,0.10547262574957,0.298453531700395
0.0868369445047142,0.324502448180523,0.143252622316889,0.291328394270452
0.0924539077051772,0.25313575745488,0.11606436760732,0.253157020399742
0.0626548521513114,0.307550924076819,0.104134868453837,0.303315951847534
0.101287810756584,0.260217053839761,0.119010490755417,0.276962393178707
0.0945804503520621,0.266152298763819,0.124494931614582,0.267439700664836
0.0747334951081657,0.30351408337041,0.102075698130983,0.28583436809767
0.0884701626856512,0.282693451214737,0.0954443460604527,0.27894634554151
0.0976886182267125,0.274761705301339,0.0971112187138706,0.286313965753415
0.0648637091581963,0.281013391365409,0.103729844521211,0.244797761353469
0.0934808219285615,0.292141743642253,0.121409543077067,0.304434202882458
0.0556652462481604,0.283266066872597,0.121015478221004,0.284225936367326
0.0735427264984936,0.226930046114656,0.109710092570268,0.265953033332656
0.0887747117080534,0.239917810849274,0.111693301607052,0.233095305031198
0.101254013396035,0.358008725530849,0.106489278032286,0.345235681314601
0.0816575183717369,0.279044156770305,0.160635040981491,0.275975738828227
0.0695854140533823,0.355157038922694,0.0913548771597432,0.27647065186589
0.136811830827932,0.316871015362837,0.137812408552317,0.331152620116838
0.0818246478089836,0.39712128578767,0.132025074839823,0.249406715999645
0.106345786693813,0.227470581048686,0.175018503432288,0.30881616673022
0.0740231216830117,0.295256103699331,0.0879017616836741,0.31268255484791
0.0804805486228833,0.285793821469207,0.0839354816287584,0.281703693291434
0.100382135109534,0.249668849260217,0.0943511893417441,0.23248920319825
0.0721954547445009,0.262802427936383,0.0672463779177423,0.230066752016057
0.0843167645461413,0.225556143894693,0.119985727515959,0.299355178007493
0.0617870419373379,0.308418928816673,0.107068413163927,0.240765518426285
0.0691820642433439,0.274776079711126,0.120421174267224,0.221903835926527
0.0745864985853714,0.355086994972255,0.107567420962611,0.262516557980374
0.0473326870551756,0.29312002879971,0.116878933284126,0.316644647382263
0.103518028646977,0.264969859471178,0.113939959786229,0.267197607601621
0.0689932055285611,0.336186641446582,0.13135193812199,0.250712380998771
0.0923466773950258,0.317357768765053,0.124165967332323,0.305192696650378
0.111071660480636,0.294434504591979,0.134991272335285,0.301270726030729
0.089695649218472,0.31383283245361,0.110729794060926,0.336261263130299
0.0926526332851044,0.297512868297402,0.111038203564406,0.360051197019517
0.0908209191810974,0.298520557412412,0.135346031554185,0.313185853728533
0.0965260754825158,0.262388404723415,0.126931874920061,0.279729559524983
0.094709651198911,0.258256076787582,0.114223419271297,0.328040903023893
0.0804895898226684,0.301339948386935,0.122954453192708,0.253075251871619
0.0854521059339211,0.292504015011882,0.117089638722274,0.279788419124479
0.0741400391919432,0.233119130520524,0.0922728708022069,0.220510186789456
0.0543742823928948,0.269343340428608,0.0375419818560064,0.279704906387104
0.0973556532523138,0.234025206123167,0.0571950138426861,0.233051788291551
0.0518955846184154,0.288805251603488,0.080358630075113,0.283593665971124
0.0879416774786941,0.258785309822959,0.0936055169440842,0.321288161457298
0.108558307295696,0.242825660911896,0.112020929164984,0.260942601031953
0.0981572040817588,0.304475306943551,0.106989308586772,0.248305922342825
0.0754774268124166,0.251249974257136,0.116486253454322,0.268709455456439
0.116141671756025,0.26290356163344,0.142281049412232,0.317999902370191
0.0880398257377562,0.248200605118902,0.104934625998815,0.320307918165422
0.0824617875740293,0.309353499699729,0.111276971559325,0.238446923239408
0.0682652298234965,0.310888507125024,0.108335635457084,0.253631263576444
0.0685248940567103,0.320072801089127,0.108721095505665,0.255138762669919
0.0661674966039546,0.259758397252465,0.109528503171441,0.270512864438236
0.0628917918437131,0.310505522321403,0.0864328743719225,0.267881402080088
0.0606652969873104,0.318596968296675,0.0815601393091513,0.240083300559609
0.133743654822165,0.327600900963042,0.144726073573858,0.290260111358668
0.0528085551940406,0.203441110802219,0.0894006955184856,0.303679709496551
0.0446300949548562,0.207908507729852,0.0649545244956389,0.195309453210529
0.0869417970773182,0.218565994746297,0.0815657633878682,0.238296656307263
0.118231621875065,0.245272421930913,0.105009681562038,0.260264144327263
0.0996771790534687,0.265503586675126,0.112834544993324,0.242742985994682
0.0574646230514664,0.261263192051157,0.121561078213004,0.278991281756967
0.139657847478202,0.29755805276487,0.107957688581878,0.344917887226107
0.115668258847296,0.26112430251293,0.0931681868634864,0.309666640519466
0.0868548559409169,0.28263815631695,0.161305110800136,0.292689633787765
0.129612835924114,0.308973592019207,0.0861076947508814,0.303507539113772
0.123479161619759,0.31954761287386,0.128798656287816,0.279954987372835
0.0604373031682698,0.265812975567255,0.10142178192146,0.247078687082308
0.0722339192647581,0.214181469411836,0.14980741215975,0.266791441832737
0.0510132491905401,0.249824456108366,0.135196773300698,0.293682225237336
0.0717441531200678,0.257179168282355,0.136275150324787,0.342437254205795
0.0627677952910813,0.269954728726848,0.108445664690156,0.296412589959806
0.103998740707173,0.321009510760327,0.11397173941742,0.364956531156047
0.123148048609494,0.282547717255081,0.108990659459543,0.399078357467988
0.0829017514678496,0.313905032128296,0.101178651723472,0.243963157969242
0.161659911746709,0.285010074862698,0.0918236701623946,0.279708173522964
0.160297704252187,0.269773637053835,0.0889630964981204,0.311676559383882
0.0873577785755044,0.32390267044113,0.126692115025027,0.275494268797122
0.0772786631738636,0.326501372477724,0.0934665070264755,0.279644674751969
0.0799112206775827,0.248770623920111,0.0954657885783781,0.254319753473891
0.044534245410367,0.271659142649532,0.112880347676947,0.258764554875375
0.0838478163301657,0.267620501780592,0.0675732076337799,0.231275312922559
0.0912733600804755,0.297561435461478,0.121484001886048,0.344710963682428
0.123035777459594,0.299143030973205,0.093172635192346,0.298837364281189
0.0849543136372626,0.243058670891359,0.0653739788291764,0.292793353969263
0.0759351285461067,0.276693770661731,0.0597387451701714,0.299394892666909
0.0657647392640801,0.235988176301307,0.0762083079025805,0.176132201360902
0.0695228175436422,0.234471640335591,0.0760358317581077,0.183124509795315
0.085879448142118,0.21369656599398,0.0816710470941628,0.238529793940897
0.0868941823051593,0.419496970248085,0.124566976918343,0.337547362705053
0.115772044309561,0.340264671096518,0.111855918781869,0.32954482893887
0.0993104368759682,0.320803064191743,0.1423226224068,0.361170808251809
0.109069464906631,0.30876786109879,0.13363379609063,0.329633074054238
0.0757274657535451,0.265325919249549,0.0950887369013379,0.246035824872868
0.119268681111119,0.307730631714294,0.104782846271832,0.239475512274702
0.0888779166368807,0.268199035118861,0.113103741105354,0.308135877454502
0.0790601006842289,0.345097207202651,0.103471849119385,0.235827420439061
0.0602939907010223,0.25654040462573,0.114582601538069,0.292927424306565
0.0899817625402773,0.248392238734027,0.111344941789925,0.232415284359267
0.0653240927106499,0.292854704752524,0.0926285384961268,0.198642700713113
0.0916471316873701,0.255133494395564,0.107273551478197,0.314797964831967
0.052779234286889,0.397997196977672,0.0882649896929431,0.238180023713107
0.0893471020863554,0.249936089825069,0.113407188213411,0.219842300149344
0.0587639881079477,0.251036278715238,0.0867773628076989,0.26879220813553
0.0732284018484813,0.26856929774695,0.0672344271658118,0.296016957344135
0.0608389947764684,0.251693706224472,0.0871856846914885,0.248390246336799
0.0781362159151326,0.264648009486837,0.0921218834083441,0.263499890592926
0.100202884173625,0.258922274927151,0.111895828859136,0.257006075027928
0.102055178413775,0.316477174816835,0.117046700337385,0.221343485327652
0.0987809397083446,0.358119677968498,0.141346367614093,0.337794448834712
0.106874658496053,0.35885715618367,0.0993178438874871,0.230163620664675
0.0735147071138481,0.341910393409112,0.0909959976853804,0.294884062430122
0.0886005218160732,0.283165225979319,0.108933255229877,0.231240477205327
0.0684125213043551,0.284633604103782,0.0998112440312853,0.33647720823717
0.0738082346542532,0.27317184238607,0.0727421430806967,0.28099300184281
0.0935434536941449,0.275190725784793,0.105569255145389,0.256266022343104
0.0864462254143305,0.322012370829979,0.0993968408137306,0.276505523923075
0.0854339025889135,0.290047932813933,0.114877429605932,0.278073667318765
0.0716276948973452,0.306699131776785,0.0783093725441968,0.288429082474984
0.0804826116634175,0.287082537306407,0.107073245542816,0.317194075816876
0.110062268009273,0.2763272902631,0.124241058814251,0.238616738129034
0.0909262580276194,0.261030635598906,0.0967936946582272,0.254743464347861
0.0934092337117623,0.286275870002603,0.129407017677436,0.328351719788413
0.0760122668406907,0.30305554988434,0.166907265638451,0.25363823334458
0.103711420158848,0.272239614399778,0.113667701651636,0.308769356582755
0.103627684749536,0.272235572131691,0.115885997328673,0.302959915683873
0.0659675120775354,0.272314421359243,0.136175155120858,0.322978576427992
0.0755732053609831,0.309947163656486,0.0801731852806996,0.229822121463679
0.0899474456460469,0.238973637586819,0.138606701431607,0.286525061411391
0.124590778378522,0.261068838994333,0.0927228987271146,0.269651673279152
0.0765227605456627,0.227201891089109,0.142120463480873,0.295597482489108
0.0915994654833956,0.311416403551414,0.0958147407772941,0.295874632008203
0.107027413982798,0.292630766419428,0.102433737058748,0.228934552842191
0.0596698765309568,0.309535015931293,0.12561713058833,0.319883597370309
0.0848176919560992,0.251222154527588,0.119393982417833,0.239707167595728
0.0869780769530939,0.258338217772089,0.108872129109269,0.216607467720986
0.0745372101606054,0.25970335046607,0.104806005843907,0.215378260468337
0.0765629971853257,0.240319102741123,0.093558077623631,0.248977107558724
0.0620123049832959,0.271071915058772,0.0769949248470828,0.259997404411557
0.0774974475817574,0.233845499669851,0.0726773446751019,0.211762946026048
0.0813037542965503,0.264539618148994,0.157259939988384,0.288263005019788
0.106832627258566,0.251094082478521,0.0826841933404372,0.250954603764512
0.0505010701804427,0.296203454028042,0.0908173415081128,0.293581280123555
0.0593205141858088,0.291927503649299,0.0944153471735775,0.295169570627314
0.074716872129756,0.241716024355118,0.136147278157659,0.271165262684744
0.0709221138959516,0.296209439195419,0.10633297997138,0.267917161553184
0.0621879674492478,0.210187313263425,0.0762055188990959,0.275023561797695
0.0660485864723824,0.230509478012571,0.0834876657797666,0.226344063250778
0.0979690880207415,0.285301724414993,0.140330506570219,0.28842637067063
0.105771254594638,0.324034734054106,0.119005260532947,0.273763180185502
0.0757860584418696,0.293425533125947,0.0900788355050467,0.27390100869413
0.074150618948894,0.29336623104794,0.128069771226943,0.264030443048371
0.0858815088541242,0.252722014023234,0.0899758177128669,0.301438894821107
0.10799576147398,0.296116723824417,0.112173523460729,0.301656975523056
0.0902773141568367,0.28186234373911,0.113888251031765,0.313849208596336
0.0953937372356868,0.341724263212522,0.147173306701162,0.291228475923744
0.0748450961065555,0.302932139280245,0.105166685417114,0.334330083072444
0.0680173519371397,0.313071326488392,0.108757646937978,0.280973471670486
0.0909119016027572,0.268359039985539,0.0891555957915497,0.255442405071007
0.0528036178801628,0.284022357173872,0.119179344918186,0.259843607555287
0.0524715429165946,0.278941565131979,0.117753674507921,0.267068516754096
0.0745728289087669,0.267188276462538,0.110513824296149,0.282001298980369
0.0668346099144741,0.22512309268174,0.136389879371521,0.288732871389111
0.0729129974293686,0.255117228576306,0.12850677367929,0.277299503115829
0.0736197498360834,0.34893277495941,0.116970227876293,0.256191682997264
0.0776938237218805,0.365709219366238,0.117170852425695,0.257723150281775
0.103175720597297,0.261432266934131,0.094639274033895,0.341747545137334
0.0938492539005736,0.361116861405067,0.124017583394018,0.371564787574
0.069171672604869,0.307947272793039,0.123897984886864,0.303675299851097
0.0820149654347399,0.259540646763441,0.108541399551591,0.300950941968292
0.0573203310551418,0.27530205815667,0.110257532452653,0.23775739286693
0.106067611761658,0.260886795661984,0.117798599937492,0.296166973357465
0.0696852895489609,0.25356676928052,0.118319450358587,0.277187166463207
0.0696757966393108,0.234556350487767,0.0805008125061851,0.281008130840518
0.105890995766467,0.33701830710783,0.104525209259536,0.327610998492457
0.116443691600964,0.343627957865994,0.122980021564423,0.290979709397649
0.0786437406359807,0.300503305847641,0.103209643646227,0.297170026386429
0.099779142074975,0.290447026250328,0.102184847703244,0.313163788083578
0.0665348716961911,0.277356952970824,0.109089666490437,0.207756273940242
0.0840047131790189,0.310170853034762,0.0867573642269876,0.261608129035972
0.081693012954199,0.281681953455062,0.10528440704992,0.314244985106708
0.0583880376828254,0.254993963689904,0.138890605060696,0.275518725295586
0.0566860483929825,0.274834833832105,0.156252827408421,0.248564282622969
0.0567018064848976,0.308717929340862,0.0918849737832601,0.319355316771518
0.0811338519258722,0.279923309457764,0.134033605217337,0.26041386161687
0.0851638531409562,0.247349853633417,0.113845192075387,0.25444097119164
0.0861253368074407,0.286125706977228,0.094528965865284,0.317264757028876
0.101079722799832,0.302162364855938,0.119165199246541,0.28855182924669
0.0774754176635636,0.297654920454174,0.118221802851636,0.280504522519568
0.0573723494224663,0.255135841065728,0.0738903502956628,0.199812658024949
0.0692781133464087,0.217238114964953,0.0805826449346825,0.284410213397697
0.0737731228633855,0.278091970673406,0.10187575767465,0.232685715729204
0.0741175729969994,0.219642878971876,0.0895951239934684,0.255953845448232
0.0648973488619055,0.221903396388318,0.128377568438358,0.2498630719333
0.0894218593407511,0.222398918062865,0.0900135070845418,0.239530378410923
0.0370629712619467,0.261768857807163,0.0877699096471602,0.273126547342047
0.059525832736279,0.281442714054041,0.132294469937426,0.312407304332052
0.0614461466234603,0.29410635675428,0.105099121893525,0.327513699882829
0.0856896967326049,0.26020883156951,0.0988404836306662,0.31329026536954
0.0923334438895666,0.208410127009655,0.105083518478885,0.366954763593983
0.0740756856398784,0.286713719937302,0.093351131310865,0.246823518873326
0.120286219140421,0.234093959103851,0.122134527742167,0.350904600927517
0.120456607790654,0.233947926641694,0.125452433557116,0.347156109890947
0.0730825268808337,0.285086574597305,0.10923231470942,0.305677976442422
0.0450627674683289,0.234983828363087,0.072408281204195,0.270836372139248
0.0952575850347764,0.278708009546915,0.0851446462090994,0.343560623170929
0.0701664299882198,0.311794602132022,0.128909966812102,0.24769913868548
0.0849274998941513,0.306608845357582,0.110197128816412,0.311862544829778
0.0669237108830374,0.272647415960306,0.111837060221938,0.293401372585352
0.0614380509200322,0.245099865091794,0.0946952084655499,0.281530128518568
0.126768581178051,0.33172310823184,0.157758712008985,0.283570233236152
0.0832964945905354,0.269498772935903,0.0938986511959067,0.227439177466791
0.0770123740070238,0.247048337777968,0.106570052568133,0.251528742115425
0.0564196165282341,0.271541325993426,0.118310301065575,0.256466661832083
0.0741898379394569,0.259834774282072,0.092144297309522,0.261488704312426
0.105905779371363,0.365467496410398,0.112113726289968,0.280277631385087
0.11964828692875,0.302133648368462,0.119107115599199,0.257387810086183
0.0742664045606311,0.276660041902072,0.115567531220976,0.300080930095676
0.10058786845554,0.303514321484707,0.0721454543133846,0.275068746450715
0.0932553990921874,0.273463926347189,0.124950744256711,0.31335515060722
0.114347008209028,0.305187125537579,0.125203835603608,0.319675336321817
0.077190144299963,0.325086715370169,0.151087664999834,0.349559425822052
0.0933832716313336,0.280412673647466,0.0797231717027929,0.258916997303061
0.0824306530067529,0.260796070799982,0.0786794030010139,0.255634099889084
0.103491496967686,0.274356784170098,0.15274163824666,0.285339405051229
0.0976769464908671,0.285499846019308,0.141725678426998,0.273125289183542
0.159158296485198,0.291493742030209,0.12562309348443,0.290573690905056
0.0840094663600365,0.26017735764117,0.109558308313309,0.280512397369934
0.0894564766495312,0.32467344059487,0.121178084835307,0.241537316558989
0.0859991347345812,0.357855006408496,0.108866153737481,0.298311990728179
0.0826099063597783,0.300449522274923,0.118207083071354,0.329158832707872
0.0628534999162076,0.289623955084085,0.113902888320481,0.257236799198989
0.0764994621131468,0.306990163452716,0.0913539794209006,0.266884602937842
0.0429406690974941,0.261038343195206,0.128905931755748,0.282079674303829
0.0864836583853635,0.232179777626404,0.123217147924741,0.248326848902364
0.133347709305658,0.271819805605546,0.104954191943476,0.28265849445922
0.090117256245165,0.280893257881469,0.0952345349241989,0.310933404483309
0.0699940209084981,0.248311750308179,0.100000977253652,0.296276530358187
0.059923522737068,0.269716038752619,0.127884861992172,0.272685459392455
0.0628990225383583,0.240727029606499,0.0974474668250641,0.270547991380994
0.0762288750563404,0.26202451637987,0.161960146362135,0.268195296699003
0.0816516576969256,0.250126435352476,0.11532498879999,0.306264242322215
0.0916912995100517,0.267817004129104,0.099727352649237,0.23960885732529
0.0878125323259186,0.261861965646039,0.0956615508050264,0.253168633202284
0.0589360174923186,0.303555442667634,0.138735335635449,0.26287439984197
0.0673309369366845,0.283334161755103,0.107653405112672,0.297551514348477
0.0981153062709583,0.308105514959929,0.126426423863927,0.297532242031194
0.102560358234078,0.299270645219885,0.107633874065226,0.314028903982364
0.0948611119704034,0.354553658106583,0.124328805712101,0.316620954526245
0.137856849475117,0.314417312436008,0.127700141653591,0.306027893095198
0.0769164662550989,0.307659407927585,0.131436739346003,0.292841489812786
0.127914033192187,0.304445731495453,0.157182578458046,0.292713516541527
0.0796665483194172,0.308098064347237,0.0948969926886015,0.250496099872963
0.0956070845940732,0.274616466971311,0.0935343583542302,0.312490027184245
0.0995256529994628,0.285056324913479,0.108841036866436,0.329721093000216
0.0828961972876146,0.365034560047275,0.133865231243583,0.324612455995942
0.0946600610006242,0.2842401388732,0.0895577166717414,0.35778250497721
0.131097288279438,0.302872132108302,0.133983832187568,0.249063887229666
0.0716479657732672,0.356254496303052,0.0823891150676601,0.388128234638686
0.125461983869475,0.252114859149569,0.159505354429412,0.29426026577966
0.10167829658627,0.309802068088401,0.128623451369461,0.287508373266045
0.0962892907409581,0.247364291008978,0.102587175343731,0.301665739326363
0.0926177487056192,0.324671670075949,0.108934137372176,0.286889035160828
0.0748525054338877,0.267479444917835,0.138321036710902,0.291593379040616
0.0987497337207622,0.282370400044865,0.107454441993397,0.320809761620311
0.126971253778261,0.306306463641744,0.165832572660607,0.34554598946328
0.0664379698873396,0.318358744356562,0.106876723776978,0.289186935404166
0.0815078147671738,0.29407151404687,0.13396410405559,0.275030093683515
0.0832315356904767,0.277155124263899,0.106688236314905,0.282633278955764
0.101750578440825,0.326685849165171,0.132132905925173,0.235674054090489
0.0584210733839808,0.216220667620949,0.0842413815552475,0.268751388936897
0.0561557227405471,0.241113310829878,0.0956706521367606,0.237830936744835
0.0999801809801368,0.294274533634497,0.129900200423427,0.22364262270855
0.0776448381013681,0.250337995646776,0.130969881688953,0.335629529719748
0.148018230325452,0.28188635354145,0.132294008791136,0.307699989836473
0.090503368336318,0.291335507242175,0.117643414099984,0.325493044833081
0.089253402776514,0.283100147278436,0.122517333350213,0.26463170302289
0.0800656603821183,0.304825360621477,0.114341861190499,0.321599275375451
0.104425498732725,0.296831924944161,0.116071258057079,0.301073091057332
0.0778863400142021,0.267608649489029,0.127959814244101,0.312271893023582
0.0577010703535347,0.258534403590741,0.0841530545449565,0.295059738151129
0.0783988737238727,0.275647529258243,0.0851657529149131,0.296105497826967
0.149313776628493,0.348479910065262,0.157847018591922,0.314683468137023
0.121619995375793,0.382098310845555,0.106668878461616,0.341929108749267
0.0837530548746164,0.288029070510301,0.150778514517706,0.266576982551052
0.0828508910722955,0.317709510323567,0.129758163244384,0.312610525352341
0.0962078066673843,0.292633853899445,0.119559481985985,0.254555701736859
0.0946457580488742,0.236873374877579,0.136805809361616,0.271707157417441
0.0601554119085395,0.290110062810959,0.128142540347657,0.259594030973323
0.0720462413389396,0.209048184079119,0.151974609665178,0.290422881655211
0.0666985291411599,0.213521428908978,0.173445942138039,0.245883349835439
0.0837670063263511,0.225057122327729,0.124960299393347,0.270032349406559
0.0704050700170224,0.348219455673393,0.150499300783346,0.287588390481614
0.0625563480601643,0.300298411128403,0.118704364905886,0.354207935983252
0.0787163628510163,0.226541566336834,0.0803343746513972,0.339582483737081
0.100094313032149,0.237711295873679,0.0810338917204705,0.337799629815608
0.0663818264953116,0.264169279913748,0.113581431984467,0.334436713918253
0.0725044881120832,0.254839426730973,0.107962670589695,0.377337837336082
0.0928356128204024,0.317841409176125,0.11480053602471,0.256503485517694
0.070973362840215,0.285931874935996,0.110550632297061,0.260193666581792
0.0577852541006484,0.258271640491841,0.116717134202204,0.313572193426066
0.0906114387595244,0.2859776350724,0.0957214759380268,0.309890096874373
0.0893182478663436,0.289882389430267,0.163134687761762,0.304910353721346
0.0743412852603826,0.298279967130099,0.118741920354724,0.26609653407618
0.0706335662721883,0.328573660217007,0.112693300034039,0.295664486108671
0.0732542674855199,0.290452480219354,0.114011602082159,0.281774511900661
0.0787730482275451,0.325761939326027,0.11921619797165,0.26612518381849
0.114162876366166,0.283596028738428,0.125943081740578,0.275552202534596
0.111259469317017,0.269719740318924,0.118123594040856,0.293034604704825
0.114872742077409,0.29854438049765,0.132247727271853,0.300299052365814
0.0992719496522904,0.293896446120964,0.162951784271271,0.294398870065499
0.0940114957980917,0.267746618429263,0.0994635167277826,0.234264689546004
0.0900407378058677,0.316678241389915,0.157432545370163,0.315243826088844
0.0908246972858139,0.294728557027532,0.121121972856913,0.224857709989519
0.0685338231457769,0.225153959384383,0.16075213061687,0.224534681337306
0.101313232891354,0.367129963651082,0.112789232216897,0.371161080875132
0.087482919271052,0.302381284688818,0.115939372400878,0.340325625038136
0.101625507017258,0.341910324436143,0.101784795216805,0.268729091845168
0.0688125328351172,0.25661754221386,0.111801864982744,0.312626014138164
0.113106010901165,0.364714389685956,0.160521228467085,0.303147696293576
0.0925179148880071,0.297986263812772,0.123801374406978,0.263558476249752
0.0821870831060157,0.358350333123732,0.126754167738853,0.301258697152536
0.0698942484437367,0.277273030529005,0.0981551853693803,0.341971726654601
0.115540975763392,0.322884564455494,0.125136363568887,0.231914235259888
0.103375438180489,0.287452222334838,0.124236842518738,0.31750987295311
0.0626280258612454,0.233921649511034,0.120922265490368,0.289440941653919
0.117788133740574,0.305919429457991,0.132486406756418,0.317005492835583
0.0698432939814543,0.293846095192432,0.108929762380029,0.259782845661084
0.10736996088158,0.304102930213411,0.101339257760286,0.27723799833942
0.153012759076133,0.275153070979003,0.135413070446158,0.259598660471047
0.109071902078398,0.314875394606248,0.114570022172739,0.332274870483197
0.113380210632705,0.327944753585493,0.138310762218884,0.327331932558044
0.0641454097539156,0.301472254408612,0.0663391460678583,0.290503086382452
0.0905602797511011,0.297095331532549,0.12972269756217,0.284332264824663
0.0873762617241142,0.264206450058034,0.0890060937501532,0.269159157362024
0.0800280135690174,0.253285129905949,0.0744286671966833,0.245406346046608
0.086737751420968,0.294736571609218,0.11921438596452,0.297711799325917
0.046332538537099,0.244609021529287,0.0886995156376544,0.228982245970677
0.043615030059506,0.258517248245356,0.0861005501150239,0.220100435717259
0.0941415871803792,0.264072563232295,0.0922911844429793,0.242023063158234
0.0824378106359023,0.305153260343565,0.100486471914034,0.262887101796006
0.079701506519965,0.277408449442561,0.122013932010447,0.263878178125847
0.0902972722438332,0.29169962885698,0.118059934890879,0.321332873083368
0.0597906116631948,0.267745338781527,0.078971452768289,0.204539441391894
0.10649715991986,0.310389410119073,0.11623569997758,0.286914456568437
0.0938242024765499,0.323429942863504,0.109206335982319,0.247788626306564
0.0653514357654275,0.230431266012736,0.0957106064432278,0.266189209036423
0.0559764726225165,0.291219273574026,0.124529519582683,0.248435196120296
0.112119068956883,0.259411371235239,0.108638964799663,0.246730571697816
0.103116815831302,0.317908974432239,0.124866095841073,0.267600487492607
0.0845566567768666,0.242680259495922,0.106302051479284,0.255086632033715
0.079278060819768,0.237284033183206,0.114946924924312,0.28774064474056
0.0550995039415189,0.247323504366104,0.0928462202314943,0.28264191677825
0.0692658062618544,0.310911671918785,0.11307742408918,0.224647455598075
0.107342959945192,0.281174932345733,0.11839615751516,0.248432614096285
0.128905593218945,0.245414041682962,0.114181569035233,0.304863248513156
0.067807921314119,0.310048191932861,0.149739715974262,0.285964646087907
0.0883821505595159,0.335319762939674,0.112174419920761,0.263194713933482
0.0894176966958544,0.23644922572123,0.0911360563071027,0.255418970051665
0.0803852851813464,0.368978831854693,0.12595345457028,0.287300090709366
0.117105761704843,0.287545916672747,0.105905565529908,0.289210899647488
0.0993962153885378,0.299352132493007,0.139439675852065,0.319693186978091
0.0856665741596956,0.361428692583626,0.135382500528143,0.291835372991755
0.110247049338016,0.292267776928981,0.10559099922404,0.294489668916278
0.073617278129085,0.273810434871726,0.110791152442379,0.297213039208509
0.0581354085245753,0.276081624988902,0.104450530448556,0.28381336149235
0.0754077018971263,0.260337306844732,0.122431213082722,0.25493366583166
0.058551847865169,0.269081580196434,0.116704399070983,0.271835474343543
0.093784790542034,0.271558110586175,0.117500376441934,0.254887765693076
0.0900029918565769,0.217575595659136,0.123731021364292,0.251613068799445
0.0817379892176862,0.335817871093923,0.11473039571523,0.336945439551282
0.128465302418823,0.260636114254366,0.101905342517719,0.197492011246001
0.101906041836796,0.356558470166022,0.0708497512620515,0.355582929991898
0.0920214688666801,0.304890427594321,0.144168148156468,0.305236070360338
0.1029651622507,0.295453006027944,0.129090044077368,0.29448358489926
0.0902929105317858,0.309432341171424,0.0839111214053005,0.328564386640382
0.0890032444081475,0.293574035478848,0.0861224716844359,0.263043166674173
0.0869790793227525,0.260810909575255,0.0733970306021926,0.248723794797496
0.0639480165137501,0.312143302129424,0.145336474436815,0.293569169356355
0.102381797635409,0.28086725064755,0.0949034006978612,0.284147609783729
0.114485546390658,0.26008458435603,0.0998354498854551,0.298425769757594
0.101840023364921,0.31437981124522,0.131232295359618,0.33219488562516
0.0668444023836661,0.320974020596464,0.0882782110874884,0.280514761726433
0.0833779356344793,0.275652452888761,0.0888121326048758,0.193603244833052
0.0658156822824237,0.248720739647623,0.0849304271774427,0.21558993441813
0.116665511384572,0.268177774503105,0.0942459836943371,0.307396473082113
0.0781165987089454,0.309451413826607,0.148605028738927,0.263210443266791
0.0898289810773401,0.323878450080329,0.110325566762024,0.308382127503912
0.0817246872808008,0.345435367877812,0.11613216283825,0.292408233438134
0.155230177354201,0.278179288026396,0.122586508151764,0.331982336889598
0.0657661167074763,0.292898838308678,0.103676950183543,0.318526056538979
0.0716442807842645,0.276262480044299,0.0968665706024808,0.337988352532906
0.0505464510830947,0.250726776660871,0.129076454098292,0.235452909673812
0.135036163193186,0.339916303197119,0.124788827252951,0.351431139263848
0.0937215886087073,0.304180746533886,0.137095007071124,0.311083893232577
0.0621214936662974,0.313334766966314,0.103820113041404,0.303294453267213
0.0873352912936544,0.31265843970436,0.102534663515604,0.314707732185413
0.102296774625768,0.277630563608452,0.128115244234864,0.287018754698929
0.0973494409802693,0.266691586329724,0.0916464136056829,0.267893527963368
0.0816632604331768,0.271711176306103,0.0993115201496385,0.238626378080639
0.0724385555979671,0.244018020386165,0.125464673268866,0.269844829500986
0.0627496257618064,0.252284679018675,0.135550494553787,0.265591364416383
0.0612693174479032,0.253448466021624,0.13860980507249,0.27117347688884
0.0904886800975669,0.283664621240901,0.159230083058614,0.26298925169292
0.0620390968320352,0.302830366154673,0.0955713958202739,0.259828988984297
0.0864688958301211,0.28658008100689,0.142206925728602,0.333960371317485
0.0850138918243855,0.306282838311962,0.104464514964647,0.231232585298645
0.086223604140575,0.217752762637005,0.123891772067027,0.304868110348946
0.0943765658328432,0.321488826375914,0.127377992427061,0.249953122815235
0.106386841509487,0.301470351969119,0.144515400416074,0.29402170702876
0.0935943258840177,0.312583121072528,0.107471771541173,0.294888804845985
0.0648066003349544,0.281399635017687,0.123266898970477,0.30440413678492
0.0883592818460757,0.299742953296117,0.108636535150504,0.349919678301476
0.0989769499158144,0.294908948298221,0.0826240238632831,0.28566669957595
0.105968703583735,0.324109801719121,0.0796290446681265,0.345669953422708
0.106652724177135,0.341533391120153,0.122868481980722,0.348255451038098
0.0786425699790918,0.293369466453456,0.0932179528946198,0.303508631971861
0.0856542293614064,0.28795047560322,0.128937048310237,0.342210704820311
0.0821167634532031,0.270875425333584,0.135062961016871,0.278694541121598
0.112166519548156,0.29766350127573,0.0923615969207289,0.315213786031232
0.101372459389689,0.291431594073192,0.0961454562521841,0.299940007994086
0.0822704000618892,0.245877607450016,0.10812509848071,0.268235223089302
0.0955169724034761,0.30876322980153,0.0861889426649677,0.259794060940209
0.0984729001677138,0.339480404369419,0.123387066670357,0.319766971718298
0.101208371187615,0.309761952646342,0.0945290130629459,0.250136451602829
0.112746181530708,0.290183940486089,0.131176354212397,0.224188767037788
0.117062739188136,0.336480113254268,0.114414679644307,0.330835850788226
0.0987182553000995,0.282677987717383,0.0978129663528887,0.323157375555882
0.0906265870708669,0.319536112247863,0.152863788759205,0.269558923716515
0.104227557349519,0.306012598373283,0.123364151774083,0.272693400077243
0.0984111480351895,0.313509884108657,0.119532253386023,0.333635855879226
0.104578125730587,0.295768424461289,0.113383341027866,0.362565288530362
0.110694304597775,0.299190849724837,0.153430180414836,0.269667464698896
0.0911439725628563,0.313876313835743,0.104911039761754,0.329839944748297
0.0708401285642128,0.312400565737011,0.0862937849965199,0.291376509058215
0.116419119923768,0.313003948692319,0.117645627645444,0.278721860915585
0.08584711538505,0.309567653123782,0.123639359116908,0.276301567719188
0.0770623684012696,0.233076716345069,0.157878747807723,0.362250111635031
0.0514938929850505,0.215039572242665,0.0885068270795228,0.32191222171762
0.061620395709966,0.295794087047989,0.108643172006464,0.243950598855249
0.121434577570305,0.323041982146903,0.102356614060043,0.326091438470685
0.0708002746042066,0.212716533598555,0.0974946404245102,0.201272277344183
0.0716094212801067,0.277451999285749,0.106989098626672,0.308038509195129
0.0747185966951937,0.219178165649337,0.0695767040921629,0.249589607993807
0.0889391456685811,0.293484193538449,0.120474116505547,0.276548329100746
0.107996074669943,0.301593690034577,0.102121549358677,0.256383010085668
0.0770318628623145,0.238401539193865,0.073158928387847,0.257834610144139
0.0992320197868493,0.271130219447418,0.0685149892241656,0.254601533307397
0.0768004993183915,0.329104786181587,0.112460937112002,0.258743438676394
0.0773531514947804,0.179059738153026,0.109054610424744,0.226335276922323
0.101189271934578,0.268721125151583,0.109381405669007,0.253740364877289
0.0979466587476055,0.261936918678041,0.114058890339771,0.226522063388647
0.108022908813605,0.235980150085732,0.11168334086907,0.200518063963534
0.0597849579227603,0.336041456363352,0.0960048439471888,0.336601426101837
0.0746408179888226,0.265906153064994,0.144410397984671,0.341316652591094
0.0738136328552106,0.317257176152074,0.117830115326164,0.301535720322813
0.0849574768009699,0.263329599602898,0.101948363602916,0.2818264128694
0.08893223152533,0.317853746913014,0.145281585511983,0.241494422448656
0.0661924146386318,0.267927270513524,0.129818286507721,0.300440825214239
0.0949908165684925,0.289666038854128,0.129754005132805,0.267656587993409
0.116202266252697,0.325628707788145,0.102189078895819,0.368416108098212
0.0805105600841748,0.281170407130751,0.118002090245376,0.275609573645416
0.0655493828712396,0.279821895097128,0.110815619811593,0.273274357995354
0.0728677077214621,0.290978830834097,0.128401830670147,0.317394509983628
0.069011225736442,0.274317510482911,0.112294011330031,0.336356778927762
0.0973291448310781,0.319820483376185,0.115093683251675,0.245759024999012
0.125470847156041,0.307849554307174,0.0726802518205241,0.327925860934735
0.0633862344816215,0.264261010287084,0.139183258833963,0.232430432695184
0.0537671879892387,0.283283008680414,0.141306820641976,0.262711518254932
0.150307411955564,0.319661042068268,0.11327742300239,0.268082506603691
0.0488320125651382,0.279131859570799,0.0864787229436269,0.278263213980803
0.0766874240098643,0.209263101200585,0.119697404497549,0.244530748527763
0.0989833228007707,0.312608433247121,0.0774969650555472,0.304521851981689
0.119303818372791,0.27598451686192,0.122427271524962,0.333022608970705
0.0773398408361935,0.338359756885862,0.119651126764442,0.267302415306038
0.11259576574225,0.307941690942058,0.113009576784327,0.296997469265241
0.125830610232592,0.280149451004136,0.11143289173775,0.278378356958171
0.0795472168996663,0.303677426414167,0.135773155837747,0.280534839541035
0.125287766568743,0.315187783546891,0.116069112190902,0.283389801705553
0.0621013717240405,0.249573210616988,0.10461783529903,0.252841283265269
0.113145568663511,0.335705871363093,0.0896635186873091,0.288218113268188
0.0886732777998302,0.235910328154114,0.124571468269826,0.283274361671821
0.0983075108618218,0.283656760507471,0.0748013464000374,0.285188887203681
0.0646111228371081,0.294332886438341,0.0838761008156852,0.329919184555515
0.0740587325442167,0.301473017990563,0.132272635968834,0.238578825550483
0.0466949189891838,0.255530662909808,0.119733514925159,0.290581370530957
0.074405710397239,0.228560025715358,0.120001668353325,0.279450483377032
0.0383788788760697,0.289468344561826,0.0733092831143688,0.283072650376301
0.0404394141929703,0.227307196549215,0.103498610118368,0.211133524202224
0.0650468808589795,0.302627873806075,0.141999315400552,0.243034065416504
0.0756005760096972,0.258475839006929,0.0913427793654871,0.24402515420809
0.0925592190312344,0.260091652892332,0.115717750924288,0.238329068785501
0.0990186675769104,0.299261799831818,0.107903753875009,0.332687843997585
0.0874007897854857,0.235857341185365,0.1152432348188,0.239092901966738
0.0877319427183125,0.338397691161294,0.149412214237366,0.295101389793928
0.164351225885102,0.293763342054345,0.127958098350162,0.287837423023334
0.0778708058008874,0.300178851748403,0.137256647402636,0.258333978553107
0.0682711238692965,0.304123124345862,0.115342345649701,0.263828694848369
0.102361877846643,0.265600336833334,0.157977591912016,0.276806873389331
0.0641469793146732,0.315916151201333,0.0840289950015202,0.298120376694152
0.0842868569941794,0.266637906440935,0.115506708304061,0.232840435749451
0.0376914968879079,0.236473716957774,0.0531474193689172,0.196003242023115
0.0930437598906547,0.277715726938772,0.096220052698091,0.278295196019207
0.0726233651667536,0.220207497591047,0.117989626211907,0.229822827943259
0.0958215990585149,0.31384201572558,0.0782882213877262,0.289321522093531
0.0606212080575929,0.289490718753757,0.139037025818738,0.299813124130376
0.0889878546360515,0.267291545542928,0.0743356126403901,0.303458929142368
0.0907682334106515,0.285083890293563,0.0873505573491713,0.283460606633151
0.0931106010045665,0.316937103528366,0.0740399183325747,0.274118735306683
0.0798588693974074,0.241968058109429,0.0715283730797726,0.291758845678285
0.0504496962786857,0.280881649836284,0.12843717549547,0.340557832190198
0.0729055746486253,0.283886311241724,0.104924365085521,0.306371767004547
0.0769259856032842,0.281567273440003,0.121486328226796,0.233103292251592
0.101559313726704,0.276814263644016,0.0946380847640304,0.297668664754945
0.116667899106735,0.253035615386703,0.117387143854644,0.27967651038853
0.090460097322895,0.329690484090739,0.0697146764840397,0.275306052607323
0.0861672048941289,0.26943132379629,0.129258958706795,0.292526869783988
0.0984198161701962,0.318913832080217,0.105585829253616,0.291345993519719
0.0814894754484506,0.244581519315117,0.122693624351416,0.275954437712291
0.0894228989464673,0.369711113919249,0.130351713756394,0.315003856794316
0.117458515511551,0.229282411414893,0.07444983309582,0.277928286666241
0.0979700925999895,0.329318644441215,0.132914369516484,0.364111825748087
0.110738432035286,0.284274101912749,0.0881707298300671,0.274188167461631
0.10876341678349,0.281372890564504,0.0887463728997425,0.268375797338289
0.0772445451317893,0.250163070645155,0.097041137751918,0.288631693780982
0.0667037631479857,0.262066529036833,0.132247003252789,0.236462561600947
0.0780140566349912,0.232087925305712,0.0860739319771909,0.289721091941649
0.066712584069598,0.241957444924611,0.0894319557791446,0.322547577179953
0.0814753362107459,0.320347274019427,0.0657206307485698,0.267589433757724
0.110637661870562,0.239040139695421,0.111568252002861,0.355191817965852
0.0737787205535931,0.28388824628216,0.0838144993897817,0.31093872732205
0.0568957094364323,0.270932726607677,0.0976022868803317,0.333204503902369
0.103634354620444,0.311063939435875,0.108263876902223,0.282310261420061
0.114767055614026,0.288121695612519,0.127290575821133,0.25393346494277
0.096416033862756,0.376292075971432,0.122871138369886,0.25755295074948
0.088015472124316,0.272849156466516,0.0915814764954196,0.277731359620169
0.0926877500663224,0.300284875011752,0.098072087052859,0.264040204485452
0.0750725846599113,0.240311064458037,0.122636650571185,0.260053821536479
0.0327665146900431,0.227707023635342,0.0799773741609167,0.261506081074003
0.129494316813262,0.248306183997574,0.128953297891636,0.240483041230815
0.0546615672041324,0.279040890255135,0.118984870923185,0.270112189243097
0.0816806979117705,0.279412786326254,0.105353645334945,0.30729386795416
0.123397382716109,0.333341587945151,0.125410806609663,0.276537660815229
0.0903214707169201,0.288816410792345,0.112874344668317,0.308509455032962
0.0943229983478219,0.273791031662491,0.138946085351887,0.2859275973042
0.0820371449033963,0.28703277552388,0.128161667840885,0.282108701958067
0.0610292899320149,0.261551303218645,0.100142382834161,0.246874034353762
0.0993985661433916,0.249327411956599,0.119908859732012,0.257455953981287
0.100558653349104,0.247383520633795,0.110992801808223,0.243120771524853
0.0911234354325417,0.308828668116304,0.0942914995302068,0.296010894606133
0.0585964671745835,0.243321931671944,0.0907035665768959,0.257328835062956
0.0617851850601502,0.203098478401751,0.0771420287626608,0.336322294110583
0.0813724424101109,0.252830967397332,0.109161325092027,0.26086932758807
0.0590851776563984,0.315448525313491,0.103811853629748,0.288768635354168
0.102509741592141,0.294772688447589,0.121702843698275,0.294249268767473
0.0876766095726496,0.347014774796044,0.116644812120442,0.265224603860943
0.0919900152569104,0.310968963760407,0.095665042700627,0.290653733802987
0.130236237789433,0.319883744443853,0.142599624790246,0.302498740030403
0.0964684635903942,0.276476886915147,0.139451500016018,0.279566101934233
0.0952314145105351,0.352831646067424,0.0831208279665742,0.296664700499219
0.0838327572303088,0.281273341518652,0.130422897234316,0.269199946951315
0.0792502849387222,0.30078214590403,0.100416975551322,0.296007762858549
0.0777338536715425,0.30883135737324,0.114613519415064,0.309093074467307
0.099962244660524,0.257211020021588,0.105630941722126,0.302192522054519
0.0938537866736973,0.349963813983281,0.120055477112045,0.280577259109668
0.0818906273268867,0.28230087092936,0.0913606281361126,0.260478267539027
0.0687738461694989,0.245387188774717,0.0839597064583154,0.26393495454981
0.0672056712598279,0.228522299247563,0.0705032718999865,0.214044419000024
0.0753355220289312,0.259363936641551,0.0840908164728445,0.316198729827502
0.0728790665964381,0.297575190429965,0.11946935993186,0.308746764469815
0.0724645276606892,0.312251078880851,0.0944162816863463,0.226907520293169
0.0788742626578365,0.196517293685341,0.11450831777002,0.375737096227672
0.0470917884221673,0.310174608533694,0.101311882262163,0.261697122382129
0.0339650511945799,0.275763775220818,0.110438526417775,0.28964572562097
0.131259585451352,0.278283987843414,0.0967268717187209,0.234600052667927
0.0414666347728856,0.287253487335682,0.101777877795222,0.282563553725511
0.0431101150221948,0.282064013159886,0.081727363027869,0.280299298136006
0.0560720432027117,0.25958197205994,0.0743357602770669,0.267395473164825
0.061678402550185,0.251486047879814,0.0617580832533088,0.260040593415949
0.0752587405076164,0.285121934918902,0.0667077461665126,0.276304937501848
0.0717312353800307,0.293079200871498,0.118168523180595,0.286032527689356
0.0819258787110349,0.283016474013378,0.103051138940893,0.263843608101891
0.101425180808832,0.279256544380309,0.118644394442863,0.292931771668161
0.0918540048716519,0.239845345070746,0.111198794883795,0.28415184889157
0.0946535932617436,0.327077265388499,0.112630536240786,0.319777406037449
0.0708262676128442,0.292932670323104,0.130962403918445,0.235940199273959
0.115030456343221,0.265631335196989,0.0861186222953862,0.320344572551167
0.0843215175929919,0.297981331865015,0.135879960636814,0.297744392189485
0.0838632041206827,0.256908399055528,0.085382558126975,0.262325943102754
0.0605595308403455,0.230036774284944,0.104036011779841,0.21937170384534
0.104402306874888,0.246071347775395,0.129633304164136,0.256531360915022
0.088615474009516,0.22642693318759,0.108120422893544,0.279996783338259
0.0978403953676138,0.27704650874965,0.0993973331054647,0.281267073382762
0.0608569435871244,0.295202766907158,0.115298340288906,0.255926620372988
0.0822631063382504,0.220081129688153,0.116437715300162,0.253732089951249
0.0678359277921287,0.301831359996654,0.0948416479591037,0.278828339419671
0.0701848377462919,0.262913068372839,0.106883241116,0.277264078806737
0.0701477146409773,0.251737829652953,0.127840585455947,0.324512125087458
0.0746576004393156,0.271083969806258,0.0916018647771357,0.272741561841019
0.10648805321617,0.26829097209236,0.137536849584391,0.232034537249417
0.082936505908075,0.274352602246319,0.126975658689959,0.221943516255451
0.0648077520503532,0.306021869306765,0.102663627763805,0.308158588121038
0.05718904503447,0.285281715737295,0.121486372059525,0.285938583178514
0.12117444256945,0.309903886963243,0.158937930443423,0.303335755056491
0.131435510225354,0.317439593687632,0.148151347686724,0.308633350045522
0.111756252958814,0.300593087014307,0.101133039406434,0.254868178562891
0.109320698327661,0.318515622148719,0.155553520549242,0.302296146767421
0.116783416718556,0.295188138097274,0.148021474066666,0.323731742121578
0.081916690751927,0.275459235997643,0.0713798638322631,0.231952953354051
0.0932603843199901,0.285661037011057,0.0941082227211696,0.272491490248219
0.0728518275373949,0.236230435519173,0.0799366843695239,0.192377517944066
0.0641652763966604,0.261200318180701,0.118446174405656,0.267223420543624
0.119174319547136,0.276669867486477,0.14477164710882,0.251867210855073
0.10014912011197,0.240410001104575,0.103382528785436,0.269351135467919
0.0969460307902198,0.275216210725364,0.0997539111283803,0.321755188984338
0.0745507098959447,0.237978871108358,0.0743076342727041,0.255204708750591
0.093337322549865,0.318637453039755,0.10770539520527,0.278431605583659
0.112563183342274,0.309823286752142,0.114493252930196,0.284126906278742
0.095473058564761,0.30105025783676,0.112645200853269,0.293682266201102
0.105056803402437,0.30454638864876,0.121738526022046,0.326025530834923
0.108786160384803,0.357179580805166,0.12838222785279,0.253061900488197
0.090849817404829,0.262389914768544,0.131213528525374,0.30874576694284
0.0439268505548901,0.329841948612664,0.0974104903824484,0.273885966466392
0.10758920037504,0.244346538803943,0.121773257358265,0.27109217282798
0.0447793539120128,0.314159886917956,0.061090790568539,0.23293287711259
0.101089024480198,0.284182943647042,0.162587811116916,0.303821113486506
0.0926998387210679,0.329600625112272,0.0719992146172549,0.302821150160782
0.10416817491271,0.261091748163984,0.120288707822975,0.268083554765817
0.123938289151695,0.273982188988568,0.171035864201183,0.277804496587009
0.114046830036528,0.277818243176414,0.130740789537634,0.276942920418103
0.110665841371649,0.265622107189487,0.133287310844047,0.282406217767771
0.0501034620551769,0.280973527453443,0.0805753520202793,0.247174697804108
0.0905807323261303,0.299460129462124,0.137303562736462,0.303775631269753
0.0664543834442688,0.292498654575799,0.103098773490949,0.232020264370981
0.0796652500139033,0.285982324222283,0.0951525840561957,0.239128270761759
0.0737557080730488,0.227849725527226,0.100819259252443,0.329879938147712
0.0964813956556675,0.334768804416985,0.113730316250148,0.264247186809745
0.0859510509470445,0.274679528254689,0.0899569896635991,0.328348028484357
0.0804037540378772,0.338083492962254,0.152353335371283,0.270533021414184
0.108308461763527,0.217559596584356,0.074830386666618,0.300824823118034
0.0782228945277279,0.244393374466392,0.106845458772456,0.257499483609061
0.0835491528649003,0.262807180256664,0.117296617011823,0.252711051009199
0.0341529058865565,0.219675491891959,0.0819878637630999,0.248461593501682
0.122336729968455,0.254621080352255,0.0886575169720339,0.259050794458464
0.0535162060905945,0.257088640324443,0.12422410586435,0.312772206015857
0.0612540614094416,0.246987095443406,0.119350000396485,0.326937723212949
0.102062045619998,0.277676850121231,0.0820250151422984,0.277028417041852
0.0705409304757368,0.331883621495988,0.13999223904483,0.350958038321668
0.103230487026304,0.330398180496451,0.15610116694397,0.279230816071617
0.0761927386487683,0.28218489449809,0.120722156201855,0.339508708683939
0.0700567476395208,0.317411146553926,0.0832804662473977,0.286880505678529
0.100584294839702,0.238662325323001,0.112344518929175,0.28805221734552
0.0811096822194579,0.312310216690574,0.08851157789058,0.303590692557675
0.0852506009207709,0.295842537676555,0.100485697787917,0.308765378415265
0.113153541464339,0.308320802738173,0.078178881738017,0.308618006259443
0.0723642151867508,0.278359687056975,0.103249988285451,0.300000384363653
0.0713090006150439,0.301315305110506,0.153184574034775,0.327979556801863
0.0714769036235338,0.262350334620154,0.118216456915179,0.327714886725588
0.102281845358209,0.291536828172116,0.0826828563287626,0.265495307132828
0.0722267020831069,0.226404668639412,0.0832265470180574,0.380036690612359
0.107249079921862,0.328488343750899,0.149658519143898,0.215819710221799
0.0570793171644295,0.308215342494465,0.107793576622299,0.32270054614649
0.0683965118703231,0.247838089708964,0.0967297520713576,0.288194680938539
0.111778156683121,0.29430511193296,0.133767407313219,0.293448636786419
0.0771209358784407,0.286800393421262,0.0946945147918246,0.274441413404835
0.0457713158907398,0.272004818287442,0.131679531812589,0.272902094204425
0.134845602839847,0.25845397500872,0.136302272921924,0.284268201210962
0.122083331662089,0.313921677000413,0.111079120480519,0.287465033652477
0.0815824682913017,0.267287014144936,0.0954736146522927,0.281131019664653
0.0963696943637934,0.332889870760074,0.114238230079196,0.300434987839764
0.0738747360813419,0.263872643470219,0.119774892719131,0.233527627202585
0.078287358170955,0.313148416592276,0.118527886539897,0.274554214807507
0.103712519004229,0.250982009808317,0.102842741255134,0.258052539101565
0.112324689520358,0.251416546872762,0.0970379283829147,0.258293354452748
0.0921906940255891,0.229946061992374,0.0895812498532367,0.274223373010154
0.0827442959104154,0.340025128442768,0.106412745683196,0.241296623222878
0.0987007271235545,0.20848066670507,0.127678382280173,0.309242270321367
0.102558975187683,0.383671067328306,0.148003806304842,0.273548270996262
0.0980473874915453,0.302233468973493,0.110645573980989,0.318633927713065
0.127224946409678,0.368774921431095,0.126596845146263,0.317861030538063
0.0980842783396542,0.315812598027468,0.125513211492876,0.289905871934451
0.101711384696477,0.331989926378696,0.107811731533482,0.289836355567932
0.0774946030746212,0.294990665114067,0.0851716742638026,0.240687201999253
0.0429313832262026,0.245776024840609,0.0741540339514128,0.274324779906738
0.0383364775244158,0.244081763522794,0.0723067438409545,0.226972194106764
0.0385845982195927,0.256061601669925,0.0877577786014646,0.220417267424682
0.103379416160711,0.246244985222873,0.0850714580122801,0.293117073575169
0.0826474155596359,0.326963945537653,0.125896082828639,0.333670176087026
0.111829865915216,0.306901012408228,0.145963931137698,0.322603084895282
0.0517108592781145,0.311540343215607,0.09060358039271,0.259346961382529
0.079566216666115,0.300733695404648,0.107856231072388,0.278345525254542
0.0905923726887243,0.359999650416173,0.14067834889374,0.320301874603229
0.0755582634345707,0.313871688573044,0.150695285319099,0.292468439387705
0.0850398650251303,0.292418380374342,0.13842689075908,0.284917399568392
0.152869504654678,0.256837180014387,0.0951313187971012,0.287743514023365
0.107697811626289,0.304808732354252,0.136487740428702,0.263061843581079
0.0872640919053842,0.291035627248265,0.135385378998477,0.321101918756431
0.0669079664950268,0.253412700050234,0.0951985708427592,0.245518885415949
0.125429263305614,0.282270260658486,0.126445347093702,0.231120676860014
0.0903856413594282,0.239750292681478,0.1346786821309,0.248146673876082
0.135907607188781,0.279980226465131,0.119973177198578,0.257466643022032
0.104054633474426,0.320005440122214,0.177468412875408,0.30363372594729
0.11145197952635,0.304262299007053,0.113263212843753,0.269311574739611
0.112883486905324,0.286590656195555,0.142588389797835,0.28805241492337
0.0705861712797551,0.267658804235945,0.100762264029636,0.31803323480409
0.0667900337862017,0.276154491022253,0.113762199196044,0.226105415312324
0.0798458757075783,0.272668396663327,0.138271121651768,0.28649418146842
0.0592199125131255,0.282406307627184,0.0985705259178739,0.308518174387431
0.130871952926807,0.295218715197648,0.108940203742863,0.23623666597285
0.0932029973738236,0.269749298603745,0.0916065201293356,0.287570922053948
0.0486581081934122,0.268128319236525,0.104400453111468,0.281562437645607
0.0496730459450386,0.27571211182215,0.120269930691756,0.209486274301621
0.10643997870944,0.302728001553608,0.0942962030472226,0.28370141199536
0.0968976411651689,0.269271321155344,0.145208269310146,0.328462090721293
0.0841680982064467,0.264566251102032,0.0930836141006843,0.28199278627304
0.0862751690729992,0.276770045389946,0.0923573424475253,0.287363466004764
0.0872418325066318,0.272416025538464,0.0929661124536248,0.278959782906606
0.12815716434096,0.31068244230518,0.117246112303596,0.27446834559913
0.0811849709766844,0.284713371186415,0.114475303268723,0.232875814027281
0.0661014019811482,0.265279534320408,0.121818001680628,0.22236299722548
0.142404798878186,0.333358833286287,0.103258767270871,0.268747615263281
0.0996767509942212,0.300253371091057,0.10550377806895,0.228287933236646
0.124859339791024,0.296206374940392,0.124586059468657,0.248451032865751
0.0790034992532159,0.276148014100341,0.118155812460428,0.257513541656197
0.0638703598345401,0.351147423277434,0.102504758098525,0.263183586159712
0.0506950286973461,0.299748594769427,0.194385810548019,0.280241921009163
0.0618671819368577,0.338672848985621,0.0950588340702222,0.216212194047554
0.0699304198287517,0.258361323662143,0.0851277674030557,0.338132580081489
0.0681048649979859,0.277132523737839,0.0852452147043108,0.33703600127218
0.0838466317594067,0.282335184320822,0.0832032773237489,0.251527047739748
0.0898699770865272,0.306900085537004,0.135687542854989,0.312402642241139
0.0766038659717346,0.285201772091238,0.116246318672737,0.334928856522452
0.147357141114427,0.354551989988684,0.129458499336404,0.298993885199189
0.0802033157573438,0.27461263485072,0.124856761540757,0.243161265116069
0.0845364424672952,0.240685157203589,0.122801621993088,0.280732316835228
0.0758122437054516,0.270255272913821,0.132210428184696,0.265277898039985
0.0995632127198947,0.327359807333701,0.0959049926565404,0.291694678943683
0.0956126179900466,0.274321134668528,0.135952207421469,0.331229367035016
0.128602003622658,0.31625026882395,0.11903829621514,0.246321263529738
0.0804004259304287,0.25368073542717,0.0997520001372698,0.316555598366581
0.0769411368599387,0.263829302824821,0.103725991567803,0.323101798129468
0.105270646623615,0.298485098613612,0.103842786380781,0.238078933515848
0.0436064005855056,0.318871080708403,0.0833540888903177,0.270948869998251
0.102180322661194,0.280663279375376,0.103078431147459,0.283025761377902
0.0629420675974925,0.279478720350208,0.126627354823461,0.277485325945506
0.0525132208392895,0.30340439363112,0.111489405669964,0.322106851454779
0.0989102307816627,0.228629317455851,0.106165362671497,0.21111576302257
0.102133656502102,0.232262087296624,0.109509476475296,0.220945274744448
0.0799320601284084,0.206235747561602,0.0884587736033552,0.230991233186508
0.0816803627289087,0.307456941248062,0.142065248813419,0.28502436862453
0.0997963400898577,0.31129082956383,0.125980647353855,0.290220440341177
0.0923818780054242,0.279703932270661,0.137309975116087,0.293225376558837
0.0808678338258967,0.270621282305071,0.139425196767775,0.291877884679398
0.0627134797285631,0.254481414761365,0.0921298083897573,0.373778775652697
0.0716152322151777,0.294169788016139,0.0508123961571486,0.263417068490034
0.0567714950766205,0.268103449263712,0.0530770139606135,0.25296244405758
0.0657875992426207,0.237236448169269,0.0604705953756697,0.296883188225147
0.0737017267060024,0.254970351614503,0.127590086363102,0.281936986497921
0.0962370020152205,0.318839714449597,0.135139552464734,0.287327394454886
0.11590787094873,0.311100546770046,0.115362757700416,0.325922681067602
0.0967683824412779,0.313427507888935,0.117334711741266,0.260886269322975
0.0804973419493835,0.220253259354201,0.129645960588763,0.288328052922865
0.0661781475140802,0.31825677580595,0.0854495642133192,0.331465272560376
0.0867922707300789,0.274275652350111,0.129144924064105,0.271508970503178
0.0979412030415656,0.338860656709764,0.118433887141969,0.273897559631182
0.0732978054442605,0.304196740349139,0.113839216126091,0.275439111218652
0.0740914416845076,0.28545861527108,0.113520665002412,0.235108932703301
0.065389210299361,0.271488411665806,0.0776781788501243,0.268386492684581
0.0955367059322918,0.23979557497112,0.0850911981669521,0.278446348853882
0.0735687084135662,0.225889238354462,0.0787411891639613,0.256128951905817
0.0622594336518585,0.246344653376427,0.100856235202741,0.262298358351681
0.0712270159931502,0.253139429225877,0.114710680156254,0.23029400124896
0.0451477534058452,0.259736357331241,0.0711021128037026,0.301704866037095
0.108830098925408,0.295539936532722,0.111917962062271,0.223519683097979
0.11598508858266,0.300656080480559,0.1259802178262,0.320151085997165
0.0771707273948656,0.243556572139041,0.13328760250697,0.230629246558731
0.0776474938955519,0.225743228596327,0.152315682287681,0.229762688420592
0.0977052680075345,0.358419861131588,0.103822971647029,0.313711341126105
0.120298376851618,0.288913364583435,0.108266732183305,0.247649337585454
0.0839128805486229,0.256220411864224,0.125322493497293,0.242646609742013
0.0916089449809171,0.28222558602884,0.14410156101461,0.259869235272191
0.105965512166397,0.252104388695352,0.0985216800693908,0.240170655411713
0.0597700423833852,0.277368737211826,0.132615365936918,0.305239084081099
0.10238517678242,0.281355076112708,0.0843724747940474,0.279470825634672
0.13662836228493,0.301410303962372,0.144111023678978,0.303296918076737
0.07629196047172,0.229420656627223,0.0964842684260572,0.267056571695001
0.124765303532263,0.308942109280225,0.145392321654575,0.321023734023679
0.0480553337808757,0.274118531209411,0.139982562182001,0.241998826771726
0.0691928095600435,0.320810979674557,0.107399549709324,0.298904064615333
0.0919554496850941,0.27123711152332,0.0681460251425357,0.266352546584498
0.0493354669507873,0.23969762866389,0.0825399178844109,0.257668456117308
0.0554398233151448,0.239370223040622,0.0785417799844106,0.286791126765325
0.0822176118060965,0.221831029277533,0.0864902358682664,0.296883150018374
0.0983850784841416,0.317556095692829,0.153188873859132,0.234990830475181
0.118506691878287,0.268051085532446,0.11334932295289,0.298638394476485
0.060680124484054,0.305382659014281,0.108687325090148,0.316918344257947
0.0865796491095658,0.278064164250376,0.0922904857015937,0.23936564989901
0.10611607679085,0.339081437916949,0.0871379783366821,0.289068880983343
0.0463180419472585,0.234342272543328,0.103761842396414,0.303183176050907
0.0639071515595566,0.313282825353189,0.128575573186134,0.284744053171415
0.0741966298800177,0.25337810888121,0.0975772041657096,0.237248185579035
0.099650888638194,0.287876343799075,0.122692656390192,0.302984210543508
0.0815427381206409,0.348072156043229,0.122297872732725,0.371230978787816
0.0755786765333031,0.348335609274457,0.117374773995619,0.366314574627948
0.109401138071195,0.334101110354628,0.116063104804917,0.369883076550487
0.0995667832311729,0.254265975729303,0.102953495338737,0.238696090728431
0.119234992981103,0.247720217560798,0.103119102158323,0.223883530084539
0.0862993229163255,0.303515684066411,0.140776570223921,0.280782362556464
0.0928973334604318,0.243132224953093,0.0884892521034759,0.297156673541084
0.100664694498547,0.252773826073295,0.11078474110907,0.284142916585633
0.0959279644873982,0.27929612404975,0.119720337660089,0.325188729503277
0.0741586654677868,0.278571178193986,0.0906482746316996,0.267746495497831
0.0980397936536614,0.339610452758609,0.0898142052193927,0.257779945726865
0.0819391710658385,0.266342353647565,0.112275176399521,0.223332241536349
0.113810092060672,0.299251456725013,0.165577203058879,0.321901161298688
0.125875192247659,0.312087321759229,0.109032819631742,0.367957865351598
0.104491096932904,0.291869169334508,0.147563760826049,0.257525215155213
0.0971278509315341,0.305167841321301,0.100338174000517,0.322764013451484
0.0645098210974593,0.336558944366014,0.114169372874821,0.317679705123114
0.0575267094036261,0.317317854943453,0.114582035278238,0.288669498628381
0.1218292348415,0.269683558213309,0.110363311633481,0.302736753596987
0.0678551723593798,0.256763097009017,0.0717844681913141,0.249025548942756
0.121138927813519,0.328908638461251,0.115465503903847,0.34244088857116
0.102826301020435,0.256875592006734,0.104442943531658,0.278523105460122
0.073655037342853,0.303805646557792,0.11036788377661,0.270910081263442
0.109664256896549,0.275795579957524,0.12436464068002,0.289712806203712
0.067798946332364,0.269449413815978,0.130951292963608,0.264929070923551
0.108250769946655,0.326736626681798,0.137169530281068,0.272917824405604
0.0818782702534277,0.298061475335429,0.103127020054631,0.355495956725081
0.0672417522444648,0.322861079862011,0.0997198219357673,0.270060274491215
0.0941182258344102,0.348569194565169,0.140857016601133,0.260970132299318
0.0704911873466263,0.205255846915823,0.0857986959257599,0.285432490158352
0.0825530598263736,0.301280663085873,0.128111298381592,0.272775274961598
0.159703255822028,0.29700477412078,0.116807850882871,0.287891561583351
0.098876122763606,0.313968639031481,0.130642343866404,0.320567457761744
0.0988614476090473,0.287218560003413,0.0982191805734158,0.339622181607148
0.0737360165082194,0.298340833184785,0.108241437114103,0.276944105412927
0.112899627660749,0.316552407860524,0.0973220430960233,0.312902095093477
0.0838459628996693,0.260030703611968,0.107499777436364,0.284595757850902
0.0660607387589383,0.25714244635063,0.0975889431729905,0.285087248521665
0.0869017602420158,0.240671985940411,0.108359040429399,0.327820180712746
0.0856169602116253,0.260432418822767,0.120316279128399,0.333298402940137
0.0952437949330805,0.273139759558315,0.113683141624153,0.241508135947293
0.0779575376602069,0.303836633830455,0.0850521630563904,0.237629500227623
0.114667461092565,0.26425236289343,0.110606778735403,0.251828714220306
0.121850158794842,0.276524813197143,0.123404304222824,0.25173626404848
0.09416878552589,0.394718319073756,0.114287909500615,0.30396495088612
0.101432136901541,0.253003730510567,0.120976157195578,0.287025817096465
0.110400019284097,0.296802204383261,0.11505533596224,0.294004555548596
0.0625741727337388,0.258728086539227,0.0849752581828474,0.315484243442839
0.0725999864560407,0.297088545146512,0.0866484621253021,0.282347250160639
0.107744247946452,0.318844540798869,0.149160840765408,0.263281784708738
0.135089148223893,0.33067182852336,0.117326201492723,0.29288026507465
0.12869405733595,0.321283004438689,0.113432106590063,0.323906816547655
0.0926321397838865,0.244078901253244,0.111881149475204,0.249959370331359
0.083571677199111,0.208136193113219,0.1136362270411,0.245327467954194
0.114257067567976,0.345032794500933,0.0887362531929823,0.275251732981028
0.103386448864308,0.280298573619661,0.168803350825136,0.329262355129496
0.0592872351164571,0.316861326497045,0.0835384704733794,0.239561420549428
0.103989819462365,0.272072117215641,0.0825471093149649,0.277971115885649
0.0421253954991429,0.285421330162362,0.0694200356091018,0.317112556134211
0.0456773809971689,0.269235476115996,0.0796302593281789,0.318146705550292
0.0529461513949844,0.294440693199094,0.101117800350858,0.295653270757813
0.114094077828832,0.289512779043317,0.1214175022445,0.279277729632862
0.0524214552028657,0.330945875125002,0.0808608044751929,0.276562574617355
0.10451384276738,0.242477822803562,0.110855673678134,0.273006229713357
0.104155963997032,0.330659333233839,0.160555690114444,0.248922260239624
0.106206472241381,0.33819263102567,0.166282007273145,0.260026397529108
0.0942287975467257,0.328389770149968,0.0828811716479034,0.371280754698962
0.106223441907265,0.312057208556244,0.135177075674838,0.275492765364217
0.0705003569646839,0.314632967913646,0.066851865144324,0.380839860429468
0.0987432943001452,0.312805557969664,0.143049590891818,0.217883526854785
0.0866263620979831,0.314097743691407,0.094547655392631,0.32668656153238
0.0901009286901499,0.305933061089533,0.0850934406882197,0.327811070093995
0.0944770362622692,0.263383599080943,0.121496841468606,0.334453374435434
0.0877295190315529,0.261934856441805,0.119686381487116,0.342604004336033
0.0957183671436391,0.34208687348246,0.115878980785361,0.272653118851992
0.117119620761021,0.264398816010617,0.115016396581449,0.334035593089974
0.0757807503027137,0.278682470596263,0.119944987808922,0.28520479082254
0.0771019430381877,0.272949151542081,0.113728620494228,0.300502999755062
0.0844443988398202,0.231585355979148,0.123183035822746,0.246329686769321
0.055096221310969,0.278364052899725,0.0600439352934089,0.20944841751015
0.0961979979806066,0.27818510770151,0.132723255572379,0.277062702522397
0.0849899987466335,0.392456018473911,0.11791871790662,0.298105761937411
0.100635439494816,0.244115109908398,0.0996918490393479,0.242186030554541
0.0865343727489303,0.267159691604509,0.0837651042230597,0.237712553412588
0.0766179345663862,0.306850364459809,0.0973913087688079,0.247133869102579
0.0999086088429238,0.227824218012517,0.0911483239581876,0.278337127201879
0.0787667031756736,0.290949747893752,0.0937405458428376,0.199360762672134
0.0804785980125152,0.218647319465722,0.07922910103886,0.177355418842947
0.0639790699237101,0.283019921466397,0.117686031166878,0.2847425953352
0.0463722625401495,0.245404117953894,0.0906577399623803,0.303307559028438
0.0749092344786627,0.281470347128006,0.103211218551921,0.28272697861963
0.0830105820364243,0.254302680716452,0.11224960318172,0.305394607057943
0.100459417619732,0.27473537311658,0.115840251735216,0.26429856739107
0.092049880053153,0.2513792642008,0.0916936102410089,0.270210133621904
0.0663119414878264,0.278473036817035,0.0958556001692077,0.28709387867489
0.0692891934463875,0.358977303386719,0.107722366105696,0.318221309588099
0.0482173457687235,0.252391438552351,0.0855747021487385,0.316984877506766
0.123176708512658,0.359341973319982,0.12095837067159,0.250393038877911
0.0819944226835012,0.287754463905895,0.143736990662877,0.26945047405512
0.104655286739528,0.251980003018356,0.11412596410851,0.311715959330681
0.0848071584472318,0.286033908745094,0.136494949372762,0.26879346271519
0.072469463256714,0.246135989601674,0.116288829741416,0.289479861924113
0.0675698903455539,0.256207832137744,0.118838417679661,0.254062380576319
0.1273677020971,0.256272895828995,0.0868583547632579,0.291412170682038
0.066649948018215,0.32129090330868,0.113726538263871,0.302506363104903
0.0833289595852253,0.308344205758664,0.0867570295958088,0.297657891054637
0.122903430172604,0.287368167177432,0.12323603621058,0.25509273753661
0.0737284698717228,0.272856853293491,0.0984331156903015,0.344902440485128
0.0781431399550612,0.38281086314008,0.120407386396919,0.278204724971611
0.0974026342369451,0.338005718367707,0.122104044886921,0.24422771856507
0.0851511308603946,0.28655994694925,0.103794347394236,0.2779512461499
0.0946390953182498,0.295274559933703,0.127056247097294,0.26119267787088
0.0671566211059798,0.286356551364147,0.131365157258655,0.304892139108359
0.0864746701827045,0.305383820243421,0.0734117998691999,0.28562176974016
0.0801164097623592,0.268894834142152,0.155139310281093,0.275031846431925
0.101459270987644,0.283366776999652,0.064289668111727,0.279395344884434
0.0968861384531599,0.345634611088414,0.0685356325172949,0.288354645953991
0.0384960589340384,0.226301459052467,0.116482387733694,0.280667816036846
0.116040861521024,0.305408754854378,0.070118130077523,0.241583434891073
0.100186350783268,0.245607052613678,0.091092032166517,0.24429843505476
0.0617833098414952,0.24965242797094,0.125537184505082,0.254680003566588
0.0982858384501613,0.296367818735346,0.105871170072277,0.286039181699303
0.103334839845815,0.247739557531344,0.109381600384896,0.30146091340918
0.0357102278852839,0.236503501563472,0.111903792942084,0.201184021071838
0.0514062855674489,0.258552607520713,0.10220652491688,0.250025839523294
0.0971496061206319,0.34194614322897,0.127716505683483,0.256986381191224
0.0882887534324878,0.227713084628938,0.0747385110615866,0.24643090875469
0.0607365959918384,0.280975751939675,0.0864428043763342,0.282003690264343
0.0783971307073575,0.254155409482315,0.0705988895094602,0.274418674559181
0.0870738461789555,0.33731328215616,0.0749562991227275,0.260604141599013
0.104391299518907,0.293513816922069,0.118425388600887,0.291822781679475
0.0664986701463447,0.277155332237608,0.0943887033488865,0.295135428520708
0.100018877378899,0.292649397119194,0.103910920698731,0.367202774849201
0.0980989568916411,0.32702588226753,0.109062415598679,0.324829085098609
0.0935910494752364,0.281385645835023,0.125780295571959,0.26619093292537
0.0396187515308985,0.272843548539345,0.0818433514338838,0.300765350152152
0.0794766442061112,0.286430222535969,0.113274439787626,0.313171348143717
0.0722812563560794,0.27594947983436,0.11103051773889,0.315761794880802
0.0936190476046392,0.299316238979455,0.101059121252996,0.311349800058052
0.102448414891628,0.253668542955178,0.0815232051187577,0.300254645361019
0.0764905502090081,0.285805935342848,0.1068758432229,0.26116426898154
0.0789480733244268,0.292546568244769,0.104272302188681,0.244347361574249
0.123755034260343,0.229086787268713,0.137247993026798,0.296093579054616
0.0683301129276689,0.326255800782249,0.081075692042414,0.295429082354157
0.0968954401090634,0.25278053817126,0.14771462745868,0.265337849857877
0.0849625478211629,0.24904592676269,0.0975272298424196,0.230942166202751
0.0545043302858664,0.297598446481932,0.0725800954625159,0.272334186260134
0.0956311418434365,0.22824828770053,0.0709824430509502,0.260836710214562
0.0566555670056049,0.29313780606512,0.0967177568353208,0.255590630301669
0.0845130636035136,0.270754393908968,0.095702309487415,0.251395667762771
0.0972248783054277,0.332284518131335,0.130868844029725,0.305445597472564
0.0952241752671108,0.266678834755346,0.0977354234439604,0.275172939974103
0.066160333194596,0.304620602178986,0.122863609727835,0.252325766457704
0.0511863602490316,0.255688165890303,0.133202997729018,0.292248694947508
0.0319072857704099,0.247581855291266,0.0857856436215305,0.248318013131128
0.034413155123805,0.244678120053489,0.109008936174779,0.274300175905379
0.0308826822104275,0.246578223710206,0.116213164809737,0.259989578198817
0.0482140376226697,0.252098701071138,0.118852649932901,0.262101645713381
0.0374859816197919,0.272000482516702,0.112316282923535,0.255829642534355
0.129138239875482,0.268151731875221,0.118150869614551,0.320552475119073
0.116543658584355,0.402067872235565,0.117633828906695,0.290929666943987
0.0928815554731473,0.358723182671697,0.12757925052752,0.240474838959533
0.111243770266008,0.365469889623333,0.100952262667035,0.32702651617696
0.0927333915578677,0.309311796212289,0.106569519971225,0.300408528835232
0.0956327420946794,0.314356760202558,0.159062084690248,0.328464317030003
0.0810997288924791,0.240351212226205,0.0987496850449886,0.314457349677628
0.0868412752812847,0.318587441918301,0.116037975356368,0.31438393361321
0.115564462480696,0.266425405256665,0.0928557339557317,0.253389596855963
0.131824292428446,0.263388541415749,0.0897066274303459,0.310329874670846
0.0794313853558864,0.265800040920621,0.0839392156017798,0.248954345233137
0.0921176410943401,0.304394001504775,0.118637561678861,0.306003781883094
0.113198961252157,0.260898071000393,0.101385356204258,0.294565917923522
0.112192835296901,0.277536134663953,0.0959965913048497,0.346600589508626
0.119962080352243,0.247873796588466,0.134745222672479,0.268513752374532
0.0834440898200692,0.341189071712397,0.0867605006680037,0.277336699434371
0.0753683419753496,0.282143909009726,0.118342290758446,0.324777056733587
0.0533718771975627,0.233338090901714,0.0930799617550403,0.235527710217955
0.0910355322736928,0.274387457702243,0.082151314186142,0.291782377327549
0.0641228107452635,0.249627587593493,0.135478128669805,0.273825632108317
0.0748991896039081,0.332053621770714,0.0874972982270586,0.265092205649024
0.0898419142817499,0.278057962818187,0.129086421760171,0.256121763865133
0.0734355603652998,0.280597483307801,0.103143633494382,0.286579617154466
0.110441565146385,0.28869918684068,0.0736403537774056,0.288595586110432
0.114858658736567,0.32795113708055,0.0719249727935431,0.257329880121111
0.0645143482993208,0.327991510868472,0.179422713615675,0.312896103015895
0.0808958964822101,0.304327377413949,0.0858126254525851,0.28256902930264
0.0808881893588116,0.293375769637019,0.166369052893187,0.286018732324211
0.0902525606150939,0.356757260777521,0.117044809501079,0.316862056112649
0.069009166696681,0.23184993025117,0.126876324430707,0.23766048186425
0.0604934627208039,0.234710712458266,0.136602984622154,0.271167812387075
0.0963701868538866,0.255090058738799,0.117365031874199,0.200444995137189
0.0538395352808051,0.24132840122758,0.0950020875324218,0.231145436428419
0.0942207268191105,0.279080159001992,0.0811918797827914,0.300402252880594
0.0425047572006736,0.26986694987986,0.0957007639496191,0.220471064081208
0.0656894648372828,0.242971170001687,0.121181822700148,0.346112086417561
0.0998752024306712,0.293178015811831,0.0934756558895315,0.29178241547544
0.07620289649101,0.301610127779919,0.120613003437047,0.342967390082633
0.0695889082341458,0.18949179172783,0.0893517771684008,0.183520656195728
0.0694312967106285,0.255943461386772,0.0787016210434383,0.26716406608456
0.0927958139427114,0.287725138375737,0.0654766400511762,0.261971098999688
0.0745986427864422,0.29539991910227,0.144463640560737,0.307376341752972
0.101192944898132,0.321473182045673,0.117835189578914,0.304977770090932
0.115902063887188,0.310923077633807,0.112308001785031,0.311368090461835
0.0645836397482014,0.318227766382443,0.106759819898151,0.276722276982513
0.101179470533442,0.345394557212856,0.110676888682127,0.296627497025235
0.0941664540207753,0.282764214253556,0.124506237105287,0.273073017312688
0.110680936605569,0.327185741117778,0.132998681709526,0.319631571800088
0.085465137941075,0.299218294559535,0.137672083549028,0.298019019907141
0.0796291229021329,0.279906459450027,0.130475252063197,0.257821100271749
0.0969497154972613,0.271057163834186,0.094649490325663,0.322200177932476
0.0946098640037217,0.255696337952961,0.0982715633984248,0.341913630832784
0.105882161497752,0.324538062169871,0.126393058182153,0.223819435832967
0.0745227821391142,0.283776217997931,0.102381698189494,0.310854809478487
0.103526885327504,0.288127126193928,0.11748045743863,0.266233306725132
0.0804913329318385,0.298995193097054,0.117101190285055,0.262128071824441
0.0721224921945761,0.27630682362869,0.114113990910661,0.269596574045324
0.077216506197659,0.270190297555197,0.101028883367812,0.265791230066108
0.101904596752467,0.291576626766661,0.11658639132804,0.333544579351885
0.110710010981407,0.360784436254026,0.146119482893576,0.284455702057867
0.0922217145457646,0.31644537919457,0.11275070586098,0.377031369745702
0.115404670373777,0.270680104807605,0.107855603852139,0.306796658560919
0.0406735240183983,0.324551392132787,0.110985268275493,0.257965951650525
0.0693422335166247,0.233475227850689,0.0958111389340901,0.238701671377131
0.121321121359587,0.341453784863427,0.130063162391706,0.288396349747627
0.0892912766852084,0.296072302311848,0.0784570652253438,0.232543328366015
0.0464633093497003,0.303881793510786,0.121477927683903,0.265020221608669
0.0743950140840282,0.230391015207984,0.108009722418194,0.277919534795887
0.135922381383938,0.30768346921938,0.10992580946271,0.311166606653229
0.160587416382665,0.378354469069478,0.191665413193235,0.341810763917723
0.092166184704699,0.343831672155973,0.095572185856888,0.295284753630001
0.0992267498891773,0.301475961162305,0.120583221066091,0.30763403926714
0.0732409273769974,0.266578466728966,0.0838309276161817,0.248305161247161
0.0765522581508042,0.281313875888369,0.0938457984559599,0.258679579415277
0.0858280453400521,0.297310972334802,0.109828324347183,0.28018844339895
0.132431479557708,0.306602482674904,0.110987637920819,0.337237138686924
0.0667930035927084,0.25413534962613,0.074736615141234,0.262592922193446
0.0983530735683471,0.322774068131309,0.132640991201946,0.302883610630644
0.102632078949456,0.268953898831051,0.0993944717245317,0.273902080470018
0.10223328390797,0.268595025113886,0.0950987748443809,0.269324778958436
0.0796897291000485,0.36158471620358,0.127279883723353,0.308116078030839
0.0766279156341358,0.323438346482915,0.0895475059724719,0.368886120374622
0.100175178644198,0.233168450838154,0.109061001136977,0.22829675660414
0.0922287833450636,0.302414053286487,0.0782363403181159,0.262768496475399
0.0873336366560974,0.309758457920104,0.0866128392730841,0.234155260267045
0.065602321596778,0.204981781551948,0.083767462752896,0.244402250319523
0.0599832651958345,0.244475516751405,0.0624316503492728,0.213018538976002
0.12730523926467,0.288032519716394,0.117752679126211,0.270506407513204
0.0816674401912138,0.279405221227719,0.0890307291734082,0.268345261449508
0.0824840309985069,0.238733734891147,0.0854655148559765,0.282942915137845
0.0755507108310767,0.314208437428231,0.139611531451783,0.237038837570774
0.0944553191886316,0.355808646359689,0.10199600071894,0.273383500936989
0.121008193135086,0.363432948807439,0.129680534631917,0.293032644089675
0.10645058752498,0.337211425261993,0.128044101197729,0.320685981677275
0.0915283321125372,0.26711058622986,0.118065156081407,0.297135662381714
0.0752605828808606,0.279728079135892,0.10321598814792,0.274814138807901
0.0725335128106853,0.242881543602248,0.0972605874465239,0.252705044494994
0.0935762652515842,0.290151112112749,0.133851380700084,0.247229460116715
0.108614076084268,0.339537859031609,0.162641863330175,0.347587373273515
0.0594973588115189,0.315593197675988,0.0980903295027526,0.236392152062329
0.0426312753546213,0.393985876026708,0.14811061675376,0.294916736811176
0.0791876024558865,0.279616505008724,0.109525322898028,0.258963048175145
0.0701448033788691,0.302790181231269,0.111000718770582,0.257076070498019
0.0793664885522108,0.274346629838071,0.151331999506516,0.242976532285141
0.04937803904206,0.284487157680276,0.0941390151651035,0.291042864463723
0.0854786984072322,0.260009235188405,0.0916252900018583,0.227410434004745
0.0832284759217562,0.299218934021681,0.0907668293708742,0.218063507506769
0.0592845097547548,0.23456062000343,0.0950510024245279,0.261717291525532
0.1265770803652,0.418911702296024,0.135077683701432,0.265237190592719
0.0737700690282539,0.267812086259449,0.112166853613115,0.321623793587476
0.122409283619856,0.302574502396444,0.0824103393353408,0.301571857485075
0.099147744928614,0.278352375056028,0.0997883401097186,0.324417154262287
0.120645080053397,0.284401416551159,0.146006374409349,0.297047355833461
0.0861810451922704,0.238804423069327,0.0825232006698621,0.255644327104251
0.0761772236233473,0.235154627273572,0.0825903646128045,0.253556945318395
0.058268805519179,0.229450446251349,0.100271810137379,0.300865948187143
0.0697001894499419,0.315315188066863,0.120562046303001,0.256955110542544
0.0731421067316242,0.303511119808752,0.123505386108197,0.262277539131441
0.103547041964002,0.2726135046124,0.0983855499294159,0.292834923810494
0.128609500951885,0.298693802498743,0.0970688750378058,0.287299414607352
0.0586029932151085,0.25287343391879,0.12087384752513,0.209482803838312
0.0852641435684681,0.25912929649287,0.0917078397503787,0.286107362250505
0.0863760663980236,0.272188103432531,0.10603781032685,0.239344107620856
0.104592638191546,0.319947939626153,0.0951829585586449,0.273542983314978
0.0744962843831641,0.239229028413744,0.133048677929112,0.298520718852042
0.104525589878183,0.32275032015045,0.140698152946382,0.228785660072222
0.0979356818939233,0.28166828734266,0.11736888530831,0.33508741541761
0.125673389481304,0.289186511345143,0.125892618111659,0.302351456292442
0.0821146226764097,0.239136907746886,0.0841473782578801,0.295522116972112
0.0740259610166465,0.309010687924645,0.135642337736512,0.299566680751906
0.105412253198826,0.365673781023649,0.118219594779338,0.307298836173348
0.0709771323829756,0.241162417784621,0.108660243531858,0.298408686869177
0.0982605516896128,0.321297652486064,0.109976033575803,0.323308051383306
0.0855214390185981,0.359995035247881,0.138933342240172,0.262150174428577
0.0972661372738785,0.257359870377703,0.0823609728229225,0.252347504197327
0.0731434536607384,0.265109804133466,0.0869672871136218,0.246460262661994
0.0755986385047546,0.275523371027478,0.088991104330076,0.274877759465069
0.11573505970421,0.268131605149948,0.0941867253890898,0.287390922337855
0.0911406326525843,0.308900194764068,0.155015872100594,0.333865300751985
0.0675261636971604,0.272521877287498,0.102464044042471,0.199316536440485
0.066082925553721,0.293932364902772,0.0936459902009293,0.222975498041619
0.0888082261050497,0.248935667725767,0.111061255101148,0.235019604310832
0.0760200978123394,0.222165115329065,0.129248291049036,0.24597135245162
0.0881179991719312,0.194833122836775,0.124946966187549,0.254550847775199
0.0993181274783792,0.239177711573091,0.0960723760852968,0.231659497364285
0.0789695868983551,0.266494120800806,0.114165674863218,0.286147545376153
0.102247745960842,0.257041891674067,0.105539691247375,0.278255850869259
0.0662756750221861,0.302279635234534,0.0853293372747505,0.330016997423465
0.0618330126303757,0.310462158656581,0.13307663188637,0.253714055319458
0.10458528714266,0.294944368975671,0.0811550478562317,0.269543029400357
0.0867411549832881,0.324698150056645,0.131542358590252,0.255742292430709
0.0891710620523015,0.26281609873727,0.110426696258644,0.265000543798707
0.116526477988769,0.267048074194228,0.116846580263405,0.208670767371677
0.0637650559409718,0.291121828200181,0.105700148675181,0.294862783080396
0.111908558205334,0.272821236316257,0.0971588226110232,0.303670222356622
0.0939823780218339,0.306776720530425,0.11742338803582,0.330214619737399
0.105714184354549,0.286304258662342,0.110319001270622,0.301689712363984
0.0771167219646168,0.27355386009417,0.0797584402012991,0.220847049693328
0.064337184876135,0.271587028019185,0.0797516496227853,0.223961163585692
0.0736966408064533,0.293475295702224,0.103685537354509,0.348169682038856
0.0906380335055549,0.259746163134359,0.139841277410872,0.23737696715216
0.0965044169406023,0.262353261308878,0.0838440084316002,0.266626963332482
0.124836288469601,0.350340020390533,0.142552698682498,0.372493186787562
0.0897524564570419,0.292274672665881,0.08686370166194,0.279821367479298
0.0724113143098141,0.334251537473765,0.113907252713419,0.293121466587094
0.0733996792365164,0.33795420721638,0.117601382678528,0.295764637344327
0.100751500180608,0.296830369751449,0.12784261920559,0.28862142194538
0.0744557922191366,0.225629692664845,0.123024063794894,0.235897063746827
0.102625726120629,0.327775568697229,0.134267944317851,0.285716450713313
0.0870182873324893,0.214224051345668,0.0897080159578591,0.25981586706892
0.0884550119869439,0.302475250599893,0.12148993267778,0.239143451477275
0.0587830673594773,0.235631071361268,0.100385875227872,0.282737270815327
0.0941387533653958,0.316180148466705,0.107018688585352,0.268318590705101
0.0734940786577783,0.287480187059316,0.067386307664204,0.220940151310324
0.0794234702312335,0.250125205764087,0.0756169016431901,0.274220628972264
0.065875311097581,0.257257753367842,0.0862955097419648,0.318915841798205
0.0695789795638383,0.239038079002511,0.111141122392579,0.304165592560469
0.0638725357966275,0.268614915547608,0.0896173443679822,0.232602889717008
0.0621874688583583,0.276796859342501,0.089961396433339,0.233809869995359
0.106235559391629,0.281679162656835,0.142053634792184,0.401192848854651
0.0969069110796465,0.307462974412661,0.0853790722482963,0.221165675015952
0.0472489182362373,0.261021666131127,0.0724951829274354,0.233593005689456
0.0691204391588791,0.322158477909267,0.0971422586834658,0.308328467740648
0.0762243288373546,0.303993254040643,0.102429284701459,0.304031899346949
0.0751727259295863,0.24218049979387,0.102027466602491,0.252090564537688
0.0703411582421173,0.31089411649675,0.0996174677656485,0.258794837185062
0.0704621807702812,0.209039530465675,0.0948814020256913,0.259821270211305
0.0495362683170119,0.296222034416911,0.110700936495517,0.242193635823874
0.0851253443192658,0.279800199435324,0.121140857259432,0.313605237917066
0.0743259328252332,0.279281675157199,0.0873641701433974,0.321115391952995
0.0501095678277922,0.225118092129422,0.125830029841838,0.2655637518168
0.104282732760233,0.305401424872201,0.114040182590952,0.266455519164836
0.121615669638222,0.303805778890526,0.107099291731988,0.26438214651504
0.0586688671631068,0.266346174114584,0.147801053031034,0.240983065236314
0.0600476338764812,0.331040354615399,0.105449366387181,0.267854352261788
0.051896712283209,0.319309028304427,0.0922792270488206,0.232583899676944
0.0326430199228392,0.19353000377286,0.0868237110831353,0.214269296586742
0.0971242417507965,0.36070073246033,0.133816264528867,0.309455538801668
0.092732390955199,0.338043769182305,0.130185250836163,0.253840381889718
0.0597955224008041,0.258392417581172,0.0771261797760759,0.383802828903402
0.0551438066073984,0.259926988592368,0.0853266109552152,0.270767029984034
0.0987778180198609,0.31107792987129,0.0840844919272731,0.322466273813029
0.0807492099671456,0.293945287875688,0.112266462945462,0.197474044125755
0.0754043016045467,0.320306633628716,0.119755587774252,0.307437543270878
0.0619155477392958,0.264762076800458,0.110927700792592,0.3249673889258
0.0737058795250423,0.292493949949609,0.09596249138343,0.274331052289664
0.0504135158690257,0.199824470987921,0.0965609699275502,0.359345895615336
0.0532950687138475,0.222476405973538,0.075813332793867,0.298698879528018
0.041186349642912,0.33030650299637,0.0966029752044839,0.254561289972918
0.0646237891071001,0.209455063787755,0.113252764632565,0.267626057135684
0.0683229768283147,0.301312166784242,0.0779942460215572,0.268105517382041
0.085057842207391,0.272856224715951,0.120007022569204,0.280364379768547
0.0735897151773041,0.288620270903177,0.106671426603547,0.239021412933251
0.079919717332231,0.321719757525536,0.123425042529098,0.272107427531496
0.0963568918633069,0.330525219334478,0.120105224089419,0.229108913168078
0.0878287570074297,0.244953034318483,0.105791007760955,0.334543531855339
0.0685351985193745,0.238910529787329,0.105340935939984,0.218993189319111
0.0676212477880481,0.268077069523212,0.0847364193944435,0.241387951893645
0.0926142093009924,0.301333811436052,0.0983241900343278,0.318793424530367
0.086290869815546,0.275259848256533,0.129697065268067,0.268274814437694
0.104672833008906,0.292142370409639,0.0780217320488616,0.276665171370262
0.0917764473418378,0.314540707167617,0.0943437555559384,0.23801122158838
0.0722531644535941,0.265110256448552,0.107451528347883,0.228478106380019
0.0807437548218275,0.262303656191648,0.101550512024947,0.314477292352933
0.0520883764801521,0.222652732494577,0.105715604856515,0.211533077029594
0.0791511911335245,0.213809150538013,0.0831076592905782,0.249067534876702
0.0928368602338815,0.293436817335605,0.103131821867133,0.243912079427257
0.0928399252127115,0.278221377302221,0.0933139518189444,0.243336726207843
0.0663487438024461,0.287749724561674,0.110190545437012,0.287156868544028
0.0875489519779659,0.285007152404006,0.126608443801396,0.310066941839042
0.132635099877732,0.329816228086488,0.118561673391448,0.280035189021689
0.078776741443139,0.312494093775378,0.111991827703554,0.36582186894909
0.0896596116234193,0.297707059090965,0.138005400346366,0.232611599565721
0.132360968625132,0.274409591493974,0.123801108380456,0.343908572058206
0.102917782064052,0.288903155380159,0.107198752233839,0.285506418046047
0.0892198550319672,0.326313233051194,0.116319810073484,0.251500775093617
0.0440259463781423,0.247380466591395,0.097199314685907,0.31972037247413
0.0851924722014365,0.234346502180008,0.089670703676723,0.251984916783984
0.0581801718710996,0.208691877078195,0.111875885010011,0.300267808648284
0.0685642943383081,0.320204437666495,0.122553619714877,0.204236062690975
0.0810416128976186,0.310470321818964,0.115175380806781,0.25615874839455
0.1150045541279,0.311544784065446,0.104534901836161,0.277151017119034
0.120965590445188,0.270392290486125,0.0898964358142145,0.242880721673824
0.159574451186066,0.239164155070926,0.088306906059856,0.267467776261783
0.0613148377193928,0.279000375095919,0.110831688228513,0.275040203915661
0.137398837740685,0.287295416279432,0.105530262251457,0.240542973864031
0.0821481142071785,0.209893091081153,0.0786380393487551,0.29691409538254
0.0852502155502226,0.315777248877752,0.105556281112064,0.218791347975399
0.0326619435956249,0.264788168629495,0.123726092461536,0.324968493869413
0.0571384984829737,0.245063720571931,0.0999072825935848,0.219231521629838
0.0826490242447298,0.222957344662999,0.131227573600765,0.353689206749871
0.0954840265116092,0.272280899928525,0.141098523816858,0.263412797344289
0.0903667641970648,0.273495514834202,0.105114173141211,0.339453042686328
0.103310157691814,0.290923279759442,0.110809712245103,0.290588969927458
0.0906789640127653,0.302391724084374,0.0953696617943811,0.286485148843941
0.0849051652272421,0.289459064767429,0.10525264939381,0.320591170951397
0.0999717569143581,0.294923571968998,0.116994192229477,0.264364391611838
0.0648663376074391,0.299871341655042,0.104443288973103,0.280143382303051
0.0814249468180241,0.218299574222541,0.10428025732964,0.251564128997414
0.090741356132984,0.374923509200045,0.148433808847748,0.326552553230595
0.0639760780947433,0.247804235835838,0.0937805809132329,0.254108188435936
0.11832951526774,0.295329209668005,0.125353920020733,0.285695180174798
0.0931786274109224,0.294964288509209,0.130365390630822,0.289825946730073
0.108231838067517,0.318623326386177,0.141348802637481,0.300249802536003
0.120246363379713,0.29304971815553,0.148975625533689,0.336197985115673
0.0628230425778742,0.273532303618736,0.0929059009196984,0.271021045123908
0.0614823936685362,0.268891182149902,0.0947079555971459,0.265431996967703
0.0632032275989681,0.26510845211378,0.102790709975222,0.283794799020538
0.0514453316499134,0.236188268855419,0.0968691867448364,0.271900589116041
0.0609204962093285,0.219581396482182,0.111006605984893,0.274574637548531
0.0882813720160551,0.271420416864135,0.115171220142899,0.248633957544277
0.107887805147319,0.305192386767309,0.0902794876702404,0.327518283126334
0.103016918163947,0.28481639094644,0.104730597929002,0.339642761691669
0.0739393560770624,0.276304674162129,0.0871186966972748,0.23696259243622
0.0932608884127333,0.211063432329279,0.108487647016396,0.303644508412447
0.0569884464175308,0.234263205595739,0.0804951570481069,0.233799519718732
0.0744918824132944,0.215429780147111,0.116150951818268,0.249756921037686
0.0639255601987084,0.312908375710469,0.102244432563968,0.261521205571034
0.07267994554217,0.262323619567608,0.131817774366575,0.21281946081259
0.0703700550807684,0.261771422074542,0.131867530762018,0.198093814749571
0.0587620886251189,0.250891700426055,0.109703122616192,0.287616895161777
0.058504903680905,0.332548070106094,0.135514634047764,0.311409506835643
0.0723645703041342,0.358022242805932,0.109188645780037,0.268507336731332
0.115804677518458,0.271564089224906,0.174554437376784,0.273209982888592
0.140171018862553,0.262048211795126,0.170188753053432,0.271597807553907
0.0968198652340064,0.312476278346912,0.10915497936556,0.290466299686178
0.0924974466641542,0.300457861995304,0.0950552679156502,0.246435261211447
0.0969214933465591,0.26106012645366,0.0905979581218056,0.214589080003236
0.0991581187207416,0.305469100855286,0.14747933308945,0.360797121099512
0.115765306252992,0.333538547355113,0.0894670908710612,0.285780405123458
0.0734053606988948,0.240873588889657,0.116651368019978,0.287327340584894
0.0855973477068893,0.270571077121993,0.113092211897729,0.294773800948607
0.0780036859173787,0.340904819188902,0.0560456484069503,0.267417889145943
0.0865388455089438,0.28608865386753,0.139332490001336,0.337366978398669
0.0640970561654795,0.285454846282349,0.0820765329268186,0.240542798038184
0.0800225135040147,0.27334571841288,0.0832904635143627,0.261826056482956
0.0991613597843327,0.296810764212148,0.100889118789391,0.283811519785138
0.0972545965647209,0.389796313282012,0.123075621021925,0.29857125383516
0.131001459896313,0.286425099410521,0.105535916690857,0.287465092900678
0.126380272407228,0.331659462730811,0.0985029116277566,0.302703618536242
0.0703376376792999,0.300945286380948,0.1303642087836,0.347909830727866
0.097748506352881,0.371335117051885,0.167704203501655,0.305095470201472
0.076062139170038,0.322158267715275,0.141310313236145,0.335080572613018
0.093299634986828,0.391799514733678,0.142767550758541,0.279816682124044
0.095016055915025,0.21706961883084,0.0842080880930687,0.275125491836218
0.0640409108555505,0.221142320148933,0.0735974893891803,0.281792749614145
0.0848321408413615,0.217780645715809,0.0896284669999898,0.278679245673629
0.0912420665395707,0.265803429446452,0.0879470487258875,0.20402624311853
0.0663232794286443,0.287342053337365,0.0924121848507347,0.229456327353632
0.104313609612355,0.273180866679443,0.175862412446176,0.329249368612494
0.0415903615968127,0.264091417090409,0.0958836080294925,0.276907024791272
0.0514746651480574,0.289899741946785,0.119900644342963,0.276950171870198
0.0809310476139859,0.322964239635469,0.0805514734449724,0.282080424994186
0.0813776275621598,0.263910004395164,0.115730347891367,0.244924304130946
0.0837709465770474,0.275199535239771,0.0968783477913383,0.30807847869018
0.100766719316847,0.274353290624425,0.121658171628237,0.290904449292731
0.0772440027075518,0.280239724261471,0.11094762869534,0.247711169209008
0.114832903636904,0.31843094109127,0.131259572439776,0.305622847311456
0.109847884379034,0.315151829874603,0.122926007299288,0.320125994160978
0.0616646729488307,0.287428293757916,0.108904672874103,0.281785115413344
0.089598627383888,0.337411982802667,0.109056316355188,0.286466757695469
0.0965094931686941,0.339504725913749,0.113298448214716,0.274833860145376
0.0614569682666659,0.236351114352974,0.0866668767900853,0.274770309944594
0.104707047178005,0.20678328370984,0.130666235121621,0.246214123859918
0.105283767527974,0.203249760946236,0.126848831897765,0.242952353607657
0.07184831460677,0.254809950270446,0.110702518213862,0.287931592945111
0.0701846627295625,0.275138119457785,0.111225465028765,0.269645530448017
0.11789007439764,0.237500456578728,0.118000406188711,0.220756182676787
0.052969447730597,0.251544192746822,0.0801565586493423,0.281401784927868
0.0532119547030488,0.225478457015491,0.0867818664317307,0.280306162347853
0.0798301822553336,0.251240809390434,0.0753555750521062,0.22601199998845
0.061823285959485,0.243747503142313,0.129080675467236,0.253832876016717
0.0840986917935696,0.238125666132355,0.107472700972451,0.271273930033106
0.067298356541398,0.258708190272217,0.0943759596236914,0.30320235183935
0.0768920208780539,0.283802934442209,0.150703370128362,0.262627818106495
0.0634843936906129,0.223388364038754,0.113909825317949,0.360954903078379
0.0585518842515343,0.243166953743639,0.140353942486224,0.314740172887286
0.0569547811127606,0.307488968046233,0.0796882332061149,0.243073054323438
0.0743110884251743,0.26094290962158,0.0859972162723628,0.282012874881328
0.0811392686371531,0.251800726695689,0.090701686858188,0.295360152817531
0.103392049185734,0.323217335169424,0.0987461868881894,0.28715197449735
0.119807173842483,0.348238080287853,0.0997796357455505,0.267059133519803
0.0701082254076979,0.295411669360475,0.0834675523731296,0.26874914057337
0.0762243647641708,0.299801484786053,0.105789589770555,0.292087134754026
0.135092827358223,0.295739737157174,0.148557332561023,0.279825595443111
0.0812198820865525,0.359239514487384,0.114547961450452,0.321281787774027
0.0992101395656652,0.389638328840955,0.114300609727046,0.317508964420497
0.0952833383829927,0.233958355987943,0.139243497981322,0.242918726848039
0.0662832491638562,0.210186279808483,0.111534459780791,0.241481474899056
0.0508268110465467,0.227456746484547,0.0912293081581521,0.208014910394268
0.0502312445467903,0.21396420034539,0.0949782445452857,0.21712279088224
0.0627970467319282,0.202202962297372,0.0835912269318108,0.276520204880182
0.0627812646626938,0.209105275177471,0.0743070949755325,0.271408997831584
0.058964260693701,0.227308543303508,0.0764348517131232,0.260451806795908
0.0580508987067792,0.263669294139419,0.115294573433348,0.239091993792877
0.0583706086737214,0.260218382674488,0.113393682244895,0.192764655327692
0.105246925667939,0.287465736832333,0.0748861954930464,0.311753519435617
0.0637573487350054,0.232811852748999,0.0845366123067483,0.248882770544786
0.0611496801345593,0.247779897914526,0.0871799806023624,0.258728848311673
0.0439722774977046,0.252674216168807,0.0892114546610784,0.290396687773552
0.0908054802139623,0.329733011788628,0.116372340695866,0.300426305300974
0.0752538456413102,0.289598308457273,0.101375843802058,0.283315706714969
0.0939753704712276,0.261923160412529,0.112548269216642,0.273228792533789
0.0883026037675328,0.232479088275268,0.109536549756502,0.243008206754195
0.0685018632790404,0.3222715002246,0.090770100465142,0.34170456894127
0.0644245720863532,0.277751760269292,0.0984703180013688,0.300639098348005
0.103501184326324,0.340148871740885,0.100410592430977,0.280384658147456
0.0889569358405266,0.282080305617225,0.106842199257589,0.288180617199132
0.137677484353931,0.323256059525221,0.12644865726026,0.296249642567236
0.0880857013827821,0.265679039154525,0.0827800951006363,0.397230848207914
0.0697536766494925,0.322521206455529,0.0957410178692995,0.231067859797898
0.0975953703864641,0.286452236058481,0.127270590784105,0.243712912056901
0.0552729827181557,0.231380064265936,0.102048912144071,0.233339799583357
0.109871027537872,0.255059197567505,0.0846361425631067,0.291570414170062
0.0222461849418384,0.254798705703766,0.089446344210835,0.258498502501492
0.0252337465235087,0.245121843554416,0.0912024820476687,0.230294022109757
0.0950660122127231,0.26271263716739,0.091967681696516,0.299680546677978
0.0750438973304838,0.277524233206844,0.1129462688039,0.314215481725627
0.121619876853362,0.243258642777429,0.0565077993101218,0.264700375068508
0.0791884045062717,0.315573004431605,0.100378273030914,0.265520683737716
0.127584657293085,0.302918119818162,0.12730151677887,0.300169559333005
0.127469305562578,0.303091030147881,0.124500317046133,0.303159458899492
0.0710142055296297,0.255544549912038,0.108149574737776,0.238138585953056
0.0777779398577702,0.280478327789299,0.120824650017977,0.26075742920536
0.0769907125899295,0.275841661802201,0.132897554530793,0.272268588881591
0.0807063621327087,0.201608071210951,0.0901973782945247,0.230111675718534
0.0766199378585581,0.216043159702435,0.101459913668221,0.273276710740426
0.0858671910901065,0.342931027352466,0.0788849169295728,0.309264174006642
0.055729732007358,0.270352281051862,0.11606619170968,0.295916576286457
0.0709707260424299,0.298905773384017,0.116926890997636,0.34664740397062
0.109602109376736,0.247543226934353,0.113958988510246,0.35975768397513
0.066963394701644,0.286612238976985,0.0777354546048188,0.214030479944225
0.176903393903862,0.332358842278655,0.166903996420959,0.368181025727681
0.113444539052562,0.289901116236571,0.0923429171475716,0.287935953554216
0.125560156165286,0.243123446202599,0.0979422286332889,0.345622350133068
0.0701960500078608,0.276181198523589,0.0589885323781508,0.284214382698491
0.0727077230437423,0.311423023187326,0.0827922464154599,0.362469955184673
0.0757234563457259,0.247206878175555,0.106737720797728,0.289661584632925
0.088387475915559,0.336803948152129,0.132251964140915,0.32412219486034
0.0809814423450962,0.285416730475461,0.124439959719819,0.321438180731824
0.0946715948266086,0.328966078129719,0.104207744950672,0.250972588372421
0.13265726973009,0.272329923062354,0.125574330854684,0.334064563329995
0.157545693294809,0.273702410535993,0.0952795700335691,0.339258015302387
0.0750672779428495,0.369441401591066,0.132958763639456,0.267154162603681
0.0614812734395543,0.331831280173363,0.113465494570381,0.285605731214589
0.0824839954494004,0.287665015944818,0.104958748863066,0.321717624090756
0.0958502869107981,0.273820758499588,0.0996532295733986,0.336949652188471
0.120205691458371,0.267503044586519,0.119239484536679,0.252913698835986
0.0721018702380969,0.245297202250957,0.100300953967206,0.233880830201611
0.06937948631835,0.346746112617152,0.105199335946949,0.217287531378381
0.0612910204724082,0.241652550453203,0.100617111313665,0.33790958555931
0.0798144633360681,0.252470984090493,0.103835027349131,0.310376657263928
0.0962324840049232,0.286092958438859,0.0681040404845715,0.33188415708861
0.0961325298211423,0.28584265807996,0.109274243649121,0.271456082614461
0.0720212646443468,0.26607634935606,0.0988475031122757,0.258718213892313
0.0610296572742251,0.264451549927003,0.0688497653739599,0.272569513513226
0.0385681039125625,0.319926561754664,0.0693133438217515,0.253899098786569
0.097177102306462,0.294796957295358,0.118493281655923,0.31595291165556
0.0844598789169989,0.264304868091234,0.0955152396673486,0.286077563685356
0.0666198337949652,0.318145383863597,0.116070809672808,0.243379163956383
0.0565006384613055,0.298170466633484,0.17845729412004,0.269701041149243
0.135616472449222,0.315832823585527,0.0897754970402933,0.368518251244474
0.0522650121109845,0.265844519409119,0.125240302818059,0.21459765207495
0.0727750866826663,0.238737758753503,0.134101638529691,0.251036552276816
0.0474363052807871,0.243689029501566,0.063192420991325,0.237224067416908
0.0692894811230144,0.323030113641193,0.113932441904335,0.251593979917662
0.0552929351131478,0.316940568115876,0.0847121283370679,0.262737625686601
0.0761173558210176,0.305376672976293,0.089025218450682,0.275630444486575
0.074170568976998,0.297938980446847,0.0749931057042885,0.249341303999896
0.0796488557896234,0.264818623705845,0.108630346408539,0.253466930892489
0.0730465794462942,0.256252420259814,0.115261893091833,0.248224586209742
0.114389620936545,0.317988136133355,0.0878860879484362,0.257320241648528
0.0729273815781994,0.279193359509159,0.107027159415525,0.272448529544048
0.116559819735561,0.233617777542131,0.0944718173308163,0.259804480092624
0.0807516280689263,0.263506977994524,0.0970308721085248,0.328630285506359
0.0911219309986074,0.2488014170502,0.0693143820680769,0.26922362665002
0.108427405998975,0.226189091543686,0.0698285446347928,0.241806314854801
0.103310479119241,0.241342211102126,0.0660719041105944,0.229180687736323
0.113705596285582,0.313369778344573,0.106829139150321,0.302274650766648
0.1043824503296,0.30668069671533,0.0981030963857682,0.298413224081725
0.0976769798311635,0.278519303185766,0.144013980671019,0.255175854918839
0.0727199680394863,0.315213078621537,0.139806039306637,0.3384420743066
0.092544666703475,0.325419986912621,0.115012549461488,0.264706815583269
0.0936734037558396,0.29969317677367,0.0884939908980633,0.313987427344966
0.119011457132265,0.378635184608689,0.123641018916211,0.326554092413258
0.109106718514957,0.313155546654711,0.156832877448395,0.283216178241629
0.0749252284886488,0.265519234954152,0.0890930351105316,0.275382081685959
0.0873161832667369,0.255029425695779,0.115912450657328,0.288283212600502
0.0938495758572484,0.330386532365764,0.0599033944853057,0.240817870777921
0.0889570047405706,0.225125927189295,0.138097079329332,0.314188823790203
0.0733452166332353,0.33445370911391,0.0984020527635411,0.231408400359891
0.0705939162240397,0.253760288030012,0.117729757171896,0.263634219756608
0.0619560839758093,0.249761277339595,0.0951219978361416,0.216577210083708
0.08615179281595,0.306096635920305,0.117703259416551,0.30027939194036
0.0774710077874191,0.291554462091112,0.107283936803589,0.250062093659641
0.0659838625951451,0.243189543989272,0.107711613374067,0.279917004958693
0.115783929570342,0.349550036544096,0.155753699481925,0.302737772548035
0.124302033512581,0.336493202177152,0.131224718804864,0.273094995431521
0.0879661651927525,0.354189304528353,0.0970390246957297,0.333226791625534
0.0913856766719062,0.343608896025636,0.146962463627481,0.280257724603346
0.0846631485951617,0.242495971529955,0.117215490189593,0.290278103148406
0.0944744743455974,0.336140937978975,0.11626701473189,0.325830528426443
0.0560495614448839,0.260031732926283,0.112117266065831,0.281249554497782
0.148612365735569,0.298471420699033,0.126288090645493,0.241332871283826
0.0688296039189866,0.250550448539641,0.101748642880544,0.300709522605782
0.0992734206450381,0.23273071537613,0.137620490078291,0.325312399710909
0.103292232654928,0.346355105702853,0.106277402825535,0.290315901112979
0.0575758364380987,0.232999301667673,0.0927090880435685,0.255114865314243
0.131897144625687,0.285242783045956,0.108635759034157,0.241010471548552
0.0731282807809603,0.265096904170279,0.0964231530652789,0.269051644765224
0.101972639462605,0.287199774565108,0.107973885353747,0.291910196949909
0.10123670081061,0.300899575506278,0.132631067953536,0.322090415202632
0.0984013542910069,0.269484361385313,0.135711258503887,0.309005962162794
0.0834525012820071,0.32873360385642,0.0912062253061102,0.228053670908078
0.0913040402876089,0.296689637601847,0.0827384490470301,0.296674011917104
0.063713644077808,0.273530182536297,0.098281349483543,0.258021037663801
0.05419738246575,0.251245524264436,0.117846197552769,0.260571344881179
0.0921865450888451,0.287382258576818,0.116461511605757,0.286967595710094
0.0717058071952868,0.305107959262132,0.154937759028343,0.277988360653887
0.0871095417410304,0.27102706608172,0.0859831468244509,0.314786316874774
0.101510268764346,0.282365908179768,0.0638541699326321,0.256444875582132
0.0771975680427116,0.261918883751602,0.0806453202697605,0.287136563182821
0.102390035910772,0.301139293138903,0.113456822908081,0.274322950053574
0.117102392517276,0.229589780523715,0.113472867061681,0.24669178058311
0.068933969238419,0.269370042258636,0.109786493509562,0.301628709898864
0.0974621779162605,0.337921440257522,0.102117723835739,0.27972483078705
0.104137621207018,0.307524941763329,0.116534189514947,0.268755666709014
0.110488822451041,0.33656067241668,0.123704637310577,0.263481660453478
0.0882236794154025,0.285238283883599,0.114121381828682,0.311719793755028
0.0691325099977311,0.316841858002071,0.102892826568337,0.322272698400724
0.081385860693004,0.301825726592538,0.0970657322038932,0.346095936710449
0.0845957335610109,0.272577698823729,0.103844721227614,0.276308936144607
0.0692848216009276,0.2787847562078,0.115081932613367,0.324027481676752
0.108786719923271,0.365829702497207,0.115459693369746,0.292727918846306
0.0794093164733714,0.2466069468848,0.117543264984346,0.28341321045024
0.0747882726661036,0.324704819873562,0.0841917607287692,0.256894581574688
0.0533161734044491,0.235517034445188,0.118194896455933,0.298220139068309
0.0919311762795124,0.285357710554314,0.109438307822076,0.269989865097964
0.0882709683836693,0.358210296888211,0.156383733241369,0.31419457985739
0.103581701831681,0.37906220154115,0.130270763929554,0.275437473579432
0.122864675804525,0.321539140433684,0.124119301154455,0.33573669878462
0.0490083385401309,0.252681977051286,0.0920681932510797,0.240078197628863
0.0672114742555533,0.301071575541818,0.102874998222962,0.329266399718483
0.0834865590682908,0.314520377134924,0.148392537917816,0.279411764320381
0.066036387527135,0.268403326305045,0.110406325412895,0.318539417582523
0.0878081006579382,0.294164273365042,0.132722706646102,0.279961070979491
0.125543737941099,0.296745210394982,0.105912820014892,0.266309262666419
0.0605994968885004,0.226664172495651,0.123922634785742,0.223877766115968
0.102903243633556,0.298918059407524,0.0893964870860244,0.259688527095498
0.0820965616069986,0.29306058833511,0.0912769506817283,0.266263826198953
0.0930906260895421,0.29589240034177,0.126986794725292,0.268552193142534
0.0837580793418869,0.295795376771613,0.0926958845455545,0.316469482609617
0.0919395430489033,0.26958648879865,0.142506931946075,0.326676185886756
0.137267954544267,0.289824223388147,0.0981910728377116,0.289952399916891
0.0822018713978575,0.379358003645342,0.116115168612036,0.32919175317914
0.0888017392500848,0.303992539627712,0.0920719806946565,0.281103290055206
0.0593897077155046,0.245780469805073,0.103585962107492,0.304548962949903
0.126699531275272,0.224281061645189,0.0853735874102807,0.204825326412536
0.0533323698798718,0.290931874538873,0.135812567141874,0.310909322680794
0.0855847081822619,0.306097865905692,0.0755821740802685,0.264041558550165
0.0935639699921638,0.344113769674118,0.0799793533450022,0.249560264848907
0.090471416016322,0.320817131617146,0.0719252028222069,0.221935967548942
0.119916241198611,0.284358293992885,0.144895888398178,0.380575651277372
0.107907353264812,0.296021719543613,0.131918973182075,0.295801954788893
0.110318949331032,0.353101874444234,0.0990178649683493,0.268421303326726
0.129351514849043,0.312069284349383,0.12904014401634,0.279552411984374
0.0839580732264974,0.370116100468257,0.132520895423572,0.280176545950831
0.0773127426892347,0.249324666951969,0.114242813820503,0.252444715125827
0.0569182955041109,0.304851181305486,0.111051399339615,0.265326480786367
0.0730683027966103,0.255474128421033,0.124420908252543,0.307043269774695
0.0735453293601878,0.281805792319826,0.118078974717882,0.313770408720324
0.0731018328198736,0.253114257251076,0.0970035903136343,0.262531680894499
0.0598468841976881,0.285282683023287,0.111517852096521,0.233631458677492
0.0734342447779711,0.247916372953359,0.0796003230935479,0.279246464153611
0.0795296511063862,0.327303094995396,0.0962843236580168,0.249001482252336
0.0763255354339207,0.251304439060079,0.121283637750337,0.252587050936917
0.0479458617041755,0.233737516943641,0.0825293573260875,0.257807392039564
0.0702355857756981,0.244448313932919,0.0806905459841313,0.223089385884005
0.0411181337209079,0.219360481888396,0.0858654254449922,0.241749467375437
0.101002644724114,0.24780294877513,0.0945132681457357,0.21110864720129
0.0828688576507042,0.355443726119764,0.152587015132877,0.304115553493682
0.0988551798336968,0.31502184963981,0.137423170055826,0.281646483058722
0.10819099516215,0.266245782998433,0.112634099591017,0.264243004721216
0.106270225867877,0.342351815235064,0.132862370169711,0.369375505747339
0.059100654535099,0.290373734817891,0.128036373338412,0.298498202662066
0.0537834686199752,0.303190940217318,0.142023471666878,0.302126659877508
0.0693945332270697,0.311876209353642,0.129626652559874,0.31157722202223
0.0740885620488461,0.306955428931009,0.121695007287547,0.263846705268051
0.0821538377982873,0.23437308666708,0.0878046094242883,0.259952543847653
0.0956944869564491,0.256078823159695,0.0836298078297021,0.255698381893661
0.0751734610634302,0.2537455099835,0.0969615439363253,0.25825051219828
0.079337441710837,0.304536610856652,0.120459444742318,0.286856216904146
0.091770082874812,0.27346370203662,0.109087936091316,0.322799546591998
0.0807829844048362,0.297691560641589,0.126812177064587,0.356321272071835
0.0934490029783752,0.270913054301231,0.0886912317510335,0.255429348894062
0.0867471796796069,0.300197146246752,0.105546452967142,0.257153088531936
0.084344735243245,0.307572126331235,0.127127648569669,0.310615176996893
0.107496413104554,0.275071455917202,0.0872471544379198,0.301608224656656
0.0980368170628796,0.335366346134835,0.126870753557004,0.253001986455024
0.1241675353577,0.250275131528401,0.132598859280691,0.310270973137296
0.108807881398086,0.26578063301691,0.123611455887771,0.297637293031844
0.11245298963266,0.294994976282404,0.160995622943692,0.285742781682804
0.0883590106390151,0.291907094317314,0.102688321961927,0.350441361298468
0.0792269153001401,0.288728971861754,0.0908490632425702,0.275611170143084
0.0938856643050364,0.220628735763654,0.119477813033901,0.272332219865621
0.0768811712080803,0.261467494989252,0.0712396626730694,0.30668096398827
0.0712694081248647,0.293849377872018,0.0601486227068782,0.273600353691549
0.0949788945176052,0.234076365099575,0.132615330268678,0.294660501209192
0.0867716707511897,0.346019952215947,0.0963307531449179,0.257680718748121
0.084296919065901,0.251525463317649,0.0965121202628828,0.293893408374446
0.0913245226940177,0.285869491002898,0.0839332674977891,0.252460785343119
0.0686614294007533,0.257065131941005,0.127641087892632,0.259979193428154
0.129884983942633,0.319374698563493,0.0908508000359533,0.286188279353742
0.0844620144646505,0.279463419202666,0.115730445875993,0.26835162872536
0.119392607548205,0.306518113028095,0.169762022710045,0.296478022274685
0.0718291408568023,0.281822339559325,0.0927743160774733,0.32773920445684
0.0371627612551391,0.25066675931014,0.118637419549979,0.272399037132369
0.123595904785563,0.327150465990182,0.123640356183852,0.322940565032493
0.131518039509083,0.317872048753736,0.106655794005639,0.267103694559633
0.141373331253699,0.315514355886803,0.152001656986327,0.348274007580892
0.128642053501887,0.341456324439732,0.144049102581075,0.369740965616162
0.084022022690016,0.283004490012725,0.103142679269852,0.296313217908977
0.0916082504956335,0.278450060302505,0.148955556871082,0.28506399606124
0.0884551055923206,0.329450693216994,0.108673878022968,0.340678725179755
0.0873544797113757,0.252100644109374,0.132316062554628,0.314149472241368
0.0691400986917344,0.249455612099173,0.0887796278069195,0.291535324583544
0.152969727884615,0.316947443557722,0.141127488634668,0.292862180312224
0.0692021192291771,0.248789161324919,0.089279235211053,0.333781138890658
0.0918172909539614,0.275190635086814,0.110619339041276,0.255839803055972
0.0883704966500836,0.269661346697941,0.112838604884286,0.267795383387472
0.117370271791227,0.274501777197279,0.101404623632326,0.282400332996432
0.125688753151324,0.275031983824505,0.10064272927374,0.277949153115808
0.0673089218902517,0.357045342297252,0.127007915628665,0.348368362947857
0.108956333657344,0.296225287411709,0.120377813463263,0.285569525477069
0.0735852055322457,0.304855604020793,0.103589213812685,0.306147864174418
0.0965405583601028,0.239876211424133,0.136778343556277,0.269157624173557
0.0967283526930783,0.307613857307785,0.117313579271728,0.263064628982422
0.154960366861079,0.305900287869112,0.101792133877276,0.326822995199982
0.0837791965793374,0.295221637204648,0.126318900117077,0.285151024756571
0.0543805063620305,0.305483222082828,0.10623441848517,0.257698347964097
0.0459937634199891,0.295297409428318,0.10113882729899,0.248694389210141
0.128163977128047,0.286833807515618,0.115769893079896,0.322373396231061
0.101240534005857,0.245017680868801,0.100316869529518,0.248819461205484
0.100146803082668,0.24918094906667,0.126751743200054,0.275887369029003
0.036410096062521,0.213039159104655,0.0833293933885372,0.246507846719442
0.0470217843990659,0.237695795783318,0.060811605143292,0.226078208291825
0.0635301781969086,0.309126643756333,0.106158018435515,0.297607700393841
0.0635114509974253,0.251156427457341,0.108824005638751,0.271150928328206
0.0733221594499982,0.279091790656664,0.10885372533675,0.24450636365882
0.0812946579331938,0.274718808432875,0.0996181418307338,0.317463428818729
0.0871195434411579,0.273244913463268,0.0821723810372904,0.252728408387853
0.0654329755711566,0.254970083512535,0.0875126733264822,0.356143632366495
0.118986414746785,0.320208207769098,0.132811365526367,0.199415049358485
0.109726165422272,0.277748736478432,0.111855454982673,0.247399472607451
0.0631969010198524,0.272732878589059,0.0939492260632799,0.23288853790806
0.065663912833814,0.235620025678638,0.0931172269873455,0.230401651907075
0.0530093491879932,0.275702857626841,0.0750647822097113,0.27744172536305
0.0481584032871145,0.251624384424957,0.0924977084585543,0.229090878411003
0.0763661025827096,0.291716386608138,0.0751122711034303,0.269295019583632
0.104343537857538,0.301901691987332,0.120415859742972,0.278291203074849
0.0824549115408621,0.25209106735502,0.0904473482654784,0.304445199694676
0.0888074460545608,0.308454740773881,0.116609125716248,0.335604376520466
0.0739845480473064,0.282356283268049,0.13553796856507,0.231097589574115
0.0888212846733411,0.26080557091833,0.093959609279044,0.300943534234498
0.0722749789315393,0.279430042452841,0.113449758138754,0.283224562466709
0.0655748416315143,0.275298870268932,0.126724295741184,0.328765790813861
0.0850861971837708,0.266949482456823,0.0882264205477559,0.321972763966089
0.0446855143533945,0.198653314257239,0.0815944905836056,0.258087948479027
0.0536972290208756,0.203205008172812,0.0896615030088864,0.25456402123921
0.0780013430843444,0.181713181036877,0.0933670373792824,0.260132158897234
0.0620451078330436,0.192719517520778,0.0677598278613861,0.241575808505196
0.0733977373440187,0.236228119534483,0.0829702958786684,0.245165801664064
0.0602749694115911,0.278432900376606,0.128172306482874,0.280129538511974
0.076649304207843,0.340414908972388,0.0938716788700168,0.3356982624309
0.0956643393456468,0.280517656640216,0.135631901103751,0.242372086798288
0.111661444618501,0.334440839332204,0.0924780924471318,0.246316536344771
0.121090910030627,0.299041844300664,0.120525269287912,0.290015100902386
0.108989239607839,0.275223919373817,0.0907647293071688,0.325037846035726
0.0580223968948819,0.275735501635356,0.120342526709072,0.24447413131051
0.0593457587224137,0.266775138883996,0.0994771784505178,0.294950151513411
0.0906755885441412,0.271574471580765,0.10083182034103,0.201974216865681
0.0934213484780419,0.259349024889864,0.0980006755815905,0.260717353743555
0.0616008772470167,0.267475998107275,0.0923351646444959,0.277139497321243
0.0836715140301281,0.360142063093327,0.108915609380142,0.293980915853263
0.0941327103416832,0.280370167070114,0.107195778720842,0.305884384787632
0.116570453510295,0.381535647368556,0.124568074730118,0.356386655992417
0.117869125818984,0.300962342865662,0.131686903546596,0.248355940423528
0.103333757004092,0.266791355793539,0.111198093700762,0.318895636132224
0.0773623237093165,0.250926370330683,0.0935446514040001,0.264180005468393
0.137056199832554,0.299315082298483,0.114878251483766,0.295935653609083
0.0493164066374676,0.220533448212314,0.103829537647091,0.24608199166392
0.061037952643961,0.313956633393618,0.144032544565394,0.296007165389046
0.0734989672581108,0.282733136545563,0.0735147796600757,0.288115165801119
0.0801869202970957,0.286708731638447,0.0789007820718551,0.303821769768671
0.091394605047984,0.306289191866101,0.113430015480782,0.268082626094684
0.116966695689196,0.34797611447711,0.108658600396178,0.36045451496145
0.110383124783599,0.348838033277346,0.0993037216881277,0.348440363203825
0.113988250808046,0.349968143816366,0.115105549855103,0.272403833088708
0.0716654080078407,0.238525113194814,0.14422255118681,0.322615994982468
0.0805671121078902,0.273984537594964,0.129400572344419,0.289890559694079
0.10289854741115,0.246682116026307,0.103061909444345,0.24490577367673
0.0711067455227016,0.292400509796003,0.0951291540154003,0.294905642329387
0.0948957943289957,0.286279469754305,0.0896394143383809,0.293532985442599
0.0818884520216808,0.303896594644673,0.126713245243526,0.224162143760106
0.0848229709094618,0.346154417553208,0.0577247019555377,0.315515959034738
0.0802496334406169,0.24690596368935,0.172251649407109,0.316307012068897
0.0850526415568858,0.271230884211652,0.103805665794588,0.22122416412194
0.0905859409912272,0.267558540798997,0.113834840236121,0.237817290689557
0.0760885151305887,0.275491779126112,0.135478287589927,0.305080612669751
0.0904170299345086,0.319038940845029,0.10952235371697,0.257161547093789
0.0876599543022835,0.285133251011709,0.112920980866707,0.298087464723753
0.0933307387687868,0.322110947610238,0.111186612177056,0.317132752638596
0.0990038378188068,0.296233692720235,0.0970282617445526,0.322502785403443
0.133801810863964,0.34476849095708,0.122108796468259,0.3171356380104
0.0820877399275841,0.29051626261155,0.134681761016021,0.323489536092358
0.135509278593223,0.337393913890229,0.100079090507963,0.271745979565759
0.119535661157861,0.363712077339547,0.181819932624006,0.34825343257035
0.122747693638106,0.370574949258701,0.150126624141931,0.29031437318045
0.0764263490940375,0.301798429908703,0.100314379107721,0.296846677605548
0.0654775535927609,0.288573866053281,0.0841995566012518,0.303428066431958
0.100904597640453,0.29450469605714,0.106945397500638,0.24429311747702
0.0689448622343362,0.269277242461439,0.106096711582576,0.275486559124066
0.0856713451814168,0.295686200296838,0.120088339104634,0.282845437928976
0.0800643725127784,0.318884159811339,0.091678724420751,0.292828356823437
0.0873923377075474,0.345230181119426,0.101246732961607,0.280197574891817
0.0924228561941444,0.360403383265011,0.113205812646148,0.242504151407802
0.0794855768777665,0.309828473681728,0.122864347350774,0.31409313095173
0.0870390261200916,0.269317672769201,0.0865054105972278,0.318049562147538
0.0676285442343466,0.310084116541573,0.0733061541449665,0.292060987696216
0.131514493886307,0.353104309623013,0.170207336211146,0.264381519061258
0.053777071018399,0.29258271274162,0.0896472878371963,0.337546786343178
0.0847686052127962,0.267314172818402,0.124576023890991,0.290780396812557
0.108043856428347,0.235602910776173,0.0947455111469399,0.285996690309498
0.0706051026640676,0.225836430829664,0.0973811767430253,0.219217484958791
0.0727763187766999,0.243539313375423,0.117003111834334,0.209517947697248
0.0659540188978981,0.274615006572898,0.0598293635528775,0.309209042144075
0.085195780970466,0.257895669037123,0.0651722835355716,0.255123994751965
0.0655725546978848,0.227980543388913,0.143681480227012,0.235756428243818
0.0622482186315768,0.286850542764632,0.143908815920989,0.239633811449249
0.134178444797507,0.264849961071075,0.102917637164511,0.282701027685315
0.08228603986634,0.291136923249727,0.0874540888670276,0.276832885929563
0.104911911645735,0.35109293905518,0.137273634011079,0.286819083658757
0.145133317061765,0.328090547171364,0.125526649380549,0.291160644053008
0.0785404827723333,0.31861969333965,0.0812577217602752,0.336414082317539
0.0852117379516052,0.281752926557388,0.0936718628894793,0.332938382862861
0.0577084565263942,0.274759927043356,0.0778908351712009,0.238701800654985
0.065952759745028,0.277501510866526,0.085948956130386,0.300296240339086
0.064820289700444,0.290208291883667,0.064596930105507,0.248797002726448
0.0908902331249948,0.246610435512865,0.108338638956632,0.309041496191625
0.0642263919705249,0.269648684288075,0.102604832118379,0.281875161032634
0.0908658472387325,0.278194816477722,0.119840058675744,0.287733556440507
0.106721153661013,0.3533736945631,0.121322352837427,0.280083566753662
0.135452526213497,0.298276927372639,0.0738745493769447,0.282233338316033
0.102128538780879,0.299816946369895,0.0770267236912428,0.284425687142189
0.123315055779877,0.243969481307817,0.0628040586524352,0.253546834814111
0.0873951624792292,0.257189076112959,0.0513924633168404,0.266475214220489
0.0907191616700899,0.260080642537263,0.0846425025114719,0.301172683294658
0.0918968190135157,0.290832616669294,0.0929594356302935,0.254552331893373
0.0809412700913772,0.2579676757916,0.104352608543174,0.26220441975207
0.105324089034555,0.335279130002342,0.134907295623136,0.292912957364121
0.116298547017138,0.307275117340631,0.139440095150241,0.290674842054295
0.135960831062029,0.349583995968163,0.142068277674116,0.332681503615905
0.128593445172077,0.317180033051896,0.133898348094849,0.322976389597348
0.105183531548553,0.35987923166613,0.126272517920139,0.292935939999565
0.100502548964418,0.339467445992381,0.136033208375589,0.308534144934881
0.0522264746052749,0.305665722296921,0.109332423969725,0.271645070047736
0.0903418266393491,0.264900613792572,0.149970493441684,0.315863354233225
0.0868982642110232,0.3784193644156,0.0901274397248818,0.269650207909584
0.0843150563397736,0.328664277065507,0.0791868363225962,0.269638318853299
0.0640465923368293,0.26934484710202,0.152216420357734,0.280373500539799
0.0988917382023786,0.259855891661738,0.0990357562042373,0.257471553990496
0.10453793303846,0.308795765435958,0.122551765144067,0.313377589045766
0.0993957717225046,0.306161881758196,0.0819661432995639,0.347699956063872
0.136465340916684,0.303228348399374,0.117276411031513,0.223544264093141
0.0503710350435382,0.282306765178714,0.107240900442884,0.316731773327329
0.125045630312971,0.288079625415577,0.0809549151681672,0.210160957244499
0.0589865950272799,0.271401564446544,0.083412187748008,0.322564165451224
0.096241461904758,0.32148752911028,0.102920667501083,0.240676544874111
0.0641082697618636,0.272264042032221,0.0901850454095846,0.260571274990102
0.133349973403295,0.310456507352173,0.136217474429342,0.282722308601137
0.0934969475035921,0.301633159489651,0.115874399500931,0.31051817765463
0.112500765609509,0.305152802434899,0.128861464450069,0.35307728521959
0.0784073594115356,0.306286865025942,0.0934645291661101,0.300484307681067
0.0776423935394025,0.300573768889715,0.151771731667989,0.261871792419201
0.0969185701443882,0.29542951892097,0.0711635327957838,0.28997139878826
0.0917343526512998,0.234907304980038,0.13980993215845,0.284478594113729
0.0919331985109626,0.305653721735457,0.0799522873094576,0.230504659004613
0.0758539577165669,0.30794385386134,0.133975077407441,0.33407796190415
0.100544015192131,0.318960282173324,0.127430068021402,0.383844508420024
0.0828427761137891,0.291117331008868,0.0952313930618924,0.25307112581183
0.0995190107448333,0.237335512350269,0.144106521796831,0.26224087932308
0.0985325934832944,0.257164794441881,0.120057354689395,0.237337079197995
0.0723551055315198,0.22843390006775,0.125438060972388,0.257430476872301
0.0642572370859676,0.31526380160303,0.133098004969161,0.308239763959363
0.120111504066008,0.257659686808145,0.0896716939952819,0.224032130603912
0.0386458011501619,0.357387383443087,0.122466547146829,0.241864011528438
0.059164125281941,0.249422274006722,0.0995789110336396,0.243549200625291
0.121448356555389,0.342974081841105,0.122164791806374,0.337568685535481
0.110041137547816,0.338422234086611,0.107679775113267,0.286059943032039
0.113040547197032,0.233576330696401,0.0940952769977975,0.313843236559893
0.109059025619807,0.287913768128837,0.124756534493976,0.284202778099673
0.0772243727065404,0.339262983897058,0.116393775904393,0.278081133870478
0.087536636618613,0.30702253018419,0.094485534105869,0.292105714682182
0.0871351114523596,0.322214819679191,0.10427007437012,0.285757070002029
0.0653645817791098,0.217636450755022,0.0879675948913044,0.277633998424779
0.0801073602197789,0.287356053267297,0.0835988392465444,0.276657140507029
0.0712329002020699,0.266050372829519,0.110879177066724,0.316755182525109
0.080028586885243,0.299644558861915,0.111560414173075,0.293463990008809
0.107925774348504,0.260084919797686,0.0908185576173315,0.226787041550264
0.0917038009366864,0.314876202338303,0.135690896297282,0.307187769800092
0.0600851763820757,0.283213337077371,0.134182819302304,0.262227503641587
0.0688729442717694,0.256642607963816,0.116855512124766,0.255384181976377
0.110775686327249,0.280019726884576,0.098032790985148,0.273882238627586
0.0649345131066537,0.295595531537669,0.10767878271019,0.273549167490603
0.0858451952721297,0.280073198897073,0.0875323132935723,0.308040024288265
0.1127964276094,0.290929958286167,0.121050155302014,0.276867374663547
0.0589355271317734,0.323229109470831,0.0882126035975032,0.290621126896161
0.0611541612208866,0.287898565105982,0.170903670138655,0.266716666966441
0.106482219814019,0.264914364486981,0.122575274233043,0.287537901577857
0.120020439684554,0.342667361267058,0.144185283952555,0.277333559410978
0.11445780838218,0.303952739644061,0.119207087285864,0.289448762977187
0.0886308874844429,0.218031417440027,0.113310822361389,0.28644678931728
0.118878442347879,0.251295099775658,0.0803034498808073,0.221164441395828
0.0588155047279623,0.238492621826772,0.104880529721163,0.306851911373419
0.105070508901875,0.288520596744458,0.0808375091987156,0.304348802791591
0.0753512265292177,0.283742033835941,0.109993829695407,0.248006400753694
0.0612528349720175,0.253655393313073,0.154269366639934,0.285425057573452
0.0870280042628039,0.281412754492455,0.130503453936242,0.275843995917432
0.0710617107090305,0.273427404256836,0.110115892846322,0.265589859078738
0.117334850057576,0.299923026259193,0.108992018221284,0.23105899035286
0.0725024062557568,0.21004334577775,0.128192234589559,0.258910565449506
0.0422557612494094,0.257093316787651,0.123516925430119,0.348803813256135
0.116758145743438,0.389919628364768,0.111219806514933,0.296989997384631
0.121467803860149,0.41633756775139,0.103170945389183,0.290153311529839
0.0687875936550646,0.238749656579983,0.142394368338314,0.323015832190651
0.123520747028822,0.337741316204866,0.0661903218826672,0.240279680011019
0.10482831340452,0.306022494854813,0.1173252537258,0.270212568337656
0.058422538239506,0.268115632940222,0.0932334385329552,0.29030507129107
0.104597888594576,0.315696224628501,0.0607205108719561,0.241206765426083
0.0616845796163793,0.292140014660572,0.0716357386784649,0.261788745487566
0.0970231764405017,0.293239964621603,0.108604763635119,0.263381819649997
0.0795326405273091,0.274216151168488,0.0913592425754554,0.269159435901188
0.0633608669656208,0.259642325787851,0.0976990210233656,0.294119085479745
0.0708339822661589,0.290483969416469,0.102672380236651,0.295955253886869
0.0992689547341306,0.252593171572904,0.134977430252272,0.269487816612936
0.0937707480758987,0.256535017921081,0.129131639225026,0.271340056089357
0.0907561750346582,0.283517972337914,0.100022065816556,0.36152416061932
0.0995609777592936,0.296086888199888,0.130694727991249,0.32548517188594
0.0680559625705826,0.368656086557693,0.124683264752489,0.323870800649956
0.104507107483932,0.331695642039911,0.111739849599886,0.357882798522391
0.129090621041524,0.304602033720481,0.112952377347476,0.323021800235222
0.0924300961612129,0.299177951770849,0.105059287146976,0.260864856179755
0.0888892988861319,0.23008377741792,0.0899085644086244,0.314526355652168
0.0738396398906654,0.281535061682332,0.122695969779751,0.292855939700577
0.0966184053089417,0.250165242344964,0.101153485067797,0.32432390121777
0.0759495727846677,0.299027757304453,0.117846048651154,0.261839976128018
0.0942819028968273,0.304864518018259,0.100212122747609,0.260691015861082
0.0668791288578282,0.297871641380419,0.110684616398406,0.245820056332974
0.134329450721264,0.281030283072323,0.100607892120617,0.264157123534221
0.0639524026495446,0.246028859057221,0.106051900159964,0.3084377924302
0.0615283914132653,0.24297839365296,0.123608973425752,0.378455747644386
0.0782462356986639,0.3417189049993,0.0552632813748038,0.215852405872856
0.0653324629734664,0.208492798955766,0.166152203996218,0.272964881627637
0.0860047256452057,0.326062234694155,0.0650762489496016,0.279569221686748
0.0634034262426923,0.205916987769552,0.111553895745564,0.289064888621772
0.0510792689341932,0.263260428248878,0.109954144417853,0.265004501819347
0.0983068630187267,0.236137729604088,0.119186521981921,0.276439266514055
0.0901569444489181,0.360942165175805,0.104006204475085,0.222243321947917
0.0800360644834797,0.22738362338544,0.107461776688599,0.372133956168285
0.0967776649540481,0.335433219104989,0.155099564085411,0.252917124445914
0.0673757433837395,0.278357186680896,0.09050253428957,0.325979946969081
0.0744473399387108,0.279634988153823,0.0834140995753698,0.231447257165782
0.0684008015929336,0.281710034457699,0.0872398772416529,0.239194346944243
0.069825444030341,0.253289259151788,0.139025144509359,0.29033508257687
0.0730020497721266,0.297573260111085,0.0666501784765605,0.316152168889471
0.0763035598624877,0.277051542934916,0.121361263127483,0.241566266109562
0.111197205013529,0.317758819724153,0.0722363623019581,0.379056224764583
0.0991820848470401,0.300059233566136,0.132702680268204,0.270019143706714
0.121307988855665,0.258479727498448,0.091267325482382,0.312663660778791
0.0882674185771733,0.278601840768951,0.118340183826956,0.232500626350552
0.0830018246830915,0.301284224026667,0.127275259157691,0.328324827609866
0.100695107085992,0.293818666679122,0.115359054545053,0.336977598137336
0.0604627068548782,0.288405539350906,0.13778349418445,0.265284890373166
0.067949825596362,0.305475879949449,0.103274914599867,0.327994519438798
0.0726369029231811,0.261667180628936,0.108622911242827,0.281336806780363
0.0612711537572581,0.228883513683873,0.0938634382421241,0.272505843839642
0.0655764199052768,0.254036026971046,0.0996798717719565,0.30822220740429
0.121540288301603,0.293055533699876,0.124398658876799,0.279896956355775
0.0863140399560424,0.29295992822126,0.112353403936989,0.279153615834868
0.0797680310810291,0.295197432052557,0.116039660069156,0.280008564605875
0.0966671024162415,0.315414580588769,0.131618621200787,0.270449467488692
0.0925394772937915,0.295776427727558,0.165087229449437,0.238123169727
0.0836137552873223,0.232456540435583,0.0487180317659555,0.256388804187828
0.0817262081459664,0.245703509070799,0.0572389134797149,0.244963845581805
0.0551487782711441,0.241390831226031,0.103345781975321,0.238918761348771
0.0640961578336891,0.266038350802061,0.0974502015898255,0.226909374948389
0.0528785035829486,0.253175083729942,0.0972256221532388,0.291536105966313
0.097209153828341,0.319128720403697,0.167023914436217,0.26364476254851
0.055465144105891,0.252439527809525,0.107960749630802,0.301395133555676
0.0794750815023503,0.303363130700283,0.0993111566596227,0.267712138796958
0.081723903199581,0.253088841300351,0.10173201501613,0.314546325958143
0.108697126706457,0.267065165346284,0.114395548151953,0.268170782817899
0.0970586178896674,0.260963614059191,0.103113221953117,0.321779982148329
0.0946909506311729,0.263630254153445,0.114022995298062,0.212460679590934
0.0773738796283236,0.30935583682456,0.0800220897957158,0.331134233239729
0.100386043646349,0.282938322362972,0.169897192730907,0.209527842334559
0.0936960552462713,0.258848302382207,0.153553389166016,0.243939282330726
0.0753047581243886,0.23540985345387,0.108256269206257,0.285443614079987
0.0942194405895582,0.262091239167881,0.119869606005185,0.282723026830176
0.0799280560105873,0.305948648079782,0.105379593271299,0.273410966916013
0.11553059703947,0.303578110898836,0.147742020266911,0.266821740465083
0.0721660773500112,0.242468096411689,0.126782142275434,0.272639591239748
0.0620199023745947,0.244055750346305,0.114594339470528,0.234011729070458
0.0900703465306693,0.259727870976083,0.0794570057201548,0.31939532896175
0.0773323676810116,0.24521011784107,0.12419328739105,0.228060694980591
0.0633256985378681,0.305652722102936,0.0809284132268226,0.3069498183412
0.135496812030815,0.279458149936766,0.163611842211625,0.302252587636177
0.120388948136059,0.350944839491171,0.103868963754875,0.295199835504347
0.120570688479903,0.283189505995076,0.0878028370801442,0.318162898949979
0.101894408585018,0.286958790204899,0.0945748557397368,0.272625363236669
0.0989607951115227,0.279042561874572,0.13117879736823,0.333718472695583
0.102879407551093,0.308128756590772,0.114661885762824,0.236844434787783
0.0574948837851748,0.188123333937049,0.111589670493407,0.254199406343737
0.0881987731989588,0.367156096893408,0.159749821852833,0.240032092661588
0.0878363562763169,0.366650952921692,0.104918255879611,0.275576088247509
0.113409851827415,0.255931251141052,0.13804314849304,0.313020198418454
0.0673950202889291,0.375288148602395,0.103604909565497,0.281503131085008
0.100384631021969,0.242932318694548,0.134464586276373,0.305692159774692
0.0980661664826124,0.286482736398741,0.0807369746803692,0.252658644564701
0.0502744720085367,0.213131105037175,0.11030004538916,0.272641322343373
0.056023154110877,0.276970282524179,0.112609310861485,0.256338674680306
0.0926878177264116,0.298681637906306,0.0922139466691897,0.27680982746756
0.0893260276080833,0.253571190784513,0.0960018972037641,0.280548232639739
0.0523757508461739,0.287272739943446,0.11879995528169,0.281701910858361
0.0878310139242538,0.302644943039796,0.0798230871891753,0.23997543870768
0.0584550935127495,0.255665092478927,0.122964460690723,0.288641955091706
0.0700928814109077,0.248745116340239,0.0536469818245991,0.239553200342981
0.0468016454266207,0.227240912275754,0.0651663637818362,0.22911879786618
0.06560947899791,0.203580910296066,0.0996184973597169,0.209975630160279
0.135283453483736,0.377533267015226,0.139232367683396,0.333145550027045
0.0865442191272225,0.284336444877368,0.106860084292587,0.310445525221382
0.0854246964359582,0.293255238145599,0.141892032172776,0.272649604618319
0.0679203546189878,0.359621598624548,0.14705931102272,0.290364880030948
0.137819178626038,0.325639856639,0.119744615495226,0.260147131828796
0.11105316385546,0.326676200430044,0.136476609053713,0.235828478328515
0.127435250454095,0.330483197945373,0.131702825265226,0.240751396099063
0.09315281998141,0.367016589580926,0.120772807602186,0.237683935461747
0.0689312219699191,0.257042704677365,0.123176308970116,0.314178045153284
0.117256584225813,0.331441376629281,0.090236707247949,0.326418631789412
0.0877316065929094,0.209820779514251,0.115330459559267,0.258754383049889
0.0888347250999209,0.310283372261561,0.0928743594924427,0.293770504956891
0.122703446372469,0.268933076634961,0.120549234628656,0.283605050508371
0.110095439079152,0.314937799208422,0.125301379549453,0.326347964607888
0.0941968289679254,0.255884700344135,0.100500921521292,0.239255211901204
0.0848057903430645,0.359735000880866,0.136731021973472,0.34237665759185
0.102858864955451,0.273290500013919,0.112908914028559,0.332205519996783
0.0905135209388335,0.266932917828043,0.124582843730547,0.25049683869707
0.0706536893457958,0.256105743518042,0.0863147981501681,0.246423294725302
0.133356680261755,0.314974797084773,0.150785879287487,0.348971432536375
0.112225155047984,0.300552577898131,0.136141652008267,0.329444432200048
0.107857697175919,0.327571447265232,0.114535592048096,0.285060929490901
0.0941813763731557,0.300257667108729,0.155981299539804,0.300800314926167
0.0988193566003939,0.274969886082498,0.136249100781976,0.241247449545337
0.104827203212603,0.292063307095706,0.0898343208174173,0.335189716484163
0.0815910957618636,0.283400144577902,0.0784868474992492,0.241114855744348
0.0776453174410283,0.275520106364101,0.12100449600269,0.301686857219116
0.102177415509807,0.312483766889435,0.153509868035422,0.286603461990497
0.180952268377656,0.311618467717634,0.0970020412250605,0.26167760182352
0.0682326450142919,0.2931337640198,0.153672244945301,0.254113453655631
0.109567486878793,0.258356589419898,0.0993079326751334,0.284075360937061
0.0803802519168683,0.289780254512402,0.105429978723553,0.249919706690403
0.0836125472209043,0.271378734827576,0.150628572838887,0.283359342976049
0.075792310980498,0.291059370601361,0.0850055035470775,0.281386569590599
0.0805711278624792,0.304741689477167,0.102685695205684,0.260394706455746
0.102476902780373,0.318516287518764,0.130631956837374,0.234478766832966
0.0626554432122642,0.256721141285283,0.114277770632315,0.250701560486237
0.100521396043734,0.398363502188469,0.166197761359739,0.299699802821538
0.0857453189835583,0.278050750313799,0.107881374395752,0.291295408837333
0.0686898669967374,0.328449676630722,0.0646547893166968,0.401607801339867
0.110559390496708,0.236290997023874,0.105947017302274,0.230113242164232
0.0861761302624491,0.22538480433105,0.117098098761821,0.231705499778949
0.0810879070851937,0.238607711952579,0.0741780833325139,0.235935814289887
0.0665323537674231,0.334325209279278,0.09825046713368,0.281539095066908
0.0691064681294843,0.334585057229876,0.101336411341826,0.319023592452748
0.110032877708963,0.327192173057292,0.111260503375321,0.270513151542955
0.0628882130388359,0.311194861664828,0.13568281973585,0.319341115126173
0.103994479267777,0.283104775788514,0.0928000940134271,0.266169647008081
0.0745822765730921,0.274876804889643,0.147151553961255,0.23677886466185
0.112875042058475,0.305589684178703,0.116811582736351,0.353418958265218
0.0880108097823495,0.267639843827566,0.16263217160117,0.267688128830532
0.0933610077867038,0.307310608338576,0.108963733098799,0.358018806317521
0.0995492562052316,0.327791894525125,0.12609950269167,0.370380107208871
0.068202626297328,0.241975219614603,0.0908930310653377,0.269121876070174
0.0819899995688649,0.241303970822393,0.0953345724034711,0.274752193166147
0.0798192207038579,0.284210391115818,0.0812559682093381,0.264417016345687
0.0847241656544919,0.280098810158147,0.0857650408970276,0.265726358065396
0.0629692450903813,0.260786927350883,0.153893132953733,0.280733588950789
0.0682276677618733,0.25156186702253,0.111879338433322,0.273357539741764
0.057441323167017,0.262439542102336,0.120651449828701,0.25634834102002
0.0673053945348768,0.329485287226628,0.0990491000148427,0.273819125835287
0.0794631407936735,0.24506035373157,0.0990645007227487,0.314564929104244
0.068366679389972,0.265269116729644,0.117522043962192,0.23548428176885
0.0606387719646462,0.343197699339901,0.0794241755249336,0.269991222355444
0.0603858776280975,0.270739611269053,0.10738690386275,0.261169587688286
0.0768755182456863,0.286598253094587,0.0977730483643185,0.283042413792478
0.0874560839032925,0.280004709266003,0.0968369133275576,0.240743256939211
0.0882905112678835,0.280465478724545,0.100494861514604,0.255262180642982
0.08639579719948,0.249267446910807,0.0810540509630684,0.277356585791194
0.072154706661992,0.252489056418955,0.0827860945332609,0.337299866266483
0.0895591172391311,0.269620553761628,0.108739886888043,0.220330904843928
0.0975316749111692,0.280882165447054,0.108243762138963,0.282265755081588
0.0733484075998659,0.267798788957005,0.15556198011904,0.264523864120422
0.0699739828628187,0.314791540066136,0.103342973256351,0.29387779896665
0.0619457957061401,0.308045098434717,0.101536556489636,0.281541038993131
0.0932136356164742,0.255574282612195,0.12539708778379,0.26846483656668
0.0495346714828327,0.249475664278143,0.111717647198812,0.255348457115569
0.0759116908997248,0.226383101128386,0.121224980994308,0.278134335715383
0.0589823080504416,0.344345269241884,0.103840003900178,0.319610748593549
0.078744123582983,0.30300060822991,0.097594352481882,0.267709978291954
0.0707097363692216,0.212949321803225,0.106814213698821,0.219079608023094
0.0604270487565857,0.216026591413868,0.089693297023494,0.238280995109111
0.060122797973817,0.212646670921069,0.0838576846611595,0.242396861768779
0.0913301839493781,0.27549320092341,0.108946111371509,0.242094317233573
0.0874009209426072,0.262750209815022,0.0588050302583341,0.281005961669528
0.0512237553874835,0.257366285901628,0.12633844978727,0.221936921742706
0.0439470740207344,0.213263437529084,0.0681159775512748,0.224654009300815
0.151557344122254,0.300118776158076,0.138911751253227,0.277672708051135
0.0816636119088144,0.331269902482114,0.132212735878174,0.315083367398188
0.119870499291602,0.337695630565869,0.126137000562231,0.249317343568235
0.12189002933203,0.33551895588377,0.125185373369594,0.249323739450768
0.0932610037387564,0.285224753813414,0.097703392415852,0.209909928966705
0.0418054357230594,0.285841909291995,0.0736762823236844,0.294597286876031
0.121210620301793,0.311294974620964,0.118022429402726,0.24557233771584
0.105469320736307,0.282719236722586,0.10500076647614,0.304528288124408
0.0889038206320693,0.289211138736549,0.118097726077824,0.26062666363431
0.107939366317905,0.310643171574866,0.115094053725472,0.381122776135999
0.0997246009740472,0.276732773617568,0.120104545066185,0.220580109246922
0.0985401357474045,0.259502231489236,0.100151553206844,0.214323855927857
0.0777870116870826,0.217593142461322,0.100775141697822,0.234961361275906
0.0481870760106486,0.197772532968955,0.0990356378221519,0.236764559001464
0.125105970379481,0.285667790874713,0.107102257814987,0.330323628714673
0.0314639557070552,0.221726988222375,0.101002190207084,0.198506276444116
0.0408254987138096,0.221881079299379,0.123335343359717,0.306124696471433
0.0987093844952338,0.295993287343314,0.0678228992893163,0.233129792322481
0.0434016796967953,0.215882703180273,0.161583514360117,0.270437082369953
0.0805669374164212,0.291145782716814,0.0952070344909281,0.215382794278015
0.0658482785686193,0.276299559324544,0.0595646317028715,0.278754450231755
0.0785444692269855,0.289434049865863,0.089980438934784,0.284919285989278
0.0981470783125058,0.257351507302588,0.149554401412631,0.269910785060247
0.0779337889694703,0.284616632256737,0.114424823274343,0.274273055114691
0.106872102378204,0.285340619779863,0.103124306413816,0.263032830833513
0.068769343349737,0.309380835793375,0.0847851447364283,0.298668962064989
0.110776134019513,0.332647049695423,0.139956319442944,0.297590225904389
0.0606876515032555,0.241206979997975,0.124552982993657,0.267617613720654
0.131991393950615,0.365608567852437,0.107878583300968,0.336165248687693
0.109682607864655,0.348442072245456,0.122797687993598,0.329169045491789
0.133453515488819,0.347306481994982,0.124121632419871,0.294323412671549
0.12299734150999,0.233069460527138,0.182147534309639,0.281357800715853
0.148633461751785,0.270604417566408,0.12023624753608,0.301217288879171
0.161298287877088,0.268916130215001,0.111781103446677,0.274944961368927
0.0827499761591378,0.303138512782642,0.108221947887393,0.292686546552665
0.091098917797627,0.269431651318021,0.108909839596651,0.281813239434678
0.0746456029625561,0.244521037132665,0.108935088517764,0.229162605295065
0.0596909495137329,0.296869044933359,0.0737529364198229,0.259253670812889
0.0784832305374564,0.257772664668642,0.104359565706352,0.248456455992993
0.0715590159861556,0.270838076030043,0.118326940083493,0.240301746600758
0.0727749107775672,0.227694776479247,0.113680919666662,0.263700165065167
0.103421286123935,0.272838923532151,0.0699347276469019,0.318327648325184
0.100084298982155,0.310187846277994,0.0831868087524028,0.326819815751315
0.0877116763328537,0.289192887953806,0.0935550776904553,0.301716745444155
0.0965537039295826,0.271095099147556,0.0877971817597525,0.238995166311123
0.0607700557722492,0.254817165216815,0.0952004949282254,0.308358987106513
0.0807715368762131,0.312384142424261,0.0697709689478381,0.247432451300852
0.0942545266154304,0.275433573279234,0.150338441779714,0.285039070854141
0.0840141990121305,0.240197988640292,0.0827535862080565,0.268340209586933
0.0744318833603362,0.27542458929918,0.107003234322277,0.328688998391853
0.0683462230179557,0.296954267078504,0.113048179355053,0.311819644411769
0.119207069827992,0.312753139476565,0.133014374350777,0.268309777876435
0.0522755036185616,0.267339169242492,0.102935388413893,0.281029058526751
0.118222708582959,0.26949730992357,0.0902799239999097,0.247003533919472
0.0834077152841033,0.303601452305561,0.098020691789448,0.285455404341063
0.0843082731932212,0.292216793058494,0.088788578947859,0.269050140485936
0.105497784599351,0.280892404499228,0.0859270602427479,0.326366347726577
0.0893312263243475,0.283751874738951,0.11955665242413,0.304289336854991
0.0866349672875241,0.287515855930114,0.124180273829828,0.298145200069605
0.0777473727333001,0.251906847106768,0.0949127350651642,0.326100348373727
0.063427949834457,0.211693727420377,0.0931893573369982,0.242049931463582
0.0455645586884601,0.322175510091889,0.073276468550539,0.212813586019375
0.138029709198679,0.31803062951968,0.12919277014145,0.32110337852676
0.0844553687636081,0.299512817419281,0.114537525788289,0.273835429621733
0.0541702976300288,0.236243633481102,0.107773776925587,0.236782576001191
0.0872152360402325,0.288590325348908,0.101909799354187,0.237771895526846
0.08287976657715,0.246133375163754,0.0852404405691792,0.279041249081929
0.0786541359775326,0.295213343666515,0.122100211139161,0.253936971961017
0.083342703459602,0.316868149700968,0.105476468307271,0.287134179572845
0.0964059057388224,0.236460047547269,0.12874964623938,0.273299217438356
0.0755137657369006,0.302506392394218,0.0981440056948813,0.292483748557322
0.0735549134848367,0.318763887914358,0.0963831069492999,0.267261631225371
0.0739962688656913,0.287711810305933,0.0841839757343228,0.263717585258116
0.0636440593448655,0.28674992163057,0.0988081556854274,0.258620798081779
0.117077053364121,0.270953717749558,0.143795718634285,0.292784333895496
0.104214988651557,0.304276753946877,0.125141901978507,0.301193883904715
0.102075289797065,0.273424370984569,0.101698266174672,0.299292519947162
0.0953031513150173,0.310527896467331,0.0957283881228242,0.291294911629784
0.0517825915311704,0.327849076250699,0.101961757930794,0.315193952367447
0.067104346789648,0.321326488297631,0.116407300051092,0.261517061754797
0.0932209599047416,0.27739041248619,0.14427599692874,0.263339773079314
0.103984234535429,0.256013670681003,0.110268654250465,0.298246374386816
0.116122286518658,0.309457428557619,0.112581746201959,0.274137346468532
0.0932952347504027,0.332730304988404,0.114477338382749,0.29114004016855
0.0973405906175422,0.243141796703372,0.121807706731752,0.351527906212496
0.102413121017021,0.296747068492543,0.0996943262430196,0.282489505267832
0.0987257330153176,0.289680190488595,0.144303833553747,0.249544092881429
0.0665618304906903,0.243697168256254,0.096110327295725,0.273702539112324
0.0704440149720819,0.294598190681064,0.117083616137545,0.273807989400247
0.05435054544164,0.280384901632014,0.114015478377351,0.274565585206486
0.0748307600298595,0.292790288586847,0.123341360477001,0.344674985427188
0.0659747733929401,0.310939440177608,0.0947947531519297,0.255625081896862
0.0805312347998043,0.261402264927136,0.196279869681037,0.231223723509732
0.0605866272957624,0.335697410061911,0.0563711840041157,0.335322036872357
0.0737101440861079,0.276230332978003,0.049029980300166,0.352516661210253
0.0760750183011979,0.287768574227399,0.0674311161130969,0.298112293172822
0.133735506864529,0.334524322336829,0.0653736347514183,0.254547235825612
0.0909103570796555,0.330604414821255,0.0749064226562991,0.310503572530642
0.077058384959016,0.293065585568455,0.105902868763743,0.276238121908776
0.0765433893528001,0.282956495089002,0.0779200982296027,0.255041180531978
0.0866716078385743,0.27356597246417,0.122084429325345,0.317793271332082
0.122431585029493,0.306890360164797,0.107287839604487,0.286237836210623
0.0916323461151606,0.29847018889087,0.142426367750399,0.307314223838447
0.0580932613129053,0.300337045928321,0.142638194518851,0.254184161702506
0.0803951445998955,0.227041052291679,0.115719933324415,0.271310622201869
0.0583630524567159,0.239749137382152,0.120425285987847,0.318691262000484
0.0715045088858719,0.25691510316233,0.100526870669334,0.293014903729398
0.0523173587709661,0.246952280172206,0.0891963064059631,0.312981594427232
0.057093417185288,0.254893586060354,0.099665467008453,0.361600981336949
0.100399868357428,0.261481125442713,0.138967314713148,0.200571751876376
0.0703310611091788,0.2761070626408,0.0725168877447155,0.341491568172057
0.0995787669328685,0.31503971906913,0.0834045638077565,0.313237814815795
0.0622797486106508,0.253534412385583,0.10990795141645,0.310907301057511
0.0990956165525382,0.289567119633302,0.125644779304515,0.277718997819564
0.0861875310881917,0.286198389283378,0.0855577291948214,0.311684161903827
0.0919678592550588,0.293102527963693,0.107372382393319,0.283907924597451
0.0755497930718628,0.227442044434541,0.0859640756750455,0.217334397351421
0.0855399591972826,0.318441494237078,0.137391057684142,0.378410604191288
0.103824202419217,0.305605740414613,0.111698644698184,0.288178735795477
0.10777605597884,0.296716046733886,0.107396261048156,0.309949087920155
0.0775820271348062,0.24995481608793,0.11960685100996,0.329357247209864
0.0745563891766391,0.276245603209661,0.0948332629842721,0.21845368791656
0.0387141614292096,0.266330239929737,0.0805113303837298,0.270338203901032
0.0601657143094263,0.209863396890851,0.0481528540891584,0.21559899297719
0.0659336145762291,0.258612044597204,0.0659832415192389,0.208165356244991
0.0764091697471656,0.247652814320149,0.171374641939221,0.335151136554874
0.0572374899482625,0.277079346173286,0.135904239349693,0.352521978785719
0.0943529068892444,0.277912649900233,0.0871697853628619,0.224323642141659
0.101707342222477,0.320165579664486,0.0891987898178693,0.236291655573131
0.0644124155883923,0.21540316859122,0.107894418862268,0.284160342169943
0.109913107847171,0.328070962572839,0.0706119725288097,0.251968153384697
0.0763863445183367,0.240569818622044,0.121462834890367,0.293002843633914
0.136207681251362,0.348564567180962,0.113948309115518,0.295706334349894
0.0823940622228323,0.262417801517131,0.0696624426216947,0.273668350639582
0.0824951725100167,0.258759412372742,0.0720951302717766,0.275583444815285
0.085956073224107,0.245330581608981,0.118832472459766,0.302975854793362
0.0662216272193421,0.271659861044346,0.12741651159955,0.287607600961939
0.0618646181112947,0.313853352224154,0.0704113021150257,0.264629608583036
0.0790526959190557,0.204411741878705,0.125082049133462,0.258334481970655
0.0672503986910632,0.347593056753219,0.118428095470135,0.298393986936568
0.09050169892082,0.305837537142539,0.0993095713946322,0.268841312134448
0.0780126157816164,0.297688778007465,0.152093346369389,0.298472432052754
0.094655833372171,0.304614415123992,0.0912031941287887,0.254293273602389
0.089417358942851,0.265595911322202,0.174188820302615,0.282389827179531
0.0825768614942842,0.314586611643576,0.148871585297751,0.29423789226809
0.11063708335297,0.275216982792018,0.117174780101113,0.286291001516433
0.059374340542364,0.260654066657653,0.101164613479323,0.263715031627368
0.079960057952556,0.278485333188459,0.0784436715908043,0.265794161813223
0.0720894816663005,0.254645865461645,0.0848926755035182,0.334224872211728
0.0713438789000822,0.363010122062725,0.106944861845296,0.278444893670958
0.0608430873532394,0.260768854447221,0.094148184224936,0.261455342390854
0.0454933739225061,0.271162209501565,0.0954976113294254,0.296253874764437
0.111573010054433,0.250920748531551,0.0654587347027628,0.210331132237461
0.0787228040302047,0.297859048469057,0.138158448828597,0.312038464938143
0.104378042289838,0.29091936337233,0.107528989225175,0.251788263332135
0.0735131165182074,0.245969936048553,0.0891003530995737,0.253594323213347
0.0779006599192082,0.275292715761554,0.119189791746765,0.289578801027377
0.0950832751097369,0.322457777079484,0.0898957397967022,0.29200297753105
0.0522792364267422,0.292395031439712,0.0881175135704698,0.236028049685414
0.0960924937390298,0.231837476353311,0.0953964789951082,0.205271814945718
0.0685836924822374,0.233682976926907,0.106248307242068,0.201302460546799
0.0846475834327506,0.285586611945865,0.123851054863551,0.246309923590624
0.087217306084644,0.27842357440688,0.101475723518448,0.301370518151947
0.077297592697533,0.281754935274227,0.0973287022639068,0.254408265963782
0.093146214093029,0.309665749561282,0.132052577844054,0.298849445161697
0.0571997325937646,0.330144865481981,0.108854425805464,0.246123660646542
0.0792388246295698,0.234271065815506,0.0914801446467092,0.277150732388789
0.0866940330540371,0.264111979094023,0.129589032980841,0.243962150068931
0.0747650236557687,0.270811600301359,0.0897257508845613,0.217548437432794
0.09662072194375,0.273356111830096,0.11578941626793,0.30394654563893
0.109744785751022,0.278979003344724,0.0842686059061776,0.307175712962761
0.0929268625166488,0.266223133618913,0.0773765673296374,0.287223855872432
0.0586886686814398,0.29885100744918,0.138285684211592,0.2983240176232
0.0570026649213026,0.330542862048591,0.123610914007978,0.279683680246353
0.0815808187490923,0.228450832944252,0.101328306409922,0.230079443934036
0.0607523645161858,0.312323898735605,0.0952399937894758,0.311555953815336
0.139312698957618,0.281002523288799,0.126030798192111,0.24494487880409
0.0929540232720144,0.256031722716153,0.0963606917033025,0.319284276557015
0.081159361909851,0.277660887972491,0.0990936386513726,0.270916816621261
0.0932807957603205,0.313162807181252,0.133811220777576,0.253041169749577
0.0840196916856388,0.256523013338364,0.110133837071719,0.206849342833409
0.105880883305406,0.278708936903752,0.121838157395424,0.245514441252993
0.103915611055391,0.283631777263406,0.120385769876442,0.248589787546533
0.0795286897829487,0.307901875776297,0.121930227974442,0.260970321044354
0.0778485957053998,0.323911704594652,0.075999464820263,0.323426185672969
0.0829490588268401,0.261341307754879,0.0744202600305074,0.242107240988179
0.110089057769019,0.320945317502772,0.134880466115713,0.318594366906309
0.112299563320534,0.317619416707328,0.13671752344188,0.312705931202738
0.0705878869326208,0.274700579043967,0.082030752316032,0.271200968303302
0.0719657746590168,0.304174413665638,0.118652697490222,0.263758672782005
0.0646043513484714,0.287352417933168,0.127652480437585,0.252763196758673
0.0898299672409041,0.291056857474648,0.0763789914403718,0.260601453354811
0.0698420866602906,0.278533887843944,0.0623072487796893,0.244182825473203
0.0772772967731231,0.301811893098923,0.0874417773497187,0.283224930455256
0.0832626909687619,0.266450648996285,0.120770471187026,0.275006929962371
0.0768098846617215,0.245121824165554,0.120832224610946,0.298739727147655
0.0621010426120254,0.288199454629262,0.102894060150131,0.291351971246644
0.0778017263882595,0.275572299118087,0.101820319637915,0.275384869829112
0.074062065457162,0.262372101951069,0.114357724459509,0.273502424708783
0.105491072682992,0.288201169641534,0.118802753845912,0.282327782658948
0.0723580265716264,0.295976273011018,0.0807503129389623,0.255795937725322
0.067809689036211,0.311979911218592,0.135911548020455,0.273110605155394
0.119141636682468,0.341607754314148,0.103230450410511,0.320903168421597
0.0971064864493756,0.285537488581112,0.125921463610675,0.330499644334827
0.0726905077278111,0.284136256808388,0.109835441537377,0.270554297203414
0.0953271412721289,0.27327691232354,0.126910308976284,0.252376390567248
0.0393688053303001,0.330702176779239,0.0851696165327805,0.293596885330019
0.0664619803387463,0.320892357560264,0.101635591667696,0.318582689791638
0.0839123075881249,0.282639326066587,0.106090073206187,0.277849359725009
0.0892865609188847,0.330963623973192,0.10066721011544,0.294189823382492
0.0600483291172704,0.219409454101946,0.091913205821476,0.293970518171209
0.0727756877059153,0.225101184349061,0.127241376038311,0.299394889972627
0.0890084066672277,0.314343578153826,0.0937435654615663,0.236136945294941
0.0968389739248778,0.308426952175527,0.101340206641358,0.293693120666978
0.117419360337677,0.252903716053972,0.100828672940596,0.220074210944771
0.0867850563987843,0.287869512478475,0.11970359312358,0.351101254745094
0.0742603628495635,0.260111586415503,0.128431781506521,0.24565603014477
0.0928155353210851,0.277861405758904,0.105749030637563,0.335344822585786
0.0635704306974972,0.27730869502768,0.143659363558322,0.323601469733154
0.0571265306391846,0.272967016038021,0.109997229383754,0.235910904537376
0.0698287265987196,0.377688693516381,0.129895919463533,0.302286730665035
0.117029758398072,0.299581894425921,0.0643514118875332,0.285759543720162
0.125843106976748,0.334893406290444,0.0634238065337124,0.282500259800178
0.166026644193884,0.350808981444382,0.125968538393504,0.334934045524624
0.103805251982508,0.269768472784868,0.116933826413391,0.275133335248236
0.0974570970954288,0.3633145245851,0.137010367657989,0.288820737938887
0.0990689991396101,0.25694677422396,0.128786269347582,0.310861145999328
0.0967479071891025,0.322934995889987,0.121662800452539,0.304789339890738
0.0661717466855888,0.29388247050851,0.124578580366656,0.317253030269639
0.0885676280045849,0.389480547513813,0.121858845894827,0.332292543179605
0.0971345934717702,0.297255201806496,0.116477693865125,0.28541643741726
0.104902874003737,0.27883671804186,0.0795954741821907,0.268286303563798
0.116209296910863,0.311225011223088,0.1193724163858,0.249058324308926
0.0934840514322935,0.313615503201535,0.11453582907909,0.231359835951326
0.0967485948260563,0.234589840399946,0.0755626668499934,0.28398958596331
0.064368489428298,0.276550611463353,0.0819080039946381,0.221489780448471
0.0653596576591332,0.315353287127196,0.119820264983978,0.288861467079399
0.0807208737964346,0.349285731161038,0.129742300479816,0.273107922864703
0.0700933033914994,0.227565582406571,0.0795623203527398,0.278658470535553
0.0840818844349675,0.289282352759126,0.133081567344548,0.295048152351939
0.0852451126749741,0.304498500861212,0.0794394706323945,0.244669205310264
0.0744935701964774,0.255275435021723,0.0996579446948801,0.285616396287265
0.12509519622989,0.257312190175416,0.110073542196962,0.298693442543235
0.0883167268404229,0.347662562252413,0.115310467487431,0.231739641899625
0.0863291353426905,0.264391929214343,0.103855604474965,0.335405878673796
0.0928985034819606,0.330778178238107,0.0816912830667127,0.289158158383393
0.0463243374037516,0.277941692738469,0.129064943124271,0.264187570687581
0.0642953890432501,0.316983571819187,0.0889549516059031,0.254385865909059
0.104716070345951,0.261088186551676,0.127592629789859,0.338407641758911
0.122122544062299,0.310370801809201,0.157393707033438,0.237038730693188
0.105949510274218,0.32084698179975,0.136546565734589,0.254667310605289
0.0882241654650496,0.297359467743471,0.122965827028257,0.281134335466351
0.0652256245531783,0.243095180398711,0.0954900750663334,0.246974447945678
0.113208305459611,0.324344536884151,0.147498950184109,0.330035715288084
0.0520548080982099,0.252522002097302,0.100003047848821,0.22424473517153
0.0664533328701923,0.236631922674907,0.096360275684503,0.220923909400827
0.0402777759259715,0.330945546628284,0.087213319156578,0.291606157567967
0.0690542502443143,0.261545434515989,0.150133775015811,0.279029681937803
0.0694787309978843,0.262398573648107,0.144318587617429,0.269913040334454
0.0899492869959487,0.310049423052194,0.0767247817549343,0.278169703519585
0.0792183135435782,0.269016762491377,0.141843075033138,0.321018327384037
0.0632691338925955,0.30501843765934,0.100937954199557,0.287725712503554
0.0980264641120181,0.323396898718387,0.111954657014109,0.316877459251939
0.0976416859877267,0.248059605854743,0.119254449947606,0.270498312523025
0.0849817312906784,0.292967116622502,0.0715660861274411,0.258696682311645
0.099833109736049,0.218304316509495,0.143344566064619,0.263799225352755
0.069182161713776,0.266458833186155,0.0784251332423009,0.263933320822502
0.0924882262625136,0.27820036778403,0.169187555693089,0.250918755408634
0.0825946077267569,0.292480933193089,0.123109418008659,0.299337470503411
0.0940087722524308,0.310654388154406,0.0969646701466394,0.2999295574779
0.0828317582937848,0.239325530259938,0.114383012100017,0.294997387724325
0.0962664898648387,0.262504627075601,0.128813483316633,0.289121815892442
0.0528408026217622,0.299507739506886,0.0899561438858867,0.267280501061552
0.13473590725641,0.301644486953835,0.132922791147276,0.319284940824021
0.055818372081897,0.246939489250321,0.105959748425916,0.192124943964692
0.0824161870704805,0.234412948242647,0.0911402846426649,0.263669997481333
0.0806200116454859,0.219498321928777,0.0910953364727976,0.27965767290458
0.0812646736951248,0.251580459374911,0.1171547131065,0.216461422953845
0.0749660634200718,0.247079257227206,0.0934911170537538,0.262164881278755
0.0943543015160234,0.285432721693836,0.107926186806986,0.197274027403957
0.0937564591300096,0.287546717486213,0.116974901070789,0.300424645713947
0.0805351802935248,0.235938167624671,0.0981167864635796,0.258402664370834
0.112487608502356,0.295928505025157,0.097630154489332,0.293772978535883
0.0929683809385231,0.281355795434716,0.10325018139584,0.293415831794621
0.0919733540026937,0.353976282888059,0.112757739082425,0.302783696996631
0.0665750487707106,0.241990803984537,0.169329732003187,0.21943913861293
0.0704842286767498,0.275728899938325,0.114140142791857,0.269057456511712
0.0678163207551031,0.252588443445452,0.0883222973497686,0.266684901007887
0.0665392939809984,0.247831816546649,0.10352503729285,0.205939331072417
0.111544095986149,0.338078828681375,0.102718577565286,0.335477779794096
0.0868921384898895,0.300108209823155,0.113739343484755,0.269846482490932
0.0808069178922428,0.308121545191408,0.112227753270973,0.252669021755033
0.147020469000915,0.300706952912448,0.113096541637963,0.266518787357377
0.0585506897870397,0.289559126531356,0.0912553235954773,0.289825786334217
0.0977630317962434,0.269013670444024,0.115718035726124,0.230358472611036
0.0709868279891938,0.277633188115176,0.0865811688638171,0.312860275839805
0.0749040196536082,0.305942028886643,0.0793900597624868,0.301804704377225
0.0782071253062179,0.302506658323237,0.108163941631103,0.282219661932565
0.170002132927425,0.332819139696179,0.0960458607268328,0.28587226327601
0.0976266210328058,0.238702639719153,0.13087940287409,0.275286218058301
0.06325998496827,0.312495680932689,0.100880394752227,0.274097929721683
0.0756220742498475,0.292694568005686,0.0930169825016484,0.246642850587379
0.0548622545051985,0.334589109157733,0.0876107564680972,0.29816142183771
0.0859100791942206,0.286395546870482,0.127685077428945,0.279112800962294
0.0844500748207313,0.301941002785812,0.0945464829572427,0.22574291292917
0.0835002595047057,0.32111336582103,0.0799471326806412,0.213885006165705
0.111119519285294,0.255656317860975,0.117284892652274,0.277984488459383
0.114968847484396,0.362653949596366,0.162287721003123,0.305229433715125
0.0741673226031858,0.284535587503636,0.136264063309296,0.26678605380359
0.127821772778242,0.268909380929181,0.122648176492799,0.268834717234088
0.12624690628069,0.241453551987668,0.109930644528179,0.311466257677718
0.0531556972741402,0.297075348596231,0.164669587242235,0.251532064088567
0.126168178721569,0.30103199887972,0.107133789532452,0.291642078804447
0.0781426884467275,0.238088720658534,0.148944848900229,0.308104467983045
0.0828679752341278,0.309417889349085,0.0856713370403377,0.202037091619052
0.0496528240470985,0.248687160597551,0.100900467680063,0.27954932217427
0.0584518934714524,0.242497327037749,0.0871778873299439,0.284528065965128
0.0899829812063471,0.235466832758029,0.0968275870905456,0.250248229401344
0.125508193120042,0.283348030675308,0.0789994405268384,0.26144297578823
0.0743673893904745,0.312468228432293,0.127315759676326,0.327553168647723
0.0802684409719465,0.288098726520372,0.135952672106025,0.307078399066089
0.0887413074744191,0.273381768779705,0.0980080133081804,0.231356492868849
0.0580315621657611,0.250400562811378,0.0927170970444719,0.266067195761691
0.0525015382089225,0.23443961736767,0.121557184096519,0.262875019987701
0.0676246526863977,0.313989648994344,0.125704040051816,0.269774817660344
0.13186647529837,0.286281072032778,0.177748586782383,0.306584348742874
0.147633839846265,0.346345528118364,0.135659741013329,0.290405097461983
0.0893245638039854,0.292222177577867,0.140391019097001,0.303444525747545
0.0864862169824923,0.320405881210397,0.0721600538455254,0.295732013190667
0.107056608138974,0.303732488852935,0.125217912564706,0.321787949733153
0.139437454069397,0.289672905197376,0.134137632932321,0.321385198963242
0.0980039180534955,0.304863663116161,0.111861341908176,0.30353093858931
0.0872497757345808,0.303910435114564,0.111953226998826,0.261300808957554
0.0782527511630998,0.220853074707588,0.107258716682724,0.301936951562373
0.0956351315334792,0.312248210824326,0.0956783455789084,0.233847189656126
0.0657227072702716,0.223353730038727,0.136005780076342,0.287286477342193
0.0800132308266198,0.269647152853251,0.10989397230781,0.264069401888335
0.0575375834328482,0.288310579789606,0.0986502508869354,0.253243093967729
0.0837406647364446,0.20238381325875,0.0558630226615112,0.190629253937442
0.0783975901383879,0.215314158623966,0.0571455663271467,0.201266421435431
0.0522206803904936,0.151489705320126,0.0399820433163664,0.171886617493092
0.0293749996568882,0.193198765539936,0.0524464170942698,0.231139076537755
0.0345160452254241,0.292119455835876,0.0905778218340473,0.282926864970184
0.0961750312223202,0.288256979898409,0.108264005541968,0.260059836619365
0.0852440144252901,0.328106861247262,0.111883223826736,0.248563983671208
0.1168113680232,0.31529487546414,0.0852984929489096,0.324761985749211
0.0842877252766761,0.354132190049324,0.140459927811785,0.264888646570187
0.104408977758665,0.326732837456649,0.128603471800068,0.270661669484827
0.0617262432014616,0.239386806259901,0.0895989553917127,0.265407888407216
0.0797783094192387,0.267334082702714,0.0876652833284002,0.280165794209084
0.058201801593079,0.358928143381093,0.155912784425217,0.241442812385989
0.150383175021812,0.28701065832275,0.101381262830697,0.373443767615032
0.0848596144406741,0.282523064189161,0.114852839118656,0.258854526377588
0.0926971218920463,0.266725696411473,0.108647569876917,0.250114982327984
0.0730070976997889,0.26131179619633,0.0825299928179495,0.278647551798663
0.0648948785798832,0.257205699488056,0.117525213410652,0.228788773725864
0.0692050386876895,0.216436304894243,0.0642195778483705,0.252656829601204
0.132218491812435,0.294117083744114,0.136821639210463,0.302080346424829
0.0785638595692868,0.247984680862122,0.147506670227621,0.315759077242684
0.0812394275375061,0.245227038777502,0.101100748820862,0.327139193104029
0.07866308800076,0.306300274446525,0.102260795632981,0.28691399981049
0.0685704304366802,0.290368845883398,0.152949519965142,0.288037075105785
0.131045857525017,0.282938971876995,0.0903073792072591,0.260180109905885
0.118273933000767,0.288460238778008,0.122260169543817,0.35697038731488
0.0810703459102017,0.339146970975592,0.101066657537456,0.301777678208913
0.122077335485829,0.312940077398007,0.142934996937742,0.265651789106763
0.0667345092866223,0.260368832697774,0.135883712692968,0.290171993888446
0.0955885913191089,0.275027050262068,0.130467230224578,0.295407034220165
0.112317593199795,0.343668053947415,0.107290751788737,0.324251530187653
0.0761283882342612,0.325520868870383,0.123347064186884,0.329062578418237
0.0716445807142864,0.29549603525251,0.102225235221563,0.313347555755518
0.0892932323093146,0.363445854054336,0.110691682226249,0.30711655995665
0.0682671344317621,0.270939896961849,0.0936048998649666,0.238399909328907
0.0808200514255462,0.265527720387326,0.115706147095831,0.280510536304824
0.0912738946605017,0.282016701182865,0.088019861093351,0.308124950315294
0.0825453640090478,0.297612296488761,0.0957314638782606,0.25305027789736
0.0566763555573212,0.283686922466894,0.106726638978742,0.331135976881097
0.121303764479948,0.299841133538539,0.135949040895385,0.280857480863627
0.0951015990758796,0.301515626967659,0.100291732504387,0.320884552998641
0.120878857679144,0.268386795290849,0.0920584515893599,0.238095847105389
0.0607503427621864,0.259107613343943,0.112464898654036,0.256397092085381
0.0750067682865041,0.231931926871735,0.142866175727892,0.309730759218365
0.0680723004403316,0.284680812036411,0.0957680186720599,0.295454053256674
0.0833933310560317,0.342853732919526,0.101091661584099,0.254868625832293
0.082394156615335,0.348921031023223,0.0967550156291546,0.275335666881121
0.0707598646621677,0.216121700830828,0.145305132735599,0.286208699364542
0.0690264540552438,0.246642901762866,0.112986859130996,0.273401436377819
0.0743706887591817,0.262144089881852,0.0977586345404915,0.300533902629664
0.0781334483538937,0.275877440910161,0.0920037089005842,0.327144113240288
0.115669354335284,0.285465214784884,0.114712256990486,0.289646050775854
0.0970023564913574,0.334592426051715,0.136589517743331,0.30173799554788
0.0597620624683893,0.280737992583352,0.104315622185226,0.257275085664046
0.087116024886319,0.22865707204302,0.105212488884049,0.282489774635255
0.0488645121457591,0.235227242868899,0.0950489846787467,0.236488414202289
0.0434756394222896,0.238622911572549,0.0869675581763265,0.274635803301577
0.0555590897733634,0.244164355974331,0.100408014141948,0.20722089428836
0.100322756670676,0.28319063157554,0.093572309070349,0.302259063944121
0.065399192719614,0.264886448215457,0.10677295209245,0.260403523713224
0.0790007276027046,0.215594578383998,0.152271565308707,0.268014401671133
0.0998626003190386,0.28212702994856,0.076439969517974,0.278290313599896
0.0716745547676729,0.252831982429622,0.150235561913725,0.278227416039164
0.115675104554891,0.390311766634478,0.119262434094956,0.263229661606865
0.0792146486668668,0.233755690929635,0.130124291743666,0.299793846042661
0.0880139661664309,0.231843432154623,0.123814164414275,0.248406750372917
0.0398815796736429,0.305603799782522,0.0994097426302815,0.308553706397292
0.0335661296579717,0.2058674826481,0.107502448367422,0.277737185748749
0.147600844671353,0.310118080205795,0.12023262445432,0.199391838906099
0.112657146094373,0.240054184460741,0.124175768232017,0.313730519406543
0.102428950067845,0.424644147061951,0.120105421299952,0.286058465787963
0.0789179689573052,0.221840005268465,0.113513653395035,0.292637163729332
0.0987247397912592,0.374573709123426,0.116418648368714,0.3450879491412
0.068844198083589,0.255225601598058,0.112097372799492,0.242731667636488
0.105852067608662,0.359329004295908,0.106892759068639,0.336135709320634
0.0537579377238037,0.295608266200247,0.111050458130195,0.225330412537337
0.0718088819563105,0.271905383568809,0.141558105443082,0.272134915038211
0.0680269101037895,0.304726175238099,0.111800103835685,0.22479685909253
0.0833263419017891,0.27386159754814,0.139144625667572,0.266802127297119
0.0731414869670495,0.344686550810258,0.0872778886133381,0.300066490435986
0.0840250782663889,0.300972631055902,0.0978820950022321,0.294412790040487
0.0955846273813671,0.299539679961391,0.136198844553329,0.282075322874179
0.0873235488940314,0.324158664319723,0.076739086575798,0.266901096968779
0.0591635419380032,0.330453234318903,0.139871607856646,0.309616848571895
0.0597002349045896,0.255497540641682,0.109441941192532,0.223122078365012
0.113323428989208,0.311744831574406,0.0621902654782796,0.303921214911067
0.0901439688443725,0.291753557835157,0.162478338097161,0.307520120449308
0.0778480406335422,0.263636863702193,0.0790531291514575,0.277011013266081
0.0853927885056226,0.250046605795802,0.0832264218157266,0.346464065802973
0.0696871612691171,0.249740528071498,0.10516569767787,0.225975162271155
0.100822478274811,0.32329169683534,0.105726720308649,0.300748992728316
0.0672467996608954,0.265136199658281,0.114790415168021,0.296048007176583
0.0688820851769889,0.246097853233628,0.109993364893296,0.26813524531608
0.0705102685954432,0.258398712899108,0.119236069004714,0.225003259649992
0.0618760472966495,0.255140992099994,0.115887673471518,0.276258650042913
0.07981327068877,0.236582382994245,0.076781295123049,0.249669788981991
0.0842699246369683,0.311892202161314,0.0966158420626675,0.264727865220331
0.096166284928939,0.248562073067118,0.164323123364555,0.262893061783864
0.112135437063558,0.372973278983712,0.0874362406018535,0.309495351368587
0.0986091079850215,0.349812334806145,0.11693261914767,0.291051370842194
0.0580399954612651,0.240713415522153,0.107435678082575,0.258416091117935
0.107650241670063,0.360464918158854,0.154902782381514,0.320945205479826
0.107427238994523,0.261738500043431,0.149821930809591,0.28963520053728
0.109715255122336,0.261566154240829,0.139125457455319,0.290769954155453
0.127563961672533,0.290216926957965,0.122523973031578,0.318719919320897
0.135207313561135,0.243317326223556,0.12603432008949,0.339114080684586
0.10313735132542,0.312977307556331,0.118730282271055,0.256554098236117
0.106203664985947,0.287952748798742,0.0946151696000016,0.25482692836788
0.0783786662756217,0.30876234259977,0.100735969169073,0.273947256374396
0.0735029772208524,0.256160495111814,0.134581922704055,0.248132562040835
0.112002545585515,0.270685263833419,0.104926593063272,0.26486651151825
0.0874706077223337,0.296911771760127,0.0991142698520022,0.258757017723042
0.0824604013218427,0.299337355268876,0.103611163809776,0.199615532662587
0.0959693229114377,0.322369050325511,0.120355034668069,0.384045768657129
0.0749542532403972,0.275075544424515,0.101827634227087,0.293769715511601
0.110575786965306,0.281195486649974,0.157033752741939,0.305935728109057
0.0364763036150451,0.272555224058719,0.101532405117558,0.291289273389469
0.0759343478507868,0.290718352346017,0.116668716459732,0.262206322580865
0.0646995772323929,0.292265012069062,0.105293811471539,0.205651571370189
0.0635351220819392,0.293935246296605,0.109224868842238,0.215368928277288
0.0759923292415136,0.293792741404292,0.0754274495324408,0.306631600299409
0.0754617859116701,0.297611428722602,0.102910954038848,0.270949649878177
0.0855921982764762,0.309208595373875,0.104750417550898,0.242545719114152
0.100046478213717,0.287226620647801,0.136671452744379,0.255672867984996
0.0893592486130774,0.299150636836255,0.128922850778397,0.370000529884471
0.0646891283980045,0.253285285963132,0.117036563554036,0.177358552181595
0.0440439365524737,0.265532152823858,0.105883478547125,0.20971123727032
0.102471747282982,0.308625728525348,0.109994446447549,0.340653603865856
0.066403921699653,0.231142120062729,0.111207512274514,0.267639790549115
0.0974786599376237,0.276185250074101,0.106044068528336,0.295734444082734
0.0776506828129375,0.292075766784393,0.119584704380901,0.237449068863625
0.0805557944400269,0.326863610571615,0.114874144107438,0.276488677084837
0.128988131125624,0.346799269521303,0.121566236639153,0.326296280614019
0.088244308289041,0.300177357466831,0.109009480024486,0.309913560285935
0.0732619212588084,0.302662392338378,0.119371294551821,0.323100827055211
0.115900462727443,0.27057270997276,0.0867941654516541,0.332081396765685
0.081787898559837,0.322684282977509,0.102450173336219,0.290152136099439
0.111470065684199,0.332479052458319,0.106229020364616,0.31775891148966
0.0589378121133485,0.322606973959277,0.1169178157048,0.325342912761076
0.0943009026322783,0.281349920418311,0.111581698351822,0.301441101838616
0.104719435830243,0.332980796264055,0.140283759107892,0.325946918181218
0.125318653927554,0.298055851501092,0.14960739828017,0.281354100495605
0.118880238371186,0.314182211865633,0.151820888008922,0.264647179412276
0.0949932377730674,0.250329870426177,0.0751437339103003,0.313255904315067
0.0717553090158355,0.302988870981974,0.0745216141608636,0.26834474656006
0.0627867663645057,0.343223723702751,0.102543620746282,0.307696799831708
0.0674330041801029,0.313947565643553,0.114760097144135,0.31740660457953
0.091405525408547,0.329927852011382,0.0941515970627876,0.235657076323525
0.0690289081456328,0.276578097270664,0.126242616274186,0.295545483473706
0.0739111880948015,0.237002751817931,0.0823353543279928,0.257461377316231
0.0857516969822418,0.285115080857793,0.0790218912654865,0.249462940454135
0.0459184455516212,0.228245465474875,0.0953939790257582,0.252359928638724
0.084848173572245,0.239621564180372,0.106681259477259,0.218874319107042
0.0927004313939197,0.272308276500415,0.154791437594429,0.287712125859047
0.144611934439437,0.263708672310627,0.100171325189704,0.323763472279516
0.10667551052511,0.308641655320264,0.128941212525824,0.26968797050655
0.0975357873406013,0.280015478256132,0.114706334364115,0.310610856281488
0.101958494830398,0.32605156081111,0.150144734622433,0.265940784551843
0.0961630562979891,0.334489651015084,0.0941253199489977,0.35971761928257
0.0842554368639692,0.247133937260177,0.114881831607575,0.226017554495177
0.110725816292109,0.270280889501668,0.104480060103437,0.287006699283422
0.0639863010745114,0.29194495179862,0.132916921415795,0.269112168096429
0.128403583749534,0.36021901054059,0.120624436249221,0.286799262316485
0.0733917620055463,0.322735729558683,0.108659034140405,0.318276654443143
0.104838353477836,0.272259971590697,0.093138108627237,0.223638422181084
0.102698375247561,0.260898491335769,0.0958079322734317,0.226056025969091
0.0864440923207,0.244219691773799,0.142801205032236,0.224731343170553
0.0720839088726307,0.242229832117149,0.0827813597656952,0.340379218634844
0.0686764758844541,0.241976693065738,0.0806462874143267,0.347889309126915
0.0694647690633286,0.23288831998845,0.0833788417363867,0.331489729804476
0.0800077754675345,0.220521969369036,0.0743017260997977,0.250818726515744
0.0720003101228729,0.348489445794187,0.145195825994742,0.273910636705397
0.124685352911659,0.282464097013622,0.09013067752303,0.336701166347422
0.0679315282987898,0.355026587021387,0.0751453137191915,0.286623681443243
0.0904238205500602,0.261177600266128,0.0915695372544004,0.290250124319812
0.0896871146301532,0.266812209756624,0.0834360883564181,0.264520339492587
0.107670331794532,0.237667898956311,0.0960316245523221,0.257950669944906
0.0756778496695281,0.276258557462922,0.103815506619569,0.311508296825521
0.0741898484572721,0.279827974199756,0.0813869014330512,0.271531093985998
0.0884343496868361,0.264485417507919,0.142177687734767,0.238890716434204
0.101466001015281,0.342846405660388,0.0964044344343168,0.30383571695753
0.0968422002096466,0.280253389054458,0.119800026841389,0.254370288959762
0.084065874402817,0.282222153909786,0.139254382788521,0.288275615304624
0.0960705131965641,0.272314715636837,0.133296860387579,0.287654266238219
0.0550525580889314,0.302059204644656,0.102644930629163,0.328131621185038
0.134589725971201,0.272688283384284,0.112311704028154,0.277613497289074
0.133555546181612,0.293784889680778,0.127884592671944,0.300348350916808
0.0828768370715924,0.371164350589189,0.106001368503751,0.31276894202989
0.0844445437088464,0.248261740933264,0.0944666434186798,0.246383617426104
0.0424343845725472,0.270097874940855,0.117450234323879,0.251675633822831
0.0805739080750009,0.262423731675249,0.133586398543916,0.291320281437998
0.0948122809504085,0.31666696706068,0.088870512196829,0.264317473843904
0.0956603108887691,0.271281300090664,0.083759724750741,0.266602866630666
0.108716852932578,0.30139001543385,0.0969615022272746,0.31725171279858
0.101659828300385,0.278782689447078,0.104795331357435,0.221663334108496
0.11069440589953,0.252806082782321,0.14604265533832,0.317000454158554
0.086764832791088,0.321176204553364,0.0959493258576651,0.262895750800368
0.0754562523647517,0.338407432985757,0.0927906660591448,0.262832887322046
0.0774730934959604,0.219795240176642,0.0906525373373959,0.26738472564275
0.0616520988667006,0.257166990005543,0.143579971645887,0.257180400951057
0.110048593318498,0.36115828815852,0.109943975149376,0.345413070489068
0.0668303137166477,0.339488145725325,0.108174799436446,0.271328037050355
0.0969574045694348,0.325281369504998,0.107198138774399,0.292705348171721
0.0994094491158999,0.28265922917283,0.113854199076592,0.274995553195292
0.0742489505523173,0.277261534904472,0.0864429097615061,0.284747693079682
0.0688022088264877,0.238893458453574,0.104266822077001,0.264684180502259
0.0575311159135111,0.290003258682294,0.102572356269366,0.256139188066955
0.10285594980037,0.225877484950046,0.106714156546134,0.237988479428471
0.102281702388261,0.295976438665935,0.107920021945657,0.278697145317723
0.102747964205403,0.259644529177457,0.118353608808986,0.28017446535391
0.123035167489378,0.26093059907067,0.134528027138441,0.281057122933696
0.127139094497402,0.255014604556706,0.134021735876035,0.289584842662482
0.102762996615263,0.33191025551758,0.14777018813159,0.387206629079489
0.104088635333397,0.335801866962693,0.150193514376865,0.376328169394871
0.100332819943518,0.283904333483828,0.0926955168549448,0.335268934984617
0.0698609184221645,0.275772917525172,0.0941388387179557,0.232272090566391
0.0663557633697025,0.340077277981062,0.104767048036653,0.345389773891598
0.0825634091350612,0.234612208694839,0.129249508678119,0.260665303593474
0.0943490300758333,0.284555483686773,0.101854892256797,0.305925507782056
0.103347411237451,0.313688538612984,0.0850092839110075,0.289787173824493
0.07515013777595,0.28237246162567,0.129803677416076,0.256603156857171
0.0793037237059811,0.270025854348289,0.12329474557271,0.27196095121031
0.0784455532318284,0.267529774193749,0.116423912265364,0.265419021082109
0.113346212585706,0.322425826567517,0.145732840480516,0.261829059019584
0.138285504570105,0.287475712209259,0.133210521092426,0.255919901364657
0.100152518755428,0.299486349619406,0.120596608708384,0.265441377907983
0.0861607190506978,0.268273187809528,0.122536357459572,0.285519602288207
0.0531165488966909,0.343353581830202,0.0907687049321586,0.273201241069677
0.0854341994639114,0.295201513393492,0.14813768969675,0.245593896346566
0.0573140669020689,0.228732976231199,0.104438245086567,0.221051295189803
0.0488310613503272,0.276504522879233,0.109422700914277,0.223009597458193
0.0868399537776834,0.312946017195952,0.105821096307032,0.359687604361675
0.073965915051433,0.369548359099173,0.0874542707503368,0.334251059893492
0.0891101889910012,0.255102539298322,0.121991426898023,0.275579088253927
0.058243508080339,0.239163462584253,0.0836544705087759,0.236188584554366
0.0790367347360718,0.250813745232183,0.0845937499726483,0.241101492553587
0.0860007259128158,0.266355415257379,0.086103617531711,0.238633300253351
0.107224278426846,0.282188884593433,0.087904806900968,0.263888772206085
0.0942046930169123,0.300819364734726,0.0831806423528014,0.319638691255425
0.117027522460869,0.289983127638875,0.120829878566758,0.263781664992798
0.0951058799356563,0.278898954157182,0.091954544510823,0.305647583825436
0.085078956921906,0.293227388639665,0.130090809729891,0.267923175615241
0.0920905864296135,0.242951059115792,0.0884771241797555,0.293138074645151
0.0836993771901758,0.252909105649771,0.103308592514757,0.278463228089657
0.0383745308038561,0.287464180360311,0.106739956892953,0.277415499104586
0.0595874376234763,0.306975411163546,0.133941699791177,0.325025447451629
0.0900931164618002,0.318574788680945,0.119416679012,0.254183640636352
0.0581725501862247,0.257717471757806,0.102794473364359,0.202069874406668
0.0804256922631739,0.315114884207255,0.11710878415774,0.222476113793851
0.119222858713964,0.303081012867276,0.0822697964270943,0.353949711667546
0.118554360786394,0.287860911260413,0.141240705927934,0.317314338158129
0.111114925032307,0.268304349313738,0.118384852473495,0.30454656931959
0.129280429909989,0.346965670593387,0.102237706144848,0.286752309272424
0.0685145307234084,0.277277803722866,0.122677372096149,0.272484627554119
0.104933388011615,0.2846409565912,0.0900790948811546,0.285686925733309
0.110973353771488,0.293337151320977,0.0889108856724562,0.312195674877182
0.0546567807223189,0.259576057908768,0.142420900923107,0.22091752900366
0.0688312588420701,0.299248794381291,0.115657364849818,0.288085458005629
0.0684001163442395,0.273422221055638,0.148967071985809,0.293954975757809
0.0606484148807819,0.277396996084782,0.0873260476245057,0.291341527539971
0.0894724071349114,0.284980281587098,0.0841918499936871,0.286785926725278
0.0912408540703241,0.280612083924089,0.121013648024417,0.264542092994525
0.0981933375673184,0.356116918091281,0.134998514725999,0.399707352016686
0.0502503838242762,0.295202230758816,0.0980077096861441,0.301616179194913
0.12107950070044,0.313600208273269,0.13540858356287,0.346414455590618
0.080743805992497,0.335544341268315,0.116785360696015,0.28274230114245
0.075659702110055,0.234083899097123,0.108724517445615,0.256871035926268
0.105758244962211,0.368473158796973,0.0935421626135949,0.312263964561055
0.0891743255354828,0.298555944043727,0.13068122175905,0.259750306722375
0.0764470185281695,0.267815139069836,0.0881817837533018,0.293463794166212
0.078783425305436,0.282928943266801,0.110628021291715,0.270967622947699
0.0672583338161128,0.292079380855362,0.0897695422676045,0.315735932251007
0.0795129460379154,0.301022178837248,0.157107389170875,0.234209195619065
0.103775093552945,0.336139646394929,0.12927932631924,0.330793222710774
0.144271113100599,0.290260193758695,0.155589629856744,0.269747312362175
0.0854473968925465,0.351543572409743,0.125076814447808,0.277948191048076
0.130765635744502,0.286956443808304,0.113482920549185,0.303105928852439
0.0424593546495412,0.26099745472695,0.119662480378624,0.268868806863243
0.0642422960769736,0.261417653052477,0.0873800432173158,0.201951468536949
0.0752459275019254,0.259948667663531,0.0858358684698077,0.315561391815899
0.0742179251173257,0.292021627760585,0.10178894102035,0.211511786536308
0.095552380093468,0.273954936954606,0.0687556854086032,0.238537793033321
0.0621853811314902,0.221176630991608,0.121036255251439,0.273711998088882
0.0994194323612971,0.305026733838039,0.0975503213231182,0.209411352603603
0.109145007451781,0.297546205164876,0.0909040865885538,0.221047332677903
0.0662750466894944,0.288143269151821,0.0978455622501942,0.301968961159591
0.0951701995987365,0.255801476106776,0.105867070295403,0.236565961881224
0.0859249878753959,0.342945871573234,0.0796345188372724,0.255494183446672
0.0667358012869871,0.264498231427674,0.0672552819094677,0.24532856237703
0.0963256133469676,0.236052698037395,0.0681134872874095,0.259947581959134
0.0499223817324897,0.269229912472884,0.105916582964472,0.249580028647656
0.114184944754533,0.272975454541184,0.11225042648169,0.31849259350543
0.0781931458372827,0.317837384636581,0.0828965070597188,0.304883094356769
0.0992742701109426,0.259536120060125,0.0975636614649169,0.293365889862126
0.0813129880586287,0.283859187060366,0.112561663446773,0.183594350276328
0.117681837290666,0.306780688706752,0.131405925767049,0.311581106121369
0.101645046673506,0.295888386438654,0.117719443168651,0.229468117312597
0.111258925614381,0.276780487761032,0.0810937762213761,0.261819040404383
0.077423741757825,0.268088913227697,0.123354786679689,0.313389326424019
0.0997249750236309,0.344648667995806,0.0923282072499234,0.279199830213033
0.115860414038588,0.254975218113963,0.160834963119782,0.270782943551464
0.116477847837315,0.301823014064568,0.110676567332031,0.352102156276724
0.0735446124053527,0.289157934048908,0.113801655177398,0.290719911900269
0.122635609361991,0.279826690065516,0.134343801469539,0.393678875992985
0.0962332227760777,0.373739115887208,0.112235876829248,0.259758527156536
0.0878858371288314,0.335738672745024,0.112993715200833,0.334655072947072
0.0940485711135193,0.332313961900431,0.107662912288507,0.299843040561267
0.0900590348930501,0.211162107288534,0.101919094856578,0.291965580693082
0.0834370526405198,0.324565612505333,0.119562737456277,0.289961954155755
0.0890076310246243,0.321598267728874,0.135196695844455,0.287825742146288
0.0930876469098221,0.25402244603661,0.0932796292286711,0.260649914247193
0.0580743031259832,0.20892752735816,0.098700835703783,0.257249958083173
0.0709332003813407,0.305077528658696,0.0844310293540562,0.24500559579828
0.0662790383930374,0.216540134770201,0.116355737167092,0.228264233603613
0.0914410077279796,0.302897608949988,0.109028982571482,0.275480297641028
0.116293724097855,0.260328801490125,0.0899956222023993,0.249103165562649
0.0574103499722028,0.297654295196304,0.0871916154092053,0.23645989644215
0.083424701092355,0.303873646435536,0.131070819077947,0.331255827075019
0.0779230327264204,0.287498317855846,0.0868613107435506,0.302847053634695
0.118199514715005,0.34228398066136,0.188191399770226,0.299424035562951
0.0717057436333237,0.245241456947519,0.0564007843602435,0.250657175940207
0.0466054271604218,0.299630456494722,0.114015718451789,0.338987951819594
0.0523684109263213,0.283311184689059,0.10514019562193,0.259577276330255
0.0695279958635531,0.278258489615695,0.101166941804244,0.290479440443146
0.053738532744459,0.266958584690371,0.0918146909124501,0.27311470077086
0.108724397551213,0.237694136514198,0.0831808079486579,0.27204388729322
0.116060039819742,0.246575496725859,0.124254239342365,0.269549062219868
0.0904047435646866,0.362256590367672,0.094925888898947,0.285999762206153
0.0862680044049914,0.235673563463712,0.10350585144671,0.273588004260157
0.0764591968131341,0.292909340110123,0.114460483819516,0.277679057585917
0.0977289892936465,0.245225053661108,0.140563288495525,0.295101538194844
0.118706741248319,0.358745946400808,0.120982069921714,0.258243187191629
0.137759716386141,0.328815219083892,0.108264178333903,0.260246533456669
0.0740026826164449,0.258343011005802,0.126683044944461,0.323966507719575
0.0744030771023852,0.311512753476372,0.104099508596237,0.279271560328679
0.0623342996139071,0.301401178798101,0.127854419106131,0.272631815123988
0.0765684799674599,0.287126488485902,0.123760694462726,0.31999457212429
0.0862548878710522,0.277922538984946,0.103542601460993,0.315259763081853
0.0989500421472334,0.308665134053584,0.130427625968846,0.264971823238758
0.0926516981659792,0.275996712246933,0.135096812833,0.291193106959204
0.0748775810789158,0.251353826990357,0.125879453412443,0.274085038988873
0.1113714279402,0.288880259930248,0.123609809545534,0.257513748454962
0.0760558671541898,0.224641234325223,0.12419114608444,0.275327984540695
0.0951611883692296,0.355601370260918,0.134766200612154,0.279197170938376
0.10309824329279,0.275906912311742,0.166816077496479,0.285674300389218
0.0731708943352941,0.251928790744686,0.0904110658909584,0.288612760000388
0.0649016351921511,0.213926144523507,0.0788353812635492,0.281690343499482
0.0665989335363499,0.236391758742343,0.0853275766471297,0.261689004357511
0.123247102772877,0.281585257668709,0.127377988401359,0.292427774901345
0.0603947851367995,0.32764862538416,0.112436162242365,0.275448019214334
0.107423214770076,0.337314433210124,0.124421981350907,0.354320105246453
0.114957440362459,0.344626635025993,0.117823145669746,0.33558304661844
0.0402743179823553,0.20840946499103,0.0741798449714097,0.263481635312192
0.0452912593019927,0.236713344883525,0.0522500577655723,0.25189213054283
0.0404950410391581,0.261598395783403,0.104261118373241,0.279642055046768
0.117100212056335,0.294030108432906,0.102320461894881,0.271096665678309
0.0777240854429478,0.236525092037045,0.11809688109791,0.285016453449702
0.0767741423127493,0.323474325154602,0.0946665412763168,0.25295383193352
0.130065692264147,0.355368053458096,0.0697900622267761,0.314997345806139
0.0953365871157809,0.290809379165325,0.0818165168758515,0.284229631841469
0.111851198540855,0.277968540852587,0.0833156360540254,0.29956134926057
0.0462307910759217,0.28263842853793,0.114050655422142,0.294349455366516
0.123577477029372,0.287938486065735,0.101832035144448,0.268739674042899
0.054382080227094,0.269870933231404,0.125014602230951,0.274441152464361
0.099742889095564,0.287187256855664,0.129410819974379,0.245567200304158
0.121796418707247,0.279670239481351,0.128165095356269,0.259609734746856
0.0811997659018691,0.319935946679768,0.0828644673302334,0.250516718567005
0.108477043889289,0.258825949378379,0.161990600534938,0.30279732725963
0.0649976588257164,0.321193250183138,0.128358175047685,0.287606840372734
0.0680292228361395,0.266691445909749,0.125106095696329,0.246225118216735
0.0973746566702056,0.315003001713734,0.106130884981126,0.268537196353394
0.091577187822366,0.28709410282617,0.0947569380090973,0.283881558885926
0.0919792342040824,0.269355086270242,0.134013084318598,0.289138399265554
0.0513339701797098,0.292031699961085,0.0663676523997403,0.331350720812154
0.0829766423536418,0.282125866296771,0.11376318625708,0.259357880716152
0.0741667027714688,0.293211683603354,0.105334122360443,0.26193070759381
0.0873884476453058,0.240078116346599,0.0981275139140976,0.306711757423807
0.0801817384789772,0.253221544077015,0.102324599479817,0.262877568664002
0.0901576010019969,0.235515936781219,0.113264005247769,0.265585662315823
0.0918855278454935,0.3093685285093,0.0960829131065544,0.266156293713131
0.0922711480481112,0.357494583122016,0.115445409088781,0.350346761153722
0.134084787685748,0.321354345299679,0.132973187603952,0.293700958910506
0.0763199197266974,0.331847144047147,0.121612073232854,0.284204204279093
0.085219112605245,0.321354988244619,0.0650148848121338,0.390652741004386
0.0586024421649978,0.287090095832273,0.139695301331347,0.219508643703618
0.0542910816771653,0.293195627968221,0.106269186386675,0.265783273954962
0.106713187828055,0.30795716918194,0.13721644423694,0.318398870781773
0.0946421933655387,0.271329877474332,0.136745173987955,0.331989257248842
0.109765234204278,0.267353925072723,0.0755233257809208,0.298358804550563
0.0833471200000866,0.300840180943128,0.107304952931945,0.265626357433372
0.0938670691041062,0.293716556218429,0.113874563803425,0.273161814992461
0.0686776135352667,0.300925580708865,0.104317311451813,0.309970018161542
0.119348672609066,0.328601304703376,0.131239529657415,0.3112065726544
0.12241728022107,0.35344557500192,0.125080185482604,0.272432202250105
0.123006710872945,0.31742597416724,0.134084911044256,0.32043407343263
0.074337818670768,0.238308891703351,0.124574207947572,0.293469331113445
0.088351657820324,0.242792475410144,0.135415016024127,0.295743142388437
0.055800833153412,0.312148690210466,0.0687378196248666,0.293256215483568
0.0645560735774122,0.28346538018707,0.130954274717324,0.236187056772255
0.0910630532511195,0.277196711628349,0.146675456179487,0.31579540320796
0.0720685060329407,0.258866057996069,0.138520234402445,0.303446074489313
0.102251031184181,0.352929224355437,0.116655412412417,0.257940466172554
0.110627924081205,0.303854909118821,0.112446831886694,0.293774005101336
0.0574518101316125,0.262773869054893,0.112537208086246,0.24471062584677
0.0810507936012667,0.242568217213843,0.122438760977486,0.270646266029327
0.0594423373561643,0.235089190325259,0.0939339704223287,0.229023810033533
0.0789165243314148,0.216584313785305,0.117404502281257,0.253443013331944
0.0621913924615374,0.327458756011537,0.0941582508559688,0.232632616902223
0.0834311350192681,0.25779853166421,0.102625749921742,0.328283851978268
0.0581889402029363,0.314063318247344,0.110243254035117,0.295805989171952
0.0846412247967152,0.308764632297977,0.127649477391991,0.279426034305549
0.107385546530555,0.280523794699561,0.123793922889465,0.290364560369988
0.0770915956792856,0.307666887753849,0.123665214286878,0.263554633519456
0.0875859426433424,0.281121343436261,0.0950090390217704,0.232692342575496
0.072229072378154,0.229360836705415,0.11298346457133,0.259500754089877
0.114763064166052,0.28473636923924,0.11164771211423,0.245201479837745
0.0966209525183777,0.271440298738521,0.113535696907278,0.264794355586823
0.0576827430270198,0.224600657825385,0.0888946440108196,0.194768685060049
0.0846421741942526,0.259039154372053,0.0907588334749363,0.286613164088386
0.0839501061225445,0.321997197202764,0.111777564975269,0.234265385529966
0.146300291286951,0.260678369079107,0.114400176216291,0.320057828859704
0.0763642198326583,0.347457674545606,0.0997030450235609,0.275990663944586
0.100098581944387,0.362772290509923,0.0999677144695792,0.292327107593868
0.0498908794111105,0.306711657934458,0.152824280200254,0.349457091591654
0.0994310494509011,0.28995006969048,0.105369883316721,0.296342245416495
0.0839683916359079,0.243741446503223,0.108932589183419,0.305118725804991
0.081052087943202,0.284992280888171,0.117929814360771,0.236475170195657
0.0941889836429755,0.277504724060818,0.103887780648174,0.231230326927225
0.0747738028373584,0.303044435584815,0.1140481219265,0.258960101169881
0.121295199180539,0.313938224347718,0.0879542185775755,0.323707255716782
0.0486303104784379,0.243784355842514,0.114023522867218,0.268437410545186
0.0874837398239248,0.275488853349645,0.0869665426250488,0.291287775767744
0.0825313224037514,0.287771204195107,0.125215396886431,0.341782831846401
0.147960423435413,0.272294543099109,0.117720380101937,0.285178125823558
0.0605364666584425,0.285041821325986,0.127428993959635,0.352838202893062
0.094270944641567,0.287760526939923,0.119131843003534,0.22432122853085
0.0706542039633306,0.275944251107847,0.12351831302201,0.249186576698336
0.08657537969966,0.332657206968475,0.0746602772350561,0.30156029896181
0.0773342747579688,0.34527880723783,0.0990992215670491,0.37801619985682
0.100368615584385,0.333741418898354,0.133737927482617,0.289918650445761
0.102458936086836,0.36570629805773,0.125964541398497,0.299206472316951
0.0678677389622281,0.266994906277242,0.10411671636218,0.28098231027783
0.125395721796877,0.322375275187269,0.111538108876683,0.306123742618517
0.111078672694216,0.335516048117043,0.116921935547687,0.291389897546824
0.082605456151715,0.293811845777554,0.153313418128848,0.281963431873522
0.0774428198722765,0.271583948515378,0.0968923944954107,0.308950006095994
0.092905483054396,0.289392177805477,0.111930552601714,0.308066117255025
0.104296134282079,0.288165864900726,0.121212882593552,0.246667836331325
0.0673820918098511,0.353108799005812,0.104340268580642,0.307021174951046
0.101692007097816,0.350999823590689,0.155804657263957,0.270305219382603
0.0878660428792151,0.28611971909634,0.102809371546254,0.312045598189909
0.0799333097157977,0.266173150333193,0.122696732087593,0.270156279759496
0.0640522610498399,0.247393676976113,0.0755745756837911,0.230981439133225
0.0868896613411628,0.289089843234169,0.148260824360386,0.272152954487467
0.080454548861294,0.269046208221657,0.125662620085497,0.267337725675146
0.109293429276703,0.347418417731463,0.116741419612656,0.297014905342472
0.106998422284028,0.350828026746155,0.11979830765351,0.282355686504997
0.105875095690659,0.26505215953503,0.0994269625862475,0.302030810218071
0.0972567170211887,0.299144996160116,0.108954378540323,0.314633542083401
0.120335075261711,0.29186185773953,0.128660730901054,0.275377592461994
0.0674252451783082,0.309375297629577,0.123930293240385,0.251585810248288
0.0985630788264447,0.281049535277459,0.088483550962205,0.256041595928222
0.111391335554555,0.257220803053352,0.112112646554822,0.254727423007612
0.110009162583561,0.260857086944082,0.0932638627531099,0.274759560092746
0.0498472773372987,0.251626467518555,0.0908023499059265,0.259675646661224
0.09585576628759,0.279747219153362,0.107943918486671,0.283341495360889
0.0696456574889776,0.331929451274598,0.116801392741599,0.344943395621061
0.124856140953701,0.233662913747416,0.0637612067018219,0.317554266403714
0.0534607286351766,0.283652626075595,0.172000245178202,0.195089785267475
0.133076342356069,0.242308678193592,0.0846508962707544,0.303776044968005
0.0769196839131238,0.277988707180866,0.0983668219726059,0.304376056822837
0.0721789067070007,0.316216163872715,0.106535266149142,0.215957667217587
0.0740450028524347,0.236965862290316,0.0789779360965163,0.24877154460218
0.107250476608407,0.252994269817789,0.128119272888499,0.230420552602077
0.0575961905530387,0.268286392669535,0.145000236005268,0.346434858849926
0.0592969357599424,0.273562851530632,0.110074945515086,0.278690723429086
0.12426664767854,0.27604794571504,0.0850058042384362,0.24568439057732
0.0556533956201841,0.310491020536893,0.103677968302392,0.284852259088261
0.11151872095299,0.235807798468473,0.11531311818202,0.267687661852695
0.0565949330424771,0.328586110384014,0.0973666060863858,0.264722308418486
0.0586231752038242,0.311181237861288,0.10775034327025,0.244926162200008
0.0790333609707794,0.274905537227985,0.0831578631824784,0.258766586874346
0.0753122195417228,0.2719040496618,0.0971707212985957,0.267308908941203
0.0864289547692396,0.354513103032076,0.0966124571653537,0.264688003298352
0.104855996236434,0.367652787138006,0.14583993091542,0.263000257550339
0.043346754770804,0.20161560204546,0.103759225704262,0.308551739295189
0.118420187093546,0.291861742616318,0.0960694066042076,0.257089873947734
0.142803747999865,0.306707312034472,0.118317826489629,0.295966268128443
0.134126899542242,0.38272269631959,0.165009468440193,0.292478804437257
0.121663917075097,0.37207934313066,0.101847144899948,0.332628897324629
0.0930371230521042,0.264231756610089,0.151768142331123,0.255578010580818
0.104272231924677,0.307440287665171,0.121856795424397,0.306743624821858
0.0774282427891239,0.317015743307008,0.138141159262381,0.296614106742684
0.0930222104413498,0.291578282435737,0.189256630748974,0.292377513626378
0.106219656858906,0.246336154511139,0.0530949407998327,0.231623956749659
0.0759419241852229,0.276049796459767,0.107714681380157,0.284293921184326
0.124309136299768,0.330785582091528,0.139751060549378,0.266257475652238
0.0568063861922753,0.266363456138507,0.14496406512181,0.33928091741081
0.0666416700590524,0.280688494966349,0.108510804515531,0.290695142528475
0.0988413681266282,0.256284780411763,0.102391485757865,0.288938319134189
0.064812111109541,0.332131467233232,0.111931376280728,0.278079375367279
0.0594201756610757,0.318301447220307,0.114282364176909,0.311182072018429
0.111073846699707,0.307260680830029,0.108367444333462,0.338438812580207
0.117826885278479,0.297119756301588,0.113996767708232,0.342980469370956
0.0814368954939127,0.280635658805795,0.12237732126637,0.272934744765858
0.0791278627044787,0.216127359917699,0.0795550185596681,0.291014302908052
0.0855121134296114,0.325021903668846,0.146096055961002,0.33216041045671
0.163573247037784,0.338252553309329,0.121350315323808,0.30924062605949
0.137992796489948,0.323017413280026,0.121743924005639,0.3042472638809
0.0469978787366468,0.272422024251266,0.0943340702357392,0.25840425692863
0.0686086814904543,0.268825969749404,0.0804714973430798,0.275138257963615
0.0643131288702302,0.259016585617382,0.102101340548737,0.272942058503566
0.0853037921623139,0.263135098399373,0.0793169492498946,0.266868215396827
0.0332816006169411,0.303610484868649,0.0992331827888693,0.233735256510866
0.128847704553481,0.285063297829672,0.116294089638154,0.256345198496358
0.0726978186165022,0.346806335230952,0.0938267999023268,0.427621511655303
0.134482935781706,0.316317166381296,0.126664335058831,0.272995380794068
0.0497044508863791,0.26491145642554,0.088276218450075,0.309571736861311
0.0467963004204662,0.227356024233598,0.10133974248193,0.274565806379266
0.0937221349579219,0.276000617314666,0.0899441933074577,0.222472136058635
0.060504661437195,0.284169858098011,0.0801845735481403,0.277623385950482
0.0722209631823222,0.24551596773139,0.0938563026512342,0.221053947479432
0.0814262569067631,0.243622434713966,0.0962644263320839,0.28230365645367
0.0784476224295458,0.306526727174596,0.100631617447545,0.231193417654494
0.0616354560230374,0.261088491490127,0.139617722603506,0.291442418882404
0.0818064139886137,0.268693959449558,0.0809343176095876,0.243203847189649
0.0711307240544244,0.234119158643929,0.126628432191206,0.263930363086962
0.0941877716700722,0.309160466493294,0.103429846644721,0.34169761954608
0.12930370660161,0.330866664701707,0.142763479968937,0.272980270998363
0.055442791758872,0.26627975986561,0.0917621328072197,0.268051942960738
0.0886265063154038,0.258286309890212,0.145056349686386,0.222854208489005
0.0548531608786953,0.318752722128067,0.0784119255379388,0.3110299045068
0.0698877444059585,0.293593738025963,0.104384391584914,0.287784707446643
0.121030179826954,0.260745102959715,0.155358925304208,0.229801525046508
0.0622348695361858,0.313691688329656,0.102292349812868,0.296342582617451
0.105992584608546,0.245472601341249,0.104639367399869,0.242366595893332
0.0462538771633496,0.316506604177981,0.0688226624867416,0.303232127455431
0.134402397855757,0.216273147484418,0.107440137916536,0.259981416025496
0.0774716794098244,0.349660656176267,0.092913451223483,0.278871823686181
0.0952474389861989,0.270880638453071,0.126662522894948,0.339932702628207
0.0899613233162502,0.272064423981054,0.114071242130263,0.2821713373701
0.0637550583245479,0.301748887210597,0.122942181629513,0.269747894440523
0.109706389017791,0.292858010015487,0.0870284896164691,0.309028389971187
0.1010422181604,0.30789638680226,0.100975467421073,0.296198790140679
0.096795888903207,0.263335206564261,0.132865260839774,0.2898581514438
0.10129772288336,0.297766059379014,0.0979804299522866,0.268751335448501
0.174337681902154,0.348288068941787,0.134479570880418,0.321608320539834
0.141772766900138,0.304809767041412,0.131805460380561,0.26956528125982
0.114767423907175,0.258876112146028,0.119595035365622,0.258522694247189
0.123801075053772,0.263846137116788,0.119039541377497,0.254691757147254
0.119118431870563,0.40501583394918,0.160217189351599,0.323153738669284
0.0667456324989893,0.266813346134925,0.0891987399455747,0.292937643857851
0.0751794780147168,0.325555432412957,0.11310017362362,0.245566264990206
0.0911536017711151,0.28252001106193,0.105033150348987,0.283603323095272
0.065648061312938,0.292150797862065,0.108889288588267,0.24043077525704
0.0833005106798322,0.310947346058717,0.121760642608205,0.28780116658208
0.0784408595129886,0.287321571754779,0.140467743231882,0.251331086607847
0.080943813096206,0.265495532825826,0.0990624064460501,0.297503849665199
0.114012882740835,0.261434862476738,0.129024763029861,0.245128083989742
0.128325405544373,0.267619381771176,0.110769537625202,0.238186371868993
0.113338699904992,0.268317410604689,0.142241773198686,0.222912018416798
0.0882913814391229,0.318375044710387,0.116131095150934,0.35939634490056
0.0932727146201237,0.343827139837962,0.154542284751213,0.246996851097614
0.0961866630754573,0.330206389595439,0.113840323571491,0.355940374889894
0.0861927804610613,0.301489598763622,0.122376331673829,0.253887055452151
0.105291021279739,0.334984188847632,0.114396990748643,0.296595773927058
0.10960741473505,0.302183280114553,0.0790186096577126,0.288191398188191
0.10507120290671,0.343086034117041,0.111210171197836,0.288750600313516
0.0636586957323493,0.322927145933611,0.0959973018943545,0.29101008111721
0.0780123863636041,0.246247336753133,0.126867085357512,0.246710973601961
0.062775758727131,0.284359830801549,0.0934373727258629,0.323219335125615
0.139191361640426,0.368170153108451,0.161527623527483,0.324388656294497
0.120994975129523,0.301589140330817,0.110179028328473,0.302189439316863
0.11568501272845,0.294819418787445,0.10116956217959,0.302462630979431
0.101553590325768,0.261370763707982,0.0946534677117973,0.294408995004843
0.0731048605176889,0.308230397706266,0.0863669089710769,0.236288023614797
0.0711049176081758,0.230231735096334,0.103004997052022,0.274591584235526
0.0483937493556412,0.258707394738773,0.0999512973091952,0.244302799054075
0.0605401509273365,0.199809908192947,0.0838345548228366,0.263399979542488
0.0589395043539013,0.198434097000736,0.0843726651999886,0.269459513334924
0.108864090995578,0.331173362001247,0.0985087415183789,0.273583927781146
0.0472317932637929,0.260628055560647,0.105066728233339,0.278947895115787
0.0987601720743824,0.280530357450555,0.0791359989199237,0.255430573075699
0.0783582964926204,0.262277445603902,0.142773343028244,0.299706587355314
0.103669059364083,0.249663437573494,0.130947866159781,0.266402192997622
0.0752229647021022,0.276739864921753,0.114765721834417,0.248233881440071
0.0802575592939133,0.265932072161937,0.115556026363021,0.248904114525739
0.0723197600121563,0.338556913185847,0.133085479496692,0.297269937038593
0.0804158607927125,0.260694887747989,0.110653504252832,0.285503171083942
0.073909894295849,0.28133755675336,0.0743614441317337,0.22648638950533
0.0736298474453663,0.250580014998285,0.101620796109158,0.286330009252069
0.114527554506892,0.247701073440377,0.114791207129427,0.257789788255003
0.0604662793649454,0.331932528539647,0.092745584245456,0.250725860402565
0.0576993145437193,0.281605589211389,0.106356617960183,0.290452804275906
0.047156340972815,0.293136222368109,0.108146346125427,0.303759818830611
0.0797306064392437,0.248879966289124,0.105650594297997,0.236181588086366
0.0593323255639853,0.288800207926308,0.076298237423121,0.325819306655852
0.0856681495468779,0.284279250454309,0.0884460536366792,0.296177020647855
0.0750658807418074,0.264600605514197,0.0936432636255392,0.280122375758865
0.0829201074684417,0.276369028610753,0.0844766059136172,0.273690983404475
0.051461918304493,0.233104305167751,0.127110708902924,0.245158726814745
0.0467318409234607,0.232384519030468,0.106280534885019,0.226534218155794
0.0533912686015175,0.221772713698847,0.0998408980426662,0.252973541086703
0.0767731742562525,0.270568388325221,0.131954144183581,0.255068017197025
0.0552458953573385,0.238360249569743,0.0857582744335912,0.216832929290642
0.0898353208493908,0.247971113634601,0.0767970203406401,0.266654855147514
0.0964930849922227,0.291226643011401,0.130133458937735,0.332007509572536
0.0854576833191531,0.258188511619303,0.108025046991381,0.244327186917309
0.060297350077776,0.253362217394634,0.121424843909172,0.283155315231338
0.103752532202569,0.252945240376734,0.119490957981151,0.314734760104443
0.0724843277809237,0.243315689538364,0.0813410189030542,0.280944960516035
0.101919951078908,0.287424165576029,0.110394721094536,0.261387541523126
0.0744084118426009,0.301579852859611,0.0868105080498182,0.284539333922386
0.0981131173868139,0.285636298927005,0.129523442590835,0.257331564357269
0.0971452853182198,0.32965549093778,0.0986828855637494,0.328969849033492
0.09450105973898,0.277948639892192,0.1269358821971,0.220786232028455
0.0557058676417508,0.268575031527075,0.0774899709819919,0.326798668667883
0.0906037462402439,0.232403798321701,0.147127899010725,0.212566173039841
0.0775772660807594,0.262609401046636,0.0984865785050585,0.20083530745887
0.0740790125768135,0.279452238932202,0.0974344178704039,0.27262492599397
0.0607600850232349,0.272897494246278,0.132758090461266,0.26371529371152
0.0521098990444974,0.315608214627706,0.0782049244912435,0.256989846644174
0.0433290503061288,0.289163471837049,0.131540862972909,0.194462241934129
0.0894749647046609,0.279014372336758,0.123317536265661,0.277510490472874
0.157491123939342,0.272202099400442,0.141836921854544,0.29587140065781
0.085710714625995,0.344138851325653,0.126309891637244,0.314986160397821
0.0998899668626681,0.25318751582283,0.0801947947945199,0.229030582999261
0.0867721341832189,0.269670986292006,0.0923694868263199,0.321983308159124
0.0822553725617916,0.245683029303004,0.0986307462143101,0.28434410253379
0.0675727803410627,0.255147421576312,0.0899651717297956,0.268704605620789
0.0796280473934373,0.281006241156654,0.104440443316893,0.301846038438519
0.126657537607419,0.276056388385377,0.159822538580495,0.262091590596714
0.0526831453900609,0.2687095939252,0.0845463401396546,0.296578684311591
0.0435006843973423,0.283508132533897,0.0915697785448765,0.287884916708084
0.0464664251878158,0.214168611422143,0.102326562849188,0.225380926650694
0.0627147610543526,0.208172457871465,0.0824694654155195,0.252574327304548
0.0426001971679325,0.291987609432131,0.110160525464869,0.238755093387579
0.0928635613635223,0.307214492974204,0.107428603363467,0.283454611991379
0.0865816404450309,0.263410556979973,0.137613192171314,0.256943899819751
0.0730175300348197,0.283293742909463,0.0830083519504489,0.270347890079022
0.0624689555719799,0.242241002681161,0.065770210153842,0.25174121653637
0.0551277923511254,0.313856294044278,0.106874210594232,0.279449033931464
0.0423506470770611,0.303211734098868,0.0989066059578225,0.286478087978675
0.0685822389989711,0.241358127625662,0.126704740569299,0.271576549432599
0.138434210408912,0.275554281539411,0.104506123727797,0.271547907992749
0.0649711197671525,0.298043829965806,0.0960654103757907,0.22125396247165
0.0850916023828848,0.301493091541328,0.107807233791634,0.255294211391387
0.0777409379022308,0.279200287372058,0.120547627704281,0.282249422209725
0.106759533206939,0.272333954245306,0.131404803971352,0.282545934033275
0.0755497648840282,0.268430048246918,0.101837868725256,0.23100926512961
0.0754982897319516,0.268300301406182,0.100735579253383,0.228335934015002
0.0752087722795372,0.268573813554697,0.0985049148088413,0.293770282846445
0.0940684790261119,0.272636701529492,0.167762541140158,0.207239262070535
0.0902156145195183,0.259694177790332,0.103814526568672,0.292853465300604
0.0894881592357084,0.283968553291839,0.093561382826945,0.29302686916348
0.0975652544064206,0.362218384000011,0.128120108431246,0.30303375323757
0.124106207870753,0.334543548251718,0.113692771979214,0.289417479207167
0.0880344194207526,0.321854819672548,0.151641557397111,0.305797471322167
0.0463305695165065,0.243008807289626,0.0473042453033251,0.225612127727157
0.0499124782983037,0.252676710951857,0.0675589866903854,0.276898422654867
0.103912160678125,0.303696383721242,0.0889523391764109,0.233564563665095
0.0928266291168043,0.278848241102408,0.128552980433286,0.318209246260836
0.0894016794385003,0.284277173569159,0.104619776968572,0.261298353149519
0.0979340027586892,0.278732686638813,0.0912853992672016,0.285633809099694
0.092442527389813,0.268337094710265,0.0951243806294264,0.25002189976548
0.0552132508824059,0.255275954700514,0.111286425579171,0.283612434307291
0.0685449902531027,0.248211853040865,0.104291533561777,0.283320959076448
0.0488542224316312,0.287727671001918,0.0682549661438545,0.278030713582217
0.106771145485835,0.25208103416539,0.0908292316712006,0.300304800317731
0.0796935290941828,0.243409964687643,0.117617559485783,0.272100256398191
0.0972858971992159,0.324876189365062,0.124478772827966,0.297305303044659
0.134978376105912,0.251249175255521,0.125963318325238,0.257364921317538
0.0838931906815891,0.390378946098654,0.0957526178704776,0.250317834676541
0.111394504225412,0.217916367407926,0.115083787545489,0.305486035767872
0.109318113855958,0.227628803136795,0.126631548148136,0.303833679538107
0.072646394479704,0.357947925301253,0.109933659723779,0.252106535489148
0.106264049747843,0.171347631373172,0.104737938375445,0.236374865555038
0.120660426072207,0.378183787445023,0.114686109413561,0.326413568397117
0.12085171250616,0.3648816873178,0.116670615805808,0.341343323359529
0.111820500444592,0.37797022448752,0.11688216587442,0.330635432272401
0.0731918797418946,0.220708725649683,0.0841941172983769,0.272477453971449
0.0712573880269994,0.208034114436898,0.0746791074874022,0.281334603352698
0.0804159295417385,0.280164196557728,0.125031236536044,0.260261038624328
0.087134776315218,0.35364814657761,0.131757595791497,0.342847835477812
0.0596591720415643,0.234963947540076,0.0731149199283945,0.235437021937161
0.0613928099474542,0.235508053266219,0.0714821166145395,0.232541773377003
0.117001193059484,0.241975917457092,0.102815350796109,0.2579743595862
0.094205854475231,0.273155665907401,0.128047510460883,0.303343965980082
0.0855418354598317,0.283853297918326,0.108730629233878,0.286877177404456
0.0986355481566846,0.317542712906871,0.0954197664653868,0.343850150531166
0.0850456137586739,0.309069416859225,0.148148272366199,0.307661449199576
0.0717847955458266,0.252605750236105,0.0918162403329043,0.243819595484349
0.089328068279937,0.307053014008484,0.0973933654406394,0.261333349029192
0.0884689052740066,0.213547191368137,0.0995200509545417,0.268380814220195
0.0981865478386587,0.304728196992072,0.115286236307269,0.289078177202674
0.0731614715444656,0.300518047158048,0.115355306972937,0.307794733744415
0.0787070417676325,0.276991043330524,0.0957095383279061,0.244178623677523
0.066818117594857,0.330461862182828,0.118866911128722,0.275137681291021
0.0603429942567996,0.258642745397685,0.120534342974119,0.293579266061869
0.176964529150296,0.326013425650142,0.152776970276213,0.350462934824551
0.0311479839735693,0.271001806293497,0.068275266173876,0.217435561059573
0.143645216553956,0.300714058094561,0.115584791933976,0.301972149088312
0.127000213161815,0.314857177602562,0.0974944561858641,0.262598896271563
0.0881131047615064,0.338771103730773,0.141040928862734,0.367827060007809
0.0946585404190736,0.270640395726072,0.0697656725642181,0.260333409196777
0.0525433277078063,0.251711624310349,0.0983517486793227,0.333750632358002
0.0483882218890681,0.238712126181324,0.109718170476825,0.331045486993744
0.164395697648102,0.342708607503136,0.106175845001171,0.255525784530097
0.144819812748731,0.297922880021412,0.113532236210186,0.292303987593953
0.101832734939714,0.323394373206427,0.155533710952505,0.308152956869619
0.0902722633073359,0.338618070615764,0.158616785689974,0.318767590463167
0.0744589290213536,0.304690901607419,0.107852271502915,0.339135595962402
0.13010126401105,0.305222885076437,0.172869396262078,0.248942778282131
0.140260021445634,0.335815178013275,0.12916453407187,0.346401849380401
0.067818563379819,0.279797861486259,0.0904015427671262,0.317150614756815
0.0823192012144819,0.294894684192557,0.124854850637802,0.283857119797592
0.108316751119242,0.22331935313851,0.107553977367433,0.235017708586351
0.104886439860336,0.258313200555416,0.146039450075371,0.247926404226712
0.115865385190509,0.278098352089799,0.0844908307987521,0.293018875186404
0.10966885339224,0.248528943592883,0.123794183741314,0.332741959232525
0.0830171061333606,0.292650771100445,0.0778894858562686,0.243265200191997
0.0983950933078998,0.273198739666845,0.0813149096712467,0.258854057899799
0.051807792612988,0.232369924713161,0.100884068248434,0.281320149391163
0.0966913876232033,0.371251441537405,0.113284782629166,0.285902063893798
0.0917026306918937,0.277851824990379,0.135867473905758,0.267380978598511
0.0828676738871414,0.274421920357955,0.125765477286437,0.247531852139447
0.0768630956223669,0.316698608852052,0.12911447556544,0.289093756829341
0.072846909558385,0.260721766863871,0.087791236436072,0.305353989321837
0.0671319700748461,0.260660927129679,0.092432493153584,0.294609060701055
0.0744318642294556,0.285725841732565,0.0617314982550801,0.264117587780216
0.0674432726304606,0.269811722157005,0.0572454985160598,0.29135105123615
0.0660150764542161,0.30750509683903,0.103155745933435,0.275792954368459
0.0831550533322386,0.295509457299279,0.113279477941119,0.275113219454507
0.0359736266542328,0.349943584245229,0.117320130014052,0.295339470847666
0.105465347099627,0.269374139426157,0.094977963461503,0.248789758726333
0.093844098341486,0.300312252161694,0.118595017653277,0.328426571212191
0.0720917187549029,0.275207274805023,0.0960036470322711,0.24867007648518
0.0583196462872748,0.313345317079323,0.0656965799511684,0.291628305374592
0.070437984641559,0.304100048179281,0.120082576934796,0.270007670812015
0.103344961379491,0.214661820179973,0.115847925119938,0.241901023254638
0.0990957882282485,0.244448882659196,0.0780463888772952,0.327331523916858
0.0678358983762129,0.305009355810475,0.0954730509375375,0.259839456970876
0.0569753794594858,0.311160356644237,0.0994181694878799,0.299050623394741
0.0592953129904551,0.318736838443677,0.101636916304055,0.303515462776723
0.052572728272151,0.292060472748896,0.116873734630139,0.307260913013746
0.0919343724853873,0.331439238039,0.0810461043073109,0.301068592641957
0.0814255263962013,0.302126906441864,0.133335238454399,0.313950461182192
0.0719596602711137,0.263333774504816,0.0926459634894179,0.321209900772623
0.0852466033508848,0.324615631889243,0.179868657212912,0.242379525508607
0.0817971336773431,0.26259641217757,0.0692638742255212,0.232894732865865
0.0809587525152753,0.335562292453676,0.107896967061959,0.262383668412699
0.0672200424434786,0.226074294232414,0.0742599125637898,0.206930624808132
0.0713274855545417,0.262242161577929,0.0668223532796659,0.224922646963172
0.0821004234010041,0.274649695955936,0.0730705985642886,0.205374225285046
0.0904244804261242,0.229368202873921,0.0733630572555464,0.247081314005146
0.0590660019860866,0.273732011757759,0.0742145897615693,0.279770371527911
0.0413002791499464,0.312506366965388,0.112024122552332,0.306978871719128
0.0535169721242404,0.223852173442947,0.0729554774667737,0.24321944825022
0.0537520737875187,0.263090618386142,0.0900257804039604,0.255005967018812
0.138975904254831,0.398643164400663,0.118248171547531,0.322255129389182
0.0467452512511264,0.220803709265533,0.0827646546962304,0.220420961519095
0.0788416890515452,0.233437879267274,0.0671540261397411,0.225077439779978
0.0843497068563531,0.235962324757957,0.0855876912189402,0.241785894691067
0.0593744702354983,0.282053166441524,0.0776851342789512,0.280722981577698
0.109118567004767,0.247198016249397,0.163088971492992,0.269890549221287
0.0859821754994162,0.239337200111858,0.159596411062453,0.268147279063824
0.0781676392733599,0.2897281067809,0.0589670713712123,0.222705801827656
0.0405591504865358,0.232791713920367,0.0559586710739804,0.242930999682706
0.0897407710730621,0.294023491021148,0.0860687335270689,0.244465179844608
0.0604065461259757,0.28038008199907,0.128994870082464,0.281904975268212
0.0704046784292768,0.279882876990584,0.128511755541884,0.279392796542454
0.0910820685217116,0.283766035610442,0.128200665252684,0.295181960330593
0.054525397872644,0.267441209790807,0.0946189609742443,0.220507464824273
0.0396840636514003,0.232890925006989,0.121405023791623,0.307697071627703
0.0590737511348891,0.240886241500566,0.0875956560400368,0.274894346873087
0.0602013140785874,0.274624999132372,0.0778178730647729,0.264874033341207
0.115746119576235,0.284023309441103,0.110239559279707,0.264552507466737
0.0727009689254379,0.21212529569199,0.107571475250772,0.282585396437123
0.107280931049683,0.327106372818204,0.112677995838603,0.216759106541471
0.083115068715189,0.259386950433209,0.0981917490576139,0.217946039937465
0.0610405303189824,0.279492449263832,0.142913873965081,0.294248607844259
0.0641924629396157,0.287481549747795,0.146008593084984,0.29606515342406
0.100420816793916,0.241057658913871,0.0915925980138001,0.289746725892986
0.082816170900472,0.263567545813321,0.100039661604639,0.280127322130274
0.0640612894690354,0.281108871205373,0.136728334752707,0.296377521652726
0.0971158051780267,0.290598418150743,0.17182802472929,0.285458787386304
0.0808935307982024,0.311294403326151,0.144248075437338,0.295786922387916
0.070962822670659,0.313475931043638,0.105711183196626,0.233843876190372
0.0611391741257928,0.250416641723971,0.0921638005375253,0.226657866419066
0.0926091561309874,0.266051882724206,0.12244972314739,0.288392288239055
0.0823594083464397,0.295486582829488,0.0638446887259321,0.280757465701898
0.0704250695810581,0.327169833601348,0.103908655018837,0.262545127257623
0.0895440161770759,0.279887655923885,0.130162272899041,0.29317029252261
0.151108555247981,0.279570286180961,0.197856498913658,0.279599538930575
0.0621335036556255,0.253068288267747,0.0910138708179854,0.246793037969877
0.0802851591289821,0.270766318106034,0.0952854518323515,0.293316350757478
0.107067391439325,0.337004198635959,0.120613291227286,0.27749705524135
0.0957261968066145,0.322302617138706,0.102957298037027,0.319980178555968
0.0956501745636055,0.326618907570032,0.11805610634674,0.37947637190242
0.0868297601004929,0.296477731668953,0.138634597731446,0.385261499754005
0.113625446064048,0.358363272525638,0.111538110656874,0.315982470539622
0.0604307420842919,0.243617998229108,0.102989716931971,0.239468878093058
0.0846153060746884,0.250749519329274,0.130044637970785,0.286248990185366
0.104402660731657,0.227172243244685,0.101922835055286,0.195315021198213
0.0674252796557772,0.303042996254203,0.129579300682685,0.332463060146872
0.118318984061935,0.34680473669478,0.116409300945644,0.288473803711109
0.0971295784801394,0.306653190517002,0.141238212637157,0.301730218543478
0.0781693097593599,0.254139394111483,0.135546235458529,0.276971481305272
0.123166011557165,0.373697782711117,0.112426174318981,0.288243491860984
0.0948255332363808,0.306703579922528,0.102587129023224,0.260093590943026
0.100870934725389,0.294765318851527,0.0820813176646238,0.264524926998567
0.106948776762895,0.268685431890415,0.0763838765356951,0.242956131050782
0.0861612053884297,0.261261154249503,0.0839879366047339,0.340465305589079
0.0949360214478363,0.273050622031881,0.128900730730394,0.227616582744803
0.0704753782493988,0.26401135957002,0.144966495498815,0.237676194030911
0.0504262204721691,0.273439746072186,0.0982578741430475,0.319630223512169
0.0782583884364381,0.301166842894265,0.0995206092704577,0.249007083027331
0.058058084859949,0.234509587738243,0.133543556683406,0.315269391594232
0.0742767001097431,0.35968837069039,0.0947169857355584,0.336136567424982
0.11033247439397,0.244959310489678,0.0991821928813337,0.260381735086681
0.0746756977471782,0.228870065501338,0.0811915649758147,0.232556542005725
0.0975946912631376,0.253744827189478,0.159243089862873,0.297105814154171
0.0865618483893846,0.308548517554954,0.141100803168163,0.277506745438616
0.0688090271489834,0.35231784006363,0.075057129426232,0.316602451682596
0.0791017942196952,0.281156124752111,0.141210738003579,0.275149665441288
0.116733062841122,0.219253935105481,0.137801079036794,0.2670837151944
0.0632575929208363,0.259499139724251,0.158182473370049,0.346851048775387
0.0981417199519198,0.327268345535681,0.125546689658533,0.329644922928926
0.0775674311020372,0.285827921479155,0.122836345561005,0.268278233537426
0.0633603957973759,0.237365159488037,0.0868983843300538,0.309843667634993
0.0635293803162516,0.255526379536479,0.102103461233974,0.249406685887275
0.0792798773567178,0.270025577167927,0.0893290148859259,0.273046601272277
0.0826084716953796,0.322158971194487,0.109342696107812,0.274283557199
0.0735431787575418,0.289491937718694,0.0952763752625692,0.268733555644111
0.0618377794444055,0.294190542346173,0.113514869609351,0.313791560624646
0.0928130459607063,0.251123827219076,0.0995074386025563,0.316976397370475
0.10343261951985,0.314197593703515,0.0955796643331633,0.297913006126337
0.0707238254150161,0.326800141999123,0.134590062002464,0.315000957958508
0.108311964025175,0.267755752984023,0.0885385035245346,0.2360385382513
0.088454714449341,0.26663836283865,0.12785305375583,0.27534028754707
0.0834481616310824,0.263551141281455,0.12589948994817,0.273152781459934
0.0839438419205116,0.306522947672519,0.110925806681477,0.32721341315567
0.0680547184784645,0.279810954785785,0.102545830745922,0.245103648584085
0.0691877667865306,0.268529566020655,0.0976852141924901,0.296950557758676
0.0926949849898049,0.305307772550183,0.198903234326782,0.340175041530887
0.088247802466533,0.312439338912022,0.172527540153552,0.323185894636497
0.0955140378017424,0.326580942248986,0.168272657723232,0.320612809937548
0.0919787034963374,0.284889298204374,0.128607390335753,0.277261390169621
0.104156743747616,0.28037820505136,0.108490433978927,0.29694740109751
0.0757964750058025,0.280755202727448,0.11656657263362,0.277518178596684
0.0852419649287679,0.293370486264048,0.112388968543961,0.274821383768649
0.0915350768704285,0.290173713299344,0.122991310141457,0.219817453487754
0.0757888386965109,0.295403637298298,0.110407337925924,0.368507266500466
0.0549746914066655,0.343048543243021,0.0849703600072036,0.244231373745735
0.0442920421386069,0.300962394439113,0.0790828011099144,0.254699327898477
0.0930670143131934,0.234668706591643,0.107029531684775,0.284824687041401
0.0950987048148431,0.313965570704924,0.135480426894623,0.301687402080489
0.108196975966921,0.237806623629254,0.104653488286818,0.274224199811945
0.0881242792126216,0.322035434487703,0.10938192067157,0.271414444133557
0.0558321991623777,0.285419907480238,0.0869891003419604,0.345515516136386
0.0828229106670576,0.281300733926029,0.125486992369217,0.233385666454813
0.0687194339195354,0.329765077243617,0.131640934099442,0.271329279546906
0.0825783072903357,0.297946484172036,0.0911001700449308,0.294633579915103
0.0756441239699753,0.326018258635105,0.120326558898986,0.29261517226406
0.077413880919633,0.207594713296431,0.103073019886837,0.23677427459453
0.0536928540344975,0.226665112533394,0.131346052071449,0.20769444453422
0.0583649405551044,0.236238701959467,0.118043412736816,0.203686692700947
0.0924504537390251,0.247637790818079,0.0826877918115921,0.250374985405324
0.0452971573248573,0.230063919189925,0.0795000195862839,0.231828908609048
0.0844496186942518,0.217580701719871,0.104459656280441,0.271809906425325
0.0779336840578439,0.307242104642917,0.112674765519146,0.32105688126701
0.0954590034802825,0.367229285639433,0.118472051569913,0.276513260703028
0.137329631095067,0.323745954063961,0.13142743211374,0.349783410620258
0.114345145977571,0.327670612555482,0.122725531604137,0.285036055793822
0.119159110224822,0.362427330491721,0.105187858130442,0.301183483630745
0.109782123541095,0.325478363891629,0.122209334360543,0.272878292511946
0.115865461777606,0.253412529053123,0.13464646735479,0.304201930187661
0.101906912939688,0.308643701958194,0.105655257165685,0.283817842721215
0.077972194097462,0.248286711660239,0.104927673721117,0.346168389956762
0.0793970551989715,0.251979056229868,0.069337854584785,0.266273653076068
0.0859877847222001,0.287357626317454,0.131578092177919,0.256794098653301
0.075145014610779,0.270672033389967,0.0954128660511381,0.258723398566352
0.150562053966337,0.32840349920161,0.165947073248418,0.302032688269391
0.118129445108562,0.306419805508179,0.129127740252643,0.257036472556176
0.0762174733331682,0.306288670614184,0.136789803208356,0.328718447791899
0.0830134722788804,0.273242924438067,0.130135120766906,0.302063605863988
0.0846903309238233,0.286563674960738,0.0948123955024124,0.255610677773517
0.112352958722049,0.227412632279826,0.0954415878901078,0.324743567837126
0.0631610555175513,0.252749968173832,0.100044144561043,0.265151763956935
0.0914256492563054,0.347787352212492,0.115877511595541,0.295575138223659
0.108173705090499,0.29613434797748,0.117897551230824,0.278198709370108
0.0829087073202771,0.253573920958532,0.121280082627238,0.295630674470288
0.0903049282535356,0.254168826163638,0.147015867294103,0.255891112209343
0.0794321722696452,0.305019369199255,0.125774865171727,0.295933018598398
0.0743691948906858,0.287102959244538,0.0946776679544788,0.250785564459781
0.0720608414256318,0.256728712367012,0.0683283472772881,0.273862611083613
0.0797876540020971,0.258489127511551,0.147235976320949,0.264086242283861
0.0494745171769381,0.27530237893952,0.0833493071878287,0.277506575984727
0.0504615745885889,0.283738516735717,0.0745932288873552,0.2796883530102
0.0691083441515432,0.264586381722836,0.152564960948516,0.239231443515193
0.10570353895248,0.30631012557871,0.0863177956602095,0.274410158047178
0.103090394445825,0.269122886606516,0.0865925408345895,0.315024972872023
0.111609501736372,0.312900705581271,0.145439076502032,0.300173501905979
0.100159808107089,0.288186066225125,0.0992996676771144,0.317985280706616
0.0551100419597862,0.263364868593166,0.127270031513558,0.243515599694745
0.0800267383114425,0.296659933226988,0.077411761803417,0.277159264991403
0.0667935334449049,0.198617967881679,0.113843359247871,0.24640080936529
0.0756700238860815,0.312562311945351,0.0791721592071342,0.260098980475035
0.102379880975119,0.260287066874603,0.0924298138195595,0.280203560607373
0.112930579256253,0.292762699381179,0.126641415903178,0.22975588874569
0.094391510924838,0.268862116185358,0.0791656047238802,0.358229602400316
0.0899535603616652,0.28481867678706,0.124890005914527,0.258673447536659
0.0756147751029578,0.334123271110938,0.0894078956849739,0.245594063106398
0.0648615985170184,0.25776136155204,0.142314711176072,0.288193421502995
0.066051179451354,0.243281922949473,0.105109709918692,0.262886525248752
0.0718138128164432,0.211459810038312,0.107459144043677,0.271759487967633
0.0467230355692388,0.295091074561632,0.118064796806452,0.240491058688355
0.106403593588487,0.275009296568269,0.0960643755920864,0.281930929112942
0.0906889838397388,0.291876931123134,0.1184688140906,0.227297924295615
0.0760778820520139,0.309518928772185,0.0916600873115972,0.33624807701074
0.0877484580731173,0.278311356794386,0.101470612217141,0.255381563282937
0.0438571472341428,0.22910390920858,0.0960008234589941,0.310168489891468
0.108339349059671,0.273165373494871,0.108296638003706,0.225680625137709
0.0574928149956136,0.261888581547923,0.102443737600481,0.267798609242671
0.0983953423706095,0.334188384902149,0.124839068196575,0.372800588764164
0.118258960983545,0.333893398804981,0.102223156350509,0.315938754151413
0.0532386438622485,0.352247973687611,0.121250853948512,0.306913577601122
0.0483967496435408,0.317346598747488,0.115444524392792,0.301170169371991
0.151054947701341,0.24714535724098,0.103732377865419,0.230461384170625
0.128217592415964,0.258432921811513,0.0946967079417955,0.308503928562531
0.0642393742390546,0.330493580465992,0.134652634429312,0.318552678195147
0.0865480442883725,0.269538007426278,0.112758696880348,0.275872381469387
0.097367315659764,0.331252604406717,0.112631642405834,0.2447785372245
0.101295488899863,0.328521121375112,0.173923352652998,0.279238343999168
0.0954563663342989,0.28731064114362,0.0900148665974598,0.282938721452489
0.0929260811640009,0.275516904528985,0.101052797669348,0.302865173311969
0.0633448023200466,0.285506268600119,0.100828667196557,0.268077356903661
0.0837562447135559,0.255209570824517,0.104343346593739,0.27454558188789
0.0826288877269255,0.225429216735399,0.116426847031656,0.261401840069428
0.0967111933490992,0.295267154730565,0.108714779334431,0.316333639245172
0.0864354892180052,0.287843022368955,0.144686387413398,0.278955132157802
0.0663816601347679,0.284703215364153,0.106116721875266,0.252258168535633
0.0999585182102776,0.262147233075445,0.138723630808402,0.292365526734173
0.0796669919045509,0.235088426313726,0.135638502649159,0.302305934056569
0.0822073992161352,0.256195866287501,0.120847493733381,0.281385496342974
0.0967677258361864,0.278316192727664,0.115442640409062,0.331361771897624
0.056415019244588,0.268538353078255,0.145119592986786,0.269603048042637
0.117934689559946,0.34541674254993,0.0893810163547023,0.340870447247292
0.0790991984261303,0.318757166617302,0.117986474910303,0.26482444494195
0.0955201316134418,0.237029631994206,0.140751041388365,0.225861528748652
0.0702436988039703,0.265132283161927,0.0783555284682983,0.277975533327254
0.116954334185348,0.294728678203581,0.099990950325701,0.322340656806485
0.0550462831926072,0.277610565969894,0.112366336382698,0.317344763770425
0.0833933148842938,0.300666238471833,0.118876915208323,0.302918743689436
0.128650731998218,0.299258764430805,0.139692749876178,0.296412396256102
0.0595757470489467,0.301091715456422,0.125290163896997,0.285196207505003
0.14416677343456,0.345517107992942,0.119681733977992,0.241739625859035
0.0550828591814278,0.276831211167843,0.119121957073452,0.253937560025543
0.145762580134972,0.281437216593705,0.122059797243482,0.273727935560252
0.0799859735843079,0.240076637070002,0.112364501038293,0.232406113573358
0.0724425938329569,0.252968208955834,0.0990528969645552,0.255243492047936
0.0821759754967369,0.240879880620377,0.102986803861064,0.295041177788508
0.0870315255059853,0.328829157135948,0.110463935210631,0.264167856814484
0.12724673417258,0.252014810424671,0.118248225465461,0.322689004200683
0.117698700926932,0.348595294803253,0.106655222717053,0.284122457623224
0.0725606593403056,0.257520720967181,0.110609555606778,0.304292759229022
0.0864450500611741,0.256794439125028,0.101605513013997,0.269078935939021
0.0587412686784325,0.240612367929596,0.138814685571749,0.219607690515507
0.0929482748044619,0.28307006973299,0.107294918902935,0.222856309288856
0.0490536394702029,0.298288554865855,0.125120213113257,0.285241508307158
0.0431700293470875,0.302459292039868,0.123225832455797,0.271499267838513
0.0558564131284779,0.260651925910609,0.129342190573983,0.300503103685769
0.0989497396769771,0.263816267445921,0.0905622410280583,0.200098926062033
0.106618913201659,0.231596854476663,0.101455255347538,0.19459657648871
0.0615159709927384,0.294194062931333,0.10748194790855,0.282702150873672
0.0709290580793651,0.264262922000563,0.0830481457352893,0.274028063820437
0.050380203692215,0.264396454024301,0.0951780075656761,0.266312097917102
0.0747475542816654,0.362271056666747,0.144378692258066,0.289962485943019
0.0671988251827523,0.205407326122612,0.115695854116394,0.25685916678932
0.136959739431707,0.347079497673263,0.185292955655962,0.341261680700934
0.0620389648112132,0.284291494582743,0.116141227350618,0.221217581895459
0.0858709792995654,0.240214165717438,0.132492205092851,0.296987301665074
0.0833644220933774,0.242013430757474,0.0864699971161323,0.226902909700001
0.0923914730120861,0.258600219067506,0.113176097548657,0.239873769875495
0.0775445594726277,0.302108818130659,0.0942464895801519,0.308497418248728
0.0374468009928424,0.248550723039453,0.0863536804494985,0.27507227883714
0.0762200420702723,0.286860927098728,0.0921502331107622,0.253114774189355
0.0801807721098717,0.260678217893925,0.107169151031734,0.291080588944861
0.0793240354923063,0.299604767504071,0.08125356763516,0.271318480257219
0.08692296270831,0.25410372799427,0.12978126932035,0.313606852904104
0.0934378136911285,0.315039670322174,0.122236564902394,0.292956545089906
0.0824890807022246,0.271990544489965,0.0927850515264922,0.323938311021978
0.0864338768359761,0.36068882293062,0.137427612704724,0.330197119652184
0.0982541161866177,0.317584939630789,0.108952868297453,0.319631598066559
0.126521747899742,0.327894904187555,0.125970474069045,0.275495264003262
0.0688082745871988,0.316900335007276,0.158380372639604,0.314223848813763
0.147342908377675,0.310406066960344,0.165223660063511,0.246456509942514
0.078050972224748,0.255716962264875,0.0898879926943185,0.262113504238492
0.0816853836966807,0.267493118562691,0.13753964534685,0.265044776511336
0.0720192432765039,0.281664885889848,0.109012043605942,0.271854458329488
0.0723991933610432,0.30711700288718,0.0880874868512748,0.25949419589318
0.0867449121655947,0.254858255911182,0.141930479727825,0.278034618999261
0.0566067760197369,0.276641376137705,0.0764963914730331,0.276934432492951
0.0640404176782194,0.251111693440237,0.0700678931676834,0.281552615099382
0.0974343930314715,0.299493251544246,0.118708438920366,0.237636406002955
0.0949717356015524,0.300613863480296,0.100353170175624,0.307102375958677
0.122798536596693,0.316912636499489,0.120058090811887,0.234084106055732
0.0730414389863022,0.324813692028512,0.128812634727588,0.230610703875466
0.0747478979780726,0.218551284044858,0.133281695990664,0.308021747301312
0.0808154005293486,0.324261088418374,0.099521444087509,0.252910263058307
0.104820431374718,0.327563826098673,0.0759646171493841,0.304088949342268
0.1304213411667,0.259015080702913,0.0980584698832105,0.259577844899113
0.0993055456362019,0.308643127176905,0.0784425212311271,0.298643258036529
0.059302579144701,0.257583034217275,0.140625605420593,0.26473992244737
0.0871487888261345,0.273203806334619,0.116360019710637,0.334831740973343
0.0865728395218174,0.297131260151674,0.134569859488985,0.261639262403233
0.101715878734402,0.273352606025725,0.112674079344116,0.266172238118426
0.0746691073328013,0.294785972657215,0.134276795077723,0.244690291881333
0.0968063873116666,0.23383050613361,0.0861100405273304,0.276539682733313
0.0922514345155456,0.310066925938915,0.0556052065583267,0.246980966839825
0.0689937479931406,0.234598492550186,0.0707012108198944,0.309406593448856
0.0640323135376574,0.244104029212015,0.0699312241643956,0.296499568234855
0.0860921673315011,0.27195879871801,0.122314597284973,0.226032140580676
0.0882167241047027,0.264084593918723,0.0942910365090945,0.24361803379329
0.0545229492052852,0.260110396936816,0.107890042370015,0.31142912633174
0.0822681226566706,0.298126076492306,0.139009955669962,0.223569454854352
0.0753965785504088,0.248893839133998,0.125744744576845,0.246306722226616
0.102023878936292,0.291640526617858,0.14768384911164,0.270078007839523
0.0877488399221797,0.305429047492737,0.107002296262988,0.298001838581375
0.10364362273488,0.313539707751756,0.105047845481017,0.261419759857925
0.0941712366464798,0.289382101746149,0.113495354608107,0.277333761052093
0.0883451209523803,0.310119201568833,0.132168266301294,0.231874445366485
0.0903205566598345,0.318210910278205,0.127266494588319,0.236485875152355
0.0486589501795599,0.2472354445401,0.133796401343555,0.229910157312445
0.0636358947893717,0.298693211832566,0.089063472391692,0.256026529434576
0.0899663011384981,0.289947619985403,0.0760996377665701,0.276803079453446
0.0936888412712739,0.295596059598453,0.0739137747735029,0.277263228501851
0.084454229875925,0.311136642042072,0.147811210599056,0.262200123052069
0.123720545967759,0.382224090597519,0.0987780880796166,0.291383251586074
0.0696253864021969,0.260924141855429,0.116517691451055,0.353696610780459
0.108664326229694,0.380611943739137,0.107569168225465,0.349828500460673
0.0866582336043309,0.372039764963943,0.113441514078657,0.317106790238142
0.101198591593708,0.324914130325595,0.125478031608406,0.291627675833959
0.113528145194649,0.307433692042506,0.0908888428204283,0.312338057994961
0.0644483257690752,0.294406505541572,0.129741319822367,0.258177214232756
0.106176054799431,0.330625575996533,0.111878167808248,0.326258805752896
0.100682159123888,0.291326594859087,0.12679225257913,0.246186516550482
0.0845124076023921,0.288613126239435,0.0985077413287318,0.418571912009028
0.088569915511686,0.265384446610255,0.114199874650376,0.211689086212698
0.051798548399145,0.250146943233137,0.0823346288348664,0.319821176639194
0.0998589455975875,0.267619635287078,0.124942100492034,0.264579650378653
0.100531063887861,0.270649551688306,0.119706999184489,0.269974459884786
0.116153937130386,0.313292584271768,0.100474517920691,0.323298939617949
0.101027785297189,0.274875475493529,0.111858089743418,0.274851140130508
0.100331473720012,0.319092235119772,0.102471984188103,0.261714665831848
0.105876186569236,0.28444233067733,0.0936202358356037,0.273894375743974
0.0911756942747718,0.338562607097394,0.0907948592162036,0.294095651164622
0.0842255756275835,0.246874089384086,0.116862760465607,0.284015225297835
0.0950251893785443,0.278611759735524,0.125812131802509,0.275329470341525
0.0889880316838609,0.25874549789138,0.111455412253135,0.262802362561448
0.102167035324797,0.255871889084552,0.120421352115747,0.270512937769146
0.106509622824268,0.351192263441774,0.118836847800027,0.312013034599139
0.0886224119896338,0.238129825501622,0.137732468055253,0.227452885155205
0.113661306940116,0.348370659965699,0.0867117726997069,0.339152573950231
0.0641665604295932,0.289762219508343,0.143654157302703,0.233089633512653
0.048505958968971,0.265938033514697,0.0748405163942144,0.247635158424165
0.0829879815798792,0.260741651293843,0.156487346715525,0.280059015156419
0.0879084075960726,0.326224135659836,0.14797826851424,0.260381322638171
0.10112473889319,0.274277571975254,0.141182676393455,0.328995598814685
0.124270233108502,0.321963782794317,0.0786991982466918,0.266706182274403
0.07426414928415,0.296950441921885,0.157306666411607,0.243784494708118
0.0701844433049593,0.250700125732679,0.0825346618522811,0.258764559458317
0.0689971001768213,0.31363361580172,0.115491930021084,0.320615512335782
0.123112302541015,0.314683000178055,0.134012313851648,0.252112391362448
0.0906413910139756,0.316797263410226,0.0995963553376118,0.330002703761211
0.0929130923599161,0.312009480326885,0.106603894056875,0.253649246545076
0.099497252293098,0.287003130404536,0.113350775039523,0.266403686378518
0.104661374677166,0.234125064002257,0.109781273321331,0.267859165283592
0.0976151159290168,0.2694542998447,0.0959455713316601,0.280841888217182
0.103074416339521,0.25854939507084,0.120315544870741,0.31650280606716
0.0793277479821021,0.328929546351287,0.113925387394563,0.294342364220352
0.0955413386972529,0.282807646421066,0.142633812040449,0.270981068427043
0.137781758352872,0.254140438388527,0.110945705897026,0.279083893781438
0.098650585177359,0.25791848624322,0.12622784577645,0.308685805414448
0.0861551318918989,0.359427628899808,0.103880174935926,0.361444050847549
0.0836511505259604,0.285674377545648,0.128444199105646,0.238726037498814
0.135980846139322,0.334682214303875,0.115709195414021,0.313343343322035
0.0777035226442755,0.241957290819577,0.114593854428402,0.233525988790711
0.10236314474983,0.258291525718687,0.0646942433718245,0.287375836360299
0.0575768961306268,0.26157549179126,0.100000910268399,0.326422758063039
0.0639289880436817,0.255467469270454,0.0964924649388165,0.303859113291084
0.0727148930566913,0.257186980577092,0.0940318746519934,0.299988984083738
0.107117865269624,0.316455493030206,0.0998718772838954,0.30238490649384
0.069615041510932,0.202186120713741,0.0943436752224985,0.208189970217467
0.0716425601992823,0.282152285020285,0.0647376018422444,0.287745553724199
0.0644540011321834,0.253976020013277,0.100233838147683,0.25723879209814
0.119042972211364,0.307313262197626,0.124704387689017,0.333568070753489
0.0810375661420299,0.286673404300705,0.118642501759717,0.253555141078623
0.147756310699355,0.331256636746615,0.139380798547119,0.358329363496254
0.0696564372845558,0.263921129369818,0.13653429996253,0.255970169163653
0.0768705603362084,0.266693334041906,0.120399419274331,0.282669370162723
0.0956908542268014,0.292204984238941,0.140435645329759,0.297709650859838
0.0743502430000373,0.266455350748789,0.105446024732745,0.217157628127911
0.0877771511351045,0.236129771578971,0.0978198824713241,0.243104722085406
0.0593565237291768,0.26396989524356,0.0969658019317129,0.254165518260813
0.113949753276849,0.289402804067761,0.140651840052533,0.276989689475627
0.0765442800070496,0.291502551515647,0.123643033031641,0.266750573808859
0.0705845225601071,0.22966592254708,0.126277892524136,0.281758620452591
0.0561873894604251,0.1999488776233,0.104493128132723,0.208962391035569
0.0990658662667326,0.281930996056056,0.12762123108768,0.301453068621893
0.0999906586333604,0.302426200299972,0.133940653012209,0.289040314906092
0.109068185558242,0.303506169988628,0.126906011494781,0.312383006592147
0.0910178358903739,0.282313814680099,0.12942634722985,0.2961903063599
0.082128596023617,0.312991499144691,0.102197627404798,0.30073502120697
0.0748619191204063,0.282752692431318,0.102803684729003,0.306793582646304
0.0988265328919053,0.218674267724693,0.079401747021359,0.225927044807353
0.0514926988572853,0.249827286788941,0.0629433086569974,0.243465489229452
0.126838695457128,0.261026417651741,0.134249056472807,0.260383127955246
0.0643156072549754,0.341061478438622,0.107150498164295,0.264298204196557
0.0932460605415308,0.263462317523562,0.146433488197807,0.291328984170996
0.122387202142541,0.328510612564484,0.118242591645153,0.260610812847662
0.146869171917948,0.310014959384301,0.118011005377325,0.274111582841818
0.07871664663936,0.326809102081382,0.125668521240491,0.290866123620285
0.0770279081386571,0.300399804817097,0.121590393001322,0.321551995189699
0.0947410205543929,0.273570888426585,0.0887634187460878,0.251427797359454
0.0721661396474591,0.239480368144155,0.0995413663793003,0.256404912889991
0.0657620089108058,0.254050206138065,0.0914602533279452,0.279746636442242
0.0528419815651507,0.26550467744338,0.141144459098958,0.230380486690844
0.110083550619598,0.21661770056464,0.14004780559337,0.300184108244222
0.0467268477004944,0.251278806045179,0.0842110246802088,0.23554136496259
0.0789982481138418,0.273272758488898,0.100770426235182,0.263214895729332
0.0702714623906165,0.260094288959842,0.103670540408191,0.227730462390896
0.0716950529661261,0.24613594110348,0.0967785474669515,0.246554828910777
0.0927227557663552,0.309569421922415,0.129111021483256,0.329659907644052
0.0973878408256287,0.234269564009014,0.126315097915539,0.236439069521524
0.0857342152687929,0.3693240049263,0.0738944661429165,0.365514253371776
0.118727632614195,0.290075673981263,0.135144049890185,0.25644203862504
0.0596874008914199,0.284288806641519,0.0764022929835012,0.306059422185207
0.0506010162243635,0.242209026022745,0.108917214501985,0.266174932723667
0.0443517523681394,0.267434363332185,0.0973396959555738,0.274463365768214
0.0876373959304823,0.253805252672769,0.0751995488933747,0.273354479547085
0.0691566911552589,0.260855835675804,0.148564609010842,0.338113326938953
0.11331426869737,0.310385895653781,0.104283477585484,0.274255249393096
0.111605205828359,0.289996987556663,0.0949727220754068,0.268731324272749
0.0703561226487329,0.28786327654544,0.115476365161257,0.299652627844587
0.0662053599223619,0.319979487871192,0.0973640521030719,0.302413097031494
0.117035842535349,0.272631832830477,0.0993587780372436,0.319332792020782
0.0602625639954623,0.308230055231405,0.104882658317962,0.304998392715
0.0776054855414486,0.296649062408409,0.0894472813865653,0.240614757914115
0.0515027020747632,0.27619575562777,0.112215267828173,0.266840934705149
0.0725899322585618,0.301637395252044,0.0964622747681315,0.311310923655482
0.0737885753787431,0.287712197637672,0.14845601940208,0.310236358334064
0.109934717551032,0.274133675490839,0.0983658936963989,0.294835487953774
0.102599887669134,0.267017398102788,0.149363660157999,0.250384778002382
0.116444960319158,0.280320391408521,0.154604738111326,0.243970076922174
0.105877016230075,0.284007348734701,0.115411634627831,0.25863151687287
0.108256617933257,0.323276126219787,0.100848776367771,0.324611004879301
0.076277409507657,0.324451277553182,0.115976967039143,0.332370559145604
0.0916633118176308,0.234277794251219,0.109881310387373,0.228961598016999
0.0861868332561395,0.337509366173209,0.119236316435142,0.305221310539891
0.0792405130627847,0.304909063973361,0.138452535610337,0.290458761863103
0.114795648822274,0.251527408615982,0.0953781388995927,0.274749626152069
0.0672971282361588,0.245570935656037,0.112081938162471,0.315827635613944
0.12071503607472,0.315086508715117,0.124029487754958,0.272125168341426
0.0996169962261499,0.28415261614585,0.127849371934578,0.268153916691348
0.116807844697389,0.261365562680669,0.114803726972959,0.277658573152287
0.0702147602793159,0.303393459859493,0.105163161859993,0.272359664469558
0.0799116289784836,0.285349545597197,0.103701922964356,0.288813404542304
0.103805820375347,0.298607119239399,0.100868738846632,0.298563857552269
0.0612064288626808,0.278176234057507,0.134279615300436,0.222195997917595
0.0815827025052484,0.251057945819437,0.115236643238965,0.265793891892925
0.108313182406506,0.298059012962193,0.115855210613399,0.259720474780254
0.0939641703280793,0.327088269023902,0.123609487270823,0.34772819997456
0.0871625652686237,0.297000848451557,0.12744966309813,0.229663970275267
0.076864973752824,0.221562167426922,0.117805141439974,0.295247684842923
0.0808678766226594,0.318686907089954,0.109687075452751,0.239331380474995
0.128299215805147,0.347056210836116,0.113089700877815,0.352428513887338
0.0875474726757119,0.244213131223774,0.112474763516694,0.293755045903542
0.096836202691331,0.30712337975861,0.137501897271089,0.328785210014748
0.10262552134988,0.33541550012084,0.103639473334203,0.267550660846306
0.0974669583476524,0.299154693761817,0.110078008401775,0.255244137146763
0.0734809649406547,0.253052854370925,0.144134949505224,0.245486535510028
0.0970401611211366,0.31466508689241,0.133424241330656,0.294879942662143
0.0765338910569671,0.300413040654767,0.0832463882197519,0.229074115336388
0.0810687432746877,0.272560497986733,0.0971427290386588,0.265244237162871
0.0868381545360991,0.278283750536052,0.11493284433408,0.229637195886447
0.113835632497015,0.364252149771636,0.109796875839698,0.302164327058469
0.0865987587024248,0.219676656647358,0.103187605349534,0.262779503368252
0.0859051615417757,0.298215507742696,0.0904771480724915,0.322395094240286
0.165655879056005,0.294342615617464,0.087645120004836,0.284483304124502
0.0982990230898697,0.276476221263306,0.123115337566576,0.275514506389132
0.0822724914283186,0.348993853100064,0.144467924901818,0.27691513531394
0.0777559308043679,0.283802638836333,0.130959886404975,0.28842099374634
0.0939953161093896,0.28409402908989,0.146829827718834,0.301166984796143
0.0632316132792698,0.293635046097987,0.100742100735681,0.263602945756951
0.103600107806992,0.298143941691212,0.104898463137919,0.237438045008892
0.0938928102106775,0.293332605092811,0.106901089084126,0.230917520573999
0.100598307025828,0.314817611293528,0.100589994690767,0.319444202618385
0.113884274485463,0.262670444035341,0.093424249719949,0.264072931390716
0.0561390235147452,0.268153086156766,0.130307271301209,0.254167097402617
0.077457426459709,0.314485288688122,0.108663640015045,0.217957564798932
0.0780997230971047,0.280026540019391,0.0930619845922121,0.219510563600447
0.0856868660257575,0.233330875139824,0.0888095109849494,0.293345296564942
0.0809599669950069,0.299212807683061,0.135589426410124,0.239990523543193
0.0754853228855502,0.296749924442414,0.131468861780475,0.24215405288717
0.119819362336577,0.293471708962044,0.135672895929415,0.288180015109996
0.0922250937038936,0.314044053833734,0.0953091379399877,0.284064242040829
0.100228630026663,0.249100627319915,0.090323354774022,0.23743365359173
0.0836940003855552,0.276189727677133,0.122513075984766,0.233622025646655
0.0795164211864515,0.281882934172323,0.12460080459932,0.21087614103245
0.0864116202506817,0.286456164334746,0.114323237736278,0.31131113087178
0.0896739500402673,0.288453386702339,0.120608344544283,0.338561909129225
0.0842287552008437,0.230661641934422,0.105928727140883,0.313385539933521
0.0777549735100735,0.247663900546306,0.104899821094285,0.272499288029009
0.0813359557317213,0.287498539293501,0.093717345773837,0.311740577076577
0.0943322998955705,0.25550358457539,0.0940947932004279,0.314613371473801
0.047540270404421,0.333454439662409,0.112469353339663,0.272975028315034
0.0796318514369373,0.241619176770145,0.0807440982492306,0.259635713563845
0.068101870376075,0.269032154637317,0.121128130236928,0.280242752022869
0.0850285990486364,0.396511128829712,0.108613399649043,0.250620671159684
0.0870184994949202,0.267132536169315,0.116950154075698,0.25239048132858
0.0871427944447117,0.292532367316161,0.112916092699307,0.240044337119224
0.0714028874013583,0.266092927167904,0.112023314588681,0.291471423625852
0.0804668610602994,0.312430912905953,0.0930499828805289,0.237460719475514
0.0841823967481721,0.290374804625389,0.115175628725149,0.284780022457521
0.101615292492597,0.284857176410074,0.11776834999372,0.274165295017252
0.0688936749542623,0.298475348130544,0.106448751797836,0.269865243798757
0.114904742814265,0.294349494674997,0.151046270729529,0.295872652865411
0.115013346165553,0.284186556371411,0.13483953720079,0.25154596005344
0.127789672019495,0.267699533104498,0.1438666715015,0.268516358590762
0.0756425980251793,0.286927169974334,0.0822289265176238,0.262576835676872
0.10391759262265,0.245183856567159,0.111381323851069,0.249462247277031
0.123117534126971,0.29242740423519,0.149252804210195,0.291204284515661
0.0855987525014051,0.312279167525065,0.0780122010395603,0.27920224915734
0.0997236520508572,0.36240182797206,0.101847640767895,0.309587093871009
0.133247150774444,0.327204406742677,0.0744944108605118,0.286558647234293
0.0630957567641154,0.291540494986414,0.150352986705842,0.290839364388138
0.121679801680519,0.297212137290231,0.0942270481556512,0.296171817372474
0.0881103353827866,0.25862814062525,0.0870251702804918,0.240408650976137
0.0955879861060942,0.246726808037753,0.104349677129812,0.242231943221468
0.0781229931988113,0.329953282537431,0.0818979142156445,0.356908861734436
0.0890422686196128,0.305423967032069,0.0970217636385673,0.284772929638774
0.0673763787198409,0.224398384535728,0.121025906588679,0.26026779328299
0.0915411396929047,0.277765902267579,0.095688532640569,0.272072900888437
0.0682565777331245,0.247383602257912,0.116150777343889,0.303857958870677
0.0794626587345635,0.327944564478737,0.102911170185797,0.287449582573349
0.0692971931085933,0.258539474843196,0.101154628946414,0.252880915201411
0.126607307398858,0.258597172128452,0.0854073469711008,0.27069292256016
0.0800489919131746,0.257816165661838,0.134367629816931,0.289169435040222
0.121697695221039,0.298642683061915,0.0700755871087489,0.289563586053945
0.121782649694748,0.257785585305273,0.0964451229730539,0.330108615616724
0.158903656475505,0.334699949318501,0.160430967483153,0.283094793129126
0.11580367739672,0.276891119342851,0.108574965453608,0.319358253882767
0.0453800623161299,0.347525316990284,0.129822760952328,0.333184628831366
0.107711096848604,0.284779250464,0.128807693556867,0.286964933986379
0.0880952804132119,0.271589219529706,0.133801246369923,0.254353324676637
0.12707095421748,0.352061871919204,0.156600619167411,0.312033675550236
0.0897831065440585,0.279512600887748,0.169605193452239,0.310012454194237
0.0973732241580223,0.299105780463297,0.173746662011508,0.271837997988331
0.124750235254646,0.286131333259159,0.149418639438185,0.311390669318606
0.0948394708066734,0.22522374139783,0.113497429238807,0.255713733655478
0.0804087944611798,0.219988006685356,0.129410780154014,0.290226012751676
0.110914026978565,0.223486910216296,0.10784385316506,0.279503202326878
0.0965681847212848,0.221955958346521,0.111284822285038,0.288601968212765
0.0930596099954314,0.342031360348809,0.129438705721058,0.227335418158875
0.0959615610711442,0.306382804918527,0.0947693534022954,0.239966556120089
0.0764125499898234,0.273871363904199,0.114849751905002,0.271751198656689
0.0905583749569973,0.224821754119319,0.0780471089143147,0.267119096978999
0.0648193790726886,0.290702465076926,0.146576304909074,0.294308976435734
0.117868603529316,0.253652600781638,0.102739978112619,0.259025053814064
0.0921863293953183,0.350885192266286,0.0907727343349593,0.259938565594669
0.0961738708375364,0.273191569676775,0.105277317720878,0.320203718373856
0.110521795056931,0.322154770557183,0.0611808525850749,0.264939461042069
0.116724656240092,0.265108750943188,0.0886978511436985,0.26156411218302
0.100750767626905,0.285533352349832,0.0730003568210575,0.251210025636658
0.101847019159847,0.27794843076512,0.173760288054528,0.306334152320625
0.0965168504616672,0.277109206873488,0.141362642181316,0.33388574001265
0.0964634406625481,0.336120521663779,0.10046882109734,0.26621151412367
0.0759105092027629,0.374322954520456,0.113001307536292,0.306926767232353
0.0578856717644133,0.260677003092374,0.0674855906806817,0.304793349532226
0.0649054763876349,0.300946392868589,0.122905144362956,0.287682002363601
0.0710440525354338,0.314264429720778,0.081909165987569,0.35177281881777
0.0740206132823137,0.30451503739615,0.0950919483409771,0.317374571975717
0.0698311770449231,0.309112428921846,0.106157330128559,0.313280779820245
0.11689616504872,0.308950711075586,0.104370154722193,0.271122746492069
0.0465873916761574,0.23360234108653,0.0922515699598868,0.234766488567529
0.0638935996514912,0.263884202522217,0.11958578055673,0.251053428233115
0.0480478515240109,0.25627501292793,0.128969310460766,0.256046781914859
0.0707415281554125,0.27562207674093,0.0890007709907365,0.288402448911209
0.0676711130797292,0.328049594445483,0.0931252110679718,0.315075387989291
0.0730893446330903,0.313557952874052,0.0990016130432478,0.27264745692053
0.0710649604059806,0.267556586230418,0.109354590428977,0.294837428738031
0.11075714903658,0.312601440936324,0.0809267275215634,0.271960607860881
0.0959525465518525,0.276791820270241,0.168569857329253,0.2908906369487
0.0903327750859033,0.312273561090689,0.150353522019521,0.311306770435174
0.109265644624247,0.318257088730256,0.148000935652867,0.287849832314897
0.123994642079307,0.33293566261398,0.117521722216848,0.286295630749451
0.0716395201745214,0.292450628848447,0.0982366672870768,0.31753329158379
0.100217833001884,0.303812767933442,0.131128382088979,0.293271145263133
0.0866488937088832,0.29957746295303,0.103455111417355,0.271644956705322
0.127895979009783,0.316225399941384,0.122847444018154,0.295603910457168
0.0549253516120784,0.292926336324585,0.109981853628042,0.254182797421693
0.0665217223654681,0.271715626581518,0.129092725612552,0.258853433279838
0.0699876657774108,0.265460219148842,0.0937595665663159,0.249162515806164
0.0934710133935578,0.263024946473367,0.11780701683078,0.299602985114889
0.0561150544479469,0.236585916321102,0.087754309219679,0.243181779024941
0.0749563113615717,0.31215496537313,0.0978972595744273,0.317953606720937
0.0845564625101327,0.219296313214619,0.0934329037974192,0.269086166472011
0.0837897723952698,0.266569728975299,0.154587268916675,0.274707013959841
0.0967714636266309,0.292539371037504,0.115497845570326,0.332587573452807
0.0778420063811797,0.298414489689824,0.0857849733531891,0.22915710719994
0.0816603736028721,0.259753947075668,0.108137987392675,0.288447431353512
0.101738303787779,0.343665672116731,0.125703621966321,0.30629763085664
0.0951900021335053,0.277933538419658,0.0820523884417137,0.259807054994571
0.0628288450008312,0.301527923035185,0.106289368317757,0.301836781313307
0.099144383301278,0.323321185131056,0.104342547740792,0.277433975732981
0.0785468540727647,0.294838811243444,0.119998387627221,0.299414703469333
0.0818877152212715,0.262067513007437,0.108688256852703,0.253303318432197
0.0869341011214199,0.291994608246311,0.0736669109390928,0.268116519526184
0.0587132638281868,0.267957768867918,0.123733992122981,0.278139824210726
0.0530574760548271,0.219801126526936,0.0987407460695819,0.30188571615419
0.0620982952403418,0.245402660755985,0.0961720219148974,0.250219203866269
0.0516543099740727,0.256628063176956,0.100060470224446,0.261336420527204
0.0523164971878603,0.262077498233257,0.0954073422075761,0.247366926917268
0.0632683192051721,0.290235168993422,0.100515335583148,0.250602653436072
0.131824056182561,0.269144834655621,0.107710623577629,0.240203140566947
0.0664421603184989,0.265820333724672,0.0968696836273389,0.271748745511847
0.11848744808543,0.262016875504258,0.0985188487623376,0.224152741341666
0.0438465326748742,0.319363805050922,0.0899467629648486,0.279993668777306
0.0723715779704736,0.316264758435678,0.112375326180379,0.251576375334513
0.0836733297217201,0.279832939238574,0.097281865760479,0.302571210264508
0.136050332627991,0.302755183237234,0.106691178047029,0.321942915808585
0.142364950788842,0.304043214393759,0.0922596486919131,0.318575671857727
0.111725528196366,0.308410394655887,0.142291493670676,0.31648357186987
0.104983338460248,0.331703860302386,0.120233837786423,0.261893530054786
0.0744597088835872,0.258971205105283,0.0983883134363036,0.29127929997332
0.159197037665528,0.272494594280886,0.133219709310282,0.262244910400461
0.0992984923796091,0.303432836035878,0.0917183723813829,0.355694416001497
0.0572818896337959,0.311178501100794,0.123251324109381,0.318712707803604
0.0842405369505133,0.316673488313794,0.0962605042084026,0.307383276500969
0.120754443572789,0.276143307896672,0.125077309322349,0.267079995852795
0.0487939344034035,0.2754959945369,0.0744070773054326,0.235872855963759
0.0801009773413192,0.325091098716742,0.150986377735658,0.277057747372337
0.114022792537272,0.297997415948012,0.0852229954852226,0.323023854157977
0.0765925015668636,0.291305801912848,0.133470493132783,0.262107755865521
0.102754093247815,0.353225899230937,0.133676662014175,0.30965909698074
0.0875734885621823,0.334218766745281,0.101386560229195,0.254955564037135
0.120147390063864,0.223906687666768,0.110956153189027,0.3227082539309
0.0891542657143902,0.329203863539179,0.109713914224974,0.244085180633767
0.0970974099207822,0.270442762010817,0.106243612707204,0.306534026017898
0.0992482350444643,0.262532534240745,0.0940811871946331,0.313591118309762
0.0812533454923246,0.234272652869735,0.104645202274068,0.296859929567723
0.152051391848076,0.412002051761839,0.148807627612879,0.372002135393803
0.0571740125454948,0.227693684974657,0.117441244335991,0.268228231746403
0.103120424105585,0.275599873657671,0.0859448648324639,0.231903398204144
0.0940395645175836,0.260397340807214,0.110019001163762,0.284884284314585
0.068661731735073,0.272122834253347,0.0797815660780833,0.244562892414486
0.106677478050225,0.372612911796234,0.139979923512535,0.317175005931525
0.110098125701846,0.282534943445833,0.114622129679303,0.268695900057826
0.108734690642299,0.332455236794446,0.136735685280372,0.281681554512367
0.108829405298062,0.306599753728118,0.177418692655263,0.297006806448231
0.109768423197049,0.279954154869396,0.106549973354683,0.246015900605872
0.0805922310545613,0.223956121170895,0.10969436306759,0.27741296803816
0.0998203509811723,0.298841943075258,0.164465500209301,0.24880167402388
0.041593642718929,0.28108102699247,0.080304310950481,0.268424463575086
0.0804396189440896,0.327928199739668,0.15171437465998,0.267334285475754
0.0575647452057076,0.221293522205136,0.108711254102305,0.293061865198053
0.109508858986074,0.309886957107056,0.0981683317896157,0.327831318467168
0.0845094820828601,0.26416258258048,0.115414838473537,0.350623458877605
0.0869033453035116,0.263645909798832,0.0939701256166734,0.298861423694039
0.0733132950327119,0.270357831704016,0.0861702216533252,0.332765713667123
0.101845778430315,0.283658006486611,0.0824275539371219,0.320552954072653
0.090967030478499,0.318403252259384,0.114895561733876,0.223963297296443
0.0839307624635912,0.240435720477992,0.107081507945258,0.318514475019944
0.0721040392452613,0.320892257688951,0.11571058294922,0.280046747839443
0.0776421590340429,0.239059761104045,0.0890703330531447,0.208559915346583
0.0508897766692401,0.298832708608799,0.0895558248476179,0.199553220588624
0.0951054783633897,0.284745531925641,0.108322460817479,0.286449561166877
0.135703300566987,0.288282878628661,0.148350229644208,0.369789400144611
0.0783910773978393,0.252602920216194,0.0994755569085274,0.238311048157168
0.0788411677910144,0.260920226342454,0.0828729583927501,0.255901254314878
0.149349515897797,0.277542947246594,0.138920652282328,0.308505002249953
0.118753336236019,0.360830535431473,0.11306814621016,0.2808332242366
0.0485435181555861,0.288807747683463,0.112606689612644,0.304174635881973
0.0529370649914833,0.274818037297843,0.115918328111527,0.303199945933616
0.0703772617652302,0.306487614775621,0.0964970449444323,0.277209013913046
0.104139956351731,0.303893642021839,0.101625156198212,0.240396856989239
0.0809983851065299,0.277954491369598,0.100709755613285,0.245998558007029
0.115649349151008,0.234083277717799,0.10347542457272,0.294210971404213
0.105650314970089,0.250043683125134,0.141648310432177,0.307005961851621
0.0628454603561962,0.295214871451329,0.132618527125096,0.221850292734545
0.104725455192823,0.286320874991908,0.127255518559516,0.238429500340215
0.0648684881142503,0.244383109106812,0.105661366389371,0.266626693236093
0.0811300688567344,0.323168125030671,0.0978968121623018,0.293196152666702
0.0526417642366208,0.263139860461866,0.101617264514022,0.250694383883288
0.0692279524265248,0.274455028250446,0.119925503807539,0.294849960420124
0.0914596202789423,0.304161576798048,0.101928627882672,0.263185423931722
0.0537993713347221,0.253185290260291,0.120304212620999,0.284754143215497
0.0825824077302606,0.290168471251385,0.112213159863187,0.282318921825278
0.0697863245155331,0.239924685794865,0.097594806262847,0.252894450950318
0.0754557456703799,0.285032535764824,0.123195750139399,0.255465348630822
0.131898618729729,0.288119894126891,0.0732197924310314,0.244560058156946
0.0969181909183825,0.315397362466733,0.101291453739233,0.253731094618681
0.128285914534974,0.302752080059888,0.120368947462201,0.330441069309803
0.0943662152986886,0.3661526485452,0.151394040353418,0.295515258797189
0.0853381555953269,0.335950961563079,0.128483925592106,0.283022394864997
0.0974921850116561,0.364708959386495,0.160048479079625,0.288107643708089
0.0943364687671345,0.321948529880353,0.113454276716432,0.310132802479281
0.114282044563673,0.261457510210102,0.149135168109444,0.331294379558912
0.0920482143693309,0.348812024999124,0.111781607192017,0.290636046986767
0.126912667618148,0.367656486138945,0.111175441680749,0.267551094895173
0.0871436470293665,0.290562742590197,0.139953018167242,0.265897809340542
0.118041563324713,0.319867927762549,0.162039991392731,0.338273816099927
0.128215688978327,0.36898238700502,0.172082115469796,0.302279074026159
0.082980634399605,0.389879406553841,0.126155697229836,0.321498820463077
0.0807635240764029,0.271005624578039,0.141984181180185,0.287358111980775
0.136402056619326,0.249791784206433,0.124438905296733,0.234301804063808
0.12181761714427,0.341446594491304,0.0941640157801166,0.250596589822361
0.0908267205408279,0.272285883484835,0.0590304862426456,0.24546528703697
0.134302069293732,0.296428013998537,0.135034035165649,0.275358408810823
0.114514503638277,0.269346689088926,0.110511451726949,0.307557465497083
0.0853602873104782,0.345560298794913,0.113802409683808,0.318293571200252
0.0775861411191331,0.360044668921566,0.123703178610207,0.321268169035655
0.0944926546030859,0.333694897406402,0.135761262647267,0.294378199359295
0.0945589167485174,0.292783812879587,0.12332319991479,0.308294184894299
0.0821814413045911,0.283981723266895,0.0967228930504815,0.277163880555212
0.0900417027855132,0.288310046269456,0.0862649467930272,0.271846488303183
0.119236039359304,0.281727797943272,0.111261184021113,0.278735372272354
0.055654044280801,0.288832444926783,0.165900145568034,0.263955221567659
0.0924988376105781,0.297499068912851,0.0660453576081975,0.227498679184206
0.0809901411945274,0.264461911459477,0.0911592054342092,0.296066196260743
0.0970888940598892,0.271089172419055,0.0937271230462307,0.303598692559138
0.0776914892088676,0.265165505591043,0.090648506987751,0.264222389195864
0.117945792857955,0.330394675816551,0.119514014254041,0.24955667955771
0.0917331533675012,0.318241058055415,0.121235854630678,0.312777270679965
0.112603347935608,0.306065504849044,0.177509114453039,0.293188068049509
0.133904236505452,0.322868299331923,0.0847055885668725,0.322468347334318
0.0969670758158204,0.313431493787304,0.121676550102814,0.291579907134983
0.115935618242142,0.348752312467482,0.09834542019266,0.291512631619155
0.0656689018257877,0.301268405142806,0.104990098483472,0.290039292304275
0.132278123616298,0.26801808154772,0.109286262764792,0.315209154012379
0.132136423173906,0.251781854514946,0.101823403363743,0.308454778092989
0.0846724270226097,0.28818917592844,0.141811459942059,0.25350475084546
0.117311428138073,0.307598314424557,0.106548442620342,0.346226476379701
0.0614654745791939,0.29697493110176,0.0981736599135311,0.257121260202297
0.117792616149822,0.308364125478952,0.117776681820109,0.287975536286892
0.104087635664515,0.285630885086283,0.102467867855498,0.26705507911128
0.106235522597738,0.297021061033228,0.105941018507365,0.272281708698079
0.0628067940208879,0.292383589838998,0.0768784634847953,0.278463337535119
0.0894151988445301,0.255360667872723,0.161099324174394,0.251483384250664
0.0873762140801971,0.267239701989255,0.0946388805855746,0.270681551100975
0.114705257985999,0.350273830504581,0.10362042007312,0.292923166600096
0.0834534464795277,0.306609546010463,0.110276238907912,0.294655675970798
0.121456566629732,0.281152542381423,0.125335511203909,0.281527476679085
0.0743861754869864,0.316220776143854,0.0855012445103721,0.274123841561312
0.0671108555365962,0.299177290112053,0.0987995744165525,0.309701723054708
0.0628402810848843,0.261828753142534,0.0954306405306362,0.244804903792472
0.101034733133615,0.304964450622067,0.130917974565949,0.295381900720822
0.0786929715001853,0.229343825429113,0.0829173557469045,0.258191418278009
0.0526166697468613,0.304628788263663,0.0944129105951512,0.25254894051058
0.0940728261207931,0.381372071030698,0.0952255759791051,0.266271170990069
0.119781130568001,0.353011991268672,0.12004754381039,0.277105682199304
0.0855066146282619,0.286576898727575,0.128301422386432,0.296724661154856
0.0750024480952833,0.260224301125879,0.0789572544178673,0.241093572026836
0.0722388879344857,0.23807348369364,0.0784585911156574,0.234292003306621
0.0746092840822012,0.222222581516167,0.106085264094506,0.287274416832539
0.0900067516007308,0.398030741663242,0.101437544513261,0.318252170214837
0.101976297287262,0.395478354384736,0.106479845150862,0.319875779332912
0.0883192765796339,0.235829379750293,0.0932391591216431,0.275100673263053
0.101464852931319,0.277481507014952,0.100696805693385,0.237175581985306
0.0616632958886778,0.256320065342248,0.115520554318415,0.292949403334966
0.129253044127824,0.32574765356922,0.14573430889061,0.316932958567092
0.084840867716352,0.297434198436681,0.151547969081506,0.33193985225719
0.105754777522327,0.31358513213428,0.0986587686567478,0.278434637095373
0.0944616541198726,0.328293149951882,0.164802781030465,0.279502056663884
0.0882629119113777,0.279982087216723,0.0895200958859622,0.335140742849813
0.0682158486683127,0.241376850717844,0.100284994870146,0.304896917595893
0.0806717786195708,0.253970923677944,0.10867006210336,0.300718861501732
0.0717132420507599,0.264150248975677,0.0796057279617703,0.313779579574604
0.0507575571893892,0.285157930785549,0.115478412751234,0.238663028793111
0.101831845864269,0.27746079452888,0.125735609851832,0.256272152461869
0.107559642910054,0.262378931413049,0.129834557569913,0.28495173191268
0.0717998087548287,0.279535447603198,0.138298922184259,0.246396024240534
0.0597202017167479,0.286502756103378,0.0828416388311237,0.259835401947233
0.0869520067307069,0.27920961752756,0.0771336947877291,0.293401146589672
0.11282832948267,0.298675925003805,0.151588759109821,0.280876565774027
0.0998582382714564,0.342698490092497,0.130997474347066,0.379513007545916
0.091977313115688,0.310383119241779,0.094862939188578,0.311335034147627
0.0563955797544052,0.277549275623469,0.12436295801506,0.27512215247031
0.117104249057881,0.300983080166185,0.061294063595901,0.341744298173741
0.0969896652210563,0.267478549929614,0.099071513672673,0.206163930162906
0.0960428240402219,0.246259858331307,0.109664203373306,0.295221950827906
0.0544013652463807,0.282272776570151,0.124535589899881,0.261930189591498
0.0837046816768931,0.252623215266087,0.0919346860488903,0.248084493386327
0.0878411376138644,0.270220114077958,0.101284417845447,0.261686368512768
0.110891132733236,0.278016238258541,0.125415061883183,0.2770003670346
0.108642949950605,0.287243539522424,0.122402270157041,0.316981620850487
0.102269359940166,0.400938992637148,0.140902840017672,0.329431381410234
0.105343224778822,0.277852439361768,0.121319075626278,0.309559211437737
0.0536183290751557,0.214376649439392,0.0872995676253726,0.264156983041864
0.0618629208519084,0.252431563762836,0.106715333395818,0.300534438329708
0.108186442087186,0.26403037909107,0.0707847258125857,0.265593145797268
0.0674973690901168,0.286168344169123,0.106842658720267,0.336253341208605
0.10766463833585,0.305255080132533,0.130427423687616,0.243290807701227
0.110541715998176,0.319073367984218,0.126739041593954,0.279371532259207
0.0922675715022674,0.322079686313821,0.0988982319133489,0.314360801128104
0.0796439069592519,0.237622686551348,0.149480829003705,0.310061119495425
0.0877992291615785,0.259126247107952,0.136349493980841,0.311823344544419
0.0599027836326045,0.257725257782186,0.107338270117587,0.285071884476227
0.10425022383955,0.307386849616271,0.123784217618939,0.349222990712114
0.0942811450506714,0.304179767995646,0.104886553613545,0.29649362936884
0.0901292200697406,0.277207845130403,0.0883306390194656,0.310445391867182
0.123603434935375,0.24816637367392,0.152571199831714,0.283539488087189
0.0972974052651143,0.301145579973705,0.145771964761505,0.283847088149811
0.0533283890743955,0.271218809106632,0.0903633695879532,0.281112568461626
0.117583075771798,0.386263492701447,0.12182482140121,0.299498011161842
0.123862288299405,0.303935086655808,0.119673116557738,0.280805097537454
0.0561886305663353,0.305774039625878,0.121010177476834,0.317498371402238
0.0640417971637134,0.288868955450694,0.110339164089991,0.278527572976947
0.0793288837118481,0.341124019229325,0.113206734849413,0.284510651902535
0.0518129581649964,0.292506783078604,0.10473138855069,0.256564885701461
0.0962194774780519,0.306174615749928,0.132166045738711,0.290467967432305
0.159148878427816,0.265971832601986,0.128748790255692,0.258483880272717
0.0596274442545138,0.246436457496781,0.0725348126559916,0.25041513985002
0.0977368073593869,0.249328183516491,0.109439686989085,0.272474974406412
0.0866955824110184,0.285131524255577,0.115843120905438,0.26740150450896
0.0723295355635877,0.304830509572947,0.104629718412913,0.298155631858263
0.0860917289345019,0.24605903230584,0.14329166212355,0.29964692145292
0.0931067682824985,0.29786943769333,0.0944272032637885,0.270886476528504
0.0807337310648772,0.328495416729438,0.111220922540293,0.279606229450744
0.104542037933424,0.294563238197643,0.100567624296167,0.419481084567146
0.0795809268476603,0.314519966863225,0.109213476059644,0.300368670720373
0.0864715427160378,0.30845297435037,0.106807840166813,0.310743174740309
0.0729656816165385,0.254430503085278,0.0859612697063167,0.319631272920367
0.0853787539556435,0.32420962613076,0.0709392770079358,0.227262569359135
0.0683745451425714,0.220084110116317,0.0971131079769884,0.248222648681227
0.0413279650423044,0.217411151302313,0.126542181714381,0.274542699388039
0.114919520297025,0.266471361156043,0.0893021709510647,0.275499825747466
0.0546015798696186,0.275264745856159,0.116765132649382,0.283886859352676
0.0677352032258997,0.250695935409505,0.0902812633585529,0.259442658284804
0.0689316320295938,0.272179952360116,0.103534254441656,0.250980420708808
0.071995663297487,0.32123415272821,0.118479651482261,0.237098538206768
0.0760632113739049,0.351328228755107,0.13324767802227,0.212756624700777
0.114899118138537,0.27369583242115,0.0974690502643159,0.259867995811945
0.130970468825624,0.284879630697171,0.112345703416292,0.249843923714875
0.0864010400403552,0.284471506110565,0.0699497352544219,0.302664912582146
0.0787683393442803,0.239507776160644,0.104368168319372,0.194792396570679
0.0607908878425408,0.284787468798942,0.0877120955009106,0.251912465597054
0.102228054720693,0.281239063368519,0.113730543064906,0.256096691006793
0.0795125768042739,0.269061463357863,0.119824997446605,0.265291855460047
0.113619654614915,0.267728121262027,0.0930491954324625,0.258271097195509
0.0793130105852019,0.324067631843765,0.118693216478894,0.310511113504093
0.0616829428335007,0.31445523448857,0.120349461528204,0.342862204072633
0.135130565627326,0.336507631846985,0.105412044839107,0.312775176855601
0.119888158620916,0.319119032824232,0.115225836608559,0.302306054845194
0.042165185475809,0.290634504725323,0.104022137534756,0.304281534111502
0.0802378178086382,0.267293056722457,0.0632966802897276,0.262640445904706
0.105851467183546,0.347737766401815,0.104282184844246,0.313633743979601
0.127490645370453,0.355427718340309,0.12546206330549,0.322552916593949
0.105883917881432,0.26951670112541,0.0949115859386177,0.345250336201229
0.063138548509573,0.350033338678631,0.137325576843447,0.283152592265452
0.0697452560784124,0.248755137761365,0.0995046117776436,0.249747384212205
0.0854359716164253,0.282488367167727,0.117969373464336,0.311208357557698
0.116966542815975,0.290993204698102,0.121719407566833,0.282544025923384
0.0588503139750672,0.268328417425593,0.101017023016109,0.264465635600358
0.0681200956024004,0.238658326954694,0.101424743210867,0.251766114875427
0.0742829296549481,0.247762387461194,0.0941390595506748,0.26441500678504
0.100632973936105,0.308274686087736,0.125995614761821,0.28760572862802
0.155332705067329,0.273153185269446,0.0989037476425789,0.332461994004877
0.0910872109279251,0.304718321235101,0.110512553138697,0.296969313066463
0.0647645984517281,0.276468814028934,0.101567458519658,0.243873536717604
0.133645059192519,0.293726186889667,0.0892292537874908,0.282833296824136
0.10144577057068,0.3138891590617,0.114937639963617,0.307510733217564
0.0725197755714602,0.3010384732297,0.110059537438995,0.277688345418922
0.0641495638999366,0.302849301406808,0.108195919072749,0.29644935940919
0.0700858428527938,0.273045344364039,0.0934555771347953,0.324402278148063
0.0773685468699191,0.295827793505693,0.142748660103289,0.272229918085291
0.0551891810020514,0.28774428720744,0.118193639109027,0.261355342134734
0.0640076734508239,0.293710178817432,0.0869897077565348,0.259269730574723
0.0915663167855125,0.234997127848408,0.0754473306142912,0.266761041193776
0.0586791894308883,0.287278353048248,0.124150501377512,0.297044600971635
0.0636223266703675,0.30433159818895,0.10846603181165,0.262371848383615
0.0748448022942089,0.294593744505696,0.105871957170224,0.247466050573512
0.125372810826374,0.330453732562895,0.108096090283974,0.360321130597403
0.103169675772859,0.347586791106887,0.0907940401505085,0.300797131417276
0.0580675231292767,0.278882778626662,0.0727935262030239,0.294809358614163
0.132196652335274,0.287657446693962,0.123357260674823,0.280982432304089
0.10791094725466,0.336442996482248,0.130301411097813,0.27640456660197
0.1107025199192,0.252174979220005,0.12172746410374,0.317271751849002
0.111372433197759,0.247475258609985,0.135843531605616,0.328713927873908
0.0967282987590584,0.326574571064456,0.157299629313997,0.304455675336328
0.0751651071052065,0.21905477370297,0.0910976298346661,0.266502914648778
0.091394509247158,0.274654000924506,0.130255938011376,0.253382907714244
0.0841500626357856,0.283884737223654,0.10705111631162,0.23757588537933
0.066283548216276,0.26929664236161,0.117830384791074,0.288684315006267
0.0804441342633242,0.301571715178929,0.115718951136109,0.35382435521917
0.05429585524375,0.285013472627675,0.100228481934494,0.2481812810932
0.108381467657131,0.348490288114799,0.0977230207953403,0.289305552029854
0.114365764376181,0.278215549351406,0.101221693100728,0.302600801721723
0.0784705270382839,0.281533561255679,0.101455228045168,0.308069695109865
0.0811081935732834,0.385474384901838,0.0894621625787768,0.250150325621037
0.0868999647506081,0.271257068325315,0.112412001060625,0.288453632813265
0.086915452706616,0.252955088426366,0.115765139494671,0.305190379724258
0.0553949558700569,0.310173956051548,0.0844766162851526,0.250663993088388
0.0802867105418933,0.274501977339222,0.11807305216845,0.328383680663944
0.158470095791288,0.295669996594926,0.125066995943009,0.322056688942999
0.116291851039605,0.33556407338784,0.130673533548438,0.299821039584001
0.0543767592146725,0.262691832662772,0.0782113792540718,0.324538615858589
0.0630483452645925,0.254006403117074,0.089235937495261,0.290182724559812
0.111745147554744,0.264842737968759,0.12705236762165,0.306052474109211
0.131921165285235,0.384446856523299,0.132294964211446,0.265133391180184
0.112154207379181,0.283772760565476,0.101272930032444,0.332243755735716
0.119390380730078,0.378716019203751,0.146639159356612,0.292667862427759
0.0587325860116175,0.347025913980811,0.124105735059705,0.268634176208256
0.100180571561131,0.29157420920546,0.114144333423055,0.332475038789193
0.07951919021196,0.241156965084255,0.0944007120568616,0.226940929623024
0.0829736809069891,0.28680286239217,0.093567460340287,0.281866440417358
0.108961610778844,0.312510368809633,0.130298196866353,0.283106842928202
0.0715287750411872,0.294191654723042,0.0854222645629208,0.377680275719934
0.127645620016161,0.256871887142325,0.106667953816885,0.219231903608457
0.0367067993999036,0.29059826694906,0.115996333365796,0.271656669827879
0.0449677874016495,0.24433140685082,0.083026017580885,0.292869794066651
0.0448817557761133,0.199338729969187,0.0713643152691359,0.300727040705526
0.0642877529675956,0.277867254798355,0.0595518043891571,0.216756480886657
0.0851318142160004,0.269748327243722,0.104897803635429,0.270503396758782
0.0953424460657137,0.272433471042084,0.138991682964463,0.234496310785585
0.062192994292154,0.284230936621592,0.092343901437303,0.256120213065016
0.076890260662378,0.289030062536912,0.123589167915727,0.348916269090045
0.0767345280436905,0.209695882513493,0.123127659589912,0.199093572033061
0.0635513561110028,0.290642988271539,0.114112119320853,0.295935240054472
0.0977178269790085,0.250004544288623,0.116182797796475,0.273712669184978
0.102939946056792,0.286975382031674,0.10529455706132,0.31252579754262
0.0706337491301996,0.354706776977464,0.12592388979063,0.276973634799682
0.073667217227198,0.289041846117948,0.0874696906969846,0.278459903401291
0.0698384113474022,0.264139919286139,0.0692824197259037,0.26050586454713
0.120401092199031,0.318190596197359,0.145967006766168,0.292777366356629
0.0760344753641288,0.278380050403672,0.116043426915758,0.321586271501656
0.0869973397954976,0.273466318720491,0.0973033605387876,0.237804777166466
0.0876846323070656,0.284829470063795,0.124980550807903,0.368733813413414
0.0880841992423692,0.323991115451234,0.134167397292931,0.265526136633413
0.0832798706520829,0.348698584196105,0.122567840444146,0.283112853219095
0.135492279644316,0.306245943179213,0.125351812979553,0.252489676774178
0.031909014758288,0.21894071067556,0.0844777264794606,0.251580489685684
0.0317496784484096,0.218810543252002,0.083726193165734,0.253344080057638
0.0436412521402856,0.238410325317065,0.0765558352097616,0.275753204258389
0.0622359378588987,0.269485623964922,0.0961840123172772,0.238901735871707
0.0828669594530892,0.335205789724482,0.0776513943219987,0.255284512973722
0.0589259823190534,0.240795374190765,0.0827314935030254,0.261356469068881
0.0791326911335446,0.206969423488037,0.0955053834871779,0.234077197361428
0.0583731357593775,0.307201908277221,0.10761737225487,0.301660179615376
0.0830896409882213,0.26800714716105,0.151264646826033,0.241109803974308
0.081303417713944,0.247706276260901,0.102972497597003,0.248179390811904
0.114238606201895,0.322773012974681,0.0952121063041092,0.331024314337908
0.111057782202051,0.313240690058227,0.146443255582411,0.321863355381176
0.0922003373774996,0.302058126118155,0.13628176634169,0.272632820397999
0.126590021137776,0.296436915273861,0.107178316028151,0.262465856662354
0.109350529388385,0.413650641453151,0.122980497693032,0.313025454539767
0.0728400498839655,0.212878794301336,0.0999108108128034,0.257629412070132
0.0689314547714,0.209246579922557,0.0964317176236382,0.266528545602341
0.0347367373288019,0.235990254571799,0.137342379152683,0.268681838790998
0.0539883207236057,0.245451396584344,0.0542906064788944,0.249833077441544
0.0991719763110095,0.241446341348991,0.0884707560614053,0.277277242584527
0.0943373577727426,0.254958305391955,0.0970402456366356,0.270418134260903
0.0789183457762887,0.24805970961027,0.0823637777384512,0.306290241278392
0.109986862981199,0.322365766159654,0.0940379238382211,0.247515139382666
0.0746625286371424,0.271375767875062,0.101478830789625,0.314219194284245
0.080688111782344,0.296705983654019,0.0872188982368472,0.236098237590752
0.0543359447356745,0.252393949295915,0.0987625755253081,0.265854696735912
0.0541946346047763,0.234354181834617,0.124562513401501,0.224602608591439
0.114463617323552,0.321295996191024,0.0446771568584262,0.271839692268064
0.0676171701605188,0.290249664907241,0.0479948332133289,0.27760049825633
0.0799066689619049,0.28197412722031,0.0836965189699082,0.269718492141128
0.093575350106482,0.252003171569245,0.119886828221808,0.285853506806354
0.0885330479270092,0.24346364147991,0.121625197841159,0.259278908661308
0.0945212951315665,0.253563045022892,0.121256546975861,0.260908934431116
0.0728372032099039,0.322509158517549,0.0911897085850238,0.261198624615397
0.12295354960262,0.300434925540423,0.146008496841663,0.261279152599117
0.0898538094811086,0.278634923412587,0.13678547638257,0.317020310693535
0.100044753800086,0.311079087184646,0.0933113833952733,0.186529665931641
0.0823052247298509,0.246081708444176,0.0914166365299496,0.261832351293168
0.0597321754564428,0.286245405412583,0.0936484362575767,0.249648720359897
0.102822853740886,0.274100990241203,0.120457586038902,0.265603488540909
0.071826959136097,0.267892236736053,0.109509412787814,0.26189083863422
0.0692950337550459,0.323966012430975,0.118294123055005,0.376688280424508
0.107197215171712,0.292123709787112,0.108974451845412,0.240402380537283
0.109462017845287,0.288627987481064,0.117970078998333,0.311919036059654
0.0837366381473111,0.359006076782437,0.149674693366174,0.269992285594143
0.0828523564851611,0.344060329455432,0.149441616738298,0.279571143666794
0.0729984540221102,0.319366351404498,0.0910730479394234,0.305706468676573
0.062318973383344,0.312122231375786,0.0963498846121508,0.293238129755036
0.106421511749658,0.253049297942492,0.118189993557895,0.305080828016554
0.0983693693171513,0.280195254656789,0.110999122725859,0.234320624692861
0.0898035664286951,0.253124516576524,0.155328498099501,0.263769526326061
0.10562719738858,0.290532567839384,0.102800356237974,0.285621910286796
0.0876591290941729,0.256973325321853,0.0995178396054212,0.262099898314772
0.0988117384546449,0.287578260425532,0.0946422906947229,0.282443673849171
0.10051313098024,0.287009654548364,0.12009026897231,0.246572390129483
0.0773425573427174,0.373935199260771,0.0677584307202884,0.285344790382908
0.114041756985615,0.279045674997582,0.0947675551220759,0.27171740799985
0.093681917481534,0.324057089850373,0.10721802099982,0.341230674564986
0.0913579240140253,0.291020249234633,0.129819367373033,0.287017185779284
0.0996942270250906,0.289915723179504,0.105370387193378,0.273656466169191
0.08013808030477,0.343915694756648,0.0824224772124562,0.338312566635964
0.107606926912505,0.309410638548452,0.165514191276563,0.293900226168506
0.0725841887796774,0.29872815874658,0.14254125584492,0.274467924178662
0.138631643909693,0.350496204022763,0.120552343972549,0.298475680661088
0.143486403039675,0.336147223515883,0.126107760231791,0.302785240421851
0.0566938291515349,0.303517230220159,0.140495145066529,0.315250037899489
0.0785667705332748,0.253314122359447,0.125535573012796,0.300896432270558
0.154743532107064,0.319249628255913,0.111614137242622,0.290876211900718
0.101551021413989,0.314991979845987,0.129033448357094,0.278584977808941
0.081392442025192,0.270609748556569,0.0848846390354267,0.251559490263815
0.0698345984894913,0.22851584794552,0.0708946891084599,0.245119527610104
0.079981858909987,0.297463720565409,0.146919242078235,0.313968471803307
0.084043887709686,0.312696005563272,0.0755859356947253,0.286078325270584
0.0431391863446922,0.282479713453497,0.0842412134196041,0.3181130128754
0.0605710490777791,0.291771464700687,0.12851717289345,0.250890775967284
0.100240767909927,0.273112263752518,0.0835061391046653,0.285598784467562
0.121930216500251,0.224505655733037,0.0878188377023027,0.246181043420754
0.0600763166919299,0.274122332424373,0.128992876099837,0.33260217426034
0.0810784946622631,0.296906306779637,0.115769373716228,0.267137775596806
0.0925042756172095,0.286292024145477,0.109825288745576,0.31910015472421
0.0686114175058062,0.293223191647618,0.124384008539935,0.303504143319342
0.0837378473798042,0.300885334083693,0.118461800503189,0.304428403452317
0.147530189412829,0.333818560585564,0.125370966905634,0.316589231859415
0.0743670608644002,0.267742366322386,0.0954530311685771,0.283274943599399
0.05789264727469,0.259242801598266,0.106960978435502,0.298681008664426
0.06282200242729,0.293711613134608,0.0948881573795642,0.279147815243096
0.103281929653976,0.242551023532666,0.143551126304128,0.259494034654073
0.0490687493022868,0.28177921988795,0.0746499290307312,0.26367350249337
0.118468907623644,0.280297416334931,0.113634214137729,0.267659151174407
0.0544417623112537,0.310115606872343,0.0910391795100605,0.266128224447781
0.0371012487432813,0.311513822790533,0.112391811370517,0.25042974700774
0.0359666892426944,0.323697360825774,0.0964837399165171,0.257278999593879
0.128485490887604,0.291811926800955,0.108498901202946,0.27569046253871
0.107928413392614,0.297478038272553,0.124009811175371,0.245417624064913
0.0593003574004724,0.311452768797057,0.112907264430302,0.316855713317225
0.0723553765792068,0.341280347309483,0.0916356241115259,0.31667479229645
0.0627928137294778,0.373353639576388,0.0907495744841381,0.320823806560908
0.103395967245866,0.202214018491457,0.0975205294987297,0.285710523172722
0.105226632634449,0.331733178153362,0.124248571013274,0.245136226123906
0.135497501716109,0.286463834743248,0.142430234192213,0.307434928841097
0.112427787872541,0.270346824013627,0.100820989109448,0.289088148143098
0.108938763812298,0.254486954063992,0.146419610029327,0.327025405523493
0.0766303091369241,0.329763509823352,0.0825906482488287,0.279106375168026
0.0717578189555521,0.340750714385859,0.111101607148789,0.314932063601035
0.110641290691313,0.291893398722587,0.120908265486846,0.318600062692178
0.0913035192419242,0.298357795925857,0.123066437766926,0.273634398811261
0.127262617607404,0.272537879229112,0.0836748141812508,0.28559279500206
0.10144984487902,0.341723506430105,0.115256048385706,0.288455352071804
0.119755727682063,0.241552973546022,0.10557711085189,0.310495803518929
0.0870142664679672,0.31094703144699,0.121541247365879,0.304842957845023
0.084365783869587,0.405554618738292,0.151571362186233,0.34147225705348
0.0908570862540682,0.290167530794157,0.123367819341966,0.336234454779797
0.095444310824203,0.261888675280499,0.110373262273494,0.223843596562344
0.0667365501631448,0.346135163922316,0.124055243243603,0.257560974691856
0.0838752213475418,0.248262266173699,0.0972936317917469,0.270854081431371
0.0699864206001436,0.267482505552306,0.098057394756318,0.270454702376764
0.129962574963661,0.382853452937153,0.172630137507003,0.320153811452355
0.0706321269483275,0.229235671713122,0.0817022117877287,0.308379378030415
0.0771306771999721,0.289348858003504,0.0912903584184128,0.218618966453035
0.0575524773863385,0.243200628208681,0.0576874899831097,0.296283570271285
0.145632236623538,0.355085433795533,0.165809098440736,0.283964764753104
0.16085105298052,0.306035387430386,0.0907723872639749,0.259192515912387
0.098371171559107,0.271982832015836,0.118852137322067,0.234794356098509
0.0805934426441504,0.280841041362506,0.0906266126977585,0.32516832167423
0.0767971325223661,0.32238992366385,0.128504118640779,0.237692949422421
0.102385069524317,0.292163854830914,0.112331618480166,0.329765770338986
0.0741046979547723,0.249801221444002,0.104440390815002,0.285419588055199
0.0989095853317176,0.363225535721101,0.13402171030966,0.327754293519138
0.129291295289343,0.298570676756729,0.118501433181823,0.285114482837504
0.0795083286320137,0.274286966049983,0.133653157916322,0.295848913426796
0.0906267137428468,0.312083638103255,0.116645096352472,0.288709161715351
0.0722153029135551,0.291009952107204,0.12303224044266,0.298997738271533
0.0693302253655659,0.358893197358984,0.119246257395188,0.286797799770649
0.101745809401278,0.269277408018008,0.10545941399564,0.29430017940767
0.0646320940706357,0.313079107618732,0.111114607855375,0.270863909584693
0.0782886505826467,0.342181501762101,0.106638490567057,0.30105872828791
0.105800611978643,0.27985229721916,0.0892599013273254,0.290764139845425
0.116296282968422,0.371484792125498,0.132672087848102,0.274607565545916
0.071649104068473,0.244438661365909,0.119287401692794,0.291009169803592
0.0725342382594551,0.327254946173344,0.154532614226373,0.29497273276891
0.104257233658051,0.281709586734518,0.0876223539478617,0.273557088410914
0.0880759511999267,0.319183741484083,0.0852295607523181,0.260697738243082
0.0652442594787234,0.257154823770165,0.103295319249383,0.23999762623085
0.0914108015494428,0.267494917489752,0.122053133459193,0.250023742945912
0.0769637425791762,0.281480226380925,0.079833500813522,0.303018431850695
0.076097506026486,0.296043351226517,0.0667373092386847,0.331361594807777
0.076667989212673,0.290233331531962,0.0655464064220849,0.333102862166828
0.0644770224775341,0.299029632707853,0.0773497296162717,0.279086430567527
0.104519691636035,0.326780849867738,0.126718089870006,0.311439514083267
0.117435011018981,0.300839678861991,0.103353430954735,0.275204754676843
0.0892372891065413,0.314655630850448,0.0992492095118598,0.290933904579986
0.0795075700191563,0.27799834295589,0.114759929796714,0.21905690174926
0.073641490292645,0.269728255941099,0.135611670903417,0.288846805853314
0.129673802818418,0.307601052944783,0.113763478686879,0.262641438747383
0.085941479187937,0.232503656035369,0.0812162875152706,0.276248071201805
0.0424234274663936,0.237991838267702,0.0689755945799483,0.286783756660935
0.0643958894968772,0.211438749542715,0.0979268072325491,0.272096877570662
0.0839849167857816,0.237642350877746,0.081147795432664,0.268697146179238
0.0506484909180535,0.315606887564737,0.131714890038745,0.28000424910025
0.0615907560729252,0.31668971108027,0.0950771835949658,0.26148751231396
0.0658713538748194,0.243512590428017,0.102387340872895,0.258218908747533
0.0795703028253571,0.226140695960634,0.116194166482746,0.228832716993888
0.0833409911471351,0.321028505267081,0.117570167416148,0.292422934197036
0.0658602424766103,0.296497080238481,0.127105590812947,0.297699777496386
0.142918022107269,0.353704831420515,0.099316802717948,0.297595336004073
0.141021687323006,0.386025491021336,0.0887717807949772,0.293126982708273
0.114720952770783,0.328980879344517,0.111492884654994,0.285765248281768
0.0576390128936174,0.249316349981705,0.14138091458493,0.257426983376118
0.0579248050766066,0.268317854561491,0.141265807292302,0.337991482033307
0.133062191698679,0.341101332490079,0.0959565031678675,0.316144019302378
0.0788451395861944,0.251759558375719,0.131181854371168,0.269129439221134
0.0921216135251195,0.272333160230847,0.140285802598322,0.252287693474919
0.110481734001332,0.238172380663796,0.107228618358032,0.321027357821317
0.134002489967346,0.269972988989204,0.155304836430365,0.250078458571541
0.0587531013815594,0.303756471096246,0.0993232737522178,0.312678823150731
0.111436195330976,0.251310231002256,0.106815951297556,0.249920056367592
0.056874940023968,0.22792905448447,0.0999382456055272,0.302006605387453
0.067989414759038,0.200173389733727,0.113425034830953,0.291029306694232
0.0782383706135656,0.335566763663603,0.114754517307445,0.271470274845186
0.112387375865223,0.258737563512399,0.125084720210115,0.32116164918453
0.117202222545505,0.315951889598525,0.125040218797514,0.304333316317473
0.0786443423950648,0.316706285520555,0.115884786003339,0.377657176910441
0.0606337286831347,0.314366432972341,0.0821471474758871,0.22163112657576
0.0613540481599655,0.284669816775392,0.167450346256534,0.28848339344377
0.101138062821687,0.325178629177452,0.0709520878199452,0.295889579116201
0.0810871067768057,0.271764863848293,0.104892965727207,0.287981165839318
0.0959631809410772,0.318125093153722,0.133921003774322,0.297863910937694
0.0959637532696875,0.305269770246963,0.142685040676784,0.298812912008384
0.115180394732848,0.354309903660527,0.113610857382628,0.289938136609118
0.0724259882527974,0.30885126325847,0.152720952132155,0.321217199663573
0.0904545055686813,0.303427755478702,0.102530725381782,0.226032841846262
0.0773276479156632,0.27908753325752,0.129107465938762,0.291005373617016
0.107776156219087,0.288393986990137,0.113998795593578,0.261714759760335
0.149371426662858,0.273554200270019,0.140690413597041,0.302236796361823
0.141579657266034,0.305789495497179,0.137555191091237,0.319986776251038
0.0599312741375628,0.300678558885196,0.103932707536185,0.245031147741388
0.0749609605081253,0.296051802509136,0.115017363618117,0.294501768400037
0.0921463265504662,0.315968839425733,0.120565507322473,0.281874776036519
0.078531795848785,0.274192741877012,0.144834828486048,0.344903432037132
0.100588766249627,0.306766147719725,0.0878666465936156,0.226280852568379
0.0861682080543576,0.250908913742383,0.142588823825843,0.353429347376219
0.102331589718009,0.301255144654151,0.073460068354844,0.224174162672789
0.0937467004963906,0.287813219774134,0.127080500116127,0.343799473790578
0.0983686953796545,0.295623049871006,0.0902300783238851,0.252194714046249
0.0491401618900585,0.25954797000506,0.0824050922990295,0.258123853281459
0.0948988875426364,0.24930239278909,0.0916904630865725,0.24416818045499
0.0786226127099023,0.285879699144153,0.0888341421881266,0.300859561691014
0.105723180175853,0.231807577116133,0.103644422717407,0.27920052699362
0.0639798105565917,0.29927336941982,0.12038762915738,0.324072437026908
0.134145376886074,0.316698429548619,0.0931696355139096,0.260330061689979
0.101701218916184,0.303848076402824,0.0939356843919355,0.283452996827829
0.0740276938541496,0.304127570846391,0.0868671105910268,0.254065575965437
0.0605774133260931,0.261698858431066,0.112918038273014,0.268848487189175
0.0576663293624911,0.246053627137062,0.121884255403453,0.271515743570218
0.0883124445675662,0.28288962842531,0.099695292239086,0.234819678150019
0.0637848287721932,0.256860716164407,0.0819894533045418,0.32660303218729
0.0832826708760961,0.243448976134284,0.121193953971518,0.24811368346873
0.0537123802363247,0.276327856297157,0.0961646912838205,0.248504233076245
0.0639168128669249,0.280444036604925,0.0750992214371282,0.225959837994952
0.0439774419069295,0.224748534310843,0.102933012758398,0.199785531752269
0.072518167009064,0.211051497492758,0.104153606681269,0.261832096697841
0.0921682290139018,0.270489807077667,0.0758353527484473,0.276385774225615
0.0863053338810552,0.257851546870303,0.0964222323900418,0.327267700555836
0.0661338946853258,0.28357733178981,0.102761044876195,0.279260111217819
0.0854337776779632,0.239127655507256,0.0885477167621678,0.30820967666018
0.111517595710918,0.285070746755218,0.11378707227364,0.216711894486885
0.0603088947814294,0.308630056325954,0.098288924788834,0.268373172491867
0.0935936661858505,0.287691668855117,0.131344566614668,0.347206091940533
0.0835112726024751,0.218291660237467,0.118444169744847,0.263164965431405
0.101702403462227,0.258849708536511,0.127401686575635,0.248980039795303
0.105218723842697,0.348175314782356,0.111886975649173,0.343063674111085
0.0912682952875903,0.387109767787502,0.103827467270849,0.331261636697585
0.0912734352364639,0.328650794268837,0.090933215226577,0.333297746482721
0.0888962410011292,0.330091477191982,0.0872652441047989,0.341398909687502
0.0894720204392823,0.238194946208564,0.12941875056111,0.275600702347356
0.0833697111964634,0.325277565134605,0.0894539370584659,0.220914929297591
0.0921672813833139,0.339668622856067,0.093123898058828,0.243681160288966
0.089767561925896,0.239843396299054,0.110643447938118,0.319863450247993
0.0676893989448971,0.296726710870229,0.103508106102791,0.226812113855827
0.0756080653615696,0.214472188903892,0.138997164039498,0.253263973497947
0.096395638340551,0.335792800271249,0.0968073101622505,0.293157635146194
0.119955254048372,0.348528954366983,0.108229348754156,0.279342537575588
0.0858421290599741,0.253888978125496,0.169453105873806,0.325052656551213
0.0939270958129958,0.255904933728672,0.177128128555149,0.29781001465188
0.100977883178361,0.339730928898992,0.0525990901437368,0.270727714463451
0.0999386713756297,0.37167588774447,0.0604413849033611,0.288447826917885
0.0709436028728377,0.225642671062782,0.0737235630174694,0.265360120624016
0.0845654231093082,0.333652649335358,0.117542279312888,0.251951706585456
0.154538476216753,0.289795534780259,0.103557643787502,0.293767309501562
0.157842592471933,0.278658110648985,0.108171721886564,0.298361545960205
0.156431447360669,0.278478692895113,0.108253328375138,0.289660361302823
0.114546418153031,0.278723260408402,0.108671463927856,0.307941500793132
0.0697608479128115,0.389831264063007,0.116777572230015,0.234969252072293
0.0895926726293826,0.250599370137468,0.133877693390262,0.281780409965868
0.0608379368662952,0.248413091529502,0.103057069314164,0.270366621594418
0.0947848057701607,0.219105061798586,0.117128167699912,0.300281369233878
0.0959836077546301,0.336612080222273,0.12080189736953,0.255035701824358
0.073187660054667,0.264947720824586,0.0815026853331669,0.238444179794633
0.0913493558889007,0.359516154988468,0.0954944611994998,0.307544359301908
0.0803150357396262,0.253810744841492,0.161066623992474,0.210795174996189
0.0686611494781369,0.26420154385168,0.0593022538157449,0.316094405401447
0.0496531801278698,0.307420814677777,0.124461680631442,0.321705893466152
0.0773835169399821,0.25836434383351,0.11290952015841,0.224014459967756
0.096923959903089,0.279293788616179,0.0693688710328128,0.319690370892071
0.0738110187093927,0.274027352493793,0.0763496887745956,0.309382182668163
0.112279522218758,0.276714854638971,0.0905105404697616,0.32688906742762
0.0650606613984879,0.30917616157431,0.119647368121617,0.284538270948241
0.0572812533614934,0.323748010298012,0.114876784393649,0.28574798146403
0.110188333690772,0.280212805320864,0.136673078900239,0.254816397060296
0.0872958512130467,0.333512764754991,0.0888341265677073,0.342769398479078
0.128887441854108,0.278532913116706,0.105147596614334,0.266527169263763
0.069830452219472,0.325511774442945,0.0948778262951122,0.342337724179372
0.0794608410997163,0.288597026692787,0.0785169471480639,0.336000224316296
0.0832446679116744,0.258236243312351,0.119847468234659,0.317772956472803
0.0848947883478469,0.233523690246365,0.102881207477423,0.29597963196565
0.0905386033643928,0.318484767686777,0.111511259406726,0.234975393924866
0.0909643924338293,0.284059020192887,0.114918731211719,0.333220392130567
0.0883299146314162,0.325301702395344,0.0986002004749401,0.26351336188263
0.0679173719718836,0.266827609301744,0.107794551590048,0.17190834304081
0.0948578793281797,0.256263565048588,0.0863925579463758,0.306154855480922
0.117419602926201,0.265457785468353,0.0914516707080704,0.248011826880737
0.0937942832189378,0.245392621439785,0.0933039069132491,0.278333926686381
0.0484093143936443,0.250112329718913,0.106851447814381,0.264491596051588
0.137189379133441,0.38350060697676,0.0835227702037441,0.343852627057936
0.0829907080541083,0.251015605797914,0.128218738741677,0.247935351405362
0.0630277410219103,0.236619535387724,0.0904928857334912,0.197131047499585
0.0829815307788782,0.320578102822247,0.137404422446928,0.294964940934703
0.105560023246986,0.253997885306174,0.0836962789360712,0.208168302363484
0.0366056010709625,0.226593980074983,0.116285331730569,0.294948609094568
0.102279925906067,0.285955628336699,0.0877022233176868,0.302279983811824
0.0903222043365093,0.309369494438048,0.0913039129941604,0.244794266363162
0.129629468043432,0.280517810696061,0.10204638121682,0.316496345038734
0.0858458236902833,0.293571357517874,0.102939311180223,0.286398989168693
0.0885260954584197,0.360430221672049,0.147856936742377,0.258434697255383
0.097690924759725,0.323636725804621,0.135600299471637,0.309201092017419
0.0847592150138837,0.269370206822645,0.101253362002265,0.281205279826203
0.0999914619370735,0.321396128370927,0.0907840830429592,0.302456262740266
0.0654623427995215,0.263419624562878,0.0849937513117052,0.285588843755343
0.140733718595321,0.311302248962194,0.149050813440559,0.268371927569305
0.0731288157757854,0.274389976503916,0.135138182880567,0.301541913787715
0.132121857898117,0.379495159564657,0.163444742250297,0.293053902379997
0.133661116230245,0.369858749830272,0.160046756350424,0.274606331681032
0.0694263771886421,0.308312825922291,0.0965546008437166,0.245434388313368
0.114540691599656,0.278213091958756,0.121392613624326,0.352836976752789
0.0493037756974365,0.306057269230902,0.0860450120607714,0.235190305122102
0.052167088135663,0.24606317300901,0.0884776710847731,0.251163218798788
0.0959121910909423,0.267202970631511,0.114743085179071,0.227254479045074
0.0848375726662424,0.261109334671421,0.097100709743841,0.23699105315316
0.0955508634883732,0.320434146668226,0.145869687400681,0.384483552417313
0.098152693541405,0.32627183875874,0.127496676821408,0.246303676258275
0.109606040527571,0.346069496878648,0.122614385444546,0.283289965809348
0.0622909595287243,0.249170665213132,0.103732241793698,0.260605579000412
0.147111079083567,0.30436638910664,0.0990870134890149,0.291205323011892
0.100336192800201,0.386688788655052,0.128398081156015,0.279591810761881
0.111490432202588,0.289710921363565,0.111080587534628,0.273519693537327
0.122379010219664,0.325238370129751,0.126389104294831,0.306748008630979
0.0706228711570344,0.267754920669149,0.137948020137302,0.364217498641613
0.114711275815294,0.287603100173548,0.150407049917069,0.346506143282201
0.0906856567727801,0.328635063772749,0.131352521262296,0.345486747479389
0.0866731767006935,0.29743940050784,0.0846294468270425,0.231068061151545
0.0673662964466501,0.252700596929105,0.110095392409497,0.300365661151827
0.0930704824449832,0.33156043624745,0.109414136169716,0.288870572122654
0.115659172706535,0.286251049557088,0.0996218477717577,0.228242490469068
0.0598002329583506,0.322466703591749,0.0907764137779519,0.32622689147013
0.0790137515210224,0.206726601997296,0.108045411980914,0.239074777853409
0.0570848740061602,0.217053711824064,0.0925818967178145,0.257172858441302
0.0560303005815201,0.200975446986364,0.112970210611122,0.239436591502841
0.0607281550055485,0.296984760094572,0.0871415494763549,0.25191975141971
0.0781358570515726,0.304562167205394,0.0996677737627855,0.298648824425126
0.126610753550405,0.36646328345938,0.0977560497524219,0.369306816468206
0.0755345115704137,0.281565064498382,0.126251313087755,0.302892514101992
0.075803354051538,0.224159319737965,0.109421844193501,0.261308776089996
0.0866584805962926,0.26384485694286,0.08754647589948,0.285445177516372
0.141071982089117,0.279234367626026,0.143566933133491,0.296893517227348
0.0990076515682202,0.309699750147519,0.0952811845099164,0.289252235800914
0.0565296536900364,0.257230135345458,0.135930019373341,0.236049491628527
0.066130424321659,0.259044894795456,0.138548752191382,0.28354443513386
0.0582999188925686,0.267422927882512,0.124372352861151,0.28269200657255
0.10555483419425,0.263785623069135,0.130560230823967,0.255728472930816
0.0821588060572031,0.250355192872442,0.106038306924238,0.279420186543372
0.0958067393640236,0.263848604492821,0.117849650067961,0.26507249088376
0.0566292580153709,0.30758904736295,0.106836582732418,0.299838101965792
0.0663964632759081,0.251065525506358,0.0979669870040335,0.264314365579158
0.0715309194811106,0.252079835939177,0.0918469566396122,0.263371241894694
0.110134608798698,0.259885095430052,0.10729215543737,0.255965351649039
0.0656035580371322,0.275716361225135,0.136602209147836,0.295907469642633
0.134380685883797,0.327193186917549,0.118669769411428,0.306733657379458
0.0623058456903692,0.221075170542755,0.13475434185039,0.242674410515597
0.0471007854897475,0.300271964994488,0.0799346012197176,0.241900569066688
0.102879696914222,0.289413837691863,0.12214194532273,0.28160862115113
0.0558401263057663,0.265454429039069,0.0933199682449351,0.244221983525524
0.0882273704879339,0.232253248567292,0.0991153061080998,0.232634807733619
0.0595074241088727,0.260961937124654,0.121760388654478,0.250717811106802
0.0687008778732303,0.291283539997762,0.0892512476839857,0.288412703319698
0.0650055207687732,0.26388200737258,0.093451156322344,0.327775597166129
0.0643530617436959,0.296018508651782,0.124056131530325,0.267350708348529
0.0719037256357405,0.297375592037246,0.164740799348073,0.26113179809845
0.075066847415862,0.283985634623052,0.11889416083734,0.247628518312558
0.104439698254978,0.296887267411021,0.144504332360853,0.214163614075312
0.0638226540197694,0.34875539224004,0.073733321075287,0.329011556828315
0.0862550049631443,0.329830816850285,0.138613759716963,0.299904339076128
0.0563576232638025,0.270543089230873,0.0992855956629788,0.28919312865901
0.109631409390645,0.286861217550812,0.113092400722096,0.297709799318835
0.0684115118934265,0.272489330559119,0.11196598848316,0.285326116266288
0.0994988886697337,0.257674945899492,0.106059827309028,0.295669970123037
0.135087206873829,0.317237740431634,0.14112506215661,0.248928184163146
0.111415656573787,0.287773120175464,0.116625555448662,0.30477325646153
0.0888564695072476,0.301767612884129,0.131050908258182,0.246279962052244
0.069354203378686,0.260730585726305,0.111983415284156,0.312455311292342
0.063197524094507,0.244343831083994,0.108612526506925,0.240852048434735
0.0984920621839737,0.36069059033359,0.0873367178136469,0.25186335970761
0.111278439310609,0.260591446439936,0.0970622261612448,0.256930933405753
0.109301269948557,0.32402994145718,0.117655290430321,0.257592934391299
0.0907036702140596,0.317311411667775,0.121787750309534,0.339036725190055
0.0954942025271935,0.317030251208889,0.128721896374887,0.279502975074325
0.0761604560652781,0.331113523088613,0.109200207455434,0.284474177674675
0.151245876689323,0.330608935872486,0.131067741111562,0.299096203018098
0.0798110983067343,0.3062030423786,0.131290759955108,0.308099198029042
0.0963877607501031,0.230807039085715,0.085968775550059,0.2630245313312
0.0776661047258377,0.323751357763642,0.117296650489484,0.286926485308119
0.106500374709983,0.287161067582627,0.084672308088081,0.305904733077749
0.0908071374888927,0.334020652580268,0.133723640025755,0.274679248841347
0.121860802992834,0.271852608507171,0.108081860675242,0.293842823724826
0.0382386961556966,0.259655467511821,0.102018879687552,0.316329461351029
0.0971823576042694,0.29046957853242,0.0983899349761989,0.222675905395017
0.0774499190229499,0.307531077594106,0.112161655372257,0.240282209689577
0.0806703689581346,0.300217939179896,0.101042942248479,0.286065972166939
0.0688854232497234,0.317274287049521,0.117274858706807,0.253669585655953
0.0683655766535738,0.261027393186166,0.134092867048791,0.247954291930924
0.0781228001966523,0.272346826768141,0.0661874904633959,0.320948242526286
0.0618888745825338,0.305741660833735,0.081818473201612,0.253342981669807
0.132430877398272,0.243609281053343,0.0900706699389164,0.261953734350537
0.0497533089757163,0.311763979069873,0.100388561973909,0.318914814476453
0.0952709624254995,0.284712753645542,0.129391235720832,0.363529291425148
0.137111047676256,0.293255863673804,0.146099266008586,0.301182719644723
0.0744223632534016,0.281785017274503,0.130986389579766,0.310081544504391
0.0927172848927566,0.293738253941292,0.133149033116204,0.267563255530424
0.103419731427666,0.27198803693282,0.122186745751972,0.260772185081559
0.11092742028907,0.361250232943268,0.122935944936255,0.293618551368194
0.0726237838331737,0.318513189151846,0.135717646943458,0.29862473623519
0.0799054878312597,0.233036771191761,0.0906114625943338,0.229169637658529
0.0453445713396597,0.380819000610664,0.129185039072745,0.309630446883398
0.170436934868644,0.236961970254989,0.0867278794459741,0.285101116536601
0.0603363473742732,0.415986889952246,0.1481127832075,0.328055257033921
0.117852860643422,0.281960617554933,0.132277362521964,0.325849054726235
0.0938236828929613,0.318864434224075,0.113282479131477,0.32154077341916
0.141372505436849,0.303663055442937,0.0951252973016852,0.275669972576416
0.0660326742371693,0.281895645739397,0.12925637462335,0.279859682811819
0.0851469158692629,0.278567256712003,0.137792350310585,0.277863209298869
0.0933236770798579,0.290744386120593,0.124322569976965,0.321301757924958
0.14904292475018,0.36822725637445,0.107991180271856,0.322011800990041
0.0657340016560309,0.280700523426039,0.116039225079414,0.301333071498292
0.100658180081478,0.269223140368225,0.111772994105812,0.246197755987882
0.110435582318313,0.303326538157129,0.0813527318122957,0.290047418925294
0.12038215032345,0.298695502005485,0.0810271900322351,0.292281389882874
0.0992539471330703,0.319685994936192,0.0889475949658083,0.35450289683874
0.10429980619354,0.282606509967797,0.0938909813869081,0.231078396227152
0.0962999698254142,0.371344603330783,0.107977545723188,0.22939117624343
0.0626709178745179,0.259903493489241,0.089111380218431,0.320206880916728
0.0788664231985323,0.296504800423954,0.115045563273262,0.235691949508633
0.0645787186879911,0.275946503789687,0.125669437689205,0.312092318986509
0.0599819208084743,0.316540192583332,0.0955655225554135,0.305326479419436
0.0458667351949594,0.300797940098599,0.0917882064466422,0.327874278353577
0.0894060354266645,0.199841590867245,0.0896847284587247,0.237130325456305
0.12096192320438,0.223652884662718,0.100737296781911,0.24139113708895
0.0506256920584807,0.287093494540897,0.114513686926026,0.301761306757123
0.0854645753824863,0.28890000985202,0.100519247937723,0.229021713780481
0.114914449660316,0.310050826552896,0.122314909407069,0.296733526471289
0.0593497369786218,0.262920820917801,0.111484433352614,0.297923994482132
0.0875134199994918,0.26854498571695,0.0799470642824881,0.347802461353089
0.080170956020006,0.28122866327159,0.127988114038277,0.233479923599574
0.0711777299271244,0.290320792399404,0.123026346535675,0.28871505528351
0.0645658708331733,0.251639371020761,0.0778855788866284,0.247416289654273
0.0655578067534667,0.271095237656166,0.111687123813826,0.254253793810511
0.0298180375474681,0.296447696942699,0.116530800505455,0.331982834928917
0.0746182824452119,0.287245313260009,0.0982117566386137,0.253515325236419
0.103970321955833,0.272727692161678,0.105374951996497,0.328190033042306
0.124533649305314,0.286885730882128,0.117334987730477,0.268578595392525
0.135988559719077,0.336193559098396,0.127646082428786,0.316276360952113
0.0532593595097764,0.233672046428199,0.122557716172865,0.285317366263319
0.108499781605339,0.288628997317734,0.0837257620277897,0.258381985279592
0.0774050735475048,0.206207459109614,0.0941838831664025,0.244175700468297
0.0770868912569942,0.315187514541673,0.0891944917398311,0.268224377974811
0.0736848484617363,0.296050210200908,0.0970012374156136,0.273862722661617
0.153098592875251,0.287058563717708,0.130458750172355,0.301814794739071
0.04215151534886,0.271545395664639,0.132631670779378,0.250019477071846
0.034150178276345,0.27122202539324,0.141190410815539,0.251621400314524
0.0838032675908721,0.243000553325002,0.0906210071349401,0.267744204173193
0.0841554892134463,0.239838974232043,0.0878016544892304,0.270208257420841
0.0781445228388725,0.314513162747898,0.134223641808987,0.274813813122622
0.0944740099260821,0.277779820908614,0.0984350670421436,0.264976598378952
0.106772443968194,0.279611913030347,0.102421124211022,0.278406126147887
0.104680315871883,0.272336212511815,0.0935815823996905,0.275480746679389
0.0712523135263943,0.310420543455359,0.105139419782107,0.309904054746997
0.0662263547554695,0.223974491232411,0.104589321171774,0.22409264332445
0.0701968549678805,0.229399234085278,0.0932624984841245,0.231642894398545
0.0970984958496853,0.303718730266684,0.104136139053413,0.240994151479572
0.0569043026618913,0.23666772154818,0.109827836494561,0.313546749403045
0.0569803577411631,0.264549311758642,0.120919588598001,0.305253455053555
0.0973995050041007,0.3095447778104,0.104299455717025,0.306054011727488
0.0837572194866014,0.321177713883425,0.135327549195964,0.324600635757002
0.0754564964745587,0.260284872335315,0.0967827499072741,0.246233886144723
0.104182948257611,0.262113693092487,0.0964941344829751,0.249275299377692
0.0985157055224606,0.326571951963604,0.127421620146954,0.265721360660667
0.0938532870988686,0.29939615176912,0.0867000023186767,0.297926706307449
0.105473918603986,0.356784227162199,0.139071256769834,0.332162462441937
0.0900064305222168,0.338581413380204,0.126790430215224,0.28952703104336
0.104840043031249,0.287823745644818,0.0954161728488333,0.295115698272717
0.0548355523748549,0.300437871921123,0.0947763255551671,0.256656593659057
0.0903889490274719,0.274689933369814,0.106774682376234,0.249397239239037
0.0436912594451221,0.303936201243916,0.0956830482227154,0.225633138011709
0.0929305478180586,0.224692510451674,0.0711881935417656,0.223882324988906
0.0603993034686972,0.23692386600906,0.0911102775043884,0.272157340458359
0.0893240313061304,0.235413872360753,0.0619583147777062,0.254567162960505
0.108621559943897,0.300004034296396,0.155304600370468,0.297264528374648
0.0934827802328421,0.315549170970095,0.104226718251741,0.311364760035547
0.0780951444918754,0.251815153163065,0.120318255631566,0.252235288799214
0.110313341490881,0.315385434742824,0.140756079621706,0.285902802723599
0.114533523116612,0.325271790482601,0.1420399472211,0.261024055728001
0.0442986983890903,0.215001337696418,0.054490172757272,0.255796323505552
0.0375190327514636,0.277062167653235,0.0575268471029527,0.225184816446354
0.0739086658354887,0.251858774600011,0.117981417214896,0.293689162922143
0.144104195176747,0.334419337832406,0.0981964257991483,0.281689513635593
0.099340828948235,0.268617974702979,0.0865515446403941,0.275818578502214
0.103019691913415,0.333085414476244,0.0844442077372172,0.293011472993615
0.0872033681760029,0.240083068625439,0.147250615881163,0.275582347368387
0.079711927489593,0.294894599665685,0.085718776802309,0.302328678480149
0.0809199886555713,0.293310448116461,0.0890403527994669,0.298086775962761
0.109549479446705,0.249931704042672,0.137899532590219,0.283404197039783
0.0825336057528445,0.279863996788846,0.098488471161354,0.20964509474844
0.141648457102085,0.328823163354102,0.0917391849821763,0.329148976048746
0.128016934660677,0.316915645304773,0.12643434886706,0.266880532493465
0.0776670967717594,0.31892390947533,0.125039227340683,0.277156812282622
0.0767222390238467,0.273552706225022,0.11104823829779,0.284570125467312
0.0819928027539633,0.294805933955998,0.125366189974994,0.304981328770986
0.0882803294906338,0.262381046363755,0.103701521815213,0.248290554103927
0.0897349561328944,0.297844045531343,0.126836261567719,0.216233537586057
0.102455315439122,0.366949861291265,0.127424018892554,0.256638398647556
0.102889635557749,0.368302429561869,0.131425863818808,0.248832772484967
0.0634979564193079,0.368453115211663,0.135657087231748,0.223945765259083
0.121437400790374,0.305207952919889,0.13523632056058,0.345898231897508
0.0583107781370011,0.256546207435424,0.140336443250762,0.223226521311182
0.119945158684118,0.35932907753005,0.131771056608093,0.29218505668732
0.106162261164546,0.280726460204618,0.0975462790748811,0.273699010680941
0.0755599708514701,0.316882701149606,0.126110515038117,0.253761888184106
0.0852544068417632,0.316502551912341,0.120662991666417,0.332095809385133
0.0904375416484341,0.304670141392687,0.103882086660373,0.259119675408393
0.0800017817096971,0.265260269164355,0.111582438788871,0.253341728837973
0.092376634562634,0.301380781569488,0.0909359938443525,0.269075212279459
0.0779606075896429,0.305127941052108,0.0835857597453771,0.274010536725629
0.0774340103398245,0.348134314436715,0.106441724766042,0.319475154119128
0.0944593062500173,0.272524268629398,0.148742929576857,0.292878440973498
0.112350741867185,0.324421895544584,0.104951244977165,0.280984694859069
0.0965974838273647,0.270247533023907,0.120839581074381,0.288103625533953
0.139536466835626,0.306001662634613,0.117821633459274,0.303884539557166
0.0778321899856792,0.260664351746603,0.119184631839255,0.249808441823857
0.129937742178521,0.312370238958138,0.131809522719027,0.288340343492227
0.0824029047062181,0.24143525227244,0.115358428206253,0.268407102211279
0.0739717202888892,0.332893693103695,0.112612504034308,0.252744523032244
0.110026303198728,0.309249103545011,0.0948764365728287,0.278182650123677
0.0777376808527069,0.24147806282365,0.119217881652742,0.231102295336949
0.078991099058199,0.321409075522377,0.140848406805025,0.296572659413333
0.0630179977768623,0.286675205150403,0.117359064402394,0.314321538977825
0.0959618700864522,0.282971330747019,0.114333548678569,0.284558604978652
0.0877946970797457,0.25704195643674,0.118792147571862,0.290662396149236
0.095595312671475,0.325123909146485,0.105144624601683,0.267868037152252
0.0888655316489085,0.289794703820353,0.104395329307629,0.26461480537781
0.0729217892179543,0.260371438632071,0.115741649935751,0.261136945585105
0.0567660810954434,0.319608081445524,0.0954777758365202,0.291739253009252
0.0847644302996401,0.262721493627495,0.143373435206307,0.251983640346317
0.0753723950830229,0.225033220174772,0.147662832605863,0.259755197295692
0.0907279386200711,0.348215434418271,0.134502328305488,0.362235939442262
0.118436812262723,0.305402126311776,0.109122367984285,0.298781213024802
0.103749750397293,0.27804727452326,0.112081731898944,0.30058688564464
0.0675433191697679,0.275039960297525,0.0957216717358536,0.339528995980431
0.103966621307726,0.298328891418499,0.0947936892589443,0.32397058079496
0.0452871103897992,0.240960214919956,0.122058325796054,0.311453889298168
0.0671690809218722,0.290090451193974,0.0771897484058016,0.319339081792975
0.0691475729018036,0.288345784028394,0.0946480051419068,0.28283187615949
0.0820642071398528,0.261287119525784,0.124866053148606,0.277675219487085
0.143053593139137,0.26320341976489,0.151941018212608,0.282069405725671
0.0779085142298039,0.317170943448486,0.109758411060789,0.33946631642208
0.0762735474314621,0.230167086989348,0.127507590803457,0.257329234370821
0.116590401022058,0.343289607987846,0.162315087676041,0.257027596914198
0.0758272355192182,0.283581294226858,0.111814481590661,0.279154975143428
0.0798810444007398,0.279405174718769,0.123633435130166,0.279635670514008
0.0910283313782154,0.344971801358453,0.103759403662347,0.416217657169716
0.100835329821374,0.285498416227334,0.148864938452473,0.312989202978059
0.0999010334420389,0.29681382104347,0.0928484260181813,0.303397431898645
0.0939399338800539,0.251248735236102,0.161353794056584,0.307054679363564
0.0700043247725985,0.305194623143449,0.0905487949539919,0.251974828602408
0.0850760628247745,0.312610895067574,0.0922404723947015,0.213181591984133
0.0960544732247356,0.309021023733682,0.0899638271009568,0.30257801464172
0.0848286122265304,0.306796680261001,0.0836453610887086,0.281315783112039
0.0637693350051947,0.248131954736957,0.129529829268984,0.249268676494573
0.0919549559551942,0.314958061389844,0.0821403055073114,0.302406218347306
0.102168147124634,0.284563402874739,0.123008747316224,0.285935896801998
0.0874676595334595,0.283516381543168,0.096423554970693,0.232793658200437
0.0507667568441629,0.218578396743076,0.0969527577878502,0.303665686651703
0.0598771646102242,0.321385689928983,0.103835302979997,0.261888823504921
0.0688496806802723,0.255761151650469,0.142006315272204,0.310966493031766
0.114832812641598,0.270631070607831,0.0752233861693895,0.272494362172624
0.0882344222583535,0.269313543371954,0.0727501547152363,0.242716600384397
0.0828234525992199,0.266182837306602,0.140205863048999,0.339614527063625
0.0599298056872168,0.277009371253872,0.129398490393487,0.357082412708325
0.0564182197941587,0.234083007690826,0.0853000958173054,0.270718963254741
0.058700227871645,0.3313756804151,0.124090502657627,0.316630586425056
0.0831710997186844,0.272250767713018,0.120760869450024,0.272417748313758
0.0907517566540765,0.295518198848916,0.128909569121022,0.284771541475353
0.0847513213959104,0.270266161603039,0.120031379870338,0.269994508847307
0.0648564081359715,0.324479009637494,0.119729370928413,0.31225680399303
0.0571197553110832,0.302903992905043,0.0871570229699732,0.293164753712501
0.114754685079426,0.280028794528796,0.101666643280487,0.250248580791242
0.0761620348354403,0.289059940260457,0.101828363209395,0.310498963843386
0.105805244894482,0.351650341009736,0.0889241717704422,0.301728128602459
0.140765397659264,0.288027012249557,0.12765203089122,0.258647035180687
0.0542784818196309,0.261635753346601,0.126501155684277,0.302467949947546
0.12040172175505,0.306122375943396,0.11966839392575,0.232957517509425
0.100892130266722,0.295377140565486,0.0980309826267208,0.229790298444102
0.0648927049557364,0.280361118502322,0.0839908899041139,0.308946551444326
0.0659175664431159,0.268565133789695,0.0582520723212936,0.259405818699483
0.0564964749791584,0.244624575863666,0.0947480403483881,0.340770827300318
0.0496922163301819,0.285633391691931,0.122203328660491,0.220949035103251
0.0428458465839895,0.251552751925435,0.112488502028981,0.227518209911263
0.0402158142829552,0.260317307679982,0.0886509171901729,0.208799410567823
0.0746154182734113,0.247138161878271,0.0682607915296878,0.230635178465789
0.0554104797170093,0.234060083565092,0.0624044927018164,0.230996137710752
0.101506242481681,0.236834889828408,0.10743466604079,0.242855631401476
0.0879753542837511,0.290474506718722,0.130261861301588,0.25758360055458
0.100427106367583,0.28854971422018,0.104579413372283,0.297013988057699
0.0530773564130625,0.280402991009208,0.144951387525934,0.252254566164137
0.0755562364217087,0.248194467779205,0.112325947258997,0.268862237432009
0.101052247103027,0.25675387699738,0.131944125367215,0.242993231966428
0.0927337349306244,0.320453073282834,0.121100936462814,0.332527633304367
0.0640609945055451,0.239015035749607,0.0955745754509116,0.239387251274812
0.0740831311318068,0.252346096157648,0.0752452933390009,0.256179704361472
0.0759350069806444,0.262821329733057,0.116635677295978,0.211226346021191
0.111569106219204,0.267333298453506,0.11346048705497,0.260766434952315
0.0629867202890183,0.311519111489132,0.0885677703348759,0.300465231444865
0.055463111576068,0.269948870060735,0.112105379129372,0.292173206078129
0.0296617614261238,0.221209381380415,0.0984632911075089,0.232413720498961
0.0273306502149913,0.226283753823966,0.0774717921745318,0.210390957664815
0.0849702856864624,0.240298349500043,0.07242263432115,0.241747852943614
0.0693178242917163,0.295207012437089,0.0662053964098257,0.279671260342948
0.0686169209908116,0.237981123539314,0.152042444057745,0.285757598444389
0.0581202849898355,0.270960231388229,0.0915904623106161,0.209987180155887
0.0449995055668508,0.258181796867812,0.115656812081988,0.248708184565008
0.0592882865164597,0.249006257285258,0.0894007521532117,0.261822580873328
0.0803194786490189,0.271982597253367,0.129058623956556,0.326791957556176
0.0870250377810167,0.319878083367427,0.0922727980552728,0.208255462789055
0.0584708987853304,0.248341661522289,0.138494167462211,0.307254611781002
0.0706838913824552,0.360259152022588,0.096166066270583,0.263241653972322
0.103415117283182,0.28844351549037,0.123577538507517,0.272917929875167
0.0832591253170026,0.258055526599937,0.101904095237999,0.271167150536248
0.110138313759122,0.315035340695354,0.146517624848969,0.252649435989323
0.0736849809137282,0.252102732066886,0.129435632348779,0.287554840419838
0.125673304357119,0.306955019345682,0.113786660430721,0.267451021805327
0.128162251723827,0.267493693583061,0.0726842375122555,0.2655511240754
0.112291175296796,0.305886323338645,0.166617576017065,0.277365886353564
0.0968711197618731,0.238931402298999,0.072720395384944,0.256595599471849
0.11089041088798,0.256620818268902,0.0912494259238207,0.283053374423241
0.0826076347793304,0.293390206851868,0.120745072922872,0.316880118406331
0.0888710815009473,0.303326607868264,0.123429812075608,0.315305728524055
0.0747569762502388,0.259683347505895,0.0882700959477922,0.266999270384761
0.0950981189152757,0.321332700003199,0.109120520394768,0.270463137298059
0.109826275566942,0.262114855311698,0.102702325283225,0.278772168308405
0.0905625883546983,0.262522257843693,0.101780836405266,0.28363249612998
0.0741736420703737,0.264503276006683,0.103393987041427,0.204498261044604
0.0807541677673001,0.256929391449685,0.0687782866717597,0.282168321814162
0.088119205827054,0.259060489090703,0.0904094787046653,0.287044416453306
0.0883927162817923,0.262140015557032,0.112526566508008,0.281006588602639
0.090935572876803,0.243798913616973,0.112727713221271,0.239154966123931
0.102236042885011,0.29074699242177,0.108696483221841,0.25618682321957
0.103741978770227,0.296522402033994,0.105631049230005,0.258671112469074
0.113612360319841,0.304203496215775,0.086080895678664,0.280773274486455
0.0529182851439272,0.252806714756845,0.122372151332702,0.278028561371575
0.115254891401114,0.296566307102899,0.0860793667717624,0.271454114428135
0.117861641459365,0.29776261151325,0.130556194420774,0.279108156579458
0.109245740073036,0.304591382547787,0.116424484676672,0.291440926778583
0.0916925088150226,0.259926554698066,0.145553647213794,0.301640647681254
0.070629952326157,0.286465174564158,0.123042720141344,0.295377681794456
0.0473272086945551,0.226256087252082,0.0810609912097475,0.268327691506515
0.0738445270854862,0.316987825898504,0.0741319162251298,0.316089686847581
0.0584179394271905,0.212326901223543,0.102911061667771,0.193438983291311
0.0699083976779278,0.328189000749565,0.162021835974012,0.291480387535022
0.0810678174555946,0.297051362307553,0.0899024303820016,0.293400710791202
0.0844101822850125,0.326477477187856,0.109105460602619,0.272443761594958
0.112722750419551,0.328806304521107,0.0979589042438841,0.251653441144821
0.0621116652666532,0.27896338437591,0.112831659197411,0.291706150604442
0.0970774048138051,0.337146892434484,0.11075775833388,0.307097368788324
0.118245697879707,0.267420717966549,0.158234831232632,0.328944293009528
0.0933634440738621,0.346151118057596,0.142740135677366,0.2688724296333
0.102979052925099,0.258200973689189,0.11998368855298,0.293420727158945
0.0672839239375015,0.334343901857354,0.104315074631259,0.308057033556726
0.113882041878608,0.305148356047487,0.134221794801621,0.29033131076445
0.0955108667390798,0.337317226899333,0.138360733706085,0.310227493474001
0.144103804258705,0.287032242130165,0.113766843481927,0.35732109974434
0.104037207840342,0.362685595944932,0.126330007128148,0.263209822378997
0.124568759834013,0.330098810561229,0.124720729125388,0.294139178697912
0.0528633381165436,0.249554246839241,0.122124964423433,0.292552433835053
0.0555965393069983,0.262624707358196,0.102063247833697,0.286543048467252
0.109792525398888,0.276986075257166,0.0686674006546868,0.281114583233473
0.0709832978658041,0.243974939258374,0.119034421462493,0.254710731803432
0.0920159373415359,0.320659062451274,0.0948879548880842,0.309661508564463
0.112827247465125,0.317073342367784,0.0717834390154879,0.285988934709127
0.0685459708941806,0.257015566557512,0.116903467543875,0.252527025843959
0.0738910782665044,0.354111341001093,0.0909662622946901,0.335882958200505
0.109317657396001,0.240099823412412,0.122260133072073,0.244323460260193
0.0771285656489906,0.326332781769567,0.112257091431645,0.317723280446538
0.0807867152260105,0.261211386542298,0.0907665395345746,0.26667289391919
0.0731665967239778,0.285448750092369,0.098004025972152,0.23445490901874
0.0538310416609879,0.300893230982823,0.128651437295732,0.316605652868963
0.0644841342701447,0.280330128700596,0.130685864639003,0.324927313878912
0.0683717225480294,0.302394078537954,0.108744630491515,0.271314510005309
0.08831483615462,0.26400016349847,0.125409400774738,0.297561103242487
0.086782992540907,0.354281351362592,0.124210940153926,0.264833569381678
0.0868403473812646,0.269585362390626,0.14695878027681,0.303634366150543
0.0916105390554719,0.254506019460104,0.125050095719426,0.279543653467854
0.0711613938252848,0.365368631043814,0.128816009130854,0.296342989479274
0.0763622787610903,0.282309041311622,0.0811407849300303,0.245554093068419
0.0894942875790171,0.279640961584721,0.101998953592663,0.271407899524569
0.0602456829231928,0.260543155606769,0.0990861905175733,0.260564081694542
0.0691223033867292,0.27041865425978,0.101041995441555,0.271781440775406
0.0722195182345506,0.27853503598134,0.0815482532799463,0.268828064730303
0.127881802083294,0.313740341953798,0.108785267337851,0.353153293223897
0.0758275926325873,0.379127489099306,0.117457643537012,0.272378450720848
0.0808638261877933,0.250159015041883,0.107200682373692,0.328776013044887
0.0721974206204488,0.2551990463898,0.0987256287884089,0.239425554521806
0.0875136639202935,0.299979632634544,0.0921849667931081,0.289445712197734
0.064691831917881,0.238502311569745,0.0840434076513228,0.279715899402081
0.0482437239381769,0.264136511435324,0.0930555910522131,0.264853129778478
0.0507584352348506,0.253467525881662,0.0686497079940538,0.260227806042228
0.0711785904708114,0.354865667557971,0.123644457021125,0.298450587972604
0.112443951080284,0.322789783429454,0.122688322104936,0.340075889407911
0.0926953907293521,0.339637834503927,0.127049089736701,0.322436406946583
0.0965036178590815,0.282267896016717,0.0985179174239419,0.305960385733791
0.13281153086777,0.380688775792277,0.135332519002944,0.331659348777313
0.10055813031412,0.365439843967203,0.108923855776154,0.327122252249194
0.106281898296787,0.307873394310203,0.113796282393425,0.298827179843768
0.113822763868188,0.252264988103119,0.148603454513343,0.29391610589521
0.124736721738449,0.24458173775663,0.138951189946597,0.295392505907828
0.0803758371424874,0.289965748146776,0.0746571206729148,0.263940413978493
0.0856563063865221,0.255522397405105,0.0979624191343535,0.296221388208288
0.0637342717028974,0.27086472932841,0.0737714222984783,0.26712971858336
0.0716928613944618,0.248783093407663,0.0726302975563237,0.254097543609703
0.0814972101413311,0.247381501953548,0.0857307186455607,0.257427742824491
0.0731755025800544,0.254276887307692,0.0885093472542166,0.244615123411982
0.134080702771456,0.294067556892173,0.116996954550312,0.31202463499251
0.0506982836584985,0.257983218878409,0.0995303021224252,0.297481911930593
0.0706794390149768,0.275321322369693,0.127450373825572,0.273978080613586
0.109284705267306,0.34091008445731,0.138483718529062,0.286679296560651
0.075392087614102,0.288291085207006,0.106341846096253,0.298394368683734
0.0716901851355947,0.265191441717735,0.125331802177216,0.28106470780154
0.105304397657689,0.259420223704207,0.0929129140822642,0.338059243494082
0.10067768422557,0.302465730574782,0.132534894900477,0.288405702554602
0.0601101668043832,0.274738995010805,0.140160890164143,0.301858882730704
0.0722621783718907,0.311379713688821,0.0882401577898961,0.346165679699089
0.0797001895568583,0.282482857577363,0.109044519875511,0.256472437749677
0.0781130212857265,0.299023976497204,0.105242659830258,0.252977528170679
0.0775343891759897,0.295567705143287,0.105342106618815,0.246572025606125
0.0973434596228361,0.2901631427438,0.1099900903883,0.248281808366103
0.0620481925910233,0.289981403766759,0.0739639160655508,0.24563393705575
0.0519238316770812,0.219792468691264,0.124040949888426,0.287958113845222
0.0784843500435408,0.297402402220688,0.0685090942592013,0.256523638755408
0.060382264007375,0.248669333351933,0.10640768748117,0.30965772244109
0.122321912367065,0.32731520667618,0.0808500601354511,0.317757005838759
0.047779112495363,0.274140460768477,0.10005131455426,0.243077040368587
0.143465274528701,0.32496747337184,0.144889080050761,0.3587808037032
0.0703430999803312,0.217614275585183,0.0659038535179094,0.214273001939224
0.05089576609643,0.233232573684049,0.136702713993674,0.267382540412162
0.109264090451359,0.311349907938732,0.10693300953217,0.271965214563709
0.0987670618611956,0.341904071249899,0.117061149439202,0.318686178981797
0.090818054776507,0.296149185989385,0.108234021240346,0.262052874470843
0.0691729206958695,0.31048345815867,0.116731751814758,0.295576925343795
0.0852179569260656,0.292878349131199,0.0780461380468278,0.260427717582659
0.0921608250417531,0.258215393854539,0.120435890243057,0.263165946405907
0.0740861740938361,0.25855362448863,0.0758515475338792,0.263807354833874
0.0991415872349679,0.266523145549391,0.0870436106155054,0.323410979298407
0.092674126798845,0.32355959043643,0.166399478990847,0.282062961950251
0.0739542713603147,0.312876523360586,0.104845874196088,0.273224789356942
0.0718118178275667,0.314206459656723,0.119926630575149,0.303580813587085
0.112262107714468,0.294749426660564,0.113866333397403,0.259945951741789
0.0839312833557204,0.343461187578795,0.119252788224367,0.332643202954017
0.0574609534824212,0.219497922350465,0.0947486011250376,0.224601323209574
0.121261083652228,0.406219968985783,0.139890593739,0.3101915515389
0.145102679296635,0.365591006875522,0.131720409630347,0.2805480359609
0.077445368453156,0.280977546264102,0.106836859018045,0.303775070446717
0.0826304088724229,0.287858101180108,0.1124837496708,0.297825132521831
0.104428778933471,0.269660917119091,0.128469276280053,0.283432575192958
0.0625583575352223,0.244905100597,0.0942321889576264,0.23438613465269
0.066332739166057,0.273363935918745,0.0756681395072754,0.259753353666649
0.0843634376766124,0.325303977918368,0.101168395298036,0.27466867525682
0.103106078956324,0.307345243830828,0.0941837645297865,0.252843814249009
0.0767200488721877,0.371820112824001,0.0818946745675241,0.235798808774021
0.0988472848448441,0.24165120346034,0.0841525510819238,0.263559889906651
0.101046619598709,0.267975725942943,0.0914226292468773,0.256218106550602
0.103159654195146,0.27502659979936,0.0896867194647466,0.260093536306095
0.0945601624546973,0.243573196766421,0.0892430609120796,0.306613933074752
0.103169055793509,0.254895751487369,0.100359638706885,0.274367008078352
0.0800440029641353,0.305844764753657,0.123300564125577,0.307657986027257
0.0680086669657622,0.280929051608781,0.129976038665709,0.21521948017835
0.0798970391729776,0.259759415207069,0.0987568832252434,0.314153915257475
0.0790678017892343,0.253752670221489,0.110380619146263,0.250572054492107
0.109403043595596,0.312605035182463,0.118060691531638,0.279425347707789
0.0444232252148485,0.218646856216957,0.0824213463141524,0.251301232524763
0.128617702104471,0.330660659394447,0.0869267179163669,0.272156771882826
0.0747237493696176,0.31451036007481,0.141255017516443,0.374024926947772
0.0541747035447031,0.264654876874139,0.0898500030756458,0.234358979264888
0.0582955856322703,0.236236276861765,0.0754414758590855,0.225982273932527
0.0928556506076096,0.260137270774343,0.0848672741255964,0.223221185872314
0.064404918098597,0.221773576025908,0.0907061160053291,0.234386676828327
0.0879573334071036,0.257823771755961,0.0899551494247127,0.202725256427351
0.0822615934040252,0.317646871737477,0.121005146724729,0.301858999684709
0.0613735965383136,0.256850814125954,0.141892253243847,0.312922916020869
0.0668302155261516,0.306450384788479,0.119374461931089,0.252165665585875
0.048414235616136,0.257655954088022,0.0808397294564134,0.2833532450054
0.10982543722283,0.293664273577497,0.128063376075835,0.224145222850371
0.0611845353474001,0.237512132188936,0.111007359411491,0.260724527385829
0.0707552595757113,0.296634519685876,0.072749388658013,0.250071941961169
0.0655201501556075,0.253486532224546,0.0833564020000898,0.324820638181272
0.0526187547128667,0.311146631059044,0.0995791640621487,0.24083588897568
0.0887158115081796,0.259255157940701,0.125019293773471,0.277989993112901
0.0974362062223346,0.242589069001522,0.0924150392548448,0.303167430330944
0.134780639049782,0.32065343723526,0.125858428686004,0.258974791918777
0.109388776208945,0.258391149999138,0.123031774914084,0.293096856348141
0.113074112753205,0.273741423178842,0.150805086261263,0.249006130950247
0.0836529649891791,0.32852784095914,0.111981584423456,0.310821187440763
0.0941997113950895,0.282473903114325,0.12505867642745,0.250156320723307
0.0864488984916053,0.276151111156424,0.112233444829571,0.300081542782277
0.0687098545763,0.296095331889207,0.111962391475845,0.300151564169078
0.0227435017574305,0.253910381397509,0.10643845295637,0.223687893343229
0.0932444933857173,0.319726157151475,0.111886086883124,0.252473511947752
0.0939077775573448,0.309852953596504,0.099551853172719,0.288794787031254
0.0775462931863043,0.279952762031124,0.0902807703991696,0.326019330268192
0.0732908598238009,0.327142756571538,0.133223120669997,0.351129007904954
0.078649530589052,0.277187968594044,0.107065030977739,0.278636562670545
0.0833086969974757,0.295517501831141,0.129280053059199,0.270058299377127
0.0916636730306475,0.297330847703592,0.150788907978897,0.302077606273929
0.0570781012441259,0.288823649249481,0.10586323802749,0.259771718564199
0.076954862603607,0.275188155034497,0.109475600932783,0.233079582067316
0.0950819378686316,0.353569677037881,0.12255106330779,0.312218935897154
0.099856455536476,0.296971279271793,0.125212077685454,0.309505219453732
0.126380437678149,0.353381070876296,0.133461903981489,0.320344475543725
0.121665166840817,0.292962512409547,0.115356301836368,0.276527013460575
0.0978730827755111,0.248053809576081,0.0973196598887806,0.270253443129121
0.0889201846015239,0.280287613201245,0.107326603922942,0.256391150896282
0.101874365991722,0.310843707750115,0.117915614750808,0.265717829011595
0.0948572682696729,0.271162930525245,0.103301172177007,0.275582565751906
0.091977383370029,0.246678692865105,0.0938406817956544,0.304381288344339
0.0723014533023938,0.281267200364694,0.146229800009676,0.213676343700597
0.136936218499756,0.297402964571664,0.132965862801711,0.324459614869822
0.107943820141809,0.282417531546388,0.12314447338917,0.322298572881469
0.105042043993255,0.375265115011194,0.128788063252812,0.334220959924645
0.113069804985126,0.32615014141905,0.151038614910603,0.357018609073591
0.0931147493148357,0.298612148690623,0.0886073883987546,0.271011610632075
0.0842241425963834,0.344758189661165,0.156963237732706,0.356043523862792
0.0905466456507056,0.332734540971673,0.13780894354184,0.362362330108757
0.110191090090254,0.253106398010691,0.0937614919472021,0.301836838911081
0.0875205952553322,0.229314583646802,0.0869122065331983,0.312910774857864
0.0421812836460561,0.314421546984738,0.113993523420161,0.250310962480544
0.061199209496594,0.303208207967667,0.138804377391392,0.252194193460245
0.0624898562888953,0.300998792626728,0.115150410305278,0.236919898452315
0.0861928969540167,0.270623752216333,0.103046224695058,0.277336809675633
0.0815116947053342,0.273305162312705,0.115038525980518,0.292102983836653
0.0535585819751767,0.298059901623388,0.117652466492842,0.288990408784015
0.11805221445493,0.291917638317228,0.0981130051439399,0.33431381252772
0.155520767076391,0.335807471332516,0.156600964323572,0.30691000431986
0.0790526108863055,0.265517327215377,0.097996072245749,0.281110359423854
0.106541793809087,0.27416091852744,0.0968534512584132,0.245927122654385
0.0547584490140547,0.293089967149801,0.124235361933508,0.309423153901903
0.121342878109414,0.31009027052564,0.110715153670533,0.273599140753333
0.0791115986744439,0.24264201230332,0.0999186934216767,0.251646349976296
0.112643621247369,0.304741018678031,0.121215785705714,0.323539577749344
0.0646986560861616,0.298570347557187,0.0876877399419419,0.313629374446268
0.0716507129889469,0.319494984102357,0.0818666905923071,0.296410565509134
0.0701414333839904,0.256727806193572,0.108147619973028,0.293978082467004
0.0701550697263301,0.253907043685209,0.0962244290301192,0.292261450144203
0.0372856926501111,0.275194728614256,0.0609046113578659,0.302038854558831
0.059217198920102,0.21611275882879,0.0852592861617718,0.338317823617196
0.081925145746522,0.263316874885845,0.0771774733279268,0.313649549469891
0.045441028241342,0.257696492238071,0.0647824662695983,0.277353923792016
0.0593390447917622,0.286941200563232,0.103147180974433,0.305682060573432
0.059755224666246,0.288797028047027,0.1000114877196,0.305289081858518
0.109549447157122,0.262103233588888,0.110550006591433,0.263877693406396
0.0985313646400146,0.322492352140942,0.121016778523934,0.29865117447851
0.0665199064553986,0.219231399683559,0.101048269417343,0.233739917139516
0.0589892948406012,0.250167145036947,0.100758078470286,0.225504496071237
0.0653620128890881,0.281444711389948,0.107926653930233,0.328343565718332
0.131455547602391,0.24595494807481,0.0977671393597351,0.243580630474247
0.0681183924429136,0.348736260908143,0.100272465357273,0.326735776047091
0.0908048297799577,0.319490912979032,0.116594888882915,0.314450639404439
0.0696332888799925,0.291672426363309,0.100384988014801,0.273865058087171
0.0968582210409907,0.317456816624696,0.12174361171365,0.273983131731312
0.0873870849566961,0.27924016181204,0.0914058373986947,0.291844302577213
0.0899354032344395,0.241784357150523,0.103970669829427,0.267992976300011
0.075260095942161,0.292001421326325,0.0668355188654755,0.276245575282852
0.0671781678260575,0.270273234704463,0.0892949422530122,0.2567324061584
0.101278769402964,0.343381485773655,0.125813706039364,0.264390048647704
0.0741165098694067,0.333032082691504,0.0824841698244705,0.228505185624993
0.0771859154372746,0.285076358318914,0.0969657338214515,0.240969921125831
0.0683542404271766,0.310069599934256,0.112296340465992,0.321654255152352
0.0648483635217456,0.322789625882551,0.124676922973434,0.324242726628104
0.112872983766751,0.317607516814211,0.10692602925564,0.314620682514623
0.0606874740647904,0.276224635798171,0.0904857259625156,0.277954016035484
0.0705859956242294,0.315323838176449,0.126716182605241,0.255928270731358
0.0717029547919434,0.309965042888941,0.119087234207628,0.258220264956055
0.10401052028896,0.269221781453376,0.0806923208214472,0.286282894305517
0.0451319790843924,0.275231479473915,0.127641632030048,0.264037636061331
0.0416872501990509,0.23156477884515,0.0992226951057559,0.240395076850115
0.0452646751161215,0.235023401593956,0.100512735044866,0.281932673154517
0.0674749484156934,0.252641119374256,0.135617002896342,0.256710459421719
0.0563027793504867,0.317203858394338,0.0845373555784426,0.316227549110767
0.0504719240793688,0.318962377748453,0.107038704434826,0.279636720982075
0.084488287169575,0.27033408004291,0.094292787227616,0.289801121197019
0.059584621372865,0.2751104484194,0.129831254856817,0.248291171022812
0.0830601467006686,0.279238424756864,0.0865522994310421,0.276419770224402
0.0475193307817441,0.266934841953433,0.0781037583888112,0.250611284378522
0.102565649331855,0.266884916282427,0.112140823083622,0.260421898834722
0.0772000856044293,0.276498594130263,0.113929718789765,0.274152741107792
0.0954653776708049,0.311149494593979,0.0980669406930604,0.243603893257413
0.089477191325071,0.321962951028067,0.0833670270854733,0.267331150667408
0.0739303076001031,0.221068027783655,0.127765919889664,0.306587268396614
0.0831253544218827,0.268185645209725,0.100992086295793,0.280289553624457
0.0675690737212014,0.2663049827477,0.132179561140896,0.281527391240912
0.0953246493741575,0.296675628926937,0.131596426364946,0.250284539305979
0.0919348887285838,0.263290712347188,0.114470142741016,0.247242531107727
0.10611243652472,0.31102139383227,0.111060454414383,0.308874964772432
0.0933242665696876,0.295321504699383,0.0847247528500149,0.292028378168741
0.0701192525549087,0.306891908308988,0.118978907181927,0.287640383925092
0.076655710422503,0.314258583976299,0.0872673537531132,0.313700923547966
0.105961335785643,0.30926609622826,0.112257546959955,0.287802737225389
0.083540181875185,0.304970860458013,0.157638239595443,0.274566055652363
0.0654627304819796,0.280647521845528,0.0614056708553578,0.254460702797637
0.059757113917213,0.261998515203521,0.0691163824701413,0.30706829958469
0.103067728093323,0.242876771807625,0.113152752783553,0.3151349254633
0.0866581630759322,0.279716966319708,0.136502484342294,0.286532345455718
0.0855394946067265,0.273880627045532,0.115727434280732,0.254330878052527
0.100031324996021,0.239668407582916,0.109661879726174,0.261900534983968
0.0437232235715965,0.292132387904163,0.0941548789563795,0.259872425097255
0.116971278551441,0.300520160588175,0.119223882391038,0.323818494348125
0.121861216463506,0.291604548633387,0.119868943802625,0.316958607906986
0.0562863935887542,0.310096705625702,0.120928094550969,0.24276025712935
0.132675033250025,0.29732195755124,0.160513455024939,0.264247673603386
0.119052185558716,0.340074210003484,0.115959909722658,0.318024297166729
0.0984296277563367,0.316082736168789,0.130080643817464,0.332160911446905
0.103940077296362,0.357413552739633,0.141200047860624,0.24817726289283
0.136360042432552,0.310505269193722,0.104095015463487,0.256426132061908
0.115562463335917,0.292084339142564,0.125865430190907,0.308776495784399
0.0587865499059787,0.277787806545109,0.101987952838013,0.217317334331072
0.0363503841140732,0.215122332993833,0.0714330108623144,0.249543384852797
0.131623898592025,0.351243671165987,0.137661922774805,0.308516086567568
0.100296790141325,0.231187990796306,0.0912857060893059,0.241612415433602
0.0930056915606159,0.301097151240641,0.138216337227899,0.314779173382869
0.107897785111058,0.288200515168507,0.139583391003949,0.336033062628651
0.110407827720434,0.336871550255202,0.121377690750744,0.329010374569507
0.0926340494584183,0.260791432814493,0.121253951677026,0.300335948596814
0.0806625452036755,0.332613165241259,0.142736998730682,0.291676019971187
0.0758854044367958,0.265386766235749,0.0783739568703676,0.285658440941529
0.103255456729064,0.340890989947487,0.121702404149326,0.313344477460293
0.109892434010591,0.310252716607461,0.130541078844269,0.303836768600354
0.126390300395832,0.313350588900097,0.110459910693357,0.296480069848502
0.101772529643846,0.314269033286249,0.107066474042973,0.330540821530448
0.122864665519541,0.361671152039779,0.0911239321173062,0.361962120193549
0.0912227830055539,0.321372210751094,0.140722134144915,0.247623035483476
0.105328499281164,0.313695090236896,0.0953139576810363,0.306633395930947
0.110378152436212,0.331663231182239,0.13431887882214,0.335029127397409
0.0846198061715513,0.254009446560597,0.0764439690568296,0.225915321606448
0.0591920479841383,0.296207418298815,0.141265914814027,0.27355318283267
0.112117964471927,0.250760108477046,0.113201562932249,0.269160264140754
0.0468087230543498,0.243938172663566,0.110896299169209,0.254483485424913
0.0811542411810152,0.223923902416785,0.105317267558581,0.234241781068613
0.127160354045479,0.313564819020439,0.100210393211303,0.335880867157223
0.068554677770114,0.224506447735355,0.0825110069891281,0.213787466753832
0.0807130948360156,0.243695942688771,0.117826289229214,0.286546725925315
0.071957386146721,0.403145507584629,0.0932661302656482,0.301458865016011
0.104599537204215,0.327277604136211,0.101549680607071,0.267832237389088
0.0639846826749358,0.25764005559334,0.106557360255254,0.226858855260677
0.0660405075476743,0.257806744512257,0.114619236873709,0.228468168718301
0.0788682764191119,0.24470264241302,0.0778295292477508,0.212252162344234
0.100353422610926,0.313344440386795,0.125260267134044,0.314939030567038
0.06737859288646,0.323892699690552,0.118056777583103,0.25784518572867
0.0757706443405213,0.258724285831367,0.10544785119563,0.285200457600612
0.0719848604141066,0.249177110433114,0.114236251324394,0.288141463368294
0.0718710604840818,0.269502724959855,0.112079376515808,0.259321818515425
0.0786068362309509,0.336784671547591,0.0890742520124876,0.257526002668883
0.0496841689408491,0.234462799044539,0.0964275738033152,0.266499833987555
0.0483374070437317,0.268786410558364,0.116087480978817,0.272625491362719
0.0404181111663378,0.273475892358207,0.108550964937351,0.247288504554348
0.0545711238828064,0.231057510530402,0.0928418912145376,0.25351557503203
0.0696355796467167,0.273299109864565,0.0937399138746961,0.279957617177662
0.068068501819878,0.292971249425159,0.150389094024082,0.22737841661935
0.0780849010641092,0.330701158853547,0.106320833008516,0.265182430215285
0.0863240556080579,0.256226553326117,0.102440432219034,0.284230916292951
0.0475104311733941,0.259045810693842,0.0877546780428746,0.304129536809374
0.106922907433754,0.356863157721592,0.0862097307441101,0.270198736128108
0.0892143040185239,0.230100693720393,0.133797251540141,0.264241868805435
0.0984645137841007,0.275426404009102,0.122552618090456,0.264641289978453
0.0558745814866448,0.280355163891709,0.126219734389359,0.257462705099393
0.108588908453309,0.302042154895045,0.13996180074734,0.313425271520858
0.0952261933202569,0.287492189802885,0.12118303841498,0.285080840225182
0.0866491651028847,0.308401656129145,0.099244164819327,0.29316255271665
0.115199304269801,0.318729683472978,0.129614165586154,0.29241102786153
0.0757845726750579,0.314824465585484,0.115830234307903,0.308290853121138
0.111519669407698,0.243271696818544,0.0822386719984329,0.267377539513012
0.0799047447832471,0.239649967755567,0.0765945920849711,0.317057226884435
0.0982656244171654,0.233474077754212,0.103415865206247,0.213792984801225
0.0519867150720449,0.218064516399996,0.0927790716977875,0.273291309202636
0.0593933535789855,0.203284052806963,0.135523585135034,0.24116851834784
0.0692695644134286,0.201690850874494,0.134714598610746,0.268658349161522
0.100443674026818,0.274823046320634,0.110058165635192,0.264415847601233
0.0789042709240478,0.248212670629943,0.0871329092721367,0.26536853622087
0.0686074187539607,0.21269558575404,0.0814829948735286,0.238689466298382
0.0591684236729802,0.225209532224117,0.107729223545419,0.205807790673749
0.100553637477645,0.305542068041321,0.103340917560235,0.330969529951041
0.0640148237580889,0.262244511336254,0.142599683084598,0.266635341600468
0.0995933873948121,0.242942929727878,0.103078725798407,0.27443323850654
0.107037710616301,0.249033945422948,0.149062508018018,0.223019533048218
0.0599833919221569,0.248055165226295,0.075053997614255,0.363099800385548
0.0641893710490395,0.263686498587476,0.077470302397658,0.368339319968431
0.0983010087979293,0.325909297680417,0.136962980724242,0.283586381282341
0.116141426377423,0.39335589221224,0.116074054737475,0.280121117371073
0.128803587279908,0.251273748769095,0.118826014112434,0.322502207020126
0.107685542597072,0.393022761481966,0.0873527783141693,0.290490905069799
0.0702541545390589,0.330454417667573,0.121187486670544,0.324454599459584
0.114980309547516,0.325091699930244,0.110349085089321,0.2539013883888
0.0699488363379709,0.26380821905924,0.112320484299695,0.226936940817478
0.10399896232094,0.327998841079081,0.106087570739086,0.306578625989233
0.0656763680881591,0.276323550789386,0.107650228615003,0.250022847909876
0.102137513733126,0.281045031094417,0.1015581518674,0.301320636660656
0.0759743562695208,0.303680468866471,0.132641191216501,0.277498503823187
0.0918162703691268,0.273861311361331,0.0988882019356284,0.284285927853979
0.0932521603797995,0.305753106984237,0.131580132100895,0.259585551085414
0.120557335766131,0.2626374673102,0.11231062164837,0.319144129893457
0.108476159127028,0.283085789985681,0.102038393526675,0.305223546467551
0.100549888579728,0.268629996125676,0.165872073791433,0.333162678840091
0.0847843772639424,0.24556425704986,0.0921707379521123,0.274343938729721
0.0861847965742837,0.287237553672379,0.132665068126016,0.264482707263562
0.0851860148522991,0.263363239709742,0.102467387251803,0.293865356275128
0.0500899767997647,0.2448030348231,0.092096192602025,0.251620720295492
0.0679156091638083,0.256706586412032,0.131736475259611,0.276828811396471
0.0823478169682226,0.336146939848686,0.165687296591056,0.274812557077396
0.0872574606108195,0.248110282641967,0.0940043367413432,0.281698507395126
0.118031546510079,0.397082445276715,0.11836995216914,0.302747401455578
0.137181566479361,0.258370250796006,0.0832882625543474,0.251425105072376
0.0949119057163795,0.266005951480192,0.0914303085988423,0.309091679015345
0.0923430724497099,0.293019934524959,0.114589112160331,0.327058312371243
0.0516283547432793,0.259871414597635,0.097997002772019,0.234481058210579
0.0470994049536137,0.227336683158302,0.103202102160518,0.246120848659188
0.0985728803734459,0.295407844358029,0.124960835712894,0.306606954646703
0.106941143020694,0.308491731404611,0.114985845797402,0.2880556260471
0.137549980917517,0.316288795529045,0.118057881098199,0.270115620109499
0.166263577715417,0.286919346137619,0.0885147697597831,0.256664175135871
0.0734760780925141,0.309015924733339,0.143113562436025,0.304142084642154
0.0871206036901639,0.204926913513196,0.0906354273247543,0.189853993228731
0.0553274340926062,0.238888701589523,0.0826776140513907,0.222811266520349
0.115497454881243,0.317455740339955,0.0755234940523916,0.283626405379341
0.0506702780089084,0.366843650629755,0.0693194619493597,0.286357984537476
0.0405995638765364,0.266720610879321,0.0914983588972469,0.262431395916161
0.092055831651568,0.30767547881835,0.139006128945712,0.292276744381369
0.0495243002016546,0.231107320122616,0.103928873841899,0.291428276102115
0.117308435778553,0.278921773553886,0.116581112916782,0.273124654198161
0.0449387149841511,0.255781731213806,0.0982500964564102,0.266108202654325
0.043525093591859,0.21441590766859,0.078994179422298,0.326569822096245
0.0827540436823283,0.258215587944428,0.0873054387479221,0.314353662571698
0.0545664197231895,0.246389375486771,0.0936419831022491,0.284621877960656
0.0706478180568843,0.340727002614965,0.0935797415122246,0.319455546339687
0.0843075579161583,0.237168865218496,0.0867972193701124,0.303385780767961
0.0519631215208793,0.319229244161383,0.0912218557766798,0.241022055678851
0.0632570923760678,0.307803951510774,0.0993447658801454,0.205747884163509
0.0876487657234177,0.324251738178648,0.0995946285015451,0.308160791897449
0.102050353900099,0.341900356255146,0.105905366988056,0.323854696793649
0.0763467325403513,0.250026699177154,0.0860310843661389,0.281012630609978
0.0802951657238557,0.319533843319813,0.115108541546986,0.291409777696515
0.0933379453326209,0.232123069345789,0.149524724290104,0.316257789311645
0.0780002808268582,0.229624531952275,0.130306565805248,0.314559314405368
0.0870582070151755,0.281707196648111,0.0767925594435476,0.22750513084584
0.0465006551082956,0.275984130356843,0.142443335909357,0.308736513360153
0.0977571119434761,0.303408850569934,0.0695439679691365,0.255190578703197
0.0696680668473009,0.341958896368784,0.0892024141191069,0.250152832271357
0.0632648474743339,0.303904438817031,0.0807713051145422,0.231078389113811
0.0758771084477873,0.296242305768906,0.0845723775053715,0.267460112174244
0.0649419191791289,0.241287532849764,0.096183197406684,0.308139046650478
0.0737556692128537,0.26250413932202,0.092673760839913,0.284895355929108
0.0844100056221927,0.29035982969982,0.11045039451695,0.280018315555607
0.0830239714204016,0.300382304400538,0.0995857472723449,0.272055553519964
0.134971107733032,0.281118206199841,0.107844541566004,0.275346017633186
0.0842176083221643,0.31635148983197,0.137908363674091,0.309302989310887
0.0915408947202199,0.284765270791899,0.110381051665939,0.28075478136171
0.0619271293003592,0.211831447571001,0.0792712029072969,0.316696633497834
0.0722127538852467,0.252862717545113,0.0586776212541823,0.267515781305962
0.103999923101387,0.297649124657945,0.144641052394059,0.261123153730095
0.0888412923111629,0.315792174581544,0.0940283613144232,0.300393138119603
0.0870034035772487,0.253857229721742,0.10682590086709,0.326026479903544
0.0595293415705517,0.247007548672438,0.101790944498631,0.285652577003528
0.111413818153145,0.348731947177117,0.129526183878119,0.288548443490523
0.0815309355985743,0.275154422379532,0.158399957854204,0.269359721249278
0.108080736893142,0.276002050594797,0.116693684681608,0.303596431213377
0.0598655241216355,0.251572312218749,0.0827248715006577,0.261020473582643
0.1049175556138,0.308860506921198,0.119292581294242,0.294988817869109
0.0955476379372664,0.319642161769046,0.131422918231022,0.300637242286552
0.170430705410141,0.322025566590944,0.0994762696284473,0.281222392023749
0.11517088776971,0.293821764120089,0.105236709933,0.309903509495708
0.0656076847804007,0.329481440089387,0.115109556040309,0.253582332423604
0.140854271247199,0.287213325549749,0.0919010313126112,0.318987363876729
0.0649608654852229,0.31977602134932,0.0958447191295818,0.325684739381503
0.0681886691820468,0.277827598630315,0.154483785009301,0.276717993349726
0.0656363500635119,0.290421046016826,0.0703209581834141,0.295784003448249
0.0604296226978089,0.367594019155449,0.144628706062586,0.318168021146952
0.101239375220299,0.315029335834402,0.124215934287553,0.289878093564444
0.0729095768066358,0.304264466381967,0.172398411888251,0.273185679632036
0.0705425573306491,0.280568348453407,0.066337352459512,0.242178053440569
0.0700208203265171,0.310121770320385,0.0710025946907698,0.221996916690108
0.119499793278507,0.234194547686538,0.0986775146938189,0.253516481446483
0.0612473082884784,0.303354647867735,0.098303001184675,0.298668049414038
0.107796381340096,0.276951798221902,0.12719784536343,0.31230518416337
0.121219892134754,0.334468936686749,0.103452766416503,0.337022353739523
0.13404432769525,0.349067560320897,0.184424982781174,0.312943198501845
0.130413750895338,0.317596883840096,0.164276301068951,0.294546926088986
0.120176467711685,0.304430359313173,0.122825236056881,0.284330017382862
0.0787921304276047,0.281138879220464,0.0743179366725378,0.300050254117307
0.0924334620580537,0.290402607284161,0.119514952971241,0.268085561439129
0.0526622219661199,0.236338348211532,0.0906339573777348,0.306144169737174
0.0757284618696054,0.267272454903319,0.0908677076211067,0.248612307270149
0.131641237214788,0.288929154618247,0.0682590299394985,0.317427642366258
0.0646779450017743,0.306770995317916,0.127494458077086,0.310335873241325
0.0951111154051585,0.290893426218782,0.110601089875724,0.325652523164966
0.120799936681457,0.332496962713016,0.127448136510617,0.317691132884685
0.095782440670414,0.296717825908805,0.126802892118443,0.284138206897701
0.0912990835438841,0.26143788997525,0.130209203668443,0.299904438504883
0.0858052595286668,0.251258612022296,0.112173167297749,0.315782460769932
0.0820256017433591,0.326514539014054,0.104341609931066,0.265137057307653
0.103342612824922,0.317210199059622,0.0953510369526958,0.255327619591935
0.0627721859998283,0.301433898762263,0.0939193843731482,0.26665946107521
0.13061985118737,0.297728401888326,0.0887777308056061,0.294517241063375
0.0495253468870642,0.269231814059,0.129910929482586,0.220903126252007
0.0572416458741062,0.273363532940107,0.123063519455485,0.237980917357221
0.115960300679239,0.255580611088687,0.103264531692754,0.246938835156195
0.107937695164073,0.262179137958732,0.0839556055166282,0.257423699656253
0.0530154999782218,0.267884555343448,0.0890277613029311,0.269919549560573
0.0624532027287565,0.281505171610212,0.0887991370393794,0.262390952239432
0.0877680142925689,0.266309194503382,0.137403824639731,0.274703285236475
0.0912659159974148,0.305654453337674,0.130571853350986,0.25740079052649
0.0954296384767451,0.431192390369983,0.114301290011679,0.343624160439402
0.0880230597789012,0.241526421919325,0.111528890372612,0.32927535151012
0.0861314000726614,0.361097112281954,0.14214546322543,0.276544779090361
0.0991377382130507,0.308326461845948,0.129643973094807,0.263804455542803
0.0430006708738634,0.26870016646033,0.0899103714132746,0.27652457722497
0.0506113889550891,0.284020790459459,0.120449362979462,0.201445110055944
0.0772231033519617,0.246043321084406,0.111931671184434,0.275550304351355
0.0775126370307319,0.307917399928148,0.120093808210627,0.261767253915589
0.0536264637467464,0.284958615378263,0.0885356252345363,0.258248874687068
0.0690970988908876,0.268050566984014,0.112565610823416,0.285452449053538
0.0662803735714022,0.312270078356904,0.122478725966887,0.264471455428906
0.0674699040642621,0.298110112789511,0.135060466099052,0.26077157632151
0.078088901603482,0.279316720980244,0.148008386543961,0.245943187207806
0.0859631992909344,0.381949228374184,0.104318571328929,0.253965178285182
0.107047844052132,0.291547056231777,0.130997551264782,0.258133213106662
0.152175353264943,0.295562620635493,0.115324763791402,0.35036466877919
0.0825293466875477,0.292016060632022,0.152138244175028,0.212978714457838
0.0862038493568717,0.244406244599758,0.104708767987713,0.293196099277535
0.0912822361131927,0.255686906560667,0.0982423154094179,0.277885164444737
0.076954060233049,0.34237921614944,0.0913786252282593,0.283721428377195
0.084188047787532,0.274891174200783,0.103135916128567,0.291919908679573
0.0568014782476047,0.268541174221336,0.127118528579583,0.267570590286901
0.0726605230819056,0.250061939175973,0.116318264809127,0.276830942674912
0.124340579251326,0.368706292011957,0.0686766854169987,0.335646067613194
0.115452927977282,0.299973088791844,0.0860094301213184,0.308918397093761
0.068246422829239,0.268995705532251,0.129325752404876,0.248954267157262
0.0879084351775308,0.264531266785311,0.101905034213662,0.318013798699469
0.0802661619732424,0.331139596390466,0.125507380030093,0.261902465794708
0.129156432948874,0.309662961183215,0.139729833656337,0.31640277583785
0.115319772237905,0.320434637834838,0.155150203785067,0.324944882152101
0.0717712380756082,0.293789619196709,0.0733497635620699,0.238245659206137
0.0888399465251725,0.275329935483193,0.0897691316848835,0.263018746354704
0.0566717100832616,0.304750441247989,0.109749632216123,0.283432234102421
0.0741853545782429,0.280974166949141,0.0859433638521222,0.282736958700897
0.0625592355703098,0.27189351649143,0.0770084996896261,0.271832641762227
0.0784871065681795,0.312463921298118,0.117889012772595,0.267836853504082
0.0948866040117023,0.198433633989146,0.0606885395509551,0.270779056281159
0.0925557958808663,0.372231700599332,0.137882686246325,0.315856894611726
0.0975072127910806,0.247865936052748,0.09020442853178,0.343312083948901
0.101133143848388,0.227539653213636,0.104396121214529,0.305705485318693
0.108268798923045,0.249190133125302,0.0887791415692497,0.321524525302516
0.125281086295999,0.278763194270257,0.102204949410638,0.287327532863267
0.0629461910006444,0.295454695206563,0.105357272196307,0.270415666375319
0.0735945944274504,0.259830877188988,0.0944980205553123,0.300511782149817
0.0989738454223456,0.247373399979061,0.11039432617208,0.284823394963517
0.0819710254657698,0.366226839826118,0.131890567365574,0.334429136500692
0.102996755804704,0.321996540747057,0.097202994966011,0.287723634052551
0.117784447378397,0.305237969231575,0.137113859168792,0.281297557143776
0.12627074581429,0.315067218624188,0.132336662033998,0.282966398989726
0.0829599713465269,0.325798699207112,0.129122984034286,0.344451224158368
0.111236420548058,0.268014601307156,0.10205075916412,0.258248876362645
0.110764426236398,0.30100281887343,0.126460594605216,0.313577647643904
0.0610800095118773,0.233045886126797,0.129900031061286,0.291390440814042
0.0777166934466636,0.306689671561234,0.0755157415748892,0.292018669007728
0.0897356917172956,0.217235011189684,0.147225851495883,0.227103529191111
0.0659043137027949,0.246177266465974,0.115121676030107,0.246262668906877
0.0748168741226269,0.238214845788129,0.0934512776808343,0.209066563078999
0.0932056725356271,0.286867453094812,0.167418472563461,0.314583890953877
0.0676164865814648,0.328509388433313,0.111286457172163,0.332702265450694
0.0936809089326411,0.227532702020462,0.154396685138929,0.217163424730149
0.0933902884402083,0.382499055318806,0.125560638746786,0.280780830477824
0.080457982156932,0.305038812924258,0.128812479300487,0.285437773623963
0.0738288452447489,0.256072929327428,0.0925565198545753,0.294203309098286
0.076520157486455,0.259855433397521,0.0965157978439045,0.235971336386148
0.120301968358569,0.298669328142057,0.112315456620113,0.24583766118412
0.0530467680364949,0.228562459308348,0.116450792015616,0.24638842918369
0.0734751553167162,0.286196776537054,0.108302528075249,0.25974704310444
0.0688808659959651,0.250617039588871,0.117399914622804,0.281638384395177
0.0610798839658113,0.234612612937182,0.116299292723658,0.260234574423423
0.0954631178092935,0.28161361762485,0.104923894986111,0.275409474113075
0.0907776337827352,0.324468251415912,0.12043255419619,0.278544619930826
0.0898462927582853,0.340051943801829,0.147956558486593,0.285531872976201
0.0880378491667746,0.312397809864705,0.147536203311902,0.281622911856674
0.0865038086078108,0.327988241177142,0.148162931537966,0.277816033146567
0.0879625193115219,0.278755944183564,0.0831820500501712,0.257276051023255
0.0631980025162591,0.243139274288249,0.0968139823614749,0.279191355648383
0.0734819551705476,0.285704646410607,0.114734174927938,0.264007690549867
0.0871643016821887,0.256584021509292,0.0990255550180449,0.302845730246698
0.0772537282463326,0.239234894431929,0.104459267038667,0.294749293882665
0.0844114849117282,0.236506043539779,0.114828213578155,0.286559199123008
0.0783065508272146,0.321388218922669,0.0992662358099753,0.277333347382301
0.121516383487743,0.298531569470872,0.104047500565986,0.301910426866921
0.0796366305293638,0.252864307593639,0.119805196737634,0.260412162227832
0.0944140379039946,0.263838640193874,0.133354491756717,0.244979169199263
0.0723540701103951,0.281807456301427,0.127242723542629,0.28589678252041
0.0806808049185301,0.272723310027876,0.113806417258727,0.278908072729053
0.0671388993237683,0.271703429182456,0.0772216727992799,0.237840931342284
0.0854196958839547,0.333335343157979,0.152373720486684,0.285396950993415
0.0867024190296253,0.320555153056646,0.162421301232984,0.270348517351988
0.0778942201788987,0.228495577368386,0.0727100455768061,0.215992287633955
0.0859629538789361,0.216562847509619,0.0740177385912006,0.223419959345516
0.0834984712872777,0.335480262661205,0.109524738432325,0.349858619928866
0.0747810434011172,0.302510835575359,0.121743616820086,0.295055798636986
0.0748320245632727,0.305468662211231,0.155245607762979,0.272105365391539
0.073848858731726,0.256537418869424,0.0811023283219006,0.296039801334518
0.0656129887907489,0.263700477606911,0.118136549508779,0.28190429759987
0.0433741717722615,0.30702666032086,0.123313103419451,0.31486263052228
0.0692921266552423,0.251033477216849,0.109255656562821,0.333918562710324
0.0821240898934103,0.364445517114359,0.104648544022541,0.270971763187908
0.0872962052111929,0.279887338113476,0.126430667352392,0.312805823774482
0.133400081467407,0.310147744048946,0.136042958923028,0.2639375350907
0.0828543670666319,0.226616338766978,0.0825667426433709,0.274931294287253
0.0804567842071932,0.381181412562327,0.1066149451312,0.288591395306137
0.0604597257437582,0.316729943005292,0.113464372146181,0.270371314602259
0.0716220371059469,0.372075435685785,0.0921252622974512,0.261559335750593
0.111346684115919,0.29659252328096,0.13496185316852,0.290977873792894
0.0974988145947751,0.266180807620349,0.113759853875433,0.29418416699991
0.105557715252606,0.337024093213566,0.128156235807036,0.281718309945507
0.0771601274737019,0.220431107570879,0.0846167680370275,0.253928639860418
0.0700912790077734,0.29725839668845,0.121962227292301,0.245603544232464
0.085929519910688,0.242712709577972,0.086567396564982,0.265299210246482
0.0566061412543098,0.229882063052001,0.0882356789368598,0.221407945102963
0.0874422767308231,0.251164108484612,0.0861388487839856,0.258893766135745
0.0544352148902997,0.372017250005772,0.143487577695289,0.262447877865909
0.111142212346468,0.319221356316079,0.080420122499646,0.311070836969043
0.0498843383533044,0.301759270820686,0.120084437006246,0.279362106903465
0.122386162838557,0.247594116488457,0.102486746407807,0.248351836236696
0.108306304839564,0.331200261006996,0.110833477435575,0.280192812270056
0.0651266921380369,0.264240165968785,0.0901720778926286,0.264751707466779
0.146475157575188,0.307286800589613,0.148711121644452,0.290272028622887
0.0959445609556156,0.315375572585024,0.106977400631452,0.322042678442882
0.100323505245295,0.273703558739825,0.116353628669718,0.326340930579195
0.0771466905306668,0.291665230620273,0.12515610433621,0.314093201903394
0.116331230772517,0.31358435807907,0.0819129173862446,0.303447564910162
0.08124249178577,0.300532879722645,0.128762786964549,0.245918734431917
0.0921226628476679,0.293093605782078,0.12449573875024,0.299280856276782
0.0571993755772909,0.249190624200369,0.113222788363782,0.297448463409585
0.112802326464931,0.240853989327174,0.0929108451909714,0.264316078183878
0.0467356081561128,0.278055623958142,0.124464562480167,0.276532524599999
0.076518292062738,0.314753742092784,0.0887780599661396,0.286468284588171
0.0653690080789168,0.288052163404907,0.102886448882717,0.263682050078954
0.0573169204322281,0.26308778554314,0.0888182834279398,0.279915328614712
0.087142718463937,0.325716791446522,0.101918951990026,0.235520743479781
0.0852118938100915,0.234433073047724,0.0837957595802854,0.26663331639781
0.0727128914473205,0.193126888451731,0.093806262889219,0.245872668005083
0.0811630454079104,0.392024845508514,0.119319978797352,0.303730398306546
0.0907794861189461,0.228866137538357,0.078875107779386,0.256444871818809
0.0644679578917285,0.272993026100046,0.0980869846186113,0.224601876460936
0.085589519129977,0.20674468901562,0.143024369000829,0.242995513021964
0.0795273778845569,0.312561894234239,0.0630421418469231,0.257880313670237
0.0695023687694125,0.261089774327599,0.0898251644288944,0.259296920875641
0.0689289712832152,0.243864280849737,0.0588644329806344,0.251081720776766
0.0654434857807281,0.316068641863226,0.138759333655712,0.313184377715082
0.0928472981838375,0.296964786843295,0.127896881632688,0.320180385433695
0.119531087828537,0.296373644448053,0.103968473394174,0.279407460847973
0.0747448717007144,0.238441067167845,0.119897375985758,0.207409952095193
0.096173071087224,0.373336100541832,0.123409988907876,0.309926722701854
0.0855423336251632,0.311027409692406,0.128659291168161,0.273519992992635
0.11994481159832,0.264384000517765,0.125071637105885,0.277334233230761
0.119873466727434,0.319398225017244,0.162043636964637,0.304001116764793
0.143664198200884,0.373655466745452,0.0827695711613786,0.361883641974071
0.131971634953352,0.371760602153658,0.083881471585029,0.362399626897464
0.0648718505952434,0.329214454315274,0.111858819896291,0.257744984355299
0.082116468125665,0.331467477606525,0.106841095825697,0.269468066152119
0.0653491266272186,0.266260457865109,0.109283256516176,0.262443819816353
0.0623347515705052,0.308486371229976,0.0604331947547086,0.311108058882148
0.0682076042152214,0.226443487462366,0.170185579356349,0.250862810471889
0.110464265673094,0.31598933362135,0.0876850456364248,0.297436684644105
0.0780912378327423,0.263334002280121,0.106957907164133,0.304035732834659
0.0885463830162364,0.335592940285854,0.0988336077265195,0.28284365504505
0.0891022864105092,0.256021535613201,0.125481287219649,0.351688383036541
0.0855339422511038,0.264787974758177,0.0958715977942286,0.279460023595934
0.0532622899936601,0.260094320465081,0.0950350965936644,0.285275418693168
0.0880450461390107,0.287323924126159,0.122809860262705,0.283361346030563
0.0660081783514047,0.21263559479422,0.133676385917234,0.248293874953319
0.128466405314271,0.337707418019893,0.115250859628273,0.257969574819045
0.0895752389407503,0.259020305950664,0.126062757198176,0.324511040975706
0.0873703382595614,0.257998948363147,0.111381075243079,0.318089859211802
0.116467904634841,0.342778942094283,0.110013595868256,0.249034128205522
0.0937475116945569,0.330854027507308,0.12827087274835,0.248190942263871
0.111852178190853,0.330393472850925,0.102995311393447,0.330677833532364
0.133186549161549,0.338947112484704,0.136330681086652,0.278267940511516
0.104252286448085,0.280109402700156,0.141527237767312,0.335979563841743
0.115520302491454,0.332368794810994,0.0730453981039974,0.289687675036179
0.0596849602827792,0.272031589612169,0.114229850653039,0.244896723128788
0.0695369016966385,0.322443536664727,0.0929981908632425,0.268961087732097
0.0893511661294367,0.297307242648016,0.137936849795994,0.325510064249881
0.0797239019807998,0.246339549873651,0.10508925813477,0.268578205375825
0.111813985081782,0.292028482274614,0.101793584891008,0.243436420274084
0.100523331720469,0.285065574574967,0.145687845870021,0.321293183606432
0.067344172557518,0.287795880488019,0.0877098538829296,0.252838241574797
0.0619125390473479,0.243643451005909,0.0862763738141316,0.256029086415357
0.0732982690413397,0.349919720979414,0.129326925359886,0.294518615893954
0.104521741550782,0.240306418380746,0.127188383841681,0.252951090954334
0.0672904577732334,0.293883363706644,0.09944185203129,0.259665432362903
0.123678724389518,0.291683909618386,0.136905034405594,0.273835825141452
0.126507707769618,0.271106889003829,0.12977020382919,0.309432307252217
0.10552983751771,0.281736992996713,0.131581871618803,0.282500836673933
0.0863269663220074,0.273554716299796,0.0929574901114295,0.291080337356653
0.078614661508817,0.296950675844532,0.0867808673326416,0.276707043105953
0.062214445481432,0.203803796369771,0.114178700550648,0.257021795663489
0.0704416373106675,0.281316071501366,0.0924772888723282,0.208809061158792
0.0760962711362742,0.295540557540204,0.0987282971841133,0.203389460043298
0.0797390683210774,0.307386834197918,0.122787170869749,0.299734405709164
0.062044813275216,0.380590728704624,0.134248907954388,0.263282818770929
0.0906557724505901,0.250162726714121,0.0910996385439846,0.294333462896588
0.0805985659640954,0.333545629515773,0.142866380442051,0.237087400152025
0.0654351439769158,0.270164247124394,0.0863096130201455,0.332030226554255
0.0916599621811208,0.296017521674444,0.151315003990527,0.311412264233627
0.0815335505950195,0.260980752939861,0.100176639967673,0.254426419099969
0.137175743575738,0.365155673022149,0.186837800158618,0.249597013997267
0.106619986603969,0.374468652015707,0.189109407930825,0.266243974297177
0.0653221451468157,0.283419241971431,0.112138058587511,0.269005628731641
0.133367284577163,0.335437747876964,0.143600401619887,0.314999143934225
0.105388955301,0.322296074117719,0.110664838664152,0.406567954487425
0.0805694182573905,0.211826194326077,0.0728735118455757,0.260467526114949
0.106437039123893,0.294318131099402,0.0962113079377994,0.26997630142926
0.105684109197306,0.347273239671681,0.156755222184976,0.309209708544565
0.106260297217837,0.21204790470111,0.0929880377430602,0.265555570350516
0.0988821272920642,0.271218724674442,0.0714511497736185,0.237729904314162
0.0999032545713179,0.252326549992354,0.116583440951215,0.298019416493707
0.10035875307443,0.297176505874992,0.0914088793105212,0.271056207174898
0.0746468895039305,0.288963187714315,0.0959011200524864,0.334268468178922
0.0819092260986028,0.251019367689095,0.0825393020381654,0.218298808181046
0.089626258451853,0.293003831892577,0.108636752215388,0.247056465159728
0.0930295322945636,0.300134944664416,0.101378611627406,0.243303803026419
0.0984716961145138,0.322154629407196,0.0684146147195924,0.26538340856701
0.102792318428907,0.346885057249927,0.149036775014697,0.296466062243526
0.0650224740532988,0.253265568453743,0.108817067688192,0.304017896907172
0.108392026073612,0.300134847156307,0.100307124094306,0.261804237444348
0.108558445747479,0.276246718269492,0.0667922660501283,0.23203431946285
0.0698397759995823,0.265066074290519,0.112336928640615,0.241028991631299
0.0923132531566509,0.315627696450872,0.11025668255929,0.303254916259755
0.0840930114682529,0.32581187871913,0.154846303253045,0.297891782089008
0.0684255505536363,0.285702487561857,0.0937814907200142,0.291764949174797
0.0707898640784399,0.264765898589307,0.110902163423257,0.235183603675934
0.0744314999876111,0.292024616132713,0.0958428782817629,0.299156579631724
0.0918611898572596,0.305122240468724,0.11689242317425,0.282068063603804
0.080668783585031,0.28793278535157,0.103499056709287,0.249841502957144
0.10510863397206,0.26159599890699,0.0919748780936535,0.261743197172931
0.101167063524177,0.313885828785165,0.106834801413475,0.327063497857573
0.0569482552757939,0.294351123620693,0.108704880929777,0.339900009187689
0.0566626116240575,0.266776967482782,0.101729799225321,0.238933190388909
0.0902651775403678,0.213047442342561,0.112027262802917,0.306832091843457
0.0658985194801843,0.32682081789517,0.0808208155066754,0.221085870541029
0.0744118646316998,0.250390081874424,0.132714786256034,0.283719646879093
0.0886905696099597,0.252012116617483,0.122543509056474,0.281944493677904
0.0506669201830397,0.320569158817894,0.0812044353952193,0.332908786488991
0.0908258568790597,0.266969512423086,0.117648984458017,0.195651738921217
0.0892379722974084,0.273048069028431,0.124143595571991,0.274451016068766
0.0880119067841298,0.303863738911653,0.0855902583893081,0.26774904476427
0.1100648895106,0.300389037269878,0.124366339496135,0.302511040100186
0.102829723935738,0.258222188318628,0.109837449132809,0.266930184046615
0.0929908887531416,0.253063205839692,0.115801462412331,0.253460231746689
0.0810864700054531,0.243925819765047,0.0903404411040619,0.260982683980974
0.0700147684849345,0.312775982653835,0.15049213311696,0.298875814306611
0.0924919899933979,0.308146331168016,0.129903458647818,0.298449740976014
0.122185079194829,0.291931608561463,0.12566762584555,0.250635338918107
0.0826403522623445,0.227135052441813,0.0793211147122736,0.225885738919516
0.0722048254805923,0.234327542326338,0.0844755188824996,0.23547836865454
0.0791677868387199,0.217392187575971,0.0800116780331468,0.302173278730498
0.0706854238712433,0.307628165947545,0.111564188323073,0.235588392133431
0.0909941668815144,0.238928124968599,0.0855962340655676,0.263183093925349
0.102648969729155,0.275450130819178,0.075434425791481,0.265924035704582
0.0704336172729515,0.307637214106462,0.122168407327684,0.304490530766418
0.0820206232441257,0.314670998687302,0.117461272650698,0.329995601416854
0.0958698382990345,0.249449388356784,0.104920647943228,0.252906103598905
0.111555346438359,0.339851361809578,0.118599926428739,0.289414659650591
0.100345818902038,0.305793734434389,0.116025137600654,0.219727892845807
0.0549071042554364,0.26860526941067,0.0966297185644722,0.23730002660001
0.0884498898545396,0.274116193661569,0.10707736291084,0.326441546506541
0.0580531989844657,0.252872312192318,0.0929788090179908,0.30020637396715
0.0673632115518636,0.272908891333753,0.107723822415971,0.298149526048587
0.0740546218948821,0.234901369992305,0.10091540859419,0.225394408442276
0.0705398410815842,0.235425492123005,0.100013779980478,0.218853627859827
0.0871171882337693,0.296513885124077,0.127223383986179,0.30705386530953
0.0903258031096775,0.305425737251262,0.121845393043462,0.301900874468897
0.088778082342662,0.248599753795051,0.104336586313569,0.304026567855125
0.0980257499864051,0.311649721985838,0.0959986142505665,0.237566135168385
0.121563952298779,0.326236164902689,0.149404645994216,0.348058490549256
0.0911226132458501,0.310584799062306,0.0869282641492532,0.271737977831455
0.0904100180445618,0.239865919096977,0.106685076698191,0.29952575410198
0.0884605801449535,0.26186063859266,0.123346018819232,0.33106776363945
0.086638952544863,0.259943271407804,0.146422226382916,0.310536971999515
0.093140733421277,0.352759520869694,0.11934043886352,0.226273516405997
0.0489347637737007,0.341233139474327,0.098784526376697,0.257493110050229
0.0943513519754,0.24940418186126,0.124919184295765,0.354617863009626
0.0836620513245888,0.31994449504843,0.121648974717241,0.314450603247996
0.118961528798792,0.34063879640076,0.136960295189123,0.384716746517561
0.0724286533739465,0.23808833825147,0.124691249259703,0.214786384882497
0.0827169801650828,0.311609165745104,0.0975029082471183,0.36744777835016
0.0659494603370856,0.273374020830788,0.122987588739359,0.249625506369607
0.0828392831345815,0.255765417788567,0.102945799770816,0.287814721427623
0.115094976932846,0.29882775497707,0.139894476784919,0.248096597339348
0.107857484622511,0.339837579658735,0.144474923464298,0.331225073303309
0.050674149120426,0.27009121353172,0.101163176835484,0.239886396462076
0.0860498507498149,0.249412636450609,0.0859068229742897,0.270765406895043
0.0733623189669396,0.296823389686669,0.120558147666383,0.288185291672558
0.149133461325931,0.300592281836992,0.0905602026448402,0.280420204039782
0.110267339876921,0.323947825253417,0.11184697732224,0.342315126207968
0.110059411730282,0.25694929262471,0.122909884110402,0.304836005090828
0.0572837179397499,0.298060302115093,0.112119394084011,0.293944225219152
0.0835562136932492,0.290770396099488,0.108209328041425,0.291540537018277
0.0906802437936024,0.322068483539483,0.115374182040274,0.30878215220811
0.132602567019439,0.339686085939385,0.116132076980627,0.305629688520875
0.0949291309095825,0.321579882269865,0.11049057549692,0.293738236508559
0.113673682028752,0.322302480277911,0.107707257801355,0.315701263408192
0.0880808162718502,0.396568235083122,0.142267447297706,0.267558206401307
0.121428321716638,0.263726724755591,0.116234359114491,0.311670520685485
0.08996277018803,0.304658054738893,0.131418720147319,0.270720382654134
0.0660765512100152,0.250904702989685,0.10852491876468,0.307887840175624
0.118405307288563,0.305229811736307,0.111586082103275,0.267393779845314
0.121121498997542,0.255635615040336,0.130765591954346,0.307218618826872
0.0920698347982054,0.339142663896476,0.10896747356116,0.281912081408043
0.0992011311107597,0.287525324757924,0.102230820876521,0.268575349350443
0.113590053996161,0.323230132031456,0.12869594604748,0.275807338734569
0.129462789917688,0.326799819737311,0.102113449568172,0.28144862841599
0.0833514982344294,0.280229227604474,0.142520541945396,0.257464285172941
0.0832963089534638,0.269042234896293,0.107720788474651,0.278091425303527
0.0855185177476509,0.256305981213787,0.104495572042116,0.27097000288248
0.0635901947983884,0.282277287894255,0.106858650939746,0.254718232745706
0.0734830545437843,0.273044306607157,0.125123770769567,0.288332242690821
0.0810437882394255,0.258408194924891,0.108761364851357,0.304443688759585
0.125712606024455,0.359044457841411,0.118097222334445,0.324793879528934
0.0864814354039449,0.245301315719973,0.156999857250292,0.241714019789049
0.0968690667171892,0.255281943572925,0.163004414793216,0.236641405719682
0.0866769571635556,0.33011912616551,0.0756480755433512,0.301990415946977
0.111377215229168,0.279964114961172,0.134051101485004,0.330590612390611
0.101712954235202,0.331106800102744,0.115786751103676,0.310542980524685
0.111676629420702,0.323049913506934,0.112859859747577,0.296385028373022
0.0266595220113321,0.277770347220543,0.0978767684780097,0.317112576379005
0.0535049095911189,0.260726507021646,0.136211288957263,0.27233246496079
0.0498501296930479,0.312040568288865,0.109664352076293,0.29797640977836
0.108425613616883,0.323138213214578,0.119739052755133,0.268092711892694
0.0656501781275048,0.276680724222556,0.10836314346826,0.263719382307919
0.0597214349699378,0.296091562493433,0.150709839457549,0.27590834550936
0.09398934352263,0.273384934053439,0.112110729726711,0.250189302346313
0.0579082083346591,0.259242884877931,0.113840028807879,0.243272674480481
0.0835027361175332,0.231667050585545,0.127480920224995,0.207019623294146
0.0703177770790935,0.266836992577565,0.0973715539729507,0.282223825130274
0.0986560599194983,0.309283310835092,0.135729365724015,0.282556538141287
0.091533902456189,0.279233194224115,0.112676008743544,0.232313964094099
0.0770526145565348,0.253105297877388,0.113088397955895,0.288108921497861
0.12141093712475,0.307682794729016,0.100371746148225,0.269942026176276
0.0722144996550097,0.333265256603913,0.187228708415786,0.318476200916503
0.0845520301535192,0.293011134772593,0.0896910807087382,0.259867955704484
0.10085397671369,0.268859681644535,0.11239953222331,0.307548410003272
0.0665138634127285,0.260735616619642,0.124969878258616,0.233494163232238
0.0781264470811091,0.275627653568546,0.133697621674922,0.278140936709291
0.121373757556441,0.31158832622486,0.0897281814062775,0.328764822580973
0.07828439606545,0.283277877239599,0.111775070846766,0.259439971592772
0.089604705214027,0.295861491107749,0.0988958996090018,0.332580277074996
0.0806868533136021,0.295236353400358,0.0924328657689407,0.285402628463671
0.0704867702476512,0.293089503841751,0.107115136443525,0.263907830481319
0.0933622908777865,0.250737234107572,0.124081289588855,0.341377244473582
0.0802646271426468,0.301794903274869,0.114761575393509,0.263564031576592
0.0893399232823776,0.360423598440303,0.117265324835291,0.269241142526975
0.106652611088264,0.298343812431157,0.126954011806279,0.344962905660439
0.132850400417843,0.377961034035312,0.110294033968012,0.306560320804811
0.0767688599568569,0.22107662645415,0.109405513085281,0.254081238304354
0.070242476524935,0.327740442715584,0.107105937562426,0.241280992041477
0.055604625924441,0.217834643012655,0.140866500609027,0.339041376939326
0.0914886513019732,0.260503160014186,0.126499689267623,0.294364876907616
0.0670656449087962,0.257069999703161,0.127787876701309,0.238200148581945
0.0731002774884256,0.264526895782158,0.17002437751107,0.225498893574113
0.118988466172866,0.273284811546135,0.0657267595755903,0.265911078712626
0.0570115430987601,0.291327894964013,0.101107270318236,0.281792743362358
0.061264872936223,0.296158197932593,0.112280789841003,0.350316361913832
0.0851126835822263,0.243539999680813,0.0923612875069593,0.248910322843448
0.0874446229368736,0.222577744313162,0.096204123699245,0.254640181237416
0.118522346540833,0.286157981837246,0.100643917112468,0.261121606176117
0.0620843133295353,0.261089978988377,0.113196555242164,0.29466825563567
0.130432975835362,0.281854812240877,0.115049438484981,0.254224160061278
0.0949594175321365,0.28483888316672,0.0983172098796399,0.223092489274894
0.0927377313920188,0.233130586527804,0.0941014444450636,0.2776159079711
0.104629159504052,0.311779840161892,0.0734581240726236,0.2516934093565
0.10419739563205,0.259002815371336,0.145932461195327,0.270946870263371
0.0566406413081617,0.221601564470873,0.0600488414811578,0.264357982972384
0.0788222266853882,0.290585477412491,0.126595663706877,0.238903003906557
0.0917343589538671,0.276520533529695,0.143622197491933,0.34490366750993
0.102120822528697,0.277550130208995,0.0717250546634298,0.231861228754888
0.0674343975095816,0.310163688068771,0.163737605355603,0.288690006551861
0.0788070894045659,0.274420655927026,0.101667307764731,0.265752614382516
0.0742742128512003,0.308238777427118,0.101198955853263,0.2907004348478
0.086264794073611,0.272781885240587,0.09939308651331,0.267433669221397
0.105813016395232,0.266778799098577,0.0880448958423976,0.323149244410322
0.0794326016079564,0.256258987491052,0.15111555352904,0.25095025567285
0.0467667728628515,0.213885876919225,0.112367195800685,0.26645744238162
0.0630049574609039,0.283492530891352,0.0677962824896398,0.329821233789877
0.067975129291015,0.294590894143193,0.0962242385585397,0.273683821362858
0.0733319333004985,0.266743641569154,0.0904228847771592,0.280179521999953
0.064432617992998,0.252534623662004,0.0979980697550005,0.276574024531929
0.0965080332826904,0.30466817519456,0.132512947814435,0.247948691988589
0.107616468998856,0.312646508674513,0.130103546335578,0.26537767680107
0.102902395499069,0.251356241471805,0.0887984198119846,0.295497156773675
0.0757940588031,0.25086158647954,0.0807145382394392,0.262977778180401
0.0430929803021254,0.301410249734441,0.101290546811673,0.303893805303506
0.0959087076200388,0.270143600040461,0.101304701746898,0.32588981790323
0.100391779562339,0.267502909688407,0.10077310498119,0.325727688064345
0.0655069872736824,0.251247742652374,0.118132877020338,0.240990514396043
0.0833795224235544,0.287868219839827,0.0953362017371056,0.263439498049193
0.0836051953199221,0.286817194654313,0.0956927083977149,0.264372174254456
0.0751521945095673,0.287563033334883,0.143177365912942,0.236779324526089
0.0498106003101022,0.267076573932475,0.0766752905136559,0.271372350218892
0.0580172857498939,0.267796772385141,0.0631793858046436,0.294604158516972
0.0512201385707851,0.272766858215983,0.067325962439855,0.327024222761249
0.114803016859228,0.324224451869504,0.140974723564859,0.278114618539089
0.107608923642384,0.300728481078463,0.120213428282453,0.281812796979798
0.0853257328341605,0.279735620576046,0.134483508028516,0.316018178048209
0.0689824048030273,0.301844217252715,0.104254531887385,0.260436808822091
0.121995411548118,0.296459176799109,0.136061302692188,0.302650311747369
0.0992677165610898,0.315672577384826,0.102078461636417,0.329034532235139
0.102369463191558,0.316664076451927,0.0858056594164031,0.303334624982137
0.0816885002964762,0.247225468462173,0.118504305554598,0.291643032315919
0.0951048734576507,0.263989865029423,0.135660019221111,0.257785206349988
0.0596748166098327,0.269373851427073,0.0682454357075051,0.301942308055424
0.109152941595058,0.301250715849218,0.113953138839036,0.278788779511663
0.096980780401332,0.321708441871131,0.128437680707217,0.253198328082331
0.0680746970705629,0.291609321348445,0.11436072475938,0.288981132046959
0.0614627462048739,0.252450155974963,0.113585765937248,0.273968701947462
0.0977702294582725,0.315135507775861,0.105353708897331,0.277352701391177
0.0693601573668099,0.290524544154622,0.107782075963426,0.237041667715641
0.114804806762176,0.288617212027884,0.105673208559399,0.286332393775088
0.0831690443088957,0.28241390678667,0.110121564702982,0.319233766122593
0.0673674508620679,0.249229814957928,0.0951526846977816,0.338272161485581
0.0920088335053619,0.261064870350952,0.0909182838313841,0.264304147883471
0.0825189545330738,0.314781882110484,0.0909390686972682,0.252761153034826
0.0911488121620869,0.313280938501723,0.126802341527589,0.317515140799316
0.094799167529711,0.324213824458378,0.154956172550965,0.315641241566083
0.0685472429134486,0.3764702423989,0.114082893975773,0.30952012012504
0.0694085749669621,0.333643080156283,0.137454272718816,0.289232191443257
0.0665696188864364,0.317514671867337,0.113746247357775,0.299625594907744
0.0797311162904608,0.350786525256797,0.135922537481991,0.35509503083031
0.058386870044509,0.227492337165071,0.0859336603745975,0.257058599219471
0.086225828798163,0.30425715867426,0.119601881255781,0.225915262191128
0.0887212662554018,0.304317722159983,0.154915755426264,0.27802174844701
0.0514133646733929,0.272798439148885,0.0811351424660031,0.262818051504054
0.0757402149114981,0.228936325747253,0.0904642979059398,0.245947128946919
0.0439474983730107,0.25871398600594,0.0892909952592431,0.277664748873329
0.0968822185595481,0.289762114921278,0.0732287107695768,0.240886212669947
0.101331123677121,0.318474634712219,0.163246743770711,0.284384597705461
0.0985022508522786,0.267751845007399,0.0938679511984805,0.300036858536422
0.0689698021092024,0.262024389363931,0.0794193656707225,0.264132817015743
0.138503036106466,0.376308017884236,0.113048334157868,0.305204403690065
0.0931247006244053,0.338696885356853,0.132828806982177,0.284120752928264
0.127721163209578,0.334405579700509,0.135400576674206,0.354043031015103
0.107375651608414,0.276650754154166,0.132073017443265,0.302918063420181
0.11409120868322,0.27108844950728,0.136135982426056,0.331269248558001
0.131371352034962,0.315881183113187,0.140576516071171,0.317876809504805
0.136797845079544,0.370234674982606,0.122289496657469,0.3158446369017
0.108243268063951,0.279240253615881,0.136116045780654,0.261808666436336
0.103374135686067,0.314263930628178,0.108789563136274,0.297936864725178
0.117991138908346,0.293770985660297,0.12094023700173,0.277871371173928
0.0922652592801843,0.305975058006165,0.136303106253223,0.256605436313472
0.067227918496332,0.222988950641455,0.101601219466303,0.256377120217079
0.0607792708200892,0.309000384714252,0.0973460095885574,0.264123279955313
0.0609629778755974,0.230015202332792,0.120937687295785,0.225223016848362
0.0522928789884543,0.224930835110266,0.106108322616039,0.241248766491354
0.0803110524323218,0.232455279218797,0.137256313951079,0.270902802352071
0.0787479810988792,0.244620474575533,0.124388864630812,0.285961546975933
0.0846853039791018,0.270058692674322,0.0947712897199243,0.309983770087798
0.0841052898592127,0.313323276334986,0.117687233778255,0.235855879947009
0.118552921543666,0.282262096583588,0.0924231860230199,0.281013732763061
0.0511322212570845,0.333762765804972,0.108265102765284,0.311819448942348
0.132929248401898,0.307753393758361,0.128884234793605,0.284656262697273
0.0927977288106406,0.266503511434217,0.107526755834799,0.263051063415621
0.0630843123299318,0.314088796178039,0.127311095795502,0.313329933186666
0.0822075035710346,0.334993883189402,0.11249782692666,0.287951493892975
0.0820771154663684,0.291278170744689,0.109227481533444,0.268289823492328
0.0991835526047519,0.268636791617787,0.100624139598999,0.293308194973427
0.100624727871371,0.334391406663401,0.124313080285894,0.316143943730602
0.119563627639393,0.342520967048017,0.154788263050008,0.303000761805655
0.0862748392119385,0.263871980553137,0.104601899213113,0.324621235092224
0.0573251942729125,0.355239899774958,0.106482865798913,0.272506879907689
0.117578407799913,0.272926396269102,0.116480311524716,0.321821739471509
0.0933077044629398,0.286530893000541,0.105736189261235,0.285177771926519
0.0953452595901492,0.306195662341404,0.139728392347837,0.2671340599129
0.112151544895944,0.323801107502916,0.0994320117582891,0.314134518577609
0.0809157144665748,0.269772988404445,0.109114995861183,0.33289558401267
0.0561266743050139,0.363604611499207,0.122507560437098,0.250980905649748
0.121754459162371,0.292982259208986,0.0940934602467833,0.255588596871304
0.0803204505923944,0.356510752380431,0.117422780904648,0.33367029819292
0.113090000981261,0.30389163215011,0.136833213975977,0.272453245900341
0.0548889571374496,0.353388195963957,0.0967434479852328,0.289881216024076
0.088411162817298,0.197674833482895,0.0940227833649961,0.282156065142708
0.0793158273091224,0.254388023940839,0.101808467849069,0.349929890690759
0.103736185313798,0.247106141613645,0.093058824789321,0.263943283709735
0.067231196591083,0.299303292796845,0.139730241294324,0.321942915034714
0.116300872687711,0.33152507916793,0.124389217380408,0.289416201534782
0.0993120005990136,0.284652434909935,0.140882202831682,0.281791531051573
0.0833198715735616,0.27090633395286,0.114002039422867,0.304830429409591
0.101275725750792,0.344195642535002,0.208632804339328,0.289670832171549
0.0937071123323109,0.269646682660127,0.0705147600773188,0.262448924435473
0.149299575129874,0.376503332630913,0.159023296952813,0.301072381189132
0.0610776412920941,0.23489487739342,0.108155884832547,0.269286644862453
0.0713185540009874,0.230978507555059,0.0891896231625301,0.269858122869711
0.0524279882709016,0.282690616250875,0.143013253884578,0.26198964552213
0.127861276171762,0.297905892387119,0.0937110700359544,0.294392516236588
0.117483155444781,0.2492866511575,0.127733972726603,0.229593570580492
0.10394398919437,0.264917057593014,0.097642668511214,0.322716218456048
0.11775463875497,0.270700241743277,0.103965297746182,0.261093175623455
0.108401463333663,0.296985574170031,0.108221324874855,0.258694473993875
0.10106724302279,0.286133825422605,0.092462033700213,0.264646882696243
0.0764352546367584,0.365204704983179,0.14185677550244,0.29809201862471
0.0613105023136512,0.24436749449189,0.0972364751582055,0.269625529745863
0.0906011325398325,0.280140081552279,0.080511015631682,0.278064554728424
0.0659129355100158,0.283756031370698,0.0881188704412333,0.30289509921866
0.0678756835567674,0.316699121762837,0.0880611274352949,0.297487017977853
0.0464600405691538,0.28937761831506,0.0643562707461065,0.22342744003842
0.0670857982186209,0.320265333458147,0.0481838150081,0.214102771387205
0.0751844538466474,0.246074483238728,0.0672718415124273,0.259107576291749
0.0979257501611232,0.299173052906397,0.148641416975185,0.354632500880689
0.101091187510932,0.377813521101088,0.111815826307452,0.262768583532221
0.0916774806836315,0.360797740500833,0.124241221558115,0.290284085293578
0.0882721037850781,0.301518289787223,0.124079113810786,0.322914071040902
0.0723442363730976,0.269249224183814,0.107329214048372,0.285267863014969
0.0613054910349651,0.330713795817037,0.116187591897484,0.288210304493204
0.0754547859429664,0.325383658160308,0.111006133834529,0.292981764734982
0.113310734515424,0.274779669434652,0.107496497174901,0.254297756876444
0.113305936345737,0.290698819356786,0.0972787823106913,0.316972840967906
0.0874391339380327,0.275999462712939,0.142677341830874,0.276777745670768
0.125005210444025,0.338091139950662,0.0811621525881268,0.299373952503015
0.039169588745391,0.215981712079138,0.0709234779648627,0.224539906798747
0.0278115492460809,0.199354523632076,0.0910367847091525,0.228646185717248
0.119928543173263,0.25732377727444,0.155044737731685,0.256009365349062
0.056859568398993,0.273970592433319,0.0690770120047575,0.286583072423996
0.0599828945681127,0.276019269372351,0.128369170467792,0.267038367659477
0.07881983232745,0.305941643202522,0.115094209169004,0.318509128220626
0.0890740019577679,0.289475046845856,0.122425101665712,0.251683000254361
0.107705422283141,0.28143998605657,0.121131277197537,0.32828386725053
0.0624816665384557,0.293736059956959,0.0976761284317527,0.308308005167363
0.0829016266790264,0.246676584712041,0.101146859334338,0.243292065343732
0.11063516321229,0.287422852634756,0.0905089731574168,0.314151669727962
0.0806510419460551,0.277307058554673,0.0910459916688701,0.26669273417393
0.0689565344648996,0.284562867353479,0.0708533942937812,0.325249254721416
0.0551280412331569,0.236944402121851,0.0844459933269279,0.269273983817692
0.0806138433827931,0.282940726425024,0.119906845103662,0.275648385717304
0.115164369047148,0.319857073825558,0.11075919615195,0.235345647405215
0.0701679802957786,0.262929057809905,0.0842793189693471,0.319181279768454
0.0796869258428225,0.283410452938743,0.127180527391286,0.25557732725859
0.0901289063611747,0.249070719852201,0.0836558386924479,0.276688119671498
0.0898351410980452,0.258459838823639,0.0908784602559181,0.276061326782845
0.0721534530618139,0.323368442735741,0.112601327339586,0.301880325914217
0.0732745159931639,0.298956862718917,0.110357680012108,0.243579408676751
0.0405389559531508,0.248712028175275,0.0640422037514885,0.213835072854782
0.0871994760469078,0.280240228524331,0.126660380933472,0.271181608638868
0.0787215886142474,0.268353170208146,0.122725961423227,0.264623762958781
0.0705958690318974,0.288472719615455,0.121109353607293,0.239676143318512
0.0843634447930238,0.272369824167661,0.0917252783645857,0.333706106947526
0.0458816858381176,0.288396432018856,0.102137978721708,0.240310448533671
0.149988311267677,0.280488656868234,0.134252900607136,0.292480446247739
0.12894606388692,0.346167941880191,0.12049200377265,0.349475487675604
0.0657355144719944,0.306308210911149,0.159361911747338,0.237460971303156
0.101136131465858,0.318036163844991,0.164780517653948,0.289197954754002
0.112696865494661,0.28248418146421,0.109716684497312,0.247399081408646
0.0985158477318655,0.302898855571204,0.152128166312589,0.295802715178435
0.0694656710054716,0.32476402227478,0.137022215327589,0.299371095493251
0.0885671282375351,0.250153101498432,0.0940058355596308,0.298058156056561
0.098931278774806,0.307384631666167,0.140524917227187,0.287366141906807
0.125634737690257,0.275071230393285,0.118961062237247,0.297372282819349
0.114635342339488,0.350321438277517,0.126565966845943,0.305044023522309
0.0908816057249097,0.30283146700638,0.161936104706145,0.300815812472782
0.182116184620991,0.292252423258425,0.120603868673192,0.318633695311081
0.0844833036350586,0.339160699005562,0.122577451367992,0.255515800784422
0.10712682019348,0.319365533940027,0.120817154155959,0.290090251988406
0.128879702249975,0.342902490573188,0.155258451521407,0.270436468530309
0.109029701766125,0.260495466746139,0.0976432007425322,0.299123670381967
0.0600165894221038,0.245543793807637,0.104484124585148,0.293524330755315
0.0981279547571251,0.275327131380107,0.0691120766928901,0.227698923453235
0.0876658990728953,0.203532598474327,0.125351213499608,0.303054162830926
0.0832892120773807,0.324627321200672,0.0736555136086071,0.245919367133583
0.0622560808964673,0.277030313201568,0.0994943306995159,0.278184441952916
0.0679424713746953,0.332796240247927,0.110735420919406,0.328078958571411
0.0885248985194982,0.269957419702051,0.113531340408987,0.306642867978884
0.085456866750023,0.311884732122364,0.103731787667945,0.295660946825246
0.0929661666140487,0.204268424492414,0.0851680103864526,0.255385153264842
0.0828211649744711,0.313338532306562,0.10670870461411,0.283456178655344
0.0563609465261245,0.360136565356625,0.0797289294404533,0.276209035854684
0.0695329667939094,0.218888400914527,0.118647407039479,0.296417000660885
0.096150238297194,0.282018896818345,0.0735447581066647,0.219254720685234
0.0895596434855904,0.352116420343227,0.104025943213483,0.30171069758081
0.0528936544482013,0.260884651183248,0.0872680055755682,0.282697642006736
0.073909744179691,0.298054999518036,0.0626251791584841,0.244382869214959
0.081926145080707,0.253174004335013,0.112152382553334,0.263928519858288
0.0309413087137765,0.32855338517066,0.094044542715232,0.279942854046326
0.0280542341331689,0.31377961907087,0.0920314210116135,0.265423175312242
0.161311350620773,0.301180154028551,0.115964841486822,0.282454347013254
0.0850236175020513,0.282066737139835,0.0736134103372264,0.276209023101987
0.0834637074282536,0.324873148768035,0.0748291448598235,0.286858562750143
0.0527057050992042,0.267580677416962,0.113131509611415,0.274864030844689
0.0635032653293739,0.298542343450461,0.141584492273121,0.27987657927563
0.0915590893732701,0.293066045143249,0.0820393923825793,0.250376412780911
0.0930084069273599,0.28750328360628,0.100530287434266,0.225048029257596
0.0790800685558468,0.220967639651548,0.123561433635601,0.30739350886933
0.114710215803276,0.196059454092376,0.131396495665532,0.301981448079972
0.0980396625676695,0.331999098762898,0.0895236035989749,0.277169084140106
0.0906571535445611,0.34157014219777,0.116834133812011,0.275140920789193
0.0832875934506652,0.23336449629049,0.0866117171558407,0.280900921252012
0.100169490194421,0.256525829845421,0.119843689329591,0.295496077919791
0.0833635430158945,0.264112649280012,0.135110372219207,0.264862760324495
0.0830513089109054,0.27278885981525,0.0987062208540796,0.277368647267349
0.0629832118053668,0.292635810427813,0.131013222506738,0.282843337108804
0.0754508161887062,0.255564551761725,0.100302039460565,0.256654607858203
0.0934998392241648,0.305120216432114,0.113146255332444,0.314615036614264
0.0761952188246562,0.316049745375571,0.14112860049762,0.31302434049221
0.106082176106112,0.313286078280368,0.142906800827676,0.247656213745058
0.0961777347824549,0.256013459636056,0.0917489889930657,0.282927525795963
0.0840396138872027,0.270096884957933,0.189329042804274,0.285566042690064
0.0852376407676754,0.34299260502009,0.124248109988226,0.321142117865225
0.0738211850060194,0.217121164962452,0.105838645736968,0.266573077947039
0.0895339840518052,0.302526183426275,0.158831163299577,0.251263946686915
0.0898916049629272,0.281946498055347,0.0880951343628179,0.313303688365519
0.0755682802299306,0.29654125987521,0.116868290835221,0.274756242159702
0.0763504655659199,0.301819227216293,0.0827930053257194,0.286136109216634
0.0860759297333409,0.337764045159532,0.138510097321005,0.257806325195353
0.105146369960691,0.244560341564337,0.0946600434298656,0.25568282574192
0.117000793535759,0.293425351748369,0.145052592638419,0.316221661427677
0.0959547914629253,0.312619221467588,0.123931490739883,0.287775451255492
0.0733674170184852,0.285030044673919,0.0854029816214476,0.267614695213624
0.0722500675444952,0.22014699556503,0.101071380415705,0.275988100703657
0.0850545595910951,0.291942796882599,0.132638479205427,0.292245959205426
0.0753753979315605,0.277091496859535,0.101958206438785,0.264932097135364
0.101823606884173,0.305365922191471,0.114998862820353,0.299401001213476
0.0967447277229873,0.236854274232746,0.126738619857448,0.201176470894646
0.0919160214462308,0.226596238040119,0.0946908230765351,0.219379774724065
0.137440099126569,0.237973619282375,0.110205617692204,0.206987309154812
0.108136638194439,0.311827668863921,0.143548200377643,0.305420983144054
0.0716695788261277,0.297405391471295,0.0894649966260215,0.288345415251965
0.0679183310895175,0.26832465713421,0.10327795390285,0.22303654293422
0.0944709234777077,0.308281563547017,0.117886100962072,0.293912577304805
0.0704231505977311,0.327693491540962,0.130006425145601,0.352438768907231
0.0655254015019271,0.274627873204637,0.114916491574572,0.224381332754584
0.141525043399894,0.273911961861393,0.132178612007608,0.291985306479887
0.0737941025738351,0.290700245519715,0.12068283931472,0.257040249689174
0.0666644126427557,0.290565401215112,0.107355806725166,0.253102058435562
0.0964407202444075,0.249356244413354,0.119336742917656,0.278661223945056
0.0667691692000908,0.286906272190336,0.11467464546909,0.263030909627936
0.0841550578495308,0.315706647025483,0.126541863359488,0.272151368257643
0.0683744793319168,0.300202182634183,0.106700770949118,0.2908570176845
0.129784790344479,0.381058270445498,0.114062606705421,0.260487776060797
0.054332406008736,0.283555800054486,0.0994996698742805,0.262445624411818
0.0704316677143416,0.246638236736281,0.133805197579003,0.248512238939856
0.0675638906985301,0.256689260974445,0.126181628497501,0.243371835354181
0.0870739031244383,0.311026603264784,0.0814013894994437,0.246987377223026
0.0757000133610379,0.267502084059406,0.103938506389165,0.34681292481872
0.0823726700165675,0.257434657161218,0.103231129838432,0.260812241270582
0.0502828915893403,0.283130070948029,0.0912418256102761,0.262175931720083
0.102389564521855,0.322031963083728,0.105145147150647,0.338741173002106
0.117424418852706,0.309290313447296,0.150315124412588,0.295315544442892
3.17043737521575e-05,0.000617065109008341,2.0529901797684e-12,2.53593541443775e-12
3.16825047608049e-05,0.000617102509778068,2.05399040156038e-12,2.53775511500452e-12
3.16933754070071e-05,0.000617039304413754,2.05383990061418e-12,2.53848779636469e-12
3.17202578040031e-05,0.000616795012104674,2.05187589700636e-12,2.5369369035537e-12
3.17235305403725e-05,0.000616934932385679,2.05082656437585e-12,2.53782913482976e-12
3.17399162775111e-05,0.000617009690289773,2.04945314273283e-12,2.53844420226365e-12
3.17339488835962e-05,0.000617020307251628,2.04885113455659e-12,2.53687002490151e-12
3.17318356633863e-05,0.000617042555678329,2.0487113332355e-12,2.53671423445035e-12
3.17417870728748e-05,0.000617233642528731,2.04926529267372e-12,2.53667426105634e-12
3.17383931545517e-05,0.00061725264544166,2.04922382223451e-12,2.53684319978488e-12
3.17374702600318e-05,0.000617261732806966,2.04994203545037e-12,2.53639971033709e-12
3.17434004740803e-05,0.000617057612107784,2.04937766694605e-12,2.53848555861329e-12
3.17247842402487e-05,0.000616731200616415,2.05003469515234e-12,2.53716699207444e-12
3.17279984468817e-05,0.000616853855921638,2.05022203075704e-12,2.53653809403524e-12
3.17367863465888e-05,0.000616842367501174,2.050048289921e-12,2.53748926939345e-12
3.17628731039598e-05,0.000616954704193264,2.04807502231163e-12,2.53760665027518e-12
3.17656172996999e-05,0.000616913984937052,2.04710569690711e-12,2.53685293184734e-12
3.17600521383408e-05,0.000616718282317853,2.04846220405804e-12,2.53671538200469e-12
3.17615229614192e-05,0.000616802982793564,2.04737909138851e-12,2.53603338443107e-12
3.17659501807687e-05,0.000616750694869358,2.04763901166295e-12,2.53550977455647e-12
3.17560606749842e-05,0.000616811189592384,2.04936084500506e-12,2.53553884991427e-12
3.17467768558497e-05,0.000616972315541606,2.05040450131724e-12,2.53333156647521e-12
3.17377631065343e-05,0.000616816551712209,2.05225344844127e-12,2.53234152710499e-12
3.17372109013901e-05,0.000616700989154135,2.05084582678624e-12,2.5337489839081e-12
3.17298922659597e-05,0.000616779215439114,2.05089307229577e-12,2.53387445706822e-12
3.17225159827645e-05,0.00061692858369322,2.05211517983487e-12,2.53352910772999e-12
3.17202267614037e-05,0.000617123075387397,2.05306437781455e-12,2.53136932905715e-12
3.17222812405588e-05,0.000617061223764444,2.05199180512352e-12,2.53192271692764e-12
3.17364734346425e-05,0.000616927913749869,2.05324066784375e-12,2.53123419617814e-12
3.17332938042279e-05,0.00061693396267195,2.05256726191281e-12,2.53111256677827e-12
3.17330588440819e-05,0.000616951013280215,2.05265824078015e-12,2.53095221827082e-12
3.1717253878455e-05,0.000616934637970756,2.05302042782513e-12,2.53086057310298e-12
3.17312735631584e-05,0.000617023490646716,2.0522959562614e-12,2.53048736567584e-12
3.17191582026399e-05,0.000616617230974891,2.05222044284683e-12,2.53110005184834e-12
3.17186529067386e-05,0.000616662275810075,2.05281800074328e-12,2.5305162667255e-12
3.1708811829306e-05,0.000616809484760296,2.05149712333426e-12,2.53035020071484e-12
3.16857257855099e-05,0.000616731190011609,2.05224682494623e-12,2.53044046710582e-12
3.17214216262852e-05,0.000616534930698157,2.05231010474132e-12,2.52987674461469e-12
3.17235995461542e-05,0.000616448818110382,2.05172414427454e-12,2.53026244381583e-12
3.17279551146097e-05,0.0006164045783076,2.05219278725764e-12,2.52944461648048e-12
3.1721704269144e-05,0.000616417990351674,2.05085256448906e-12,2.53017648930059e-12
3.17344990665851e-05,0.000616428841330165,2.04992607770566e-12,2.53006658529183e-12
3.17396987703925e-05,0.000616512846557757,2.05009244634933e-12,2.52959117915146e-12
3.17207433607846e-05,0.000616504426386431,2.0514393400807e-12,2.53120395813194e-12
3.17286173803185e-05,0.00061669418230614,2.05134765499815e-12,2.53125355317111e-12
3.17535431426774e-05,0.000616792389914457,2.05092908441366e-12,2.53180521384986e-12
3.17561503850029e-05,0.000616726944169487,2.05143313769691e-12,2.53091078870351e-12
3.17552439326218e-05,0.000616375986386884,2.0527096858853e-12,2.53185892361879e-12
3.17338389320417e-05,0.00061627917112775,2.05256431562785e-12,2.53047365800473e-12
3.17341993290053e-05,0.000616279052044915,2.05252041742201e-12,2.53039111683242e-12
3.17154348071488e-05,0.000616583256492611,2.05222659846893e-12,2.5298166835538e-12
3.17403436641311e-05,0.000616741829507441,2.05182741662542e-12,2.53080326522155e-12
3.17440394985783e-05,0.000616292007790685,2.05426110628061e-12,2.52803399713581e-12
3.17273281325892e-05,0.000616124335632844,2.054323957187e-12,2.52991970670588e-12
3.17291398381435e-05,0.000616116354999402,2.05440896814557e-12,2.52984814461415e-12
3.172880627397e-05,0.000616119213941111,2.05563752248174e-12,2.530680927601e-12
3.17348869897264e-05,0.000616127697986048,2.05623427157008e-12,2.53006356664937e-12
3.17471221648265e-05,0.000616105960656262,2.05651985953907e-12,2.53090613440326e-12
3.17467947286748e-05,0.000616068457721718,2.05641516705881e-12,2.53148282277653e-12
3.17572387349467e-05,0.000616130502778656,2.05621027388995e-12,2.5308649680574e-12
3.1755404800943e-05,0.000615961956881873,2.05667961597011e-12,2.53152410336326e-12
3.1763245858556e-05,0.000615924372134933,2.05606640810824e-12,2.53142892497787e-12
3.17698058963393e-05,0.000615930364451902,2.05561496264204e-12,2.53116910505944e-12
3.17932191516958e-05,0.000615796584613904,2.05454291661614e-12,2.53055041107471e-12
3.17940248988941e-05,0.000615823392120577,2.05420507900739e-12,2.53083206524695e-12
3.17854898269558e-05,0.000615992891850806,2.05398666787452e-12,2.53142409035216e-12
3.17897279350486e-05,0.000616424633605751,2.05426337121901e-12,2.53031320017996e-12
3.17856765789918e-05,0.00061636245145651,2.05404667865601e-12,2.5294258805598e-12
3.17837055754068e-05,0.000616299053437947,2.05416043131621e-12,2.52951215854489e-12
3.17789608043307e-05,0.000616358477357077,2.05363511220471e-12,2.52968319988759e-12
3.17771949305432e-05,0.000616371271727081,2.05365486359213e-12,2.52953458852927e-12
3.17713043707537e-05,0.000616321028553026,2.05352663210352e-12,2.5299359406769e-12
3.17740491483236e-05,0.000616372688715248,2.05386111746704e-12,2.52827754801405e-12
3.17633886080091e-05,0.000616228783967754,2.05362625420201e-12,2.5280040631248e-12
3.17682025721543e-05,0.000616418551245458,2.05342347576161e-12,2.52921770472057e-12
3.17657672055084e-05,0.000616394210036801,2.05331778417825e-12,2.53034916129039e-12
3.17711191093146e-05,0.000616278187391252,2.05362491868113e-12,2.53073012556602e-12
3.17751424121445e-05,0.000616242646468401,2.0526631699943e-12,2.53164854144243e-12
3.17669100569141e-05,0.000616259192818395,2.05245419635559e-12,2.5312177563743e-12
3.17534110933058e-05,0.000616153276568944,2.05255065263008e-12,2.53189297443124e-12
3.17618476738895e-05,0.0006162111937267,2.05261351965671e-12,2.53230537488584e-12
3.17636806043492e-05,0.000616222769325556,2.05261322744588e-12,2.53227701402364e-12
3.17738460140161e-05,0.000616845064924049,2.05009454750065e-12,2.53312112559312e-12
3.17765392100384e-05,0.000616602175661822,2.04959900080267e-12,2.53224976362599e-12
3.17711509586869e-05,0.000616276093996999,2.04912710383591e-12,2.53165376066526e-12
3.17885874616407e-05,0.000616003760416618,2.05081307591675e-12,2.53294696697814e-12
3.17842505128241e-05,0.000616200449783479,2.05089555905108e-12,2.53402112138235e-12
3.1782444201941e-05,0.000616464178349516,2.05235777678179e-12,2.53569330112207e-12
3.17769869777999e-05,0.000616621917778677,2.05352612358209e-12,2.53431496705868e-12
3.178238496721e-05,0.000616552579714336,2.05077269765256e-12,2.53346462099081e-12
3.17706655788704e-05,0.00061685721064225,2.05104646255314e-12,2.53271214935464e-12
3.17730396185053e-05,0.000617033419576229,2.04977724101028e-12,2.53270146222884e-12
3.17729579118493e-05,0.000616907870379675,2.04750307609264e-12,2.5329737668577e-12
3.17785002556951e-05,0.000616716788570876,2.04766705156374e-12,2.53222172446671e-12
3.17683489621576e-05,0.000616370490459371,2.04805456494007e-12,2.53167903894774e-12
3.17691701785926e-05,0.000616213016809416,2.04861032726288e-12,2.53106249269985e-12
3.17509129006764e-05,0.000616204120982178,2.048698416665e-12,2.52952364124573e-12
3.17316077896631e-05,0.000616542630526834,2.04768041925396e-12,2.52889801434368e-12
3.17280206561558e-05,0.000616364537723457,2.04720427800316e-12,2.530176851975e-12
3.17282390612828e-05,0.000616353436376091,2.04659566594455e-12,2.53048867634832e-12
3.17287363813517e-05,0.000616343845843049,2.04712279650048e-12,2.53133141481474e-12
3.17320591714304e-05,0.000616333206658528,2.04643557682514e-12,2.53157362881115e-12
3.17294684457356e-05,0.000616147424455678,2.04568477877477e-12,2.5303931074742e-12
3.17302899520188e-05,0.000615937348857623,2.04490979723738e-12,2.53240375911187e-12
3.17413002009755e-05,0.000616055918134228,2.04562054042084e-12,2.53257834829636e-12
3.1723630787438e-05,0.000616031482333321,2.04513692124202e-12,2.53088079142395e-12
3.17214134240362e-05,0.000615975308955964,2.04661319706192e-12,2.53157486565419e-12
3.17153844605916e-05,0.000616002107964521,2.04757221495973e-12,2.53185357018516e-12
3.17234445157899e-05,0.000615843920657364,2.04822049915157e-12,2.53191532810674e-12
3.17223067685198e-05,0.000615896184812349,2.04768463088754e-12,2.53124413242316e-12
3.17223946158991e-05,0.000615894384242113,2.04773988600902e-12,2.53122751550582e-12
3.17132940755168e-05,0.000615968968683948,2.04712029245453e-12,2.53308172357758e-12
3.17232924425675e-05,0.000616014281545429,2.04852406600723e-12,2.53343735697825e-12
3.17277752506167e-05,0.000616067025373368,2.04877678234901e-12,2.53375118856477e-12
3.1730305602927e-05,0.000615798099092802,2.0486255733748e-12,2.53515532237578e-12
3.1736755592759e-05,0.000615858748721671,2.04612174750253e-12,2.53462296458106e-12
3.17431224028244e-05,0.000616014870561651,2.04761547725465e-12,2.53493201150432e-12
3.17436651550775e-05,0.00061621453253083,2.04858666987432e-12,2.53567057607999e-12
3.17488666698577e-05,0.000616097850127121,2.04948056786876e-12,2.53643947701735e-12
3.17625554464221e-05,0.000616463653005767,2.04618343825227e-12,2.53676604276779e-12
3.17588240815561e-05,0.000616459199360456,2.046344728664e-12,2.53618278354253e-12
3.17640501114916e-05,0.000616411820835988,2.0461394095578e-12,2.53675672095563e-12
3.17730105911356e-05,0.000616467760203263,2.04681844209001e-12,2.53702039699036e-12
3.17700976377344e-05,0.00061653786693409,2.04741253115669e-12,2.53630643761474e-12
3.17672081889506e-05,0.000616524461039447,2.04722732138097e-12,2.5357962658857e-12
3.17740320260579e-05,0.000616531417397676,2.04708096502947e-12,2.53562135515429e-12
3.17635580764998e-05,0.000616301118113017,2.04613785515394e-12,2.53447770593858e-12
3.17566957378114e-05,0.000616418205187035,2.04648364266402e-12,2.53257564711729e-12
3.17519868537801e-05,0.000616362984734769,2.04687958658414e-12,2.53309593108782e-12
3.17474268627494e-05,0.000616410871524648,2.04668694755014e-12,2.53234019328193e-12
3.17664347198551e-05,0.00061660020489946,2.04551139448422e-12,2.53295407600673e-12
3.1789241829662e-05,0.000616886583280606,2.04454987258367e-12,2.53269331637582e-12
3.18027286181438e-05,0.000617070334039607,2.04363673799258e-12,2.53264559364976e-12
3.17980574278184e-05,0.000617246485844163,2.04491681094598e-12,2.53212501742879e-12
3.18013822361918e-05,0.000617391050568503,2.04548177559772e-12,2.53227695752197e-12
3.18065630690239e-05,0.000617325935380933,2.04542760557162e-12,2.53216904671228e-12
3.18111814820922e-05,0.00061734576054274,2.04647326947615e-12,2.53265188725351e-12
3.18185986402591e-05,0.000617260832049056,2.04608173342496e-12,2.53294420314914e-12
3.18158726350026e-05,0.000617305730816175,2.04758460311878e-12,2.5332062473232e-12
3.18111462971373e-05,0.000617360295791112,2.04765339652399e-12,2.5326632627586e-12
3.18030832571819e-05,0.000617552115618658,2.04691920137428e-12,2.53340386506142e-12
3.18019070152758e-05,0.000617847708770033,2.04596125256221e-12,2.53203317338557e-12
3.1800894743432e-05,0.000618000871980123,2.04410883197207e-12,2.53274786086008e-12
3.1800637779746e-05,0.000618013321775947,2.04645615144412e-12,2.53273872266325e-12
3.18014668405563e-05,0.000618074978988193,2.04614399876959e-12,2.53236570580001e-12
3.18020527414121e-05,0.000618151780711651,2.0479982921679e-12,2.53124694382833e-12
3.1797153949078e-05,0.000618120870351651,2.04900173076111e-12,2.53041314592862e-12
3.18027970186422e-05,0.000618258849874736,2.0483593964385e-12,2.53194142633487e-12
3.18102925839495e-05,0.000618225012990352,2.04775540160359e-12,2.53245019562767e-12
3.18095779623282e-05,0.000618120144690622,2.04796362962151e-12,2.5329230985037e-12
3.18160251847309e-05,0.000617709190803276,2.04761483483527e-12,2.53205797815679e-12
3.180496938005e-05,0.000617843961588949,2.04844983780351e-12,2.53145972454405e-12
3.18170173965111e-05,0.000617855046594123,2.05042973771008e-12,2.53208234689237e-12
3.184961939317e-05,0.00061793290542209,2.05099500912924e-12,2.53257159876857e-12
3.18479451235656e-05,0.000617941122940926,2.05003335623205e-12,2.53299181377382e-12
3.18500379703857e-05,0.000617955321910307,2.04943834467069e-12,2.53347721361658e-12
3.18460194413111e-05,0.000617962865625685,2.04932996642672e-12,2.53360252872614e-12
3.18509908468638e-05,0.000617784904208251,2.0495063550339e-12,2.53384520609429e-12
3.1864622332617e-05,0.000617780655642966,2.0495985859813e-12,2.53394831534664e-12
3.18656350597082e-05,0.000617687404947557,2.0498267453681e-12,2.53423545830198e-12
3.18646411292192e-05,0.000617793776782574,2.04995841255388e-12,2.53382313062998e-12
3.18647817539219e-05,0.000617762896624016,2.04943775352212e-12,2.53439412421179e-12
3.18568500506713e-05,0.00061775097443856,2.0495755112554e-12,2.53191493958772e-12
3.18581976762574e-05,0.000617715591472022,2.04890318115468e-12,2.53309393632937e-12
3.1876005740184e-05,0.000617766366431975,2.04917321642514e-12,2.53223395758051e-12
3.18663117006126e-05,0.000618009066402819,2.0496988286933e-12,2.53290248201777e-12
3.18841670053086e-05,0.00061830636431029,2.05004757612535e-12,2.53331037153647e-12
3.18826843496592e-05,0.000618541447779566,2.0518000189021e-12,2.53317121405517e-12
3.1880965073261e-05,0.000618319026772532,2.05075864426341e-12,2.53325720540766e-12
3.18838220097833e-05,0.000618345695667242,2.05090391032115e-12,2.53345874502269e-12
3.18772024326188e-05,0.000618297325421762,2.05227961477664e-12,2.53380165748914e-12
3.18750430564452e-05,0.00061819209915126,2.05234164402837e-12,2.53352161023601e-12
3.18704756240872e-05,0.000618366652035,2.05254292207313e-12,2.53412846216231e-12
3.1866261231486e-05,0.000618200513675049,2.05279672344108e-12,2.53507267068653e-12
3.18659366241623e-05,0.000618111772448351,2.05236438817791e-12,2.53561053340721e-12
3.18598266751359e-05,0.000618012426193494,2.05220383588076e-12,2.53668144850854e-12
3.1859633196589e-05,0.000617988110385469,2.05222031778508e-12,2.53680045422355e-12
3.18565016579694e-05,0.00061801857013156,2.0512439925795e-12,2.53708634983435e-12
3.1862914013152e-05,0.000618102209402419,2.04962669823497e-12,2.53718761037638e-12
3.18277876427476e-05,0.000618152539632618,2.048112424559e-12,2.53531097690131e-12
3.18129161705919e-05,0.000618239294844457,2.04903798363465e-12,2.53425739733774e-12
3.18144740206184e-05,0.000618044971614681,2.04990020003707e-12,2.53227731725148e-12
3.18008592313971e-05,0.000617958303806821,2.0493208072058e-12,2.5325979674644e-12
3.18045035031002e-05,0.00061802851687901,2.04857026945638e-12,2.53304479428997e-12
3.17850898613849e-05,0.000617950898347282,2.04963092519619e-12,2.53299803491144e-12
3.17858057878603e-05,0.000617946629955596,2.04956867972410e-12,2.53290303643251e-12
3.17836981659179e-05,0.000618007616307466,2.0494377764752e-12,2.53235780712578e-12
3.1784688846169e-05,0.000617883073269682,2.04857457200923e-12,2.53189081067523e-12
3.17847079311976e-05,0.000617903983575958,2.04856777859773e-12,2.53185950523032e-12
3.17770404490444e-05,0.000618055369686254,2.04863717746606e-12,2.5326043773917e-12
3.17497144269525e-05,0.000618100892097597,2.04873931948794e-12,2.53251456129164e-12
3.17545122069672e-05,0.000618251774711682,2.04878281932075e-12,2.53302631822121e-12
3.17413679020881e-05,0.000618336466434279,2.04859802079e-12,2.53365671490363e-12
3.17458192120662e-05,0.000618253501529796,2.04895129676627e-12,2.53289527019954e-12
3.17391353378035e-05,0.000618425164083873,2.05067171073177e-12,2.53211490127866e-12
3.17406001906878e-05,0.000618317760441756,2.05090196151921e-12,2.53091776378552e-12
3.17429788808686e-05,0.000618257334053269,2.05114920873048e-12,2.53164965534945e-12
3.17460776304186e-05,0.000618359649866858,2.05064238043935e-12,2.53171218356051e-12
3.17577644489016e-05,0.000618528092111918,2.04998955436654e-12,2.5325085235176e-12
3.17491378614331e-05,0.000618560295254957,2.04871806613461e-12,2.53331124991682e-12
3.1759315073472e-05,0.000618545909094133,2.04951009868044e-12,2.53343491216381e-12
3.17651297265621e-05,0.000618460617463392,2.05037014262551e-12,2.53363066844031e-12
3.17508489851981e-05,0.000618516186078633,2.050360159816e-12,2.53411190295413e-12
3.1742046473308e-05,0.000618552868741037,2.05098862954506e-12,2.53436364165315e-12
3.17541017311115e-05,0.000618734878326462,2.04885399842186e-12,2.5327774999368e-12
3.1762561788276e-05,0.000618886770032482,2.05134830019188e-12,2.53403153653128e-12
3.17642474540476e-05,0.000618827588756132,2.05129120616428e-12,2.53386155099568e-12
3.17600347028829e-05,0.000618941909755758,2.05079425407183e-12,2.53353190732716e-12
3.17647319049138e-05,0.000618586065078952,2.05187098123114e-12,2.53421446802246e-12
3.17634178960808e-05,0.000618622895911256,2.05211676069513e-12,2.53422196413431e-12
3.17697698038525e-05,0.000618594713432493,2.05195069104519e-12,2.53389810315661e-12
3.17651101099748e-05,0.000618562617131856,2.05176463885177e-12,2.53402633240555e-12
3.17763783701645e-05,0.000618580741876398,2.05380739991472e-12,2.53271580901729e-12
3.1776678568311e-05,0.000618578296715363,2.05387416388646e-12,2.53269864885617e-12
3.17748874585441e-05,0.000618811947987553,2.05305157664178e-12,2.53189979081272e-12
3.17834458203142e-05,0.000619033128908415,2.05187508710875e-12,2.53202654500838e-12
3.17778354740871e-05,0.000619066198186735,2.05160875612758e-12,2.53309360848479e-12
3.17731317782918e-05,0.000618947404722124,2.05156129345335e-12,2.53351445609663e-12
3.17687985479347e-05,0.000618914197837502,2.05160871467032e-12,2.53254830557586e-12
3.17861660150436e-05,0.000619033652149495,2.05266110582522e-12,2.53224133187242e-12
3.17786413610945e-05,0.000619068707149133,2.05268628481915e-12,2.53248536920454e-12
3.17787911651112e-05,0.000619235669331246,2.05462935212141e-12,2.53169173904619e-12
3.17754054026832e-05,0.000618976621947174,2.05493844314128e-12,2.53198870902436e-12
3.17751495030329e-05,0.000619066098946266,2.05483867144274e-12,2.53198340584719e-12
3.17735987288522e-05,0.000619176038482141,2.05475670105483e-12,2.53260662752226e-12
3.17757846316891e-05,0.000619177331977101,2.05467965513608e-12,2.53254256311045e-12
3.17759195312077e-05,0.000619193129359316,2.05449408690932e-12,2.53260207092574e-12
3.17731527362449e-05,0.000619382600850227,2.05409403820352e-12,2.53289500986983e-12
3.17433844940083e-05,0.000618531752980701,2.05576175062568e-12,2.53019598832917e-12
3.17418310302326e-05,0.00061838610748218,2.05613832863209e-12,2.53029156059874e-12
3.17428286194796e-05,0.000618397066042581,2.05657292567588e-12,2.52976713638377e-12
3.17392818055108e-05,0.000618269747160675,2.05621006121189e-12,2.5294105466251e-12
3.17450526632449e-05,0.000618455124417642,2.05651777590567e-12,2.52944130563283e-12
3.17560285658293e-05,0.000618331184193388,2.05464473349929e-12,2.52919240109466e-12
3.17331336685796e-05,0.000618407820229727,2.05375584014991e-12,2.52916909941594e-12
3.17358712489833e-05,0.00061809864710136,2.05563245820714e-12,2.52824286755507e-12
3.17212033526538e-05,0.000618136265750817,2.05545104453705e-12,2.52859620171342e-12
3.17241584072737e-05,0.000618073137916782,2.05355774214251e-12,2.52841220449241e-12
3.17297995395307e-05,0.000618138183555487,2.05428898140034e-12,2.52888259208404e-12
3.17132851092947e-05,0.000618018384313809,2.05490061210954e-12,2.5298579306239e-12
3.17034730473501e-05,0.000617965268702865,2.05443332954536e-12,2.5289005731448e-12
3.1714900301643e-05,0.000617873757241341,2.0542389814314e-12,2.52931196877281e-12
3.1718639647522e-05,0.000617773170171017,2.05375652458829e-12,2.52924504626306e-12
3.17219771630349e-05,0.000617761748304776,2.05377728512639e-12,2.52966733657465e-12
3.1714470975508e-05,0.000617407647475919,2.05469227707414e-12,2.52961629285264e-12
3.17297018000646e-05,0.000617358777412428,2.05485702053224e-12,2.52999526779631e-12
3.17281004219489e-05,0.000617367132894035,2.05479307536801e-12,2.52997440126102e-12
3.17284692470484e-05,0.000617205465248882,2.05466510184367e-12,2.5301562040848e-12
3.17279894781205e-05,0.000617177399533576,2.0548557300271e-12,2.52999591822112e-12
3.17245822938513e-05,0.000617140311849754,2.05688695638281e-12,2.52792338910194e-12
3.17180190939792e-05,0.000617250339757174,2.05758079523333e-12,2.52668487759389e-12
3.17273207488655e-05,0.000617236597363981,2.05865644597961e-12,2.52733501261072e-12
3.17144958543063e-05,0.000617255872688703,2.05835509915627e-12,2.52740513056101e-12
3.17318753514269e-05,0.000617147438198239,2.05698660784274e-12,2.5258501544674e-12
3.17345976195843e-05,0.000616947379036371,2.05621865167535e-12,2.52651006468057e-12
3.17447101862533e-05,0.00061694732355418,2.05749607037256e-12,2.52674169899548e-12
3.1748319482971e-05,0.000617213492760159,2.05821713367487e-12,2.52681828587072e-12
3.17467278618961e-05,0.000617240143170645,2.05906331202728e-12,2.5274333925882e-12
3.17447197647626e-05,0.000617134054762512,2.05917599303185e-12,2.52863091801313e-12
3.17233621965275e-05,0.000617287384643343,2.05720291527986e-12,2.53080094027937e-12
3.17215761092808e-05,0.000617374096272302,2.05755916327882e-12,2.5305753094979e-12
3.17234323156708e-05,0.000617418145208477,2.05798981540209e-12,2.53106959166301e-12
3.17190907060912e-05,0.000617433755671135,2.05872467315846e-12,2.53072339877856e-12
3.1714812966854e-05,0.000617448931695924,2.05783760835466e-12,2.53050830482053e-12
3.17170355086535e-05,0.000617402204681831,2.05939831920729e-12,2.53000928359748e-12
3.17196883672294e-05,0.000617437140672798,2.06016119791885e-12,2.53083581623503e-12
3.17116352623763e-05,0.000617494373893116,2.06055109330974e-12,2.53035828831548e-12
3.17248113746819e-05,0.000617360531039337,2.05883584584722e-12,2.53145966279072e-12
3.17329020830085e-05,0.000616934351320364,2.05956684569382e-12,2.53152950542832e-12
3.1720320771464e-05,0.000616810586918526,2.05801134944589e-12,2.53209783066539e-12
3.17200092397205e-05,0.000616782826335461,2.05803045477414e-12,2.53185603526881e-12
3.17231066808423e-05,0.00061686194718353,2.05788502044739e-12,2.5311877781031e-12
3.17305584765759e-05,0.000616994394011876,2.05781207257315e-12,2.53097356700003e-12
3.17139760874797e-05,0.000617059605812746,2.056821717593e-12,2.531189359407e-12
3.17090310876678e-05,0.00061704186850894,2.05709354503579e-12,2.53184751546195e-12
3.17048904535207e-05,0.000617040885476949,2.05801397599377e-12,2.53188878807961e-12
3.17156858664392e-05,0.000617416922591849,2.05682352144972e-12,2.53174122583972e-12
3.17226300480211e-05,0.000617371730860845,2.05655816924904e-12,2.53155761388506e-12
3.17262311255905e-05,0.000617350531589922,2.05752617164848e-12,2.53148488697342e-12
3.17268652423443e-05,0.000617356982743208,2.05748422789689e-12,2.53165866702084e-12
3.17291182676947e-05,0.000617218636391191,2.05689212730782e-12,2.53204505186854e-12
3.17342494000584e-05,0.000617381873542634,2.05625415614944e-12,2.53232442515905e-12
3.17341205299847e-05,0.000617316157119207,2.05582801992138e-12,2.53224179463459e-12
3.17211285225388e-05,0.000617774781338854,2.05485761229255e-12,2.532160274764e-12
3.17145143081235e-05,0.000617732716113868,2.0553124927528e-12,2.53220698079454e-12
3.16995344826049e-05,0.000617906115218546,2.05536370337947e-12,2.53177710774893e-12
3.17023604293492e-05,0.000617807302720832,2.05531823390109e-12,2.53125175491503e-12
3.1696992013627e-05,0.000617534623878706,2.05606641305334e-12,2.53003159750958e-12
3.16946165095899e-05,0.000618004401533338,2.05555912371686e-12,2.53115245685742e-12
3.17129404797477e-05,0.000618181002522881,2.05563339358512e-12,2.53194630002768e-12
3.17121254536816e-05,0.000618179444496907,2.05540058511203e-12,2.53187696971364e-12
3.17042362724557e-05,0.000618192317111484,2.05576893129666e-12,2.53219370056532e-12
3.17062433726499e-05,0.000618217779894272,2.05514813562406e-12,2.53265235143373e-12
3.17227722755321e-05,0.000618259398544219,2.05508365314877e-12,2.53319912982105e-12
3.1751804205608e-05,0.000618350144487169,2.05216925318127e-12,2.53372978631441e-12
3.1773358211427e-05,0.000618146744289401,2.05229359511624e-12,2.53451955687503e-12
3.17968490877313e-05,0.00061824082812785,2.05127091397754e-12,2.53429242117504e-12
3.18102041265372e-05,0.00061834735143569,2.05022488899158e-12,2.53496506662964e-12
3.18164855933662e-05,0.00061836897443698,2.05034864329147e-12,2.53417415277959e-12
3.18040182217545e-05,0.00061849503693007,2.05044927293804e-12,2.53437943028926e-12
3.1798697057759e-05,0.000618440320099837,2.04956002798753e-12,2.53457707534244e-12
3.18060836363995e-05,0.000618444690042966,2.04860505634679e-12,2.53495853865244e-12
3.17987264895969e-05,0.000618484564387,2.04944152154828e-12,2.53436923878229e-12
3.17929751606268e-05,0.000618405221487172,2.04923530566939e-12,2.53315049250575e-12
3.18018194112044e-05,0.000618352940984287,2.04994558321776e-12,2.5337300889558e-12
3.17789599072569e-05,0.000617901249439473,2.04937506447579e-12,2.53407063552797e-12
3.17710467697559e-05,0.000618146968762832,2.04789311163651e-12,2.53616602366297e-12
3.17755960015499e-05,0.000618059960366896,2.04814957420618e-12,2.53627331841824e-12
3.17752707623778e-05,0.000617890439859917,2.04861457344548e-12,2.53633914367823e-12
3.17794839144604e-05,0.00061798403295078,2.04850003736425e-12,2.53632821157952e-12
3.1781886437155e-05,0.000617923930682292,2.04884628740066e-12,2.53670594834364e-12
3.17666541224984e-05,0.00061789548747537,2.04845889278681e-12,2.53739518254409e-12
3.17692865708135e-05,0.000617748422684557,2.04861239229305e-12,2.53693653844595e-12
3.17651259664478e-05,0.000617704310338471,2.04870545565302e-12,2.53582637408415e-12
3.17477026758868e-05,0.000617404319515928,2.0495390394531e-12,2.53573272262552e-12
3.17400268705199e-05,0.000617244937303146,2.04986345119434e-12,2.53598928655904e-12
3.17335858103712e-05,0.000617121766639216,2.04948241800054e-12,2.53477063767189e-12
3.17396347692003e-05,0.000617033284933812,2.04950316828382e-12,2.53530511470662e-12
3.17362194933235e-05,0.000616863774483068,2.05155057316711e-12,2.53508016791056e-12
3.1740117711756e-05,0.0006168748130896,2.05103176647168e-12,2.5353308168755e-12
3.1732147331264e-05,0.000616819562989943,2.0508601892624e-12,2.53498690622693e-12
3.17333264147586e-05,0.000616754720207966,2.050257452975e-12,2.53448575474866e-12
3.17359619246366e-05,0.000616652189968515,2.04955779758632e-12,2.53587694019957e-12
3.17315193398848e-05,0.000616621769407219,2.04971315500639e-12,2.53604562567844e-12
3.17469791512425e-05,0.00061663355090231,2.04969473614303e-12,2.53675996270773e-12
3.1750760983554e-05,0.000616663733504159,2.0502304193532e-12,2.53696908372578e-12
3.1747445859151e-05,0.000616744762523683,2.04994709324651e-12,2.53564839943212e-12
3.17498410892289e-05,0.000616757272787841,2.04998068981238e-12,2.53532049337954e-12
3.17309320754399e-05,0.000616911222946625,2.04971160893707e-12,2.53509643114486e-12
3.1730282773682e-05,0.000616924818532695,2.04873694144616e-12,2.53578356245891e-12
3.1722230688996e-05,0.000616966071250937,2.04908216820538e-12,2.53612782924692e-12
3.17362297241525e-05,0.000616960455554344,2.04795665496591e-12,2.53517001868866e-12
3.17311595060544e-05,0.000617204738413736,2.04777847197496e-12,2.53587141747323e-12
3.17367140653681e-05,0.000617203123083453,2.04738814764875e-12,2.53644978640305e-12
3.17398436890306e-05,0.000617211681044878,2.04771026641293e-12,2.53651156245865e-12
3.17374098404427e-05,0.000616912972554148,2.04673899306025e-12,2.53633757965324e-12
3.17453816859175e-05,0.000616699141786812,2.0469814621303e-12,2.53617171378251e-12
3.17419006289382e-05,0.000616696545517763,2.04729020997197e-12,2.53673434191114e-12
3.17464523120561e-05,0.000616633098231816,2.04748817776758e-12,2.53694739522282e-12
3.17488236547268e-05,0.000616458954179551,2.04700468627616e-12,2.53583805569096e-12
3.17410598868845e-05,0.000616522000279885,2.04750216325811e-12,2.53551630223931e-12
3.17306951502566e-05,0.000616646485991869,2.04759352930705e-12,2.5350567402368e-12
3.1726633308174e-05,0.000616433694342892,2.04805101858238e-12,2.53346169802796e-12
3.17240851281662e-05,0.000616339129336843,2.04873372373259e-12,2.53353455225597e-12
3.17295334721864e-05,0.00061666571450584,2.04788406019136e-12,2.53168576096208e-12
3.17260718406962e-05,0.000616542104272305,2.04702883756997e-12,2.53118068081268e-12
3.17063875347718e-05,0.000616586628849367,2.04787054832991e-12,2.53091569434134e-12
3.16949231324853e-05,0.000616974392785446,2.04596236731068e-12,2.53391896398554e-12
3.17019427214743e-05,0.000617120893331888,2.04762990251505e-12,2.53633648652594e-12
3.17042251408904e-05,0.000617320704769476,2.04794079814824e-12,2.5350825804082e-12
3.17025718523702e-05,0.000617352761079524,2.04761827705904e-12,2.53517860361313e-12
3.17064248434144e-05,0.000617366716626012,2.04738371887003e-12,2.53587912529519e-12
3.17235425920621e-05,0.0006177742816071,2.0495605222858e-12,2.53537286341655e-12
3.17158238153013e-05,0.000617857904063809,2.04837888799254e-12,2.5355554471824e-12
3.17059376677302e-05,0.000617855126016892,2.04824216908099e-12,2.53684789309414e-12
3.17010161371214e-05,0.000617975519325762,2.04817284797574e-12,2.53753509323024e-12
3.17043417571077e-05,0.000617877563608959,2.04745017552584e-12,2.53766944708892e-12
3.17020492767368e-05,0.000617848953278215,2.04789401508629e-12,2.53834453960698e-12
3.17022100928486e-05,0.000617887451224598,2.04832498943503e-12,2.53814691682986e-12
3.17033990258342e-05,0.000617746448256534,2.04793712533308e-12,2.5382266083574e-12
3.17167106500769e-05,0.000617812519677291,2.04904402416507e-12,2.53830134087775e-12
3.17001729619117e-05,0.000617879983747742,2.04943691686026e-12,2.53867940055133e-12
3.16908229872697e-05,0.000617804797628823,2.05004949416247e-12,2.53884709562431e-12
3.16840078372583e-05,0.00061770556667736,2.05111071906649e-12,2.53511308555093e-12
3.16890578346026e-05,0.000617862290861166,2.05096071733372e-12,2.53518657404794e-12
3.16950389710016e-05,0.000617920618114906,2.05021129878593e-12,2.53494596852645e-12
3.16931322511453e-05,0.000617710193126406,2.05080387371708e-12,2.53464207785053e-12
3.16998365316157e-05,0.000617830678295882,2.05018459495417e-12,2.53356055039295e-12
3.17124499339648e-05,0.000617832214584766,2.04926424157545e-12,2.53367981888772e-12
3.17285354595084e-05,0.000617592489788882,2.04892740038073e-12,2.5333051014015e-12
3.17388921575265e-05,0.000617084540488284,2.04711227703275e-12,2.53414227668929e-12
3.17425844080899e-05,0.00061696287724748,2.04785076918689e-12,2.53429819551662e-12
3.17397918135859e-05,0.000616876126715665,2.04833380168805e-12,2.53447777315905e-12
3.17392361635458e-05,0.000616861070742224,2.04836732343334e-12,2.53450393255967e-12
3.17305511356979e-05,0.000616971029758341,2.05030536188565e-12,2.53422938078975e-12
3.17312012537661e-05,0.000616752108440312,2.05124120414375e-12,2.53521756824107e-12
3.17311403284426e-05,0.000616354772365697,2.05117004648058e-12,2.53615916348227e-12
3.17281222286474e-05,0.000616511309946627,2.0512973097691e-12,2.53722478250478e-12
3.17199944710349e-05,0.000616587466652752,2.05234289527851e-12,2.5377430434053e-12
3.17244606751362e-05,0.00061683158303845,2.05116499514394e-12,2.53875074221768e-12
3.17391632254584e-05,0.000617124397131448,2.05253258766044e-12,2.53820382956804e-12
3.1747458066509e-05,0.000617007919470745,2.05131582993093e-12,2.5387588205768e-12
3.17612325089367e-05,0.000617026185874951,2.05150013556259e-12,2.53814661548933e-12
3.1767462534301e-05,0.000617125930363982,2.05121614414008e-12,2.53931249913796e-12
3.17640473129145e-05,0.000617150084643971,2.05186403391576e-12,2.53859490776084e-12
3.1757803816753e-05,0.000616982599093961,2.053152300459e-12,2.53960909460374e-12
3.17782717601435e-05,0.000616982960356273,2.05325327129647e-12,2.54051924932106e-12
3.17819629749279e-05,0.000617004753956408,2.05382631544429e-12,2.54048533875249e-12
3.17855867814451e-05,0.000616823248985972,2.05447976673348e-12,2.54022918118657e-12
3.17781645304833e-05,0.000616743075599243,2.05394935515916e-12,2.54007055213447e-12
3.17746079403801e-05,0.000616597393183665,2.05290604253981e-12,2.5398086348816e-12
3.17770765786558e-05,0.000616472953990554,2.05260048520269e-12,2.5398851359564e-12
3.1771892188945e-05,0.000616502442797352,2.05148483662537e-12,2.5400360906324e-12
3.17683560719714e-05,0.00061650160009068,2.05151712419396e-12,2.54035429389221e-12
3.177030864636e-05,0.000616411870094092,2.05072103092825e-12,2.54188891397705e-12
3.17664615975609e-05,0.000616509963275023,2.04998712223192e-12,2.54208303974711e-12
3.17675466074002e-05,0.000616477015534663,2.04923043166588e-12,2.54218318248438e-12
3.17659745150541e-05,0.000616101009285144,2.04798859063708e-12,2.5427548839352e-12
3.17767965036978e-05,0.000615945178493359,2.0496633927655e-12,2.54511207698863e-12
3.17878797125112e-05,0.000615863262376844,2.04869177800071e-12,2.54496964720573e-12
3.17874977249144e-05,0.000615913687346287,2.04920234216929e-12,2.54454881028244e-12
3.17861408748252e-05,0.000615888248883684,2.04900016510958e-12,2.54453375061088e-12
3.17895216781855e-05,0.000615952454197077,2.04887501312095e-12,2.54461425844186e-12
3.17890911724778e-05,0.000616148170694457,2.04766683236594e-12,2.54529000908862e-12
3.17902885927851e-05,0.000616746199312757,2.0458497781869e-12,2.54536917216994e-12
3.18135912147811e-05,0.000616844272657205,2.04740065314619e-12,2.54793115959967e-12
3.17919741269747e-05,0.000617157487763412,2.04662826992859e-12,2.549203402566e-12
3.1784679243999e-05,0.000617202614224452,2.04606638711201e-12,2.54880843236381e-12
3.17854634263443e-05,0.00061693150836906,2.04634628305659e-12,2.54951853793102e-12
3.17898223934553e-05,0.000617012553085534,2.04596777243654e-12,2.54982730366433e-12
3.17915773579054e-05,0.000616826122326386,2.0454701506707e-12,2.54885062238013e-12
3.17860842545523e-05,0.000616752522604751,2.04499905038009e-12,2.54796747737115e-12
3.17939415952645e-05,0.00061668847158935,2.04474329347652e-12,2.54766369098314e-12
3.1797758455467e-05,0.00061719631078306,2.0422840173763e-12,2.54707460308122e-12
3.17942469907682e-05,0.000617161247199052,2.04220891277326e-12,2.54659763599481e-12
3.17954899609286e-05,0.000617228167896636,2.04210442153474e-12,2.54654786720349e-12
3.18117528314562e-05,0.000617449188967722,2.04086235117004e-12,2.54755371976733e-12
3.1818126538412e-05,0.000617210045178738,2.04129853047669e-12,2.54799441164898e-12
3.1802998738269e-05,0.000617203160929882,2.04118909734908e-12,2.54741987962408e-12
3.18159486280421e-05,0.000617570344833549,2.03924595870211e-12,2.54632416985136e-12
3.18213779944547e-05,0.000617545381985968,2.03872442205411e-12,2.54603656270887e-12
3.18190477527569e-05,0.000617509969876495,2.03851849255547e-12,2.5458985370408e-12
3.18143326757526e-05,0.000617723692032396,2.03919077458584e-12,2.54474000758415e-12
3.18143708446281e-05,0.000617728373681901,2.03914535136606e-12,2.5448018553603e-12
3.18107472994528e-05,0.000617681520278529,2.03907174028069e-12,2.54497269196268e-12
3.1813491681148e-05,0.000617716183516376,2.03729211984083e-12,2.54492596969946e-12
3.18109251573849e-05,0.000617626101306016,2.03694726311791e-12,2.54579680932625e-12
3.18135418168107e-05,0.000617561564917688,2.03681775624334e-12,2.54651580428307e-12
3.18183695614206e-05,0.000617308492331776,2.03596982837914e-12,2.54627513329143e-12
3.18264896641254e-05,0.000617480999893585,2.03569476910341e-12,2.54673529920234e-12
3.18222616781735e-05,0.000617377114256286,2.03408726177062e-12,2.546482827088e-12
3.18204323674572e-05,0.000617360287178725,2.03403412632549e-12,2.54628798636115e-12
3.18214462051006e-05,0.000617382553533597,2.03412257843835e-12,2.54624369083261e-12
3.1835404377563e-05,0.000617323371267947,2.03559321026524e-12,2.54615892086047e-12
3.18328793358773e-05,0.000616870008888751,2.03680096031089e-12,2.54518132361646e-12
3.18407827291644e-05,0.000616943670307102,2.03891178212058e-12,2.54536855773269e-12
3.1844928813665e-05,0.000616842669045433,2.04027199463182e-12,2.54572625228686e-12
3.18031937164519e-05,0.000617033330715496,2.04118854072474e-12,2.54498228835215e-12
3.18337536718342e-05,0.000617119284701461,2.04078114308217e-12,2.54576914810564e-12
3.18326775495236e-05,0.000617156544815246,2.04077237437928e-12,2.54468690724194e-12
3.18307038022035e-05,0.000617196396769899,2.04091587561548e-12,2.54469476204129e-12
3.18442102675219e-05,0.000617178501077276,2.04247138819823e-12,2.54584743437651e-12
3.18188204703475e-05,0.000617154041492489,2.04109317738984e-12,2.5459479850818e-12
3.18157371200318e-05,0.00061724644874456,2.0417909278642e-12,2.54717810357861e-12
3.18029505897383e-05,0.000617435437989292,2.04193771863789e-12,2.5472866706466e-12
3.18023474775748e-05,0.000617455835407068,2.04283351074024e-12,2.54688183884211e-12
3.18029213349998e-05,0.000617436699170889,2.04284864067388e-12,2.54693809495818e-12
3.17886095436646e-05,0.000617244958151508,2.04215312801517e-12,2.54579506502809e-12
3.17971969254667e-05,0.000617167425133176,2.04273578833457e-12,2.54599599735629e-12
3.17917513876053e-05,0.000617161140484243,2.04304452203552e-12,2.5459064861572e-12
3.17967036963225e-05,0.000617244613514066,2.04247390088894e-12,2.54558575380277e-12
3.18254823745372e-05,0.000617247115804807,2.04277547073295e-12,2.54633787158205e-12
3.18193813294818e-05,0.000617144751238396,2.04271926072717e-12,2.54633904290529e-12
3.18309275768098e-05,0.000617170970295455,2.04257807609036e-12,2.54598773458466e-12
3.1838098148659e-05,0.000616954417459419,2.04107361760416e-12,2.54609123592442e-12
3.18356656616758e-05,0.00061698361285755,2.04003704974077e-12,2.54559433048778e-12
3.18342376940405e-05,0.000616877428762817,2.039763733491e-12,2.54571702338978e-12
3.18409042614044e-05,0.000616717092447292,2.03908733962693e-12,2.54596217641776e-12
3.18307219338748e-05,0.000616714725372719,2.03942116219056e-12,2.54567589870108e-12
3.18335830524668e-05,0.000616745893659761,2.03944648633937e-12,2.54541214373698e-12
3.18610788367045e-05,0.000616987724676801,2.04103645558747e-12,2.54504609825076e-12
3.18404984403204e-05,0.000617338550947686,2.04132536104107e-12,2.54515211951512e-12
3.18334217344821e-05,0.000617670924691236,2.04015934982661e-12,2.54569296133491e-12
3.18308900103665e-05,0.00061759302875493,2.04049055766077e-12,2.54552237328997e-12
3.18269487138035e-05,0.000617656789834931,2.04036788961946e-12,2.54560967968942e-12
3.18299929533956e-05,0.000617927541600533,2.04113787902675e-12,2.54461669244565e-12
3.18400145560261e-05,0.000617818412408977,2.04133935720893e-12,2.54464457704811e-12
3.18035747091093e-05,0.000617197591665391,2.03921374060002e-12,2.5460182260277e-12
3.18041213509474e-05,0.000617223634684627,2.03902356720925e-12,2.54585664628456e-12
3.17966221944846e-05,0.000617024815787223,2.03994954191836e-12,2.54730004216154e-12
3.17931963111673e-05,0.000617145438450462,2.04142264509519e-12,2.54800475428385e-12
3.17905884164699e-05,0.000616789871076883,2.04245582255722e-12,2.54823894368855e-12
3.17982909492942e-05,0.000616753692728659,2.04227001324613e-12,2.54810646597983e-12
3.18011810639491e-05,0.000616732253070635,2.04120605157653e-12,2.54742027297591e-12
3.17970912739628e-05,0.000616684706449826,2.04201313759391e-12,2.54721412654593e-12
3.17972055836605e-05,0.000616708325888213,2.04158731270688e-12,2.54632722415657e-12
3.17992646706283e-05,0.000616497465611106,2.04004602826422e-12,2.54541282088747e-12
3.17988369113486e-05,0.000616569253705832,2.03985803568963e-12,2.54517094922266e-12
3.18072026194539e-05,0.000616592434142868,2.03897271299577e-12,2.5453475407956e-12
3.17995912952781e-05,0.000616527810661885,2.04067350237042e-12,2.54554821747644e-12
3.18051359732102e-05,0.000616484171221943,2.04141627590643e-12,2.54534965898828e-12
3.18010967553022e-05,0.000616778129162501,2.04187836257211e-12,2.5456664367753e-12
3.18064794066309e-05,0.000617356934759156,2.04131672381575e-12,2.54629216559842e-12
3.18173500914612e-05,0.00061727562423603,2.04237246989829e-12,2.54689284109695e-12
3.18228114820937e-05,0.000617390259898442,2.04250751295255e-12,2.54805890397989e-12
3.18199239584248e-05,0.000617406375027022,2.04253529809989e-12,2.54799911726812e-12
3.1826726410114e-05,0.000616954453988437,2.0429094482221e-12,2.54755692201298e-12
3.18208102533677e-05,0.000616907254782722,2.04275183575409e-12,2.54774963321196e-12
3.18228795608379e-05,0.000617009333634764,2.04224856563414e-12,2.54882641994164e-12
3.18137867049852e-05,0.000617240340106571,2.04270058211851e-12,2.5470424706396e-12
3.18104187029652e-05,0.000617309315831658,2.04256684693345e-12,2.54702949766497e-12
3.18048040880423e-05,0.000617265154316916,2.04319506657783e-12,2.54529889517297e-12
3.18024889067464e-05,0.000617375104699262,2.04388230946018e-12,2.54546071425971e-12
3.18038097246074e-05,0.000617405395025731,2.04292711535272e-12,2.54533936380922e-12
3.18109767092347e-05,0.000617492975940697,2.04257424364855e-12,2.54570112036633e-12
3.18182275231776e-05,0.00061764126859026,2.04352588557647e-12,2.54584258846297e-12
3.18206688577351e-05,0.000617774472700288,2.0431399886394e-12,2.54648784058276e-12
3.18334803113032e-05,0.000617777617049782,2.04295061685866e-12,2.54674345110496e-12
3.18328262591312e-05,0.000617786337814798,2.04293016285502e-12,2.54668200704634e-12
3.18475950604167e-05,0.000618001537915212,2.04107684507714e-12,2.54709593945685e-12
3.18583950683884e-05,0.000617667714418817,2.04140163518731e-12,2.54793425234768e-12
3.18698991922915e-05,0.000617688530302546,2.04119831156818e-12,2.54823694344168e-12
3.1873169049009e-05,0.000617346551317102,2.04104124797208e-12,2.54853724597923e-12
3.18861343332237e-05,0.000617339382952435,2.043919688269e-12,2.54859466758215e-12
3.18900856517802e-05,0.000617397146662527,2.04376883639502e-12,2.5489298458281e-12
3.18743059574147e-05,0.000617216565369815,2.04479494608868e-12,2.54990835743496e-12
3.18702678463768e-05,0.000617390363286625,2.04363668024169e-12,2.54967377201234e-12
3.18738823545512e-05,0.000617257893473651,2.04222256784746e-12,2.55187328238642e-12
3.18688767660615e-05,0.000617315713453575,2.04300623110618e-12,2.55136532858228e-12
3.18704105042386e-05,0.000617746973201929,2.04404665824258e-12,2.55125274172981e-12
3.18701170288048e-05,0.000618003092200202,2.043556317638e-12,2.55129979503307e-12
3.18606054160816e-05,0.000617961782781842,2.04332678691819e-12,2.55104602812462e-12
3.18550162904741e-05,0.000618018014356291,2.04343125265811e-12,2.55039058629034e-12
3.18565559279518e-05,0.000617969025573809,2.04364739898906e-12,2.55056441718953e-12
3.18652045864438e-05,0.000618134943759339,2.04249552546944e-12,2.55206939453546e-12
3.18680643371042e-05,0.000618149889595187,2.04387878598798e-12,2.54931988004837e-12
3.18711808907442e-05,0.000618105385209243,2.04410724777633e-12,2.54881135999333e-12
3.18829653822339e-05,0.000617874133314848,2.04582396994847e-12,2.5490919616899e-12
3.18546581659644e-05,0.000617823461982595,2.04555338575998e-12,2.54880172615401e-12
3.18735628425661e-05,0.00061774016701474,2.04703914280245e-12,2.54956510219402e-12
3.18838762708643e-05,0.000617905149267494,2.04628487281115e-12,2.54992715459786e-12
3.18850451107194e-05,0.000617920095857878,2.04676767499892e-12,2.54951883564327e-12
3.18901953625341e-05,0.000617758274803714,2.04615607500682e-12,2.54906399388532e-12
3.18905414904455e-05,0.000617699889025833,2.04447431725583e-12,2.5487509122114e-12
3.18940880888759e-05,0.000617850270852334,2.04317035086112e-12,2.54900647863595e-12
3.18934007906428e-05,0.00061784537210044,2.04314710048333e-12,2.54905229578285e-12
3.18830490428898e-05,0.000618057604982315,2.04423720539572e-12,2.55035532580074e-12
3.18844989026329e-05,0.000617933210283195,2.04200306547032e-12,2.54941131213656e-12
3.18762079977878e-05,0.000618183441519248,2.04170749195834e-12,2.54909415969698e-12
3.18643254536719e-05,0.000618405676176155,2.04163123970021e-12,2.54836373454818e-12
3.18670920026702e-05,0.000617996557130226,2.04031886616549e-12,2.54678615478346e-12
3.18505186578908e-05,0.000617663623695577,2.03986656852024e-12,2.54818039088747e-12
3.18536669789094e-05,0.000617708190276738,2.04034347352474e-12,2.5482278642578e-12
3.18572579056962e-05,0.00061773353168208,2.03932838783521e-12,2.5479624225817e-12
3.18571214458878e-05,0.000617583720785092,2.03956338454314e-12,2.5484937666829e-12
3.18795730145926e-05,0.000617678906536664,2.03822747032179e-12,2.54877386952186e-12
3.18778134450459e-05,0.000617684022706789,2.03845293018623e-12,2.548880836438e-12
3.18622030205801e-05,0.000617583552415612,2.0391532786265e-12,2.54658985086536e-12
3.18581410760316e-05,0.000617817303745558,2.03605730126431e-12,2.54629832269615e-12
3.18697925645263e-05,0.000617882749586136,2.03645843390259e-12,2.54577231426691e-12
3.18703425314366e-05,0.000617825299026462,2.03682352445935e-12,2.54660757710383e-12
3.1880684017595e-05,0.000617941120977263,2.03703182611116e-12,2.54646345142955e-12
3.18847226668851e-05,0.000618007660664188,2.03748007867758e-12,2.54632338190978e-12
3.18786956165348e-05,0.000618368587771789,2.03767593923822e-12,2.54774429195383e-12
3.18741169866623e-05,0.000618378870977594,2.03707352441168e-12,2.54776663651014e-12
3.18735915987321e-05,0.000618388519470649,2.03705153113471e-12,2.5478004406017e-12
3.18655066667025e-05,0.000618407278494113,2.03773807188841e-12,2.54759228167114e-12
3.18871857961136e-05,0.000618505723501356,2.0388615052265e-12,2.54677103520649e-12
3.18903235537555e-05,0.000618528065492548,2.03880500970223e-12,2.54695873474918e-12
3.18882610145209e-05,0.000618631638298184,2.03817498217009e-12,2.54645107211956e-12
3.18753492265603e-05,0.000618659180337249,2.03719789328285e-12,2.54643457905551e-12
3.18818919983389e-05,0.000618783369260374,2.0374467873721e-12,2.54620493394946e-12
3.18833110056174e-05,0.000618534774766056,2.0383030132664e-12,2.54559172232035e-12
3.18800834677381e-05,0.0006184536935336,2.03875163081057e-12,2.54534067911871e-12
3.18839406820517e-05,0.000618498608370159,2.0398579007805e-12,2.54665619807068e-12
3.18842291678973e-05,0.00061811465049836,2.03968852711219e-12,2.54732753431532e-12
3.18922442620552e-05,0.000618049340257437,2.04104025440165e-12,2.54670689029808e-12
3.1908397174661e-05,0.000617842383233381,2.03960570331218e-12,2.54851318248056e-12
3.19189079740743e-05,0.000617626773257703,2.03838473549012e-12,2.5476246102954e-12
3.19204528403712e-05,0.000617721944162142,2.03803992652406e-12,2.54794086708881e-12
3.19247220327628e-05,0.000617898082075171,2.0385276734319e-12,2.54812296186689e-12
3.19133968597741e-05,0.000617756914686518,2.03948167871429e-12,2.54789187058966e-12
3.1912049898197e-05,0.000617716702235143,2.03927749426768e-12,2.54825475961156e-12
3.18968420671314e-05,0.000617624354707595,2.03822041900126e-12,2.54863757602203e-12
3.19018009244042e-05,0.000617606834485149,2.03802802890492e-12,2.54834940473069e-12
3.18923653511706e-05,0.000617514687140251,2.03736877814169e-12,2.5471766442859e-12
3.18757746401877e-05,0.00061754956458197,2.0370662476583e-12,2.54591864674873e-12
3.18694371522858e-05,0.000617511993703548,2.03677004796666e-12,2.54599066491984e-12
3.18544707743792e-05,0.000617462899648425,2.03628384644029e-12,2.54814728180858e-12
3.18535226868267e-05,0.00061741261338303,2.03642864859522e-12,2.54809965470609e-12
3.18506845277009e-05,0.000617359795528722,2.03685700611522e-12,2.54820345756773e-12
3.18566064534832e-05,0.000617543031957772,2.03701595035411e-12,2.54793788077227e-12
3.18232020072398e-05,0.000618080088344413,2.03694805305495e-12,2.54862554316989e-12
3.18385747344566e-05,0.000618120669170827,2.03511050076118e-12,2.54785749413369e-12
3.18727413043067e-05,0.000618203645366338,2.03489293623241e-12,2.54654564318609e-12
3.18669813184715e-05,0.000618284312190333,2.03542304339752e-12,2.54706914002318e-12
3.18666088993927e-05,0.000618280819159468,2.03533240162012e-12,2.54702413734112e-12
3.18673823164365e-05,0.000618213127901699,2.03573753678638e-12,2.54691131380429e-12
3.18576604189318e-05,0.000618222470111749,2.03553672912775e-12,2.54715814135967e-12
3.18648696693247e-05,0.000618073229696626,2.03807939731371e-12,2.54673744943982e-12
3.18640718439199e-05,0.000618171401413485,2.03788778210264e-12,2.54625181638541e-12
3.18640355547281e-05,0.000618568243954098,2.03738993430283e-12,2.54630240237204e-12
3.18595687177772e-05,0.000618553419328318,2.03727243837746e-12,2.54639388335561e-12
3.18607267582838e-05,0.000618435638499497,2.03587390138872e-12,2.54797113537172e-12
3.18488424511737e-05,0.000618512705545296,2.03567588681241e-12,2.54917362915661e-12
3.18572485915076e-05,0.000618428201160296,2.03584392136868e-12,2.55015514276336e-12
3.18625464546354e-05,0.000618428919966835,2.03545776808965e-12,2.55019237460447e-12
3.1861869450182e-05,0.000618424388284682,2.03693145634795e-12,2.551777546291e-12
3.18585833169037e-05,0.000618417600938454,2.03622610310094e-12,2.55226146412972e-12
3.18599052843386e-05,0.000618261743312024,2.0362314368138e-12,2.55292937178938e-12
3.18610021005369e-05,0.000618238786935786,2.03660448318328e-12,2.55290459076076e-12
3.18650339026744e-05,0.000617982972765087,2.03798595363681e-12,2.55280159857712e-12
3.18705789443549e-05,0.000617800533038626,2.03726433466688e-12,2.55251279004364e-12
3.18675806119112e-05,0.000617847579287114,2.03719606225412e-12,2.55245013202112e-12
3.18585650442214e-05,0.000617896807845416,2.0364105972961e-12,2.55255940891983e-12
3.18677763262306e-05,0.000617700746358052,2.03860543238435e-12,2.55269903588447e-12
3.18557767731327e-05,0.000617976975706418,2.03916003819018e-12,2.55306778713951e-12
3.18496248028701e-05,0.000617501255091914,2.04091739597584e-12,2.55197124337211e-12
3.18503155502071e-05,0.000617463962267371,2.04072386685095e-12,2.5523446322014e-12
3.18652344508807e-05,0.00061742670865529,2.04025245891582e-12,2.55157749424289e-12
3.18480345036648e-05,0.000617365136611648,2.04271283087777e-12,2.54896026544029e-12
3.18423955277646e-05,0.000617375155180487,2.0425685542828e-12,2.54934641129808e-12
3.18419298986633e-05,0.000617456858778933,2.0431242127976e-12,2.54857894187767e-12
3.18431441599165e-05,0.000617330647572394,2.04274574046471e-12,2.54849977503279e-12
3.18445774394614e-05,0.000617134791598999,2.04096043170625e-12,2.5487750790386e-12
3.18472234659898e-05,0.000617059720332129,2.04134448340944e-12,2.54749116835672e-12
3.18525512913586e-05,0.000617074095786318,2.04056079984101e-12,2.54752433456057e-12
3.1855738944543e-05,0.000617086455631136,2.04173651441939e-12,2.5475957722281e-12
3.18502571776342e-05,0.000617172036409885,2.04073089418978e-12,2.5488749371104e-12
3.18519626819506e-05,0.000617426623375236,2.04041890709646e-12,2.54979312282965e-12
3.18615713107165e-05,0.000617482915590991,2.04082960869732e-12,2.55066443392276e-12
3.18481341155546e-05,0.000617525550838739,2.04117616408691e-12,2.5506357347777e-12
3.18501958211128e-05,0.000617588675645974,2.04034131894227e-12,2.54975276716075e-12
3.18501221893815e-05,0.000617542461632864,2.04093891528521e-12,2.55026993081847e-12
3.18548352891526e-05,0.000617662408882455,2.04047243882223e-12,2.54994896833521e-12
3.18613884008672e-05,0.000617520895705992,2.03913720674761e-12,2.55128663879689e-12
3.18368797800486e-05,0.000617622370288128,2.03908523764511e-12,2.5514076104909e-12
3.18350723419784e-05,0.000617696711177989,2.03894309221693e-12,2.55183036544286e-12
3.18310016228099e-05,0.000617839777407614,2.03947713542478e-12,2.55195567494738e-12
3.18195990947109e-05,0.00061779012958191,2.03935740328097e-12,2.55035975018228e-12
3.18179136916995e-05,0.000617709216089762,2.03955480453949e-12,2.5504591131487e-12
3.18292128847669e-05,0.000617580783368963,2.04083264072049e-12,2.55044928176139e-12
3.18298124837527e-05,0.000617406266418044,2.04161454749093e-12,2.55031736056349e-12
3.18379614174633e-05,0.000616881982771723,2.04175176889667e-12,2.55013173944112e-12
3.18281185720403e-05,0.000616915483059438,2.04227598246419e-12,2.54982262221013e-12
3.18161408530943e-05,0.000616910486407496,2.04164043489342e-12,2.54870551177572e-12
3.18162867419326e-05,0.000617212086809914,2.04255438981834e-12,2.54856110492468e-12
3.18195954639039e-05,0.000617035804230912,2.04236955487427e-12,2.5475593365701e-12
3.18014676233514e-05,0.000617006910442102,2.04276291078628e-12,2.54791325111291e-12
3.1798488095653e-05,0.000616924656936843,2.04266533442596e-12,2.54752971165126e-12
3.17899745834688e-05,0.000617228933007775,2.04272330624871e-12,2.54665925586641e-12
3.17842499402819e-05,0.000617291580959648,2.04361035416109e-12,2.54605876521558e-12
3.17839769628064e-05,0.000617431401933081,2.04359920043427e-12,2.54458914340291e-12
3.17746053366113e-05,0.000617098110581372,2.04298161491002e-12,2.54324997309718e-12
3.17495954949383e-05,0.000617137697083336,2.0437075603337e-12,2.54648064587472e-12
3.17764411652093e-05,0.000616917148023478,2.04303540505292e-12,2.54712984230956e-12
3.17705771885622e-05,0.000616844551072598,2.04291438248991e-12,2.54733213874083e-12
3.17375224400696e-05,0.000617152239713629,2.04496979799076e-12,2.54963780259493e-12
3.17317044579467e-05,0.000616655211743566,2.0435079606493e-12,2.54881087473416e-12
3.17273477063296e-05,0.000616549024527066,2.04334976324203e-12,2.54869469911024e-12
3.17366467741419e-05,0.000616623238824359,2.04185136766371e-12,2.54859890405239e-12
3.17670178748001e-05,0.000617118824109015,2.04100296245488e-12,2.54899829481184e-12
3.17526063363953e-05,0.0006172054231271,2.03955175628428e-12,2.54815149241118e-12
3.1750211618157e-05,0.000617211887325174,2.03960136425342e-12,2.5484540642524e-12
3.17516434092172e-05,0.000616895329050939,2.04025222284886e-12,2.54822333242829e-12
3.17448468840976e-05,0.00061686376850444,2.04013378638047e-12,2.54807517886932e-12
3.17381818325223e-05,0.00061685141916594,2.04140621869564e-12,2.54734944440613e-12
3.17693893486234e-05,0.000616749980041388,2.04207040655589e-12,2.54831764890324e-12
3.176462594453e-05,0.000616823358787431,2.04168450782667e-12,2.54822899223361e-12
3.17421856145105e-05,0.000616460997051271,2.04153213503781e-12,2.54929796261622e-12
3.17446161954166e-05,0.000616337741058332,2.04094737508987e-12,2.54912931040991e-12
3.17271887477908e-05,0.0006162003370288,2.04121046029539e-12,2.54877566293644e-12
3.17321921188517e-05,0.000616085229534607,2.03991978031587e-12,2.54979998921669e-12
3.17205153100039e-05,0.00061613549526627,2.03934889292386e-12,2.549041432939e-12
3.17199945967978e-05,0.000616194110220442,2.03985032887848e-12,2.54901688518932e-12
3.17283598253155e-05,0.000615978888582747,2.04070037207916e-12,2.54841449351174e-12
3.17383030449869e-05,0.000615898381633801,2.04197938075381e-12,2.54767058890672e-12
3.17347306804844e-05,0.000615911403285997,2.04230320039544e-12,2.54748052608814e-12
3.17239248566862e-05,0.000615506795645639,2.04302532572953e-12,2.54670451807078e-12
3.172625801984e-05,0.000615531116530437,2.04310640103546e-12,2.54667249677008e-12
3.17343520837776e-05,0.00061554264399236,2.04333254611857e-12,2.54758671653796e-12
3.17296520724892e-05,0.000615699597207071,2.04339537013182e-12,2.54612003252883e-12
3.17313762348024e-05,0.000615742909978574,2.04451627398646e-12,2.54611895608276e-12
3.17334261511742e-05,0.000615766123424347,2.04458307460423e-12,2.54702793180844e-12
3.17268971589027e-05,0.000615582536580834,2.04484105322647e-12,2.54713965648185e-12
3.17217075988209e-05,0.000615545166680833,2.04495376429752e-12,2.54707359933822e-12
3.17185642028492e-05,0.000615578780967895,2.04484729964627e-12,2.54672286604019e-12
3.17148938048982e-05,0.000615722774286522,2.04505971263909e-12,2.54575781542894e-12
3.17201010076939e-05,0.000615674426808668,2.04478394338249e-12,2.54521924951087e-12
3.17225157356139e-05,0.000615624671816049,2.04499096124123e-12,2.54549143945073e-12
3.17256906759043e-05,0.000615661520641274,2.04552096162196e-12,2.54521922426201e-12
3.17250445739497e-05,0.000615577302576048,2.0452717817246e-12,2.54536134787936e-12
3.17059156383965e-05,0.000615646379186048,2.04642879216221e-12,2.54400460320478e-12
3.17075610293117e-05,0.000615930185757307,2.04625558936965e-12,2.54459668708553e-12
3.17037479517894e-05,0.000616012567160829,2.04544013822211e-12,2.54438607606688e-12
3.16984163222291e-05,0.000616124600861118,2.04530464409297e-12,2.54470631911404e-12
3.17003278537321e-05,0.000616014745435862,2.04646831095532e-12,2.54557389594243e-12
3.1703008830617e-05,0.000616057282806174,2.04665658180486e-12,2.54525627793274e-12
3.17157502798099e-05,0.000615824800858802,2.04682932361595e-12,2.54713551356293e-12
3.17282104145079e-05,0.000615880522910093,2.04675465224597e-12,2.54730563185588e-12
3.17379167067829e-05,0.000615832607764132,2.04713847408967e-12,2.54802099236586e-12
3.17241951117886e-05,0.000616341914392847,2.04728265495312e-12,2.54870894915562e-12
3.17153878805903e-05,0.000615889696844027,2.04812102017183e-12,2.54646436361614e-12
3.17144278773071e-05,0.000615897609096907,2.04844135314985e-12,2.54639744446139e-12
3.17224883413026e-05,0.000616005379295908,2.04918629889379e-12,2.54614473885777e-12
3.17224456174289e-05,0.000615788248577824,2.04820107807234e-12,2.54705084855413e-12
3.17199889480036e-05,0.000615810078392997,2.04839766340784e-12,2.54725606376085e-12
3.17253113579336e-05,0.000615664565450219,2.04871833869401e-12,2.54747804557227e-12
3.17167804860937e-05,0.00061549323714385,2.04971259202607e-12,2.5474903603875e-12
3.17171782179503e-05,0.000615498239485214,2.04998465704813e-12,2.54756583246396e-12
3.17054590566349e-05,0.000615606343543467,2.05048706529351e-12,2.54751752654926e-12
3.16984877772715e-05,0.000615775974273881,2.04859681872544e-12,2.54639015833183e-12
3.16917401521254e-05,0.000615848068831314,2.04764688605499e-12,2.54661742142195e-12
3.16905677383374e-05,0.00061586470500916,2.04741472751037e-12,2.54649361827216e-12
3.16718625779791e-05,0.000615964761423854,2.04683320056354e-12,2.54570446009219e-12
3.16732856470196e-05,0.000615932958042964,2.04659892555102e-12,2.54570277873195e-12
3.16732436849242e-05,0.000615939586842075,2.04668744051781e-12,2.54561372681377e-12
3.16740338728549e-05,0.000615962644750829,2.04614053056779e-12,2.54485141307197e-12
3.16863899447536e-05,0.000616102163559956,2.04653105018768e-12,2.54573786994791e-12
3.16834367772505e-05,0.000616237531962209,2.04723672075785e-12,2.54520870067266e-12
3.16844939969959e-05,0.000616315223624935,2.04672684205755e-12,2.54536309978741e-12
3.16792795357684e-05,0.000616351311334223,2.04686568765045e-12,2.54518205224254e-12
3.16811289152412e-05,0.00061617349501447,2.04639165251089e-12,2.54519842167265e-12
3.16898938699404e-05,0.000616120869577791,2.04745318822418e-12,2.5446522841836e-12
3.16960141301703e-05,0.00061601304503685,2.0476012848923e-12,2.54433194173411e-12
3.16812596846278e-05,0.000616117532912624,2.04866938050414e-12,2.54258591513747e-12
3.16779294613433e-05,0.000616211161154845,2.04803393164505e-12,2.54269006586727e-12
3.16806226646444e-05,0.000616078093913643,2.04891144615736e-12,2.54263151528737e-12
3.16807849209035e-05,0.000616031140494839,2.04779074105536e-12,2.54261007103951e-12
3.16807505983419e-05,0.000616010392804551,2.04764084390206e-12,2.54246849113087e-12
3.16654432878055e-05,0.000615881069092076,2.04680188280864e-12,2.54201174255837e-12
3.16618784931771e-05,0.000615802687811496,2.04610191895951e-12,2.54238251582326e-12
3.16530964917666e-05,0.000615892892599159,2.04599699276548e-12,2.54191731623736e-12
3.16407566194357e-05,0.000615854860593653,2.04500393030912e-12,2.54137145025407e-12
3.16436477935445e-05,0.000615771584900796,2.04549387195193e-12,2.54133906181439e-12
3.16336876213093e-05,0.000615969165084668,2.04558704003242e-12,2.54008093187666e-12
3.16414998487352e-05,0.000616006290411247,2.04554985412245e-12,2.54047019968747e-12
3.16443765623485e-05,0.000615975516207914,2.04539442776799e-12,2.54132678625513e-12
3.16473852917045e-05,0.000615811978676316,2.04531140919886e-12,2.54039766332687e-12
3.16234019666473e-05,0.000616027354284593,2.04701657031249e-12,2.54117387600335e-12
3.16170709140741e-05,0.000616095756201161,2.04492434846919e-12,2.54269239330576e-12
3.15973502367661e-05,0.00061632985971973,2.04471093362193e-12,2.54244704347513e-12
3.15972009474053e-05,0.000616359585346677,2.04458867780131e-12,2.5423707669314e-12
3.15945931359018e-05,0.000616309834727355,2.04334651936112e-12,2.54182151573692e-12
3.15925417746307e-05,0.000616432401905802,2.04402354124815e-12,2.54220626268082e-12
3.15788232284134e-05,0.000616414319837137,2.04493876090407e-12,2.54050027925333e-12
3.15795825221368e-05,0.000616594431728657,2.04469924705465e-12,2.53965206409748e-12
3.15722324918756e-05,0.000616881947619535,2.04307983115105e-12,2.54008259331952e-12
3.15689318757766e-05,0.000616922160237034,2.04222298986853e-12,2.5402445433206e-12
3.15702973003699e-05,0.000617125648442333,2.04232909702554e-12,2.5398178283832e-12
3.1570016410373e-05,0.000617083625211411,2.04252828988674e-12,2.54024389216815e-12
3.15762136155375e-05,0.000617000548776662,2.04233789308118e-12,2.53946103535145e-12
3.15771700670006e-05,0.00061654886096004,2.04436684560309e-12,2.53939604084441e-12
3.15566498097006e-05,0.000616434154475283,2.04409070597395e-12,2.53857856486716e-12
3.15333300839911e-05,0.000616298884580857,2.0450317268852e-12,2.53907415113365e-12
3.15110881948537e-05,0.000616447779212878,2.04485628382116e-12,2.53885555114381e-12
3.15174252479311e-05,0.000616614416335178,2.04461355103132e-12,2.53863651844282e-12
3.15146538438456e-05,0.000616116170775596,2.04521559623381e-12,2.53805950350071e-12
3.15177534448938e-05,0.000615910963426383,2.04522414641094e-12,2.53856780304786e-12
3.15133800918385e-05,0.000615746640932945,2.04423473967295e-12,2.53917056397173e-12
3.15086310270313e-05,0.000615743651236072,2.04469640752201e-12,2.53927614779916e-12
3.15002722613358e-05,0.000615867163701562,2.04474054961875e-12,2.54027703607299e-12
3.14986430329079e-05,0.000615794203069678,2.04527496910954e-12,2.54055260309945e-12
3.148412541539e-05,0.000615840922102139,2.04600179264993e-12,2.54155575847044e-12
3.14859603958542e-05,0.00061607138730718,2.04695228745566e-12,2.5420885214761e-12
3.14832291607599e-05,0.000616230513025137,2.04801741529828e-12,2.54133395600443e-12
3.14802823741245e-05,0.00061629013202088,2.04697183542238e-12,2.54254096915403e-12
3.14767009644603e-05,0.000616465098440337,2.04702196359789e-12,2.54237098183514e-12
3.1477204650326e-05,0.00061642613805693,2.04636307504276e-12,2.54271190666756e-12
3.14804080621077e-05,0.000616609388141143,2.04687984153639e-12,2.54284803317665e-12
3.14765597882286e-05,0.000616512415109468,2.04671278451142e-12,2.54254012338048e-12
3.14686703718218e-05,0.000616251280536889,2.0470072457781e-12,2.54272223875925e-12
3.14739776792978e-05,0.000616394042183822,2.04635224952483e-12,2.54197554248865e-12
3.14860944619579e-05,0.000616276213310063,2.04685804369736e-12,2.54226418441547e-12
3.14852054400611e-05,0.000616399871903083,2.04638646230108e-12,2.54313799646039e-12
3.14878747345085e-05,0.000616345675135205,2.04728548619577e-12,2.5431564067491e-12
3.1491139333614e-05,0.000616460194871182,2.04714618398683e-12,2.54298514737066e-12
3.14974475191692e-05,0.000616468219289491,2.04797471395225e-12,2.54403889403387e-12
3.14901367500577e-05,0.000616172931679788,2.04722875583655e-12,2.54450243326953e-12
3.14861195990497e-05,0.0006163036663875,2.04652896179028e-12,2.54424224091408e-12
3.14835480242174e-05,0.000616374695038526,2.04660997067254e-12,2.5435957835261e-12
3.14741983286466e-05,0.000616355839779029,2.04620518351586e-12,2.5434619626192e-12
3.1479896023889e-05,0.00061627686679108,2.04639003197689e-12,2.54309122770309e-12
3.14657380132618e-05,0.000616081827712869,2.04472826300112e-12,2.54512050912696e-12
3.14652999821533e-05,0.000616128863286109,2.04528810877356e-12,2.54514444577082e-12
3.14603743709088e-05,0.000616184416297255,2.04518758513913e-12,2.54514274792495e-12
3.14524345023359e-05,0.000616393128543538,2.04494330744891e-12,2.54396473137279e-12
3.14736762679308e-05,0.000616540189477963,2.04531556346375e-12,2.54206191632424e-12
3.14786256958001e-05,0.000616552996532315,2.04538021948762e-12,2.54241180624504e-12
3.14761288562043e-05,0.000616652605812844,2.0447846432887e-12,2.54314482042367e-12
3.14672056757033e-05,0.000616571435774911,2.0427528676603e-12,2.54399654609561e-12
3.14696433973085e-05,0.000616433665083954,2.04310038167481e-12,2.54234995761872e-12
3.14672476014875e-05,0.000616434381324094,2.04205223497964e-12,2.5427276981883e-12
3.14588817888001e-05,0.000616374964808334,2.04203595029075e-12,2.5420386315365e-12
3.14652175118138e-05,0.00061629153714081,2.0432342624276e-12,2.54082210229888e-12
3.14608299832032e-05,0.000616583730219709,2.04246657541595e-12,2.53990466721087e-12
3.14666934506259e-05,0.000616275132738994,2.04269116841407e-12,2.53875820991233e-12
3.14498788700159e-05,0.000616081886487041,2.04325005971694e-12,2.53814120603204e-12
3.1457185143624e-05,0.000615612221482101,2.04240474944382e-12,2.53823073967143e-12
3.14568896991712e-05,0.000615561954614476,2.04295037495697e-12,2.53786179800942e-12
3.14578791298189e-05,0.000615498665028304,2.04326003962711e-12,2.53828996465552e-12
3.1466437371718e-05,0.000615411937359359,2.04313712789031e-12,2.54008229502283e-12
3.14708679847996e-05,0.00061565063259324,2.0432087700815e-12,2.53988532116013e-12
3.14717682642242e-05,0.000615682248800535,2.04346665812691e-12,2.54004579266108e-12
3.14723373511269e-05,0.000615638208776563,2.04357538565886e-12,2.53988402333449e-12
3.14506172119938e-05,0.000615488687474955,2.04449852936693e-12,2.53943829076896e-12
3.14532040770379e-05,0.000615372928805329,2.04423575921191e-12,2.53991959077572e-12
3.14479756299924e-05,0.000615126018971864,2.04431383113025e-12,2.53921736249052e-12
3.14634316537858e-05,0.000615145338892972,2.04283124240553e-12,2.53899457046414e-12
3.14644379896036e-05,0.000615114627309646,2.04287576064885e-12,2.53931132094213e-12
3.14540881171702e-05,0.000615221051045075,2.04289764728938e-12,2.54054892784194e-12
3.14470063586151e-05,0.000615200843545793,2.04295587669827e-12,2.5407149117662e-12
3.1436742014117e-05,0.000615120612334259,2.04346758646707e-12,2.53933615055559e-12
3.14244287789104e-05,0.000615107539439369,2.0443963106902e-12,2.53885540271776e-12
3.14339773749282e-05,0.000614749676833368,2.04312501205281e-12,2.53886711065542e-12
3.14334930082032e-05,0.000614736820478054,2.04314987459045e-12,2.53893039357867e-12
3.14397052512754e-05,0.00061472972005778,2.04297100427687e-12,2.53826256979292e-12
3.14302477405278e-05,0.000614922514569118,2.0444345948282e-12,2.53855615023305e-12
3.14408166088157e-05,0.00061520289927347,2.04260275641799e-12,2.54010387600811e-12
3.14349527657543e-05,0.000615143117286826,2.04326010739087e-12,2.53902425441314e-12
3.14461462263741e-05,0.000615146133972778,2.04343243852136e-12,2.54007416344815e-12
3.14395492314572e-05,0.000615067135528863,2.04331801205499e-12,2.5403954616244e-12
3.14232343797237e-05,0.000614847272609893,2.04367223975221e-12,2.54108889903275e-12
3.14151733840079e-05,0.000614695290232453,2.04407541571614e-12,2.54073081082243e-12
3.14257987145856e-05,0.000614875363445301,2.04402313917225e-12,2.54058627782813e-12
3.14280038749973e-05,0.000614854135428025,2.04401833730673e-12,2.54127201711442e-12
3.1430029813401e-05,0.000614598323525978,2.0444116603347e-12,2.54182214834798e-12
3.13966840926723e-05,0.00061475999411249,2.04379845844496e-12,2.54203130112218e-12
3.14000931066742e-05,0.000614733707632403,2.0423623005512e-12,2.54183395320908e-12
3.13932210918636e-05,0.000614783943596403,2.04254633901857e-12,2.54142092457156e-12
3.1390276060293e-05,0.000614837078331756,2.04305370618825e-12,2.54065370832109e-12
3.13855891492847e-05,0.000614708107234478,2.04240252580939e-12,2.53931910216187e-12
3.13873023187807e-05,0.000614674339790162,2.04289705985602e-12,2.53885788923885e-12
3.13856502204657e-05,0.000614687624982382,2.0431778775368e-12,2.53896452945019e-12
3.13862623301054e-05,0.000614695666325846,2.0424426471098e-12,2.53825631949979e-12
3.13801053174015e-05,0.000615032879756828,2.04207534147287e-12,2.5379121632433e-12
3.13800903500996e-05,0.00061544693248514,2.04189977009385e-12,2.53744318795891e-12
3.13791573844039e-05,0.000615435209737234,2.04167576460605e-12,2.53735794479133e-12
3.13808086113715e-05,0.000615640681753892,2.0412802364808e-12,2.53846868446729e-12
3.13715498393727e-05,0.000615296102942953,2.04009769128298e-12,2.53766041805646e-12
3.13685350978845e-05,0.000615401687799712,2.03969596149851e-12,2.53740086795888e-12
3.13709930101817e-05,0.000615443358490354,2.03983572152951e-12,2.53735397788001e-12
3.13714284980414e-05,0.000615462147248802,2.03992341427844e-12,2.53738135147429e-12
3.13895294637079e-05,0.000615582746808458,2.04165351422518e-12,2.53677432400916e-12
3.1382239378248e-05,0.000615685993504814,2.04166932903451e-12,2.53630585207072e-12
3.13912833930701e-05,0.000615621505752119,2.04231854497523e-12,2.53670634059781e-12
3.13949652653566e-05,0.000615579517897615,2.04123383944243e-12,2.5368947014262e-12
3.13951587099853e-05,0.000615648890281179,2.04118823535351e-12,2.53716619618549e-12
3.13965100144895e-05,0.000615604015742904,2.04153581308798e-12,2.53656387984039e-12
3.13956971477462e-05,0.000615717954087714,2.0406849628581e-12,2.53628320577857e-12
3.14072677301097e-05,0.000615872838215498,2.0412772139983e-12,2.53739842969347e-12
3.13980260685197e-05,0.000615698393930837,2.04415232902563e-12,2.53702080095584e-12
3.1409085929994e-05,0.000615813827755788,2.0432936472461e-12,2.53780563264538e-12
3.14026983699473e-05,0.000615934020498757,2.04222982871248e-12,2.53745463909306e-12
3.14014502761567e-05,0.00061580842695313,2.04195055966637e-12,2.53701882071505e-12
3.14028590043249e-05,0.000615899824585944,2.04304499926988e-12,2.53671625908136e-12
3.14090955750655e-05,0.000615797340123951,2.04373075087172e-12,2.53820761791247e-12
3.14171391060401e-05,0.000615770195987671,2.04239385744803e-12,2.53852991087751e-12
3.14231002956772e-05,0.00061587122472475,2.04242981705547e-12,2.53842473050581e-12
3.14209572342953e-05,0.000615962097515959,2.04254010102284e-12,2.53865225255639e-12
3.14085791940665e-05,0.000616064754696087,2.04242195748354e-12,2.53959325140588e-12
3.13975727036399e-05,0.00061584647059885,2.04204009603496e-12,2.54034970928387e-12
3.13936849621048e-05,0.000615712857112443,2.04216793509689e-12,2.54124481186712e-12
3.13983721302412e-05,0.000615582885518583,2.04260208696305e-12,2.54219083867628e-12
3.13864837022127e-05,0.000615350651436622,2.0427515881504e-12,2.54163444747895e-12
3.13839983903768e-05,0.000615277895707289,2.04292700108218e-12,2.54172182777106e-12
3.13853099752061e-05,0.000615229232690051,2.04274402448644e-12,2.54183861286374e-12
3.13867355568907e-05,0.0006150349858077,2.04357637836182e-12,2.5418967852348e-12
3.139140635293e-05,0.000615350371981304,2.04313097453888e-12,2.54219525143102e-12
3.13896620105584e-05,0.00061543499682904,2.04306887753409e-12,2.54194950287428e-12
3.13852437332005e-05,0.000615482261431464,2.0449832963948e-12,2.54191502235287e-12
3.13798452754367e-05,0.000615312418795316,2.04515810988933e-12,2.54251357318152e-12
3.13770114080376e-05,0.000615328810644748,2.04584443504889e-12,2.54315308780459e-12
3.13689015848777e-05,0.000615331613276191,2.04621994371627e-12,2.54359368365568e-12
3.13804285048745e-05,0.000615241599378314,2.04607303399798e-12,2.54343858217387e-12
3.13968020409132e-05,0.000615324478687606,2.04601392310742e-12,2.54464330459939e-12
3.14098917073351e-05,0.000615319731497908,2.04583048077164e-12,2.54389500881705e-12
3.14073034798044e-05,0.000615428022716706,2.04536594519531e-12,2.54431216802237e-12
3.14094806999605e-05,0.000615384483651348,2.04478121965759e-12,2.54380307969243e-12
3.14123617703523e-05,0.000615331304629399,2.04513869566667e-12,2.54375462099231e-12
3.13993915344958e-05,0.00061516785335633,2.04457106555748e-12,2.54337426154827e-12
3.14051585915846e-05,0.000615017639496249,2.04468349859095e-12,2.54310158874239e-12
3.1433102435287e-05,0.000615035300183234,2.04595700315097e-12,2.5434770086842e-12
3.14306744861657e-05,0.000615032877385678,2.04580351304132e-12,2.54385599964046e-12
3.1437117059543e-05,0.000615062523516086,2.04505564525917e-12,2.54450491152175e-12
3.14570329021751e-05,0.000614813399038908,2.04408470090355e-12,2.54440774499067e-12
3.14266063389336e-05,0.000614773199349975,2.04575337442986e-12,2.54507047723013e-12
3.14271120974965e-05,0.000614774891616531,2.04593203561843e-12,2.5449722757095e-12
3.14170966847874e-05,0.000614737351685962,2.04622818791062e-12,2.54445115722031e-12
3.14259120168646e-05,0.000615161138786795,2.04691074008925e-12,2.54507698370552e-12
3.14317336164129e-05,0.000615322054913428,2.04534819324619e-12,2.54424328846574e-12
3.14220621437257e-05,0.000615436832164568,2.04620687460307e-12,2.54361781237558e-12
3.14175787419803e-05,0.000615537641671901,2.0451939680289e-12,2.54225419796156e-12
3.14148187929193e-05,0.000615527376314978,2.04559869325761e-12,2.54210003884308e-12
3.14174514636043e-05,0.000615350557543889,2.04629484380033e-12,2.54209516665331e-12
3.14235758797893e-05,0.000615543570813516,2.04458876266183e-12,2.54228902065555e-12
3.14254501054035e-05,0.000615426266919905,2.04380435934075e-12,2.543278143389e-12
3.14244865382886e-05,0.000615419945939618,2.04306070646982e-12,2.54389541211738e-12
3.14351340880339e-05,0.000615152528512454,2.04327018168019e-12,2.54431399060833e-12
3.14343651460691e-05,0.00061491798398136,2.04295284314986e-12,2.54348989792471e-12
3.1425707720229e-05,0.000614943113132065,2.04284034553594e-12,2.54493496651554e-12
3.14179784582519e-05,0.000615149986154638,2.04204945819288e-12,2.54498626802414e-12
3.14075462636339e-05,0.000615437617905272,2.04203464825063e-12,2.54615761949222e-12
3.14037024166688e-05,0.000615548075869634,2.04159678447159e-12,2.54613095008298e-12
3.14132445288167e-05,0.000615475842366954,2.04263097410156e-12,2.54683858841134e-12
3.14029940015734e-05,0.000615490108326354,2.04198646734003e-12,2.54599104033426e-12
3.14161593621895e-05,0.000615435379702387,2.04149341645082e-12,2.54596526796671e-12
3.14198974095175e-05,0.000615407505114326,2.04144359487202e-12,2.54593588701827e-12
3.14169835956103e-05,0.0006155563686878,2.04168227698986e-12,2.54580776910054e-12
3.14079328404605e-05,0.000615301373679013,2.04060149352069e-12,2.5463283208453e-12
3.14056629729462e-05,0.000615173239985486,2.03922632367119e-12,2.54576830160787e-12
3.13776730248634e-05,0.000615272873652198,2.03975029154502e-12,2.54776429068162e-12
3.13590622614662e-05,0.000615252054905086,2.04044438879807e-12,2.54647872626364e-12
3.13588848752863e-05,0.000615265960717245,2.04034328429263e-12,2.54616622939301e-12
3.13466130908302e-05,0.000615595970256773,2.04141376764635e-12,2.54704339530325e-12
3.13405713786953e-05,0.000615732755859294,2.04149365591086e-12,2.54727596412325e-12
3.13486315601143e-05,0.000615651712242906,2.04157259385667e-12,2.54785144777851e-12
3.13491525798135e-05,0.000615959685994733,2.04186039373406e-12,2.5476394885669e-12
3.13512230824131e-05,0.000616131212054927,2.04094137996914e-12,2.54738786145729e-12
3.13523435296132e-05,0.000616089815806109,2.04095278665217e-12,2.547435900202e-12
3.13585925062112e-05,0.000616398346451466,2.04132639186408e-12,2.54710521973036e-12
3.13635622130481e-05,0.000616326349298992,2.0417242007215e-12,2.54710059307612e-12
3.13500260369935e-05,0.000616294069972418,2.04096108234269e-12,2.547662735943e-12
3.13546929802248e-05,0.000616237251574273,2.04217867445366e-12,2.54683511487429e-12
3.13925185686892e-05,0.000615932985539151,2.04125355250079e-12,2.54778131981605e-12
3.13982813853124e-05,0.000615965105944176,2.04134660981033e-12,2.54807056188081e-12
3.13935043880111e-05,0.000615717522768621,2.04091075244719e-12,2.54852576825256e-12
3.13912563805932e-05,0.000615722201375375,2.04124831725697e-12,2.54826715805112e-12
3.13891639678227e-05,0.000615744422043738,2.04114399704273e-12,2.54808805077044e-12
3.13837418276436e-05,0.000615444728066848,2.04049552967557e-12,2.54694588723005e-12
3.13796266224596e-05,0.000615405564295473,2.03982998091023e-12,2.5474177304111e-12
3.13750715894322e-05,0.000615438988745172,2.03989606091656e-12,2.54734040663536e-12
3.13613018375306e-05,0.000615377471356083,2.03950074999597e-12,2.54713537486666e-12
3.13660787531202e-05,0.000615397679875862,2.03960323394086e-12,2.54784224322495e-12
3.1367898866975e-05,0.000615378468945945,2.03985379203061e-12,2.54744348013487e-12
3.13737985799287e-05,0.000615235736086225,2.03976670407518e-12,2.54723803975907e-12
3.13786673762761e-05,0.000615339928723208,2.04058555039378e-12,2.54674182481753e-12
3.13845320964228e-05,0.000615254685881361,2.04081359011682e-12,2.54699322205132e-12
3.13838038132745e-05,0.000615034140976004,2.04152098450185e-12,2.54597401208361e-12
3.13756911825893e-05,0.000615022083493676,2.04241875868286e-12,2.54603179479423e-12
3.13785408684304e-05,0.000615309121719795,2.04317222901337e-12,2.54459975554537e-12
3.13722976168516e-05,0.0006154032481025,2.04348953099805e-12,2.5446907572776e-12
3.1371684910665e-05,0.000615448816934042,2.04377711463001e-12,2.54444690807854e-12
3.13748156787136e-05,0.000615403654908511,2.04378926179191e-12,2.54411124096277e-12
3.13668929223362e-05,0.000615429642310657,2.04307169136788e-12,2.54305107977199e-12
3.13643919278759e-05,0.000615384159047169,2.04290824095494e-12,2.54296838665561e-12
3.13594977244901e-05,0.000615247936499323,2.04178183952707e-12,2.54315149785024e-12
3.1356545787355e-05,0.000615243043186597,2.04278559138308e-12,2.54217103628118e-12
3.13687514286675e-05,0.000615413364229183,2.0419932661117e-12,2.54183582588739e-12
3.13573534349138e-05,0.000615347866111967,2.04105345976835e-12,2.54200387039201e-12
3.13566406180612e-05,0.000615532941588513,2.04058431822112e-12,2.54113744185727e-12
3.13638498115361e-05,0.000615359070423945,2.04175703297583e-12,2.54167275799952e-12
3.13847721895759e-05,0.000615919500058339,2.0406788766868e-12,2.54149774794361e-12
3.13838939552235e-05,0.000615859213016527,2.04073238995932e-12,2.54091105722158e-12
3.13828722072225e-05,0.000615828390385954,2.04064909112655e-12,2.54064578874955e-12
3.13821495890314e-05,0.000615765997834347,2.04149636852616e-12,2.53976242085896e-12
3.13773508316976e-05,0.000615875025005839,2.04265971362495e-12,2.54035731320355e-12
3.13692845511753e-05,0.000615837855898049,2.04335502033409e-12,2.54087234151323e-12
3.13742338626395e-05,0.000615940402768411,2.04297868509569e-12,2.54097173234853e-12
3.13730701436099e-05,0.000616146349429304,2.04287449461126e-12,2.54249822686038e-12
3.13786941165709e-05,0.000616142801498291,2.04334005393898e-12,2.54217606379121e-12
3.13856236291311e-05,0.000615979588185351,2.042752885906e-12,2.53987972113955e-12
3.13823599139445e-05,0.000615923541875833,2.04295342512311e-12,2.54025444343654e-12
3.13741654427915e-05,0.000615906663981868,2.04406562284419e-12,2.54091427442877e-12
3.13752991692814e-05,0.000615711392112733,2.04531526023038e-12,2.54047695220394e-12
3.13764025958513e-05,0.000615583761443307,2.04257671296502e-12,2.54133878108882e-12
3.13858782325902e-05,0.000615392468728238,2.03990061730106e-12,2.54315912306975e-12
3.13869954300205e-05,0.000615502148904717,2.04126409419638e-12,2.54228213643371e-12
3.13889142761905e-05,0.000615497606637152,2.04128551680964e-12,2.54233966000621e-12
3.13782859917531e-05,0.000615543953691937,2.04090981371965e-12,2.54285869322535e-12
3.13837340442182e-05,0.000615520573982988,2.04078417110364e-12,2.54316299767626e-12
3.14021835771797e-05,0.000615623237965992,2.0401027909724e-12,2.54382550698405e-12
3.13958112727552e-05,0.000615425428895795,2.04192124133257e-12,2.54444446813184e-12
3.13928962543191e-05,0.00061560231224951,2.04134153315365e-12,2.54485475213343e-12
3.13951881026229e-05,0.000615606863249551,2.04104922861282e-12,2.54457663928328e-12
3.14002606357116e-05,0.000615563290515952,2.04020559117146e-12,2.54404232501655e-12
3.13950551869375e-05,0.000615617934594131,2.04045610810764e-12,2.5443096328862e-12
3.13939162388003e-05,0.00061563999663967,2.04023270466379e-12,2.5443319602998e-12
3.1399768614964e-05,0.000615569986135101,2.04024248242581e-12,2.54397838959631e-12
3.1399697958358e-05,0.000615583480302506,2.04016707934799e-12,2.54395466020392e-12
3.14133732783047e-05,0.000615696657035396,2.04136209285762e-12,2.54382405851199e-12
3.14188497628869e-05,0.000615738159714171,2.04134145159971e-12,2.54487083430099e-12
3.14221367798581e-05,0.000615917920950538,2.04145083841516e-12,2.54449254707894e-12
3.14281126314472e-05,0.000616040556559101,2.04098113890277e-12,2.54413575463005e-12
3.14381773190713e-05,0.00061605812054063,2.04077847644526e-12,2.54466484710055e-12
3.14474750197493e-05,0.000616346881015249,2.04311054805889e-12,2.54355503205923e-12
3.14384757041557e-05,0.00061654102282741,2.04252882184185e-12,2.5444130067028e-12
3.14378657770194e-05,0.000616451986767551,2.04269426918262e-12,2.54461879768058e-12
3.14415783816728e-05,0.000616261286764075,2.04246060955695e-12,2.54508534440809e-12
3.14490811166433e-05,0.000616178639029005,2.04241458964443e-12,2.54367611910952e-12
3.14529921073453e-05,0.000616286657365033,2.04296592740143e-12,2.54434034416971e-12
3.14345548702525e-05,0.000616469980646062,2.04370116582504e-12,2.5458463990036e-12
3.14282339354444e-05,0.000616554710226879,2.04358835457935e-12,2.5443747869601e-12
3.14276953869603e-05,0.000616563051810269,2.0423272818912e-12,2.54415062916112e-12
3.14467927875899e-05,0.000616615134040051,2.04011401847571e-12,2.54650255842412e-12
3.14530651077813e-05,0.000616726538238581,2.04047771336361e-12,2.54554993062637e-12
3.14582766201682e-05,0.000616591904080219,2.03988538359928e-12,2.5448654221728e-12
3.14627418179151e-05,0.00061665118540913,2.04177281621643e-12,2.54570579756999e-12
3.14491336626698e-05,0.000616460229436646,2.04108765870892e-12,2.54441507129815e-12
3.14353499610527e-05,0.000616285512614615,2.03969475159822e-12,2.54509308003886e-12
3.14280898005722e-05,0.00061638280414151,2.04002582378572e-12,2.54576517645772e-12
3.14121623369815e-05,0.000616116568827559,2.04044177618123e-12,2.54575550075327e-12
3.14147337496897e-05,0.000616222995725178,2.04066872472632e-12,2.54565199658914e-12
3.14203545964394e-05,0.000616497265345888,2.04131033805046e-12,2.54625982707158e-12
3.14178434482193e-05,0.00061657430120634,2.04176675034846e-12,2.54651773933673e-12
3.14217024240856e-05,0.000616561990061121,2.04024806023253e-12,2.54648424138589e-12
3.14248340421621e-05,0.000616561797267034,2.04011031556001e-12,2.54635259935381e-12
3.14065335980052e-05,0.000617097383615186,2.04041503633222e-12,2.54656411621967e-12
3.1406818039182e-05,0.000617194074156124,2.04006746679152e-12,2.54694729062481e-12
3.14175464046046e-05,0.000616760881695143,2.04091745746349e-12,2.54620757307744e-12
3.14126526463988e-05,0.000616723012574054,2.0411249492938e-12,2.54615693320789e-12
3.13950116772027e-05,0.000616722341138695,2.04047866790407e-12,2.54668657466729e-12
3.14209258026128e-05,0.000616620275246781,2.04035979801735e-12,2.5463773391668e-12
3.14179759574175e-05,0.000616712118777101,2.04116140904521e-12,2.54686136426552e-12
3.14136253297606e-05,0.000616783250456185,2.04081069786552e-12,2.54707782056986e-12
3.14160672272189e-05,0.000616699690207672,2.04217297173122e-12,2.54658921175244e-12
3.14115946900433e-05,0.000616625205089513,2.04191353763778e-12,2.54615717619886e-12
3.14000636463919e-05,0.000616885182438461,2.04024403398359e-12,2.54680096960804e-12
3.14011467524301e-05,0.000616850982945048,2.03890877017538e-12,2.5449332109549e-12
3.14115285484207e-05,0.000617138260636357,2.03767441667829e-12,2.54569639511755e-12
3.14092877196288e-05,0.000617176806348113,2.03724985632643e-12,2.54667737260918e-12
3.14146758679298e-05,0.000617204987731116,2.03821679299819e-12,2.54638534652292e-12
3.14333155033494e-05,0.000617542081611772,2.03636054466747e-12,2.54476829260866e-12
3.14386583154986e-05,0.000617472411327285,2.03770208969259e-12,2.54518402825797e-12
3.14384064609293e-05,0.000617477460491431,2.03771471269797e-12,2.54520483335084e-12
3.14630247136408e-05,0.000617434567388538,2.03875975945029e-12,2.54540708782587e-12
3.14693773710595e-05,0.00061762746648835,2.03997913558517e-12,2.54466310011605e-12
3.14556297553893e-05,0.000617702156341322,2.04027338873882e-12,2.54371131137485e-12
3.14580947804606e-05,0.000617728002178335,2.04146987726076e-12,2.54434183493467e-12
3.14510094742093e-05,0.000617404787624839,2.0410984996172e-12,2.54466015528862e-12
3.14550064587486e-05,0.000617325221171524,2.04157159187523e-12,2.54478943918467e-12
3.14506027616662e-05,0.000617374012766789,2.04211468486851e-12,2.54383276814358e-12
3.14520352015404e-05,0.000617391961300367,2.04205015523098e-12,2.54379170490777e-12
3.14630899099946e-05,0.000617797280783088,2.04408931172299e-12,2.54337152943597e-12
3.14621249431336e-05,0.000617700942204589,2.04477553206579e-12,2.54296214527534e-12
3.14605834806225e-05,0.000617658233566959,2.04426620901719e-12,2.54567311958424e-12
3.14573181761302e-05,0.00061764754453866,2.04419468267195e-12,2.54740008863897e-12
3.14558227975503e-05,0.000617804645620704,2.04550444693717e-12,2.54670785018317e-12
3.1447746729688e-05,0.000617823857344997,2.04666867239363e-12,2.54765208225174e-12
3.14492466762766e-05,0.000617882363853811,2.0474256829723e-12,2.54771781514324e-12
3.14515050917048e-05,0.000617969013394674,2.04813944150221e-12,2.54765821249272e-12
3.14489349881099e-05,0.000617859506096133,2.04877242866914e-12,2.54724550728382e-12
3.14545836168603e-05,0.000617544852864553,2.04885475719501e-12,2.54757915642965e-12
3.14642708796838e-05,0.000617466808393869,2.04900158582013e-12,2.54752059891768e-12
3.14641386590279e-05,0.000617423771611497,2.04937358369746e-12,2.54709469195068e-12
3.14617345039043e-05,0.000617441535260036,2.04940410538958e-12,2.54702479658003e-12
3.14621409581238e-05,0.000617495279726438,2.04917889489658e-12,2.5461131619187e-12
3.14499419141099e-05,0.000617436478363506,2.05114318802221e-12,2.54733601316087e-12
3.14553008036777e-05,0.00061770814219309,2.05205429957158e-12,2.54780925496407e-12
3.14565908045151e-05,0.000617659365405029,2.05247149417368e-12,2.54879257614993e-12
3.14577404896419e-05,0.000617699765483907,2.05210912940053e-12,2.5487042901008e-12
3.14470217194497e-05,0.000617591223581889,2.05229264623983e-12,2.54873401422766e-12
3.14515193141469e-05,0.00061758503807513,2.05203519556977e-12,2.54902692656267e-12
3.14456771637061e-05,0.000617729649630842,2.05373020622232e-12,2.54936356103334e-12
3.14398774096522e-05,0.000617671516349269,2.05387808013006e-12,2.54929061535629e-12
3.14506209133217e-05,0.000617790384704719,2.0539727346912e-12,2.54940040980956e-12
3.14502999094764e-05,0.000617976004735111,2.05357596108813e-12,2.54889248912011e-12
3.14397610878195e-05,0.000618275451128484,2.05444951095605e-12,2.54792169144396e-12
3.14415834013125e-05,0.000618332400893245,2.05450166240966e-12,2.54691775845336e-12
3.14493211175055e-05,0.000618351627735377,2.05449858781528e-12,2.54675437787215e-12
3.14548754518682e-05,0.000618464616754403,2.05360589748158e-12,2.54703292852961e-12
3.14558413140231e-05,0.000618528678837943,2.05338082178961e-12,2.54682260869138e-12
3.14584911959531e-05,0.000618614243218586,2.05367227358302e-12,2.54670290431312e-12
3.1457156680369e-05,0.000618626109761966,2.05251899457617e-12,2.54647304151378e-12
3.14557012516778e-05,0.000618635126751113,2.05267340448283e-12,2.54657616787173e-12
3.14598736390507e-05,0.00061857856788837,2.05260027091215e-12,2.54584904240207e-12
3.14466469723282e-05,0.000618600851446754,2.05307150958211e-12,2.54553696986969e-12
3.14404760741583e-05,0.000618645725462392,2.05416249237396e-12,2.54595730967063e-12
3.14402921559028e-05,0.000618655023660027,2.05439233141085e-12,2.54653317203128e-12
3.1449582969152e-05,0.000618524067464875,2.05452089554784e-12,2.54601127561646e-12
3.14502841541047e-05,0.000618676026365661,2.05432119494073e-12,2.54663542537193e-12
3.14701947726091e-05,0.000618859907344632,2.05546656004142e-12,2.54567404968941e-12
3.14830624411864e-05,0.000619531372757393,2.05670988637864e-12,2.5460795542822e-12
3.1481977868122e-05,0.000619532929806352,2.05781386212037e-12,2.54505966572908e-12
3.14805466370349e-05,0.000619580951788606,2.05803066737895e-12,2.54493489371472e-12
3.14775533067238e-05,0.000619538773054661,2.05797608300179e-12,2.54486342211788e-12
3.14624616254177e-05,0.000619295687181821,2.05726048671743e-12,2.5443453692163e-12
3.14701737875241e-05,0.000619178830360306,2.05670757031488e-12,2.54531561459763e-12
3.14934442184443e-05,0.000619340959064614,2.05843748519657e-12,2.54332103291949e-12
3.14881231670499e-05,0.000619230650208596,2.05715364087668e-12,2.54283419336049e-12
3.14766335410479e-05,0.000619636850093828,2.05759948017622e-12,2.54176714643518e-12
3.14744934515389e-05,0.000619667994599947,2.05771827072652e-12,2.54153191007809e-12
3.14705006560472e-05,0.00061959293056276,2.05747765522117e-12,2.54154855931262e-12
3.14720413901316e-05,0.000619552704838589,2.05750901922838e-12,2.54183349905996e-12
3.1471962126853e-05,0.000619417515428092,2.05684614884056e-12,2.54200181738501e-12
3.14749476296753e-05,0.000619365856339896,2.05706161939927e-12,2.54177937518594e-12
3.14558702355385e-05,0.000619314883713585,2.05576148047617e-12,2.54099868305168e-12
3.14476087452275e-05,0.00061925724893094,2.05480697541208e-12,2.54136959583428e-12
3.14425670548596e-05,0.000619481853585734,2.05355277242536e-12,2.54016303919457e-12
3.14157896710621e-05,0.000619398484742447,2.05255862154168e-12,2.54080623011668e-12
3.14040929061785e-05,0.000618861728473638,2.05636201324771e-12,2.54135263843728e-12
3.14049930172313e-05,0.000618876433147568,2.05609046403344e-12,2.54016214458898e-12
3.14223288667982e-05,0.000618386961146054,2.05626733682274e-12,2.5393849496269e-12
3.14165061709396e-05,0.000618555864340468,2.05654213760622e-12,2.54015976132948e-12
3.14140848322402e-05,0.000618794066821374,2.05702591173094e-12,2.54082547982214e-12
3.14212678639584e-05,0.00061885698078386,2.05696915318362e-12,2.5407470612127e-12
3.14242649352809e-05,0.000619410675536606,2.05745085479122e-12,2.54134240953092e-12
3.14348396686217e-05,0.000619310949980888,2.0585994541244e-12,2.54157721376729e-12
3.1436358360515e-05,0.000619115978847442,2.05960141975932e-12,2.54114505166538e-12
3.14394341635553e-05,0.000619160894236627,2.06290777087354e-12,2.54226543525682e-12
3.14410631447019e-05,0.000619468003041514,2.06297532021002e-12,2.54318691236929e-12
3.1434435323487e-05,0.000619454264538085,2.06473045307487e-12,2.54346743559629e-12
3.1432724830009e-05,0.000619536016467362,2.06510537796623e-12,2.5449163811733e-12
3.14456517559444e-05,0.000619470225479163,2.06434738919565e-12,2.54501390430267e-12
3.14412946972581e-05,0.000619614293022167,2.06415935861304e-12,2.54572238741057e-12
3.14401855267232e-05,0.000619593209636474,2.06476578700333e-12,2.54560222143774e-12
3.14543800531607e-05,0.000620042391243289,2.06690534384844e-12,2.54718479311097e-12
3.1454682847562e-05,0.000620048836624221,2.0667830034773e-12,2.5471783875517e-12
3.1463936854447e-05,0.00061991809401651,2.06684421056561e-12,2.54721131243673e-12
3.14618187223687e-05,0.00061978504769997,2.06663371618204e-12,2.54715866901229e-12
3.14606700817705e-05,0.000619698099429372,2.06606210746583e-12,2.54663357923762e-12
3.14724366375548e-05,0.000619570165201999,2.06807156125273e-12,2.54698886115971e-12
3.14921439559335e-05,0.000619406259143835,2.07036528626429e-12,2.54699741319347e-12
3.14952861797744e-05,0.000619419725095472,2.07009999836725e-12,2.54731106529307e-12
3.14954105295954e-05,0.000619460542717064,2.07034673673059e-12,2.54656244672639e-12
3.15013471810069e-05,0.000619522324267281,2.07058658639304e-12,2.54726069702244e-12
3.15036169172945e-05,0.000619522694284861,2.07054952993286e-12,2.54724417500901e-12
3.15009308120842e-05,0.000619406743686889,2.07056805833311e-12,2.54769850631758e-12
3.1497069322567e-05,0.0006193638635274,2.07058941015074e-12,2.54689729982558e-12
3.14961704691296e-05,0.000619416605804771,2.07072712728373e-12,2.54694356658547e-12
3.14871842151357e-05,0.00061966087084428,2.07098709321183e-12,2.54709992119502e-12
3.14908512570444e-05,0.000619607182698429,2.07191271253828e-12,2.54517672309779e-12
3.14966107410624e-05,0.000619703262331229,2.07290670349212e-12,2.54526876392761e-12
3.15021171364853e-05,0.000619866101827658,2.07291458726617e-12,2.54348723054001e-12
3.14720195852652e-05,0.000619820168048248,2.07283809428515e-12,2.54182219151481e-12
3.14774127608319e-05,0.000619548733649993,2.07354288412467e-12,2.54368295567769e-12
3.14898587867261e-05,0.000619734775313072,2.07371970406371e-12,2.54268420175551e-12
3.14818032952938e-05,0.000619739355453479,2.07289106221379e-12,2.5436811422474e-12
3.1481401262404e-05,0.000619594104638937,2.07222099313433e-12,2.54358801659615e-12
3.14824576842801e-05,0.000619662874521517,2.07201000868994e-12,2.54374342215136e-12
3.14776375953976e-05,0.000619860999521154,2.07247684738951e-12,2.54583759235443e-12
3.14813812377649e-05,0.000619907463009949,2.07238257212263e-12,2.54375542536943e-12
3.14744539148854e-05,0.000619909381661019,2.07214894385177e-12,2.54382824289395e-12
3.14769028552169e-05,0.000619920848003387,2.07212885841309e-12,2.54392367939165e-12
3.14691435453556e-05,0.000619921400054191,2.07523592230285e-12,2.54365465885805e-12
3.14699588343978e-05,0.000619916363940747,2.07522222699204e-12,2.54375425218123e-12
3.14644768999683e-05,0.000619939030381171,2.07410354630159e-12,2.5436050805155e-12
3.14649108538529e-05,0.000620378375292805,2.07447834139392e-12,2.54434582175387e-12
3.14734241210408e-05,0.000620200526285689,2.07529679336331e-12,2.54560233796548e-12
3.14697244078918e-05,0.000620172986952006,2.07584317253367e-12,2.54602934292149e-12
3.14679232536921e-05,0.000620200285078147,2.07588188252762e-12,2.54576075283983e-12
3.14967658827752e-05,0.000620380781623519,2.07779151774996e-12,2.54588564418911e-12
3.15178814526754e-05,0.000620047294036766,2.07619228332301e-12,2.54613023311636e-12
3.15129060498323e-05,0.000620142178088315,2.07622085943213e-12,2.54565985902992e-12
3.1499557022893e-05,0.000620105014886317,2.07443418081199e-12,2.5456516149066e-12
3.1486061869842e-05,0.000620325608839236,2.07197096659839e-12,2.54491753619753e-12
3.14812552110334e-05,0.0006202721300312,2.07226375533415e-12,2.54493194282847e-12
3.14809032028877e-05,0.00062029648875096,2.07182763485955e-12,2.5448716003108e-12
3.14906227667055e-05,0.000620528282406966,2.07336477160992e-12,2.54583968802697e-12
3.14846953364995e-05,0.000620455218113474,2.07311077159643e-12,2.54578429478349e-12
3.1485384638449e-05,0.000620884705260202,2.07080040781833e-12,2.54459022916055e-12
3.14789809753677e-05,0.000621264098529258,2.06979500621491e-12,2.54490907568409e-12
3.14823853851028e-05,0.000621290654211109,2.06975872473982e-12,2.5447888985314e-12
3.14842213033772e-05,0.000621268775773416,2.06986248327464e-12,2.54493391407552e-12
3.14756540828083e-05,0.000621215382161061,2.06884031844095e-12,2.54355999833176e-12
3.14730470212148e-05,0.00062109599589935,2.06895644044256e-12,2.54339645167824e-12
3.14790237508126e-05,0.000620873601066589,2.06817807591861e-12,2.54313345912768e-12
3.14795547165785e-05,0.000620942763444521,2.06807415402811e-12,2.5437838960968e-12
3.14809234565537e-05,0.00062102465059483,2.06861738962386e-12,2.54437120364022e-12
3.14835121054953e-05,0.0006212119017953,2.06919118497376e-12,2.54448635314141e-12
3.14848664534574e-05,0.000620957818872298,2.06889369761457e-12,2.54490640862358e-12
3.14964557788963e-05,0.000621003281930411,2.06954268444412e-12,2.54650945625943e-12
3.14874421265152e-05,0.000620838919575983,2.06898426392225e-12,2.54614589970727e-12
3.14844482428939e-05,0.000620700952847029,2.06813049310234e-12,2.54568337003423e-12
3.14814697920225e-05,0.000620567435292462,2.06829990117155e-12,2.54475063604008e-12
3.14843640042681e-05,0.000620422390839042,2.06787913052193e-12,2.54522653897112e-12
3.14727662917983e-05,0.000620402308890073,2.06666389986965e-12,2.54658269613141e-12
3.14674516677513e-05,0.000620284918358817,2.06593507204018e-12,2.54741960346342e-12
3.14740835001301e-05,0.000620259657293039,2.06780028888414e-12,2.54687187538835e-12
3.14726875177265e-05,0.000620259166787871,2.06844892542082e-12,2.54735782593024e-12
3.14760207931529e-05,0.000620378426282256,2.06903301400902e-12,2.54768562026005e-12
3.14805434119537e-05,0.000620461599826466,2.06836139208509e-12,2.54718872636836e-12
3.14650673649879e-05,0.000620428611156478,2.06622359148918e-12,2.54712500968416e-12
3.14576268115248e-05,0.000620497158870746,2.06482828849046e-12,2.54703108290028e-12
3.14631880839683e-05,0.00062048595714079,2.0646585630153e-12,2.54584705022234e-12
3.14827038380756e-05,0.00062083445946884,2.06420839184878e-12,2.54555281574294e-12
3.1476219983779e-05,0.000620793099476912,2.06408059033555e-12,2.54537285202397e-12
3.14758379080511e-05,0.000620752418675394,2.06334446595481e-12,2.54514135834649e-12
3.14690455788361e-05,0.00062072784516547,2.06366812222464e-12,2.54412048396698e-12
3.14692250365238e-05,0.000620536478012188,2.06351330709166e-12,2.54267751404078e-12
3.14802453298517e-05,0.000620499571537574,2.06334458140944e-12,2.54365613253315e-12
3.14642855269843e-05,0.000620153320684907,2.06434869225718e-12,2.5440701169969e-12
3.14741876534747e-05,0.000620453655131268,2.06497614138609e-12,2.54407615968953e-12
3.14568358132955e-05,0.00062020444361581,2.06371114510012e-12,2.54412625218111e-12
3.14649093548782e-05,0.000619958130346209,2.06555760201222e-12,2.54434195152836e-12
3.14645521343809e-05,0.000619942441015685,2.06569373042687e-12,2.54440091584763e-12
3.14686379311277e-05,0.000620077955114015,2.06706691612064e-12,2.54386167839334e-12
3.14462548890719e-05,0.000620378365814973,2.06823730264574e-12,2.54524549450206e-12
3.14383542154159e-05,0.000620277604036957,2.06979748210138e-12,2.54529319348703e-12
3.14071216806266e-05,0.000619937496825342,2.06810532759197e-12,2.54563135300338e-12
3.14160904312283e-05,0.00062011920449755,2.0677780929251e-12,2.54453984997481e-12
3.14116607543825e-05,0.000620011563510898,2.06636257589428e-12,2.54534989963804e-12
3.14155901855706e-05,0.000620215504178321,2.06558713394573e-12,2.5440399564826e-12
3.14334384364501e-05,0.000620224636574533,2.06691744190379e-12,2.54224258937265e-12
3.13948276547128e-05,0.000620376158887589,2.06795464165999e-12,2.54285928845095e-12
3.13989021123363e-05,0.000620507119378709,2.06977251789391e-12,2.5431089499507e-12
3.14045739501801e-05,0.000620482985956556,2.06957828488069e-12,2.54291610457631e-12
3.14038051145217e-05,0.000620461923073534,2.0695073883026e-12,2.5428459611986e-12
3.14318271666547e-05,0.000620103504950054,2.06940467227927e-12,2.54189354007486e-12
3.14288238077999e-05,0.000620111281750227,2.06923638816862e-12,2.54186632003291e-12
3.14313494858652e-05,0.000620268316150133,2.06834031615035e-12,2.54271116150087e-12
3.14409189507894e-05,0.000620265712900858,2.06901836089298e-12,2.54247275819228e-12
3.14402683260882e-05,0.000620137379935967,2.06764992167348e-12,2.54254073074048e-12
3.14487614364553e-05,0.00061996317431603,2.06676404271692e-12,2.54268352584864e-12
3.14387313807843e-05,0.000619797564147219,2.06627447009646e-12,2.54321304955644e-12
3.14302464640676e-05,0.000619677773838604,2.06680649028088e-12,2.54308893936258e-12
3.14377564819572e-05,0.000620042184291776,2.06684767290033e-12,2.54314350540421e-12
3.14362201300201e-05,0.000619849552859279,2.06749295403162e-12,2.54206738204215e-12
3.14377951736239e-05,0.000619758849689074,2.06702515027401e-12,2.54177417283941e-12
3.1433652014154e-05,0.000619606801828474,2.06801996437603e-12,2.54281039074501e-12
3.14276569492623e-05,0.000619662186352194,2.06772443749733e-12,2.54249021099644e-12
3.14353922552314e-05,0.000619625289428333,2.06721648359968e-12,2.54244592443412e-12
3.1446841091993e-05,0.000619386759164453,2.0657384154393e-12,2.54172926380731e-12
3.14571903456328e-05,0.000619262100575557,2.06410573644387e-12,2.54097520721833e-12
3.14654799012409e-05,0.000619053169671749,2.06400251244384e-12,2.54050863965622e-12
3.14742685391691e-05,0.000618960118447072,2.0636958160092e-12,2.54057129399641e-12
3.14795891771973e-05,0.000618802305046209,2.06355072884002e-12,2.54127764591361e-12
3.14878111797645e-05,0.000619109159100705,2.06351162034266e-12,2.54060749923392e-12
3.14863140784681e-05,0.000619071339844632,2.0633763605913e-12,2.54125515939367e-12
3.14770016191949e-05,0.000618959387716016,2.0629061410828e-12,2.54092884579919e-12
3.1495860572672e-05,0.00061901467769552,2.06277717759153e-12,2.54103322959082e-12
3.14972250203956e-05,0.000619021861789454,2.06221331628651e-12,2.5415739098918e-12
3.15105364795586e-05,0.000618884690274978,2.06213846491935e-12,2.54157343921352e-12
3.1507353990177e-05,0.000618810711521568,2.0619244583595e-12,2.54169405050044e-12
3.15215339056223e-05,0.000618802730750893,2.06320449787156e-12,2.54371984985074e-12
3.15460226604972e-05,0.000619153727914601,2.06321706328463e-12,2.54491408736501e-12
3.15341751015691e-05,0.000618911985861735,2.06367082761686e-12,2.54511252440271e-12
3.15355954570577e-05,0.000618906843073441,2.06334803422858e-12,2.5449450263069e-12
3.15229139745259e-05,0.000618793328272786,2.06409071757467e-12,2.54620951566067e-12
3.15298116659487e-05,0.00061893086180002,2.0641036522631e-12,2.54643291314725e-12
3.15295808517165e-05,0.000618951220804492,2.06396689268081e-12,2.54641855748282e-12
3.15405144794061e-05,0.00061890164025223,2.06413454891449e-12,2.54561202101448e-12
3.15443126643302e-05,0.000618900412089032,2.06363573001687e-12,2.54543829053549e-12
3.15461393307136e-05,0.000619103371111678,2.06439984877931e-12,2.54560704835806e-12
3.15205579718214e-05,0.000619729657596223,2.06318378750312e-12,2.54545988959879e-12
3.15203223578868e-05,0.000619737744660213,2.06440983667452e-12,2.54356323457829e-12
3.15075535213547e-05,0.000619842029284107,2.06419839624877e-12,2.5446978828836e-12
3.14951394279859e-05,0.000620130994795842,2.06161976268704e-12,2.54571123649511e-12
3.14935916474462e-05,0.000620105563142865,2.06155125291635e-12,2.54564910112602e-12
3.1492548393861e-05,0.000620263879821778,2.06146785170487e-12,2.54672939192756e-12
3.14677974460959e-05,0.000620294588843086,2.0618892426852e-12,2.54706960324062e-12
3.14532516413473e-05,0.000620155809728803,2.06338145583608e-12,2.54900074438032e-12
3.14704196942723e-05,0.000620531759864195,2.06432933034816e-12,2.54888098928788e-12
3.14570807665124e-05,0.000620437937279782,2.0647432138328e-12,2.5480115582895e-12
3.14581195437892e-05,0.000620465113764879,2.06515663355317e-12,2.54797588017061e-12
3.14413315815518e-05,0.000620562454904456,2.06364638857427e-12,2.5466655807826e-12
3.14374199075269e-05,0.000620491076059702,2.06366889832372e-12,2.54708631213124e-12
3.14359302891797e-05,0.000620699881698145,2.06353232168866e-12,2.54741235323581e-12
3.14423893695299e-05,0.00062063706287084,2.06389048798839e-12,2.54725695772057e-12
3.14460908669863e-05,0.000620466840771029,2.06311271797098e-12,2.5459922908928e-12
3.14440806147679e-05,0.000620494546955445,2.06319191963113e-12,2.54588074256175e-12
3.14445725179132e-05,0.000620494450898432,2.06312718305e-12,2.54582431094393e-12
3.14444894755617e-05,0.000620486480867354,2.06278531504829e-12,2.54662082127195e-12
3.14565048242464e-05,0.000620740115917305,2.06346316811997e-12,2.54699886775127e-12
3.14613754520474e-05,0.000620744124250407,2.06348795713921e-12,2.54725485601465e-12
3.14636384690856e-05,0.000620799760854025,2.06360783691485e-12,2.54733935166108e-12
3.14586173276791e-05,0.000620736559357028,2.06326021356978e-12,2.54722416427269e-12
3.14579609407196e-05,0.000620644617304947,2.0635314644406e-12,2.54772381071005e-12
3.14619719848208e-05,0.000620646863219744,2.06303080574946e-12,2.54583360158512e-12
3.14782163792568e-05,0.000620617434865688,2.06228617359491e-12,2.54580908010788e-12
3.14747212420863e-05,0.000620333587654213,2.06114298902775e-12,2.54611240631269e-12
3.1494768594052e-05,0.000620598659899332,2.0616842286311e-12,2.54556507009827e-12
3.14943610794889e-05,0.000620588898188305,2.06166351725533e-12,2.54554401807511e-12
3.14949802953137e-05,0.000620538142008599,2.06184934308538e-12,2.54556158879994e-12
3.14836165684436e-05,0.000620576992970187,2.06064191240081e-12,2.5460219999141e-12
3.14788538136959e-05,0.000620617603527242,2.06087371871212e-12,2.54595293573712e-12
3.14897982477712e-05,0.000620629824852754,2.0607982320115e-12,2.54668827292582e-12
3.14785677667263e-05,0.000620738584605652,2.06042488638948e-12,2.54735395562203e-12
3.15032549994585e-05,0.000621051270281775,2.06218896176804e-12,2.54824399179593e-12
3.15058337943968e-05,0.000621093173403954,2.06352039160578e-12,2.54816582712989e-12
3.15170881722888e-05,0.000621164736578268,2.06437384456064e-12,2.54818368769075e-12
3.15459436374449e-05,0.000620936771423902,2.06468014292588e-12,2.54714944098797e-12
3.15417178413087e-05,0.000620589639810108,2.06464431896129e-12,2.54805861047973e-12
3.15302061589172e-05,0.000620862316236275,2.06581986492218e-12,2.54693381604079e-12
3.15267269245441e-05,0.000620893786145475,2.06662246137864e-12,2.54621646535702e-12
3.15082222552967e-05,0.000620887301616171,2.06758498920173e-12,2.5454025123666e-12
3.15143539559847e-05,0.000620768384067294,2.0680023832428e-12,2.54586195265781e-12
3.15101112958336e-05,0.000620606123490305,2.06728176621481e-12,2.54517987819036e-12
3.15099201910656e-05,0.000620680162019277,2.06766809558116e-12,2.54546569140794e-12
3.15007781671697e-05,0.000620742785594411,2.06787166279958e-12,2.54489171724326e-12
3.14992539300786e-05,0.000620658461968051,2.06799422704239e-12,2.5454686795185e-12
3.15172743298156e-05,0.000620128739311977,2.06887172336617e-12,2.54565223638086e-12
3.15269661155995e-05,0.000620062595832675,2.0690001053488e-12,2.54650241163119e-12
3.15264844241497e-05,0.000619992916211451,2.06950640066353e-12,2.54605216382267e-12
3.15267723403532e-05,0.00062000482227888,2.06949909234669e-12,2.54603304535544e-12
3.15509995045657e-05,0.000619856899537427,2.06945352713976e-12,2.54543625710763e-12
3.1562316907757e-05,0.000619859626321877,2.06991460176534e-12,2.54533809233088e-12
3.1550828716394e-05,0.000619981670782715,2.07125576647826e-12,2.54412516462581e-12
3.15523752281865e-05,0.000620227382326558,2.07067733156746e-12,2.54480007118843e-12
3.15760937428545e-05,0.000620084327969865,2.07053978445932e-12,2.54500042434056e-12
3.15874017529201e-05,0.000620089911261151,2.0699225243265e-12,2.54465860201038e-12
3.15854445527829e-05,0.000620150457842058,2.06940935097022e-12,2.54460121317356e-12
3.15791850630994e-05,0.000620396117969107,2.06950768829004e-12,2.54547976519527e-12
3.15759387718163e-05,0.000620384558872409,2.07017972170906e-12,2.54804778069769e-12
3.15872291334672e-05,0.000620389550280791,2.0702840314235e-12,2.54947411687419e-12
3.15908466698598e-05,0.000620109363981015,2.06962534419611e-12,2.54902033926494e-12
3.15861161517078e-05,0.000620069930367021,2.06902556970981e-12,2.5493753961614e-12
3.15903497952962e-05,0.000620090377919541,2.06835428769092e-12,2.54919674987459e-12
3.15855874279796e-05,0.000620181190514038,2.06830149610429e-12,2.54933641843718e-12
3.15939636502898e-05,0.000620366846068118,2.06773403517386e-12,2.54888032620372e-12
3.15958116049205e-05,0.00062031867585011,2.06813222120994e-12,2.54915867380241e-12
3.15734278708548e-05,0.00061990364000714,2.06806192265539e-12,2.55126843733658e-12
3.15670127713742e-05,0.000619959014280578,2.06777934373788e-12,2.55159990948553e-12
3.15714884764827e-05,0.000619940253556342,2.06828511783141e-12,2.55142416496848e-12
3.15594103620085e-05,0.000620032412630537,2.06768913345562e-12,2.55294577622736e-12
3.15644965850109e-05,0.000619722963085815,2.06630967783273e-12,2.55413735725585e-12
3.15595555435393e-05,0.000619784299226654,2.06586935375349e-12,2.55414356352093e-12
3.15554504867135e-05,0.0006196089568043,2.06717620342375e-12,2.55503916213507e-12
3.1572366111644e-05,0.000619509439630018,2.06668504338366e-12,2.55467706905289e-12
3.15718515199663e-05,0.000619529164656656,2.06676349937753e-12,2.55473839563387e-12
3.15717255197844e-05,0.000619505567660588,2.06661608784526e-12,2.55377509564754e-12
3.15734141917445e-05,0.000619477260132488,2.06651012737864e-12,2.55362711432614e-12
3.15901553744412e-05,0.000619239748530972,2.06637632432915e-12,2.55203358000746e-12
3.16101876681644e-05,0.000619223883142719,2.06791815254472e-12,2.55271729792383e-12
3.16121308212808e-05,0.000619385711466505,2.06745715248146e-12,2.55040685836105e-12
3.16143797221604e-05,0.000619355249649311,2.06635543066546e-12,2.55209445102381e-12
3.16255395118306e-05,0.00061937598049695,2.0660071150648e-12,2.5518096028476e-12
3.16454406751761e-05,0.000619431976126988,2.066650827082e-12,2.5505972646176e-12
3.16488952474066e-05,0.000619525911916438,2.06674004984352e-12,2.55058607529385e-12
3.16390718802118e-05,0.000619493507019496,2.06807702724842e-12,2.55129872756256e-12
3.16405389073676e-05,0.00061944517621023,2.06857593138752e-12,2.55111296844863e-12
3.16371998231894e-05,0.000619383768310886,2.06987150609408e-12,2.55228903806953e-12
3.1639938561753e-05,0.000619435998417475,2.06983955988403e-12,2.5521915533973e-12
3.16327175183207e-05,0.000619400296629537,2.06972552617385e-12,2.5526488115368e-12
3.16268637647348e-05,0.000619485506146071,2.06987395614487e-12,2.55263653546098e-12
3.16231882726553e-05,0.000619389237546994,2.07028780072553e-12,2.55320433420802e-12
3.16250117424005e-05,0.000619383047495606,2.0702769177286e-12,2.55339889985756e-12
3.16400963762496e-05,0.000619310430897692,2.07156787875205e-12,2.55262032410818e-12
3.16448063210394e-05,0.000619076126055191,2.07243292104974e-12,2.55325243941822e-12
3.16387114479059e-05,0.000619400437943313,2.07306638677215e-12,2.55408343592462e-12
3.16403029852427e-05,0.000619467695874534,2.07308390064047e-12,2.55409063146891e-12
3.16278261240542e-05,0.000619466192656394,2.0730470778902e-12,2.55412730025906e-12
3.1633630823055e-05,0.000619382519456426,2.07289067337858e-12,2.55545774864097e-12
3.16203934706941e-05,0.000619362499518176,2.07445812732791e-12,2.55306362399684e-12
3.16262585439702e-05,0.00061934275320493,2.07508752826659e-12,2.55342544246498e-12
3.16240013559043e-05,0.000619250397928425,2.07438356194536e-12,2.55344054253307e-12
3.16241376219044e-05,0.000619139769774074,2.07398678787066e-12,2.55276819247359e-12
3.16314771767758e-05,0.000619117170894765,2.07276126372106e-12,2.55235975611662e-12
3.16374298824955e-05,0.000619000992819729,2.07366259244273e-12,2.55212612126613e-12
3.1640470941593e-05,0.000618910448857333,2.07297466674789e-12,2.55389127180035e-12
3.16408210310152e-05,0.000618903531904797,2.07297047453074e-12,2.55389276766545e-12
3.16443197185909e-05,0.000618894058548447,2.07250323690875e-12,2.5545276254268e-12
3.16446706997868e-05,0.000618954911448768,2.0731725230022e-12,2.55406823813973e-12
3.16408378931518e-05,0.000619068039975044,2.07151222211509e-12,2.55556871240898e-12
3.16358018799323e-05,0.000619066881884596,2.07029998471668e-12,2.55519772493353e-12
3.16386682211242e-05,0.000619114273967089,2.06939341873413e-12,2.5552707763725e-12
3.16543447014704e-05,0.000619793099302006,2.06969458864882e-12,2.55338243356299e-12
3.16555476655141e-05,0.000619750057005323,2.07020936562246e-12,2.55347105490996e-12
3.16514752183267e-05,0.000619721411515331,2.07018758237435e-12,2.55406801913242e-12
3.16570166276059e-05,0.000619763991964987,2.07087763248422e-12,2.55276156541525e-12
3.16567907668363e-05,0.000619837032299412,2.07041234963523e-12,2.55199427630465e-12
3.16571463794439e-05,0.00061972018769186,2.07021139157836e-12,2.55244047997503e-12
3.16552502768906e-05,0.000619758161251208,2.07036661666714e-12,2.55190261262319e-12
3.16592610905703e-05,0.000619689063404143,2.07181353176223e-12,2.55319910102921e-12
3.16588838447966e-05,0.000619825241519145,2.07250523132288e-12,2.55283457810156e-12
3.16606565564224e-05,0.000619796177670769,2.07274268475334e-12,2.55303164653299e-12
3.16564794034166e-05,0.000619863145053007,2.07320920084692e-12,2.55261871449516e-12
3.16532979114026e-05,0.00062006495832905,2.0722756252035e-12,2.55348821744404e-12
3.16514029897894e-05,0.000619868107416984,2.0734135777534e-12,2.55478035050065e-12
3.16526209262294e-05,0.000619885542431845,2.07345115242477e-12,2.55479659384721e-12
3.16671499628431e-05,0.000620123995008692,2.07248088701855e-12,2.55664770325431e-12
3.16668332320824e-05,0.000620304536539436,2.07306042946267e-12,2.55492384699441e-12
3.16712083595298e-05,0.000620266616535748,2.07441327122861e-12,2.55463026192332e-12
3.16666764536173e-05,0.000620332336930764,2.07444418626445e-12,2.55478410611136e-12
3.16712909252869e-05,0.000620486245204274,2.07465996861034e-12,2.5544693156259e-12
3.16731081978679e-05,0.00062047635355713,2.07509909450388e-12,2.55410282010718e-12
3.16730879112612e-05,0.000620426992582577,2.07502885489594e-12,2.5540402150528e-12
3.16718393129067e-05,0.000620440235384842,2.07485845499144e-12,2.55413161849204e-12
3.16557175748699e-05,0.000620504780605039,2.07247279844017e-12,2.55177119292831e-12
3.16647276259224e-05,0.000620494412417714,2.07171612038157e-12,2.55147879032335e-12
3.16628308176246e-05,0.000620376523760645,2.07191621304659e-12,2.55133342972282e-12
3.16550252956954e-05,0.000620376212056947,2.0733568443813e-12,2.5524521610765e-12
3.16628228882509e-05,0.000620224144159281,2.07324456188884e-12,2.55247698298786e-12
3.16623143141807e-05,0.000620249842166944,2.07322582363086e-12,2.55241299202805e-12
3.16424951912292e-05,0.000620261234460961,2.07169827067845e-12,2.55193132920828e-12
3.16465889361554e-05,0.000620187667511019,2.07187052725877e-12,2.55148310976258e-12
3.16500918111562e-05,0.000620256780029931,2.07142483482956e-12,2.55175511481248e-12
3.16631161457888e-05,0.000620426892158369,2.07142893119444e-12,2.55154948244273e-12
3.16477566054068e-05,0.000620555577461511,2.07148747473542e-12,2.55095979924143e-12
3.16473332562491e-05,0.000620655487209027,2.07118725777791e-12,2.55156617690473e-12
3.16586386399497e-05,0.000620521596932891,2.07020004481071e-12,2.55189207745737e-12
3.16603541529245e-05,0.000620214927238141,2.07066542307793e-12,2.5531617538875e-12
3.16616151084667e-05,0.000620295310471718,2.07027503737847e-12,2.55270512262933e-12
3.16538758722966e-05,0.000620367262836019,2.07011314429206e-12,2.55101904258812e-12
3.16652877334123e-05,0.000620135423148054,2.06870835782221e-12,2.55290299912431e-12
3.16344256339926e-05,0.0006204966437732,2.06776658646635e-12,2.55260351588185e-12
3.16383768026345e-05,0.000620424412661282,2.06849468373183e-12,2.55184293414701e-12
3.16388390852189e-05,0.000620377431941533,2.06832990792798e-12,2.55190206096937e-12
3.16010090254437e-05,0.000620378628633985,2.06766839707681e-12,2.55290227509612e-12
3.16053500779839e-05,0.000620584286723371,2.06787657294342e-12,2.5524657119378e-12
3.15927005302733e-05,0.000620390715992225,2.06611269232754e-12,2.55076499872802e-12
3.15880269237629e-05,0.000620314190815461,2.0655562755976e-12,2.55084209703857e-12
3.15868232756293e-05,0.000620194713103517,2.06520294271843e-12,2.55083199054834e-12
3.15729940224496e-05,0.000620299117618594,2.06406268291933e-12,2.5506716580492e-12
3.15868236038115e-05,0.000620267757130132,2.06362055765714e-12,2.55082525523152e-12
3.15956584723146e-05,0.000620325191749694,2.06338030494764e-12,2.55025072173762e-12
3.15920755574306e-05,0.000620347595694106,2.06302859161012e-12,2.5503258049266e-12
3.159798467878e-05,0.000620294343194004,2.06519216433732e-12,2.55090738266391e-12
3.15959490855144e-05,0.00062028722052313,2.06412158699844e-12,2.55081463964948e-12
3.15890156788964e-05,0.000620354851302377,2.06476539863905e-12,2.5511676399402e-12
3.15952245987673e-05,0.00062050184563652,2.06504615759203e-12,2.55138782209279e-12
3.15930513049273e-05,0.000620609318230614,2.0654218777442e-12,2.55106909402328e-12
3.16007559842975e-05,0.000620514955682248,2.06687524195395e-12,2.55178823216746e-12
3.16133212214154e-05,0.000620467944719975,2.06698309098088e-12,2.55140926899495e-12
3.16162750737086e-05,0.000620486433344694,2.06687593803953e-12,2.5506860871182e-12
3.16168430854992e-05,0.000620495115994705,2.06609568235396e-12,2.5517755799204e-12
3.16326502763395e-05,0.000620485034815067,2.06544355678231e-12,2.550249738813e-12
3.16374599658571e-05,0.000620458820301963,2.06552939535146e-12,2.55015692521057e-12
3.16379901299374e-05,0.000620367259491226,2.06575400448578e-12,2.55033809247545e-12
3.16404302567346e-05,0.000620219218871142,2.06543583152686e-12,2.55029622662409e-12
3.16404139502133e-05,0.000620319744250435,2.06599872221294e-12,2.54977732257053e-12
3.16488670188222e-05,0.000620285078285512,2.0659315082148e-12,2.54981940776588e-12
3.16694900890386e-05,0.000619875787768042,2.06694234378488e-12,2.54964736394203e-12
3.16791098414238e-05,0.00061968500131419,2.06762842127459e-12,2.54911141946652e-12
3.16700024063285e-05,0.000619832610320395,2.06822212455663e-12,2.54911508505737e-12
3.16679300366944e-05,0.000619817498793927,2.06644239923136e-12,2.54769451400299e-12
3.16526488990895e-05,0.000619500078121794,2.06572009249833e-12,2.54629301051937e-12
3.16480253898023e-05,0.000619349859362885,2.0656581367372e-12,2.54629279915379e-12
3.16505678726693e-05,0.000619218338222366,2.06524330627982e-12,2.54660697685974e-12
3.16464918744e-05,0.000619345131835204,2.0640983750819e-12,2.54694351293347e-12
3.16413554428848e-05,0.000619200533501687,2.06430650548374e-12,2.54673594549881e-12
3.16493410195126e-05,0.000619275194539866,2.06393767902233e-12,2.54542333643405e-12
3.16363109512535e-05,0.000619116194827367,2.06322132491392e-12,2.54606226589718e-12
3.16304365216243e-05,0.00061919577515225,2.06282491618862e-12,2.54598472094101e-12
3.16274101942277e-05,0.000619032457569546,2.0630407743112e-12,2.5466654840873e-12
3.16259930957163e-05,0.000619052023132087,2.06304555886811e-12,2.54671121030448e-12
3.16359997223747e-05,0.000618882786477416,2.06429988093212e-12,2.54763709263276e-12
3.16357394583013e-05,0.000618877508987393,2.06452042873321e-12,2.54779204756538e-12
3.16343662627742e-05,0.000618806003582989,2.06461801585127e-12,2.54787630290038e-12
3.16086613016395e-05,0.000618931283697009,2.06561374168483e-12,2.54783090292956e-12
3.16083454752823e-05,0.000618944459138376,2.06556062468248e-12,2.54787392212908e-12
3.16044761682307e-05,0.000618768937153072,2.06244857094987e-12,2.54677382253919e-12
3.15899674164572e-05,0.000618663284545757,2.06189900791728e-12,2.54631433622398e-12
3.15865271657487e-05,0.000618857687857805,2.06178557020739e-12,2.54669387702109e-12
3.1586537212096e-05,0.000618853524076751,2.0617862327117e-12,2.54668138916655e-12
3.15851189354774e-05,0.000618849680350481,2.06184932186742e-12,2.54703389555184e-12
3.15797094685088e-05,0.000618815209972319,2.06223237731329e-12,2.5469633108522e-12
3.15606295529162e-05,0.000618655105949888,2.06214840782345e-12,2.54551285750093e-12
3.15618335517872e-05,0.000618651197080844,2.06221256662192e-12,2.54559245181226e-12
3.15643609365768e-05,0.000618660316176831,2.06115531444877e-12,2.54562235768539e-12
3.15553251293723e-05,0.000618377845584058,2.05885279036101e-12,2.54458754723723e-12
3.1533730031543e-05,0.000618541266489274,2.05938737775096e-12,2.54522313702347e-12
3.15228906103848e-05,0.00061878962383399,2.05768803390649e-12,2.54486232995259e-12
3.15274668609277e-05,0.000618786874033355,2.05696206295351e-12,2.54550898809951e-12
3.15447215277201e-05,0.000618627398287584,2.05587480922956e-12,2.54356922597528e-12
3.15481531351953e-05,0.000618805668634249,2.05550670927381e-12,2.54420514023932e-12
3.15185400166361e-05,0.000619257149684424,2.05512700662567e-12,2.54485193471136e-12
3.15238424897115e-05,0.000619702351750643,2.05434582897432e-12,2.54513870796105e-12
3.15388528662543e-05,0.000619687100055204,2.05385702325795e-12,2.54537604183562e-12
3.15404188073805e-05,0.000619552061536468,2.05253632399456e-12,2.54357223958439e-12
3.15393592257665e-05,0.000619494257215773,2.05324212841102e-12,2.54247620293219e-12
3.15377881293557e-05,0.000619642035405002,2.05407884226536e-12,2.54224127541526e-12
3.15433638727632e-05,0.000619648373314776,2.05468443114672e-12,2.54255377260528e-12
3.15453978342494e-05,0.000619566349028935,2.05376316862446e-12,2.5413274739512e-12
3.15464212066077e-05,0.000619697846782056,2.05414187152753e-12,2.54183593155801e-12
3.15428847561386e-05,0.000619781989159071,2.05255270931195e-12,2.54111221548246e-12
3.15250450781837e-05,0.000619519569754821,2.05292814391784e-12,2.54013900455673e-12
3.15320074606011e-05,0.000619523396818172,2.05303357705726e-12,2.54032707200827e-12
3.15483968803651e-05,0.000619472031124772,2.05052190808414e-12,2.53836505294032e-12
3.15375615783902e-05,0.000619619705752111,2.05144107779584e-12,2.53981166386394e-12
3.15355393577359e-05,0.000619577248137251,2.05221143078433e-12,2.5399066416148e-12
3.15341405543518e-05,0.000619644074404654,2.05229513370311e-12,2.53986981603044e-12
3.15355132734518e-05,0.000619618262547567,2.05284256023566e-12,2.53997987928827e-12
3.15336007381712e-05,0.000619677719467745,2.05295020780373e-12,2.53949836007681e-12
3.15557525446263e-05,0.000619585691114928,2.05203982432358e-12,2.53910627469546e-12
3.15457692340231e-05,0.000619794948564594,2.05132423020311e-12,2.54075554958499e-12
3.15154278217896e-05,0.000619934107709846,2.05238126412261e-12,2.54073892905225e-12
3.15150975364848e-05,0.000619895563038517,2.05193916577421e-12,2.54111232623908e-12
3.150552017865e-05,0.000620156741545371,2.05134220613155e-12,2.53986788371363e-12
3.15104032230193e-05,0.000620014370693577,2.05279755840453e-12,2.54104236306401e-12
3.15240500999512e-05,0.000620270261992225,2.05137680400041e-12,2.540505548779e-12
3.15066181425615e-05,0.000620031401626438,2.05020892490172e-12,2.54131993222567e-12
3.14955922877499e-05,0.00062005617854708,2.0495457875673e-12,2.54150245740506e-12
3.14901323191054e-05,0.000620034031887255,2.04892041851061e-12,2.54139441764681e-12
3.14917346750444e-05,0.000619809073050703,2.04875411624766e-12,2.54296726702821e-12
3.14959038706351e-05,0.000619908288844276,2.04837352789321e-12,2.53980459541156e-12
3.15111547229547e-05,0.000619854022825218,2.04936414900338e-12,2.54119504440912e-12
3.15021185387687e-05,0.000619600570677847,2.04829480895673e-12,2.54146259213683e-12
3.15078599028585e-05,0.000619631419302172,2.04778373855384e-12,2.5411079104937e-12
3.15011010886192e-05,0.000619910916705173,2.0483474586294e-12,2.54149100808314e-12
3.14911317894796e-05,0.000620184490401662,2.04873136780118e-12,2.53971424299305e-12
3.14854706796765e-05,0.000620003676215406,2.04820765841597e-12,2.54021687121646e-12
3.15022879645487e-05,0.000619945265361129,2.04834985242288e-12,2.54014322644953e-12
3.15047497215166e-05,0.000619965571124405,2.04824482286376e-12,2.54015445441553e-12
3.15079716677019e-05,0.000620203109733697,2.04950004930903e-12,2.54011993785242e-12
3.15128051336511e-05,0.000620204728795192,2.05095558796299e-12,2.53987080730134e-12
3.15132295809057e-05,0.000620213025157493,2.05056232744058e-12,2.53990633723275e-12
3.15174526325054e-05,0.000620405128729101,2.05043804340514e-12,2.53857635796243e-12
3.15291715168913e-05,0.000620507017150786,2.05064484291855e-12,2.53843862900536e-12
3.15314485746856e-05,0.000620576915226101,2.05068261163948e-12,2.53840223301335e-12
3.15074104721141e-05,0.000620199953995498,2.05176417372846e-12,2.53832231758925e-12
3.14925583449466e-05,0.000620045973334437,2.05020685482932e-12,2.5392801338543e-12
3.14945331646415e-05,0.000620019936326829,2.04815692849846e-12,2.54006101500445e-12
3.14933807475792e-05,0.00062013802328578,2.04939450972658e-12,2.54054160883629e-12
3.14917631868278e-05,0.000620150189432638,2.04969846848439e-12,2.53972775496142e-12
3.14890964450995e-05,0.000620044516930625,2.0492657763558e-12,2.53989293267664e-12
3.14735404674261e-05,0.000620233716733114,2.04956260180216e-12,2.5397563664135e-12
3.14937427880185e-05,0.000620298049360958,2.05063623052409e-12,2.54071104013851e-12
3.14833806072309e-05,0.000620366365614007,2.05054254027466e-12,2.5392086149608e-12
3.14869607075695e-05,0.000620259804617662,2.05114163102832e-12,2.53997085938423e-12
3.1492283973959e-05,0.000620142249106943,2.05079609229824e-12,2.53971403835949e-12
3.1485454687306e-05,0.000620338992165397,2.04896571425234e-12,2.53884383845285e-12
3.14839552094556e-05,0.000620258307381501,2.04817654121417e-12,2.53826099083872e-12
3.14794863879626e-05,0.000620187451691034,2.04884288662129e-12,2.53787797543525e-12
3.14754443849892e-05,0.000620207041969879,2.04946226589809e-12,2.53799397791996e-12
3.14763564474868e-05,0.000620040876597773,2.04978887471939e-12,2.53735395205629e-12
3.14745612107245e-05,0.00062005587031673,2.04966919668625e-12,2.53764243101666e-12
3.14818662848028e-05,0.000620166227484676,2.04819017224357e-12,2.53852519409545e-12
3.1473685152109e-05,0.000619906006936472,2.04859576353528e-12,2.5382496701848e-12
3.14724367992469e-05,0.000619425556463105,2.04834882620013e-12,2.53907438565132e-12
3.14728582039269e-05,0.000619370840255055,2.04776951142284e-12,2.53952661741754e-12
3.1454692649616e-05,0.00061883829154658,2.04902139244178e-12,2.53832786921554e-12
3.14588449181654e-05,0.000618431954887455,2.04935404750012e-12,2.53933608170782e-12
3.14634157953295e-05,0.000618477734813307,2.0511499096651e-12,2.53959009380436e-12
3.14572768828996e-05,0.000618580824041661,2.05075577342265e-12,2.53926450737959e-12
3.14566781067558e-05,0.000618793194674187,2.04784548669252e-12,2.54031347999508e-12
3.1461934209116e-05,0.000618729230621407,2.04808486302016e-12,2.54144484569172e-12
3.14639771247024e-05,0.000618749117272383,2.04825492309989e-12,2.54151783966736e-12
3.14660858276868e-05,0.00061865018984081,2.04837282256923e-12,2.54166878572648e-12
3.14792726261641e-05,0.000618575150272338,2.0478402131715e-12,2.5419257643807e-12
3.1455822521928e-05,0.000618381134825358,2.04752446657157e-12,2.54116573429232e-12
3.14549755280715e-05,0.000618334983498887,2.04699956309883e-12,2.54166476849697e-12
3.14493555370894e-05,0.000618415226109739,2.04726495223178e-12,2.54158362517841e-12
3.14452290588482e-05,0.000618502461981031,2.04667785496388e-12,2.54201424060943e-12
3.14381910656916e-05,0.000618449146057849,2.04617667412596e-12,2.54245196526279e-12
3.14387884499727e-05,0.000618540723215383,2.04600901503523e-12,2.54256747851251e-12
3.14522072413795e-05,0.000618811342017593,2.04520110119808e-12,2.54255463759377e-12
3.14559835502763e-05,0.000618878594637388,2.04563078804737e-12,2.54284382734713e-12
3.14576470527774e-05,0.000618899768132326,2.04557232727073e-12,2.5428127975184e-12
3.14641145426528e-05,0.000618928401494822,2.04555155660657e-12,2.54321119223084e-12
3.14632695843366e-05,0.000618945663373119,2.04571984150022e-12,2.54324790092759e-12
3.14652805202298e-05,0.000618941996315634,2.04589503723168e-12,2.54399051730617e-12
3.14634281705405e-05,0.000619082784930976,2.04553545607731e-12,2.54456405516845e-12
3.14663757814428e-05,0.000618984050741914,2.04556718286922e-12,2.54497218276927e-12
3.14759618742761e-05,0.000619204325453454,2.04610340126982e-12,2.54609294775442e-12
3.14545705942744e-05,0.000619112910842266,2.04534553988064e-12,2.54654225933007e-12
3.14540443953787e-05,0.000619199304103026,2.04510444713827e-12,2.54752833505273e-12
3.14547262333413e-05,0.000619082927355541,2.04545683752314e-12,2.54750966720476e-12
3.14714073411914e-05,0.000619229788555631,2.04595794571441e-12,2.54826678271758e-12
3.147717187963e-05,0.000619519431203428,2.04550649381493e-12,2.5488470699344e-12
3.1477786852932e-05,0.000619514184238346,2.04492615885691e-12,2.5488490329344e-12
3.14727304046225e-05,0.000619599952303067,2.04562296573806e-12,2.54965673154985e-12
3.14753673228896e-05,0.000619633408884419,2.04618884575342e-12,2.5505059824986e-12
3.14699682589411e-05,0.000619924788767036,2.04698044462739e-12,2.55153325566702e-12
3.14801186866441e-05,0.000620009602603762,2.04634363194236e-12,2.55157844922236e-12
3.14620649549342e-05,0.000620204684024389,2.04619753329293e-12,2.55034511124413e-12
3.14606695871871e-05,0.000620587879835452,2.04384911044015e-12,2.54927758043061e-12
3.14652025404348e-05,0.000620501540597263,2.0437307367937e-12,2.54882008108041e-12
3.14773285623544e-05,0.000620871608304251,2.04565703548607e-12,2.54901991134117e-12
3.14960382556292e-05,0.000620816955165445,2.04586473814383e-12,2.54979536642551e-12
3.14989911169786e-05,0.00062088590260915,2.04364809523391e-12,2.55026073462747e-12
3.14905320970848e-05,0.00062086565562506,2.04449762007289e-12,2.55004842439653e-12
3.14788152473068e-05,0.000621056482034226,2.04646000483918e-12,2.54919841011313e-12
3.14770876014616e-05,0.000621339392324151,2.04682363026633e-12,2.54925071099013e-12
3.14708903265951e-05,0.000621141844262794,2.04633601524884e-12,2.54876312528955e-12
3.14691719084609e-05,0.000621202000261262,2.04801556141363e-12,2.55039610828478e-12
3.14430187494631e-05,0.000621015812331547,2.04665532612431e-12,2.54951212959664e-12
3.14275830350096e-05,0.000620635131320407,2.04842702093358e-12,2.54889492503411e-12
3.14274413398735e-05,0.000620487203253283,2.04967633347563e-12,2.54816172041471e-12
3.14087411754331e-05,0.000620687043179858,2.0492605353023e-12,2.54844489678632e-12
3.14102672247665e-05,0.000620789355123489,2.04917673239001e-12,2.54993917496986e-12
3.1412249425795e-05,0.00062074969519136,2.04869884990897e-12,2.54958001271145e-12
3.14221370077845e-05,0.000620739484216412,2.04809777064153e-12,2.54943185912726e-12
3.14300489272671e-05,0.000620597892984331,2.04937178110736e-12,2.54963865602558e-12
3.14249036768161e-05,0.000620792758674856,2.05051882081411e-12,2.54804754450338e-12
3.14275356617998e-05,0.000620973660638908,2.04901137317535e-12,2.54763832617417e-12
3.14248704975268e-05,0.000621005747087208,2.04728149780208e-12,2.54688211974395e-12
3.14165324580582e-05,0.00062120616432293,2.04819216240835e-12,2.54718372306946e-12
3.1406817238867e-05,0.000621175248766884,2.04754233160148e-12,2.5467920191976e-12
3.14030418213603e-05,0.000621066479624593,2.04703297667511e-12,2.54677961474977e-12
3.13883696892824e-05,0.000621234147008813,2.04651094302113e-12,2.54618011802459e-12
3.13848951578685e-05,0.00062109176186526,2.04661255707916e-12,2.54638508401479e-12
3.14066158443381e-05,0.000621248544526213,2.04752237173442e-12,2.54523038347872e-12
3.14097251544594e-05,0.000621211549855026,2.04702831318511e-12,2.54569110738726e-12
3.14009553780726e-05,0.000621615374883738,2.04640983094299e-12,2.54529444122179e-12
3.14056883925622e-05,0.000621693402515212,2.04775154762593e-12,2.54538012956576e-12
3.13894390358512e-05,0.00062182553244027,2.04605084840492e-12,2.54525242596399e-12
3.13956892125685e-05,0.000621775551035332,2.04670996624669e-12,2.54497221131638e-12
3.14015025289273e-05,0.000621912447508715,2.04657203998027e-12,2.54429869011729e-12
3.13966585602954e-05,0.000621995781201805,2.04655839391734e-12,2.54367982720939e-12
3.13756256933001e-05,0.000621901073373329,2.04645950390582e-12,2.54462175818135e-12
3.13762148998557e-05,0.00062187599731103,2.0463753662362e-12,2.54464787994599e-12
3.13740808344419e-05,0.000622000289053278,2.04616599879916e-12,2.54462495321786e-12
3.13979367668682e-05,0.000621703428043328,2.04668241719311e-12,2.54397619554702e-12
3.13996982761125e-05,0.000621651744838695,2.04710942893782e-12,2.54389623183156e-12
3.14030941711101e-05,0.000621609479850407,2.04874447616702e-12,2.5443842176817e-12
3.14018785305451e-05,0.000621601707546462,2.04874316157099e-12,2.54431472084676e-12
3.13817299982636e-05,0.000621809178680883,2.04686227942996e-12,2.54349225637905e-12
3.13766412917888e-05,0.000621867169974355,2.04609662400948e-12,2.54315079716009e-12
3.13805497797482e-05,0.00062184619495719,2.04644204071038e-12,2.54381205583901e-12
3.13814198496926e-05,0.000621794766202628,2.04624350599209e-12,2.54378298600483e-12
3.1377385924541e-05,0.000621818824366446,2.04685655335452e-12,2.54308358588286e-12
3.13699278093553e-05,0.000621885625564511,2.04686565209068e-12,2.5433566030129e-12
3.13754508812592e-05,0.000621965158078093,2.04713660833762e-12,2.54266400742551e-12
3.13682670596396e-05,0.000622170616133492,2.04798330505123e-12,2.5411045631283e-12
3.13571647614409e-05,0.000622005377306555,2.04834904171569e-12,2.54121823428436e-12
3.13596092940931e-05,0.000622118118832316,2.04879450878561e-12,2.54091097687619e-12
3.13591067462078e-05,0.000622161936657641,2.04894606941536e-12,2.54083462865917e-12
3.13416754392616e-05,0.000622270347636353,2.0476519744164e-12,2.54177483275457e-12
3.13377072851781e-05,0.000622109542636352,2.05042535765715e-12,2.54109106016089e-12
3.13439974983804e-05,0.00062197980733732,2.05012394003984e-12,2.54144078289395e-12
3.13377340755879e-05,0.00062214862106133,2.05013210563039e-12,2.54175062077667e-12
3.13494996609254e-05,0.000622090013527177,2.04861700113153e-12,2.54145616262545e-12
3.13427315825564e-05,0.000621879886584808,2.04823966106433e-12,2.53928137164934e-12
3.13361979345538e-05,0.000622189369830627,2.04562703426766e-12,2.53885080097873e-12
3.13359843767947e-05,0.00062220786977041,2.04549842141406e-12,2.53867038971525e-12
3.13345099602786e-05,0.000621908317191619,2.04319156101558e-12,2.53775487248156e-12
3.13318043492911e-05,0.000621869825669042,2.0436804077892e-12,2.53749344546629e-12
3.13343549493134e-05,0.000621728882258053,2.04321207608579e-12,2.53741584203975e-12
3.13313045794307e-05,0.00062187249661256,2.04367958831034e-12,2.53775653194424e-12
3.13352974969109e-05,0.000621718622422348,2.04353906148421e-12,2.53801009137095e-12
3.13360180482183e-05,0.000621933879121375,2.04542673414716e-12,2.53777532451692e-12
3.13377526527596e-05,0.000621750994885167,2.04435868933504e-12,2.5368713462237e-12
3.13302104070498e-05,0.000621784194184718,2.0447051516262e-12,2.5383349627603e-12
3.13385772850341e-05,0.000621612375896391,2.04392749163191e-12,2.53930283590112e-12
3.13387801740124e-05,0.000621572464821861,2.04349920545329e-12,2.53907647514861e-12
3.13364505088776e-05,0.000621605947895198,2.04326468758461e-12,2.53890664845002e-12
3.1346412635757e-05,0.000621642708610395,2.04404548533204e-12,2.53872839467769e-12
3.1338202752778e-05,0.000621685660676535,2.04214197892219e-12,2.53986276275433e-12
3.13328530577675e-05,0.000621741607637149,2.041631586448e-12,2.53978575666643e-12
3.13361487319937e-05,0.000621752592574373,2.04175039006021e-12,2.54023111428279e-12
3.13390088040894e-05,0.000621796280375124,2.04162324469594e-12,2.54007392933417e-12
3.13353073882628e-05,0.0006217675625155,2.04128016946807e-12,2.53955216505374e-12
3.13296898871112e-05,0.000621610299147613,2.04178082448177e-12,2.54019918028408e-12
3.13342629442496e-05,0.000621437818235879,2.04076732063496e-12,2.54021480763412e-12
3.13321051415509e-05,0.0006214411735158,2.04138714080779e-12,2.54002187449675e-12
3.13188162843246e-05,0.000621775437240786,2.04163596370602e-12,2.53987057301531e-12
3.1305491187183e-05,0.000621664767796184,2.04221881486268e-12,2.53881357422549e-12
3.13028071544147e-05,0.00062173945307691,2.04263703485802e-12,2.53850816895533e-12
3.13118619527715e-05,0.000621628329543816,2.04243738690249e-12,2.5378884385604e-12
3.13098136130632e-05,0.000621468772730279,2.04326739935758e-12,2.53742126803986e-12
3.13057712293169e-05,0.000621543434622202,2.04253336447158e-12,2.53818996178318e-12
3.12985034768401e-05,0.000621599498892854,2.04212689244484e-12,2.53860905880089e-12
3.12977058778981e-05,0.000621577480739484,2.04171097870459e-12,2.53788989857547e-12
3.13048608945205e-05,0.000621443964923225,2.04195108833028e-12,2.53753772927581e-12
3.13047405260302e-05,0.000621584975938038,2.04143566357042e-12,2.5381961911077e-12
3.13043434980326e-05,0.000621624856462096,2.03896408134828e-12,2.53973836283231e-12
3.12906830388918e-05,0.000621624036878415,2.03814701055743e-12,2.53911346574537e-12
3.12905468127113e-05,0.00062160391738204,2.03830770269092e-12,2.53944432109793e-12
3.12914245806193e-05,0.00062158421850827,2.03851455269177e-12,2.53961900192271e-12
3.1276008025856e-05,0.000621632252847813,2.03724594410492e-12,2.54147659799866e-12
3.12502123736951e-05,0.000621539137822536,2.03757418465543e-12,2.54173353693752e-12
3.12491895524227e-05,0.000621684461913168,2.03775376294741e-12,2.54245165569752e-12
3.12401558976204e-05,0.000621730982831757,2.03851508311118e-12,2.5422633949445e-12
3.12368594866787e-05,0.000621693593988744,2.03979928664428e-12,2.54379488376297e-12
3.12414405652887e-05,0.000621715276112636,2.03970880588682e-12,2.54367245252103e-12
3.12434428852953e-05,0.000621712359578015,2.04021809176589e-12,2.54362074017901e-12
3.12407647470001e-05,0.000621691181494703,2.03999187242484e-12,2.54352140863363e-12
3.1236273003388e-05,0.000621913180293104,2.04049024564967e-12,2.54421398101424e-12
3.12361705087155e-05,0.000621949938980183,2.03895198866849e-12,2.54501706662741e-12
3.12238682965851e-05,0.000622051072786439,2.03851700121784e-12,2.54522378599923e-12
3.11986771490586e-05,0.000621900036289319,2.03958095721116e-12,2.54728169875432e-12
3.11990508834399e-05,0.000621827853074426,2.04020483662666e-12,2.54718689003276e-12
3.12051592234651e-05,0.000622021021386691,2.04089896189416e-12,2.54701967946936e-12
3.12067880241147e-05,0.000622069475618112,2.04241856787534e-12,2.54658523875693e-12
3.12148576062325e-05,0.000622010930215496,2.04228261975085e-12,2.54699907166121e-12
3.12152309881629e-05,0.000622003511585628,2.04340395151328e-12,2.5476054599684e-12
3.1216312463887e-05,0.000622119369471535,2.04751887985201e-12,2.54847293645812e-12
3.12119520074565e-05,0.000622268618125278,2.04754934084722e-12,2.54694836658564e-12
3.12290498282146e-05,0.000622592065403707,2.04807267199932e-12,2.54627326104287e-12
3.12364196052145e-05,0.000622492285650284,2.04774988930561e-12,2.54632040125161e-12
3.122456634597e-05,0.000622267948415041,2.0476836321023e-12,2.5459090835969e-12
3.1211921943643e-05,0.000622352008499407,2.04808172566942e-12,2.54630172718456e-12
3.12168354512962e-05,0.000622404748735102,2.04872540370514e-12,2.54697560967711e-12
3.12224825660316e-05,0.000622506986813392,2.04999886839822e-12,2.54644517149029e-12
3.12236110957249e-05,0.000622661076502855,2.05040397591027e-12,2.54716204240952e-12
3.12287913652393e-05,0.000622721897558395,2.04800956940497e-12,2.54797116235714e-12
3.12343180528458e-05,0.000622750747881219,2.04799627032858e-12,2.54803251107315e-12
3.12326463732975e-05,0.000622818501350338,2.04796317091107e-12,2.54854738816365e-12
3.12302304948955e-05,0.000622777431011501,2.04875003981409e-12,2.5490185358523e-12
3.12401031715918e-05,0.000622675499184156,2.04827685944706e-12,2.54832638533516e-12
3.1246095046194e-05,0.000622768486333584,2.04820630530245e-12,2.54803130351395e-12
3.1239842383887e-05,0.000623132867489194,2.04888860522793e-12,2.55000355365589e-12
3.12411852093378e-05,0.000623192614199823,2.04900941739748e-12,2.55078841143875e-12
3.12317037025512e-05,0.000623054742968884,2.04753826988112e-12,2.54980601529328e-12
3.1234444481378e-05,0.000622999800482085,2.04797799220405e-12,2.54984307696738e-12
3.1222677862573e-05,0.00062250394609135,2.0470289210316e-12,2.55052397187386e-12
3.12209470231628e-05,0.000622808812425092,2.04775879098053e-12,2.55075979412756e-12
3.12239956808303e-05,0.000622859911910418,2.04710920319873e-12,2.5516324394635e-12
3.12247358691405e-05,0.000622870106246878,2.04697742460685e-12,2.55144089088978e-12
3.12444840515974e-05,0.000622753713454639,2.04784376339955e-12,2.54978984691289e-12
3.12428267620652e-05,0.000622732735634649,2.04802903306179e-12,2.54945866717585e-12
3.12323798557876e-05,0.00062292448602037,2.04836713636899e-12,2.54817387711669e-12
3.12493338966636e-05,0.000623205745533518,2.04926340330716e-12,2.54754929161418e-12
3.12506575827798e-05,0.000623168274738998,2.04948404477388e-12,2.54751647652487e-12
3.12510380386404e-05,0.000623176455662481,2.04863824866106e-12,2.54756650529284e-12
3.1253696755143e-05,0.000622828571116221,2.04990842445777e-12,2.54854040756298e-12
3.12646803425919e-05,0.000622759646986275,2.05214775722428e-12,2.54760558678904e-12
3.1265481862628e-05,0.000622463299878681,2.05213802261342e-12,2.54781793448691e-12
3.12538357333873e-05,0.000622629652138659,2.0517193087038e-12,2.54791407445421e-12
3.12568049217423e-05,0.000622950576786905,2.05120099683905e-12,2.54749554659474e-12
3.1253230106619e-05,0.000622963646317445,2.05151050602525e-12,2.54729279539668e-12
3.12478989638693e-05,0.000622960875027043,2.05182282745578e-12,2.54681675102007e-12
3.12355321824274e-05,0.000623107715376156,2.05399174263848e-12,2.545053949484e-12
3.12474404109765e-05,0.000623354477412713,2.05502812207856e-12,2.54439206583674e-12
3.12549547285231e-05,0.000623556789464329,2.0554723433061e-12,2.54354692358719e-12
3.12502836239176e-05,0.000623603036883191,2.05591031949725e-12,2.54437675968744e-12
3.12477979473466e-05,0.000623633391509314,2.05630905876158e-12,2.54448818709042e-12
3.12511449659122e-05,0.000623864886388558,2.05560053660486e-12,2.54481164889772e-12
3.12540209699006e-05,0.000623798019716931,2.05542781770892e-12,2.54560350391618e-12
3.12565807992741e-05,0.000623788646209741,2.05510964230436e-12,2.5456475455296e-12
3.12559672923143e-05,0.000623264874750795,2.05539983900474e-12,2.54538847736096e-12
3.12863779490314e-05,0.0006231325824685,2.05490827339716e-12,2.5477502768515e-12
3.12818721537659e-05,0.000623064661421319,2.05553430013146e-12,2.5481170639779e-12
3.12996513836988e-05,0.000623029206725557,2.05562677323106e-12,2.54732307607244e-12
3.12934284383387e-05,0.00062299641348089,2.05532262228353e-12,2.5468132906878e-12
3.12956612314216e-05,0.000622949811478443,2.05538443975247e-12,2.5466678588549e-12
3.12944909010766e-05,0.000623009178112127,2.05627334359617e-12,2.54734148155205e-12
3.13121584993857e-05,0.000623111490241597,2.05658122211754e-12,2.54658416932634e-12
3.13116944481654e-05,0.000622967050496743,2.05704492360281e-12,2.54721578163351e-12
3.1291632910171e-05,0.000622986284709791,2.05630530705426e-12,2.54654990205517e-12
3.12902321264278e-05,0.000622852708238946,2.05648479161348e-12,2.5464657481302e-12
3.13013477984947e-05,0.000623061580800937,2.05563130551932e-12,2.54660739166643e-12
3.12910199033135e-05,0.000623254879438739,2.05564473927097e-12,2.54679302383115e-12
3.12798066917013e-05,0.000623120975364006,2.05459556203176e-12,2.54607040859213e-12
3.12876011789022e-05,0.000622905457263999,2.05366970321478e-12,2.54584887490095e-12
3.12918701914908e-05,0.000622804939959196,2.05455229489182e-12,2.54702019449675e-12
3.12838664443402e-05,0.000622876627419547,2.05486911022624e-12,2.54706926488487e-12
3.12845416501401e-05,0.000622654833569405,2.05555078786337e-12,2.54832921252643e-12
3.12806371870534e-05,0.000622653040719148,2.05594974120199e-12,2.54832531486384e-12
3.1280478023048e-05,0.00062290678599135,2.05680598461642e-12,2.54857296650392e-12
3.12660229227359e-05,0.000622925015797876,2.05710069766027e-12,2.54867898795021e-12
3.12848476598419e-05,0.000622787117833746,2.05566546834759e-12,2.54879122641291e-12
3.128238534336e-05,0.000622840467677034,2.05524529987937e-12,2.54839463499805e-12
3.12846024946037e-05,0.000622907874872631,2.05518394447322e-12,2.54902193661792e-12
3.12695894475081e-05,0.000622933405967043,2.05532768767374e-12,2.54865475947872e-12
3.12689295375237e-05,0.000622840852295937,2.05507036883208e-12,2.54969148334894e-12
3.12618662525413e-05,0.000622836624965439,2.05497697576247e-12,2.55053493419426e-12
3.12602759240492e-05,0.000622650658997049,2.05519532787314e-12,2.54958255867235e-12
3.12531828321542e-05,0.000622505973535417,2.05504204368311e-12,2.55156040138163e-12
3.12424150458927e-05,0.000622400992507994,2.05475692770164e-12,2.55126402838556e-12
3.12547668575495e-05,0.000622233046282627,2.05449801472499e-12,2.5509152155412e-12
3.12329504765183e-05,0.00062227766375606,2.05269055075915e-12,2.55072668165951e-12
3.1253296548973e-05,0.000622423771549155,2.05293001197064e-12,2.5510298577108e-12
3.12465679606025e-05,0.000622493210009738,2.05209201314974e-12,2.54926382172868e-12
3.12662593287167e-05,0.000622331017745322,2.05142713374069e-12,2.54908156400152e-12
3.126941340286e-05,0.000622719209791891,2.05058584938798e-12,2.54826066966521e-12
3.12793747012519e-05,0.000622922294652471,2.04884258142649e-12,2.54869168744951e-12
3.1279266399012e-05,0.000622897069780946,2.0489151473278e-12,2.54860284791092e-12
3.12842790154408e-05,0.000622718674678837,2.04911718760988e-12,2.54817542661491e-12
3.13093840714656e-05,0.000622758609788512,2.04864548380649e-12,2.54709749027738e-12
3.13031509557779e-05,0.000622877405952986,2.04869241356703e-12,2.54700787587539e-12
3.13201093013267e-05,0.000623016897565556,2.04935745263578e-12,2.5474978925859e-12
3.1315215829223e-05,0.000623171558473907,2.04872580195683e-12,2.54721417055694e-12
3.13193257536272e-05,0.000623065966991791,2.04945631845375e-12,2.54695711253142e-12
3.13243467896594e-05,0.000622918550039021,2.04947471506639e-12,2.54727746249943e-12
3.13278715698289e-05,0.000623210171717424,2.04814681955846e-12,2.54723359510377e-12
3.13383053075231e-05,0.000623196510725587,2.04871597744518e-12,2.54841166342708e-12
3.13365026018853e-05,0.000623168374478579,2.04875797304517e-12,2.54842310444378e-12
3.13320213233374e-05,0.000623135552986477,2.05064108193507e-12,2.54960782952416e-12
3.13301265813021e-05,0.000623094741761075,2.05096743269475e-12,2.54933746869451e-12
3.13462530811974e-05,0.000623152025926308,2.05028422077976e-12,2.55038368354882e-12
3.13382119578232e-05,0.000623128108395613,2.04985813491972e-12,2.55166879504051e-12
3.13342521882734e-05,0.000622980250262836,2.0502188753195e-12,2.55066853649544e-12
3.13228652305805e-05,0.000622899782653343,2.04897842470886e-12,2.55198352073683e-12
3.13334033080113e-05,0.000622790859677182,2.04959695855593e-12,2.55188116622738e-12
3.13344898926244e-05,0.000622747221944363,2.04959880009351e-12,2.55200959585802e-12
3.13360710489581e-05,0.000622404624075963,2.04881594084485e-12,2.55215723066357e-12
3.1345694353728e-05,0.00062206718976493,2.0486760442142e-12,2.55358272971272e-12
3.13504309112763e-05,0.000622244676440406,2.04820551319028e-12,2.55374407810012e-12
3.13471288217433e-05,0.000622322337256973,2.04818336387746e-12,2.55487607909721e-12
3.13403551854457e-05,0.000622418025951895,2.04807220749481e-12,2.55429347193648e-12
3.13395928525932e-05,0.000622528013023378,2.04828690199817e-12,2.55409668749551e-12
3.13416135163105e-05,0.000622215794271498,2.04940785789035e-12,2.55394334237184e-12
3.13523087697205e-05,0.000622551703034115,2.04945979289038e-12,2.5515552394982e-12
3.1352984007225e-05,0.000622695756803237,2.04937754828768e-12,2.55239205013093e-12
3.13527547347652e-05,0.000622691555528712,2.04945164135092e-12,2.55241273966047e-12
3.13503478869929e-05,0.000622701428187322,2.04929276520311e-12,2.55240476758893e-12
3.13452380116844e-05,0.000622679703255107,2.04800916080085e-12,2.55254326881426e-12
3.13701326435486e-05,0.000622685318147066,2.0492414216475e-12,2.55292006069053e-12
3.1372716830184e-05,0.000622575291703494,2.04975333843819e-12,2.55313630735295e-12
3.13722311990189e-05,0.000622603365194497,2.04973250721282e-12,2.55341080311888e-12
3.13624975206543e-05,0.000622622659937048,2.05008367324251e-12,2.55392117678557e-12
3.13769063531856e-05,0.000622533444049317,2.05229138924749e-12,2.55138688004742e-12
3.13908297776639e-05,0.000622569760907968,2.05205331347906e-12,2.55129199528826e-12
3.13880873316691e-05,0.000622458788578727,2.05165272048073e-12,2.5504918360776e-12
3.13972615724162e-05,0.000622652778347538,2.05132909217581e-12,2.55099854509483e-12
3.13934494075403e-05,0.000622495397315709,2.05149210957951e-12,2.55035652106012e-12
3.13923336137746e-05,0.000622497775149156,2.05236017908902e-12,2.54976290161771e-12
3.13965110253288e-05,0.000622523704922392,2.05192920305338e-12,2.54976977447468e-12
3.14029427152765e-05,0.000622310554951916,2.05167229435497e-12,2.54833124715401e-12
3.14027372421919e-05,0.000622292650133557,2.05129322207573e-12,2.54829416759074e-12
3.13907099151901e-05,0.000622175564452537,2.0517934724959e-12,2.54806384773312e-12
3.13916829397729e-05,0.00062229797853474,2.05119514607269e-12,2.54822746940753e-12
3.13938533117204e-05,0.000622196037543378,2.05117357198057e-12,2.54776803910628e-12
3.13803916332717e-05,0.000622415577697747,2.05221114089802e-12,2.5468808096827e-12
3.13741006376103e-05,0.000622387971937205,2.05210532722013e-12,2.54668352752232e-12
3.13662890602599e-05,0.000622183451274129,2.0504382084039e-12,2.54728463025574e-12
3.13721534425996e-05,0.000621972961858411,2.05123783604883e-12,2.54583524236436e-12
3.13665697034054e-05,0.000621930872847643,2.05001892540472e-12,2.54529997478951e-12
3.137727394582e-05,0.000622053987441443,2.05222317934271e-12,2.5462744381326e-12
3.13795991445753e-05,0.000622007982285616,2.05191543804985e-12,2.54648731255607e-12
3.13870808324689e-05,0.00062193982848968,2.05022284169645e-12,2.54674566779727e-12
3.13994415821365e-05,0.000622126189399093,2.04897065570759e-12,2.54631699412917e-12
3.14146806816031e-05,0.000622011661209933,2.04865585965771e-12,2.54676759710446e-12
3.1420029704334e-05,0.000622113701250091,2.04846397953956e-12,2.54737863656183e-12
3.14254645034734e-05,0.00062214212063866,2.04893627098179e-12,2.54718055459877e-12
3.14288967605669e-05,0.000622133655457575,2.04832802571976e-12,2.5472640290712e-12
3.14224258088566e-05,0.000622234873563647,2.04967096319712e-12,2.54676286238039e-12
3.14285544361397e-05,0.000622011362154562,2.05074010895245e-12,2.54607397786363e-12
3.14153868940942e-05,0.000621780022427507,2.05186462250402e-12,2.54644620583656e-12
3.14306172909887e-05,0.000621753840519541,2.05290020452154e-12,2.54660560834886e-12
3.14310829945838e-05,0.000621739661517592,2.05315856044315e-12,2.54658019022593e-12
3.1424604462642e-05,0.000621796754388545,2.05384319287913e-12,2.54744244362061e-12
3.14241693408169e-05,0.000621684367005461,2.05303146548088e-12,2.54769645647492e-12
3.14225837197126e-05,0.000621651515699983,2.05282748884411e-12,2.54798394976979e-12
3.14089603097899e-05,0.000621725371361088,2.05342045466801e-12,2.54765884341567e-12
3.14344765724288e-05,0.000621579067630138,2.05141594924407e-12,2.54735872998376e-12
3.14222158479381e-05,0.000621462540570575,2.05237039869217e-12,2.5466941823313e-12
3.14287797430878e-05,0.000621467436168759,2.05259700020717e-12,2.54640544050581e-12
3.14295622122605e-05,0.000621899673958165,2.05228111182984e-12,2.54579412510773e-12
3.14322560835369e-05,0.000622200978487802,2.05372766934801e-12,2.54524337285521e-12
3.14340364380044e-05,0.00062218253298878,2.05351663505768e-12,2.54512499270521e-12
3.14371689304544e-05,0.000622084137073614,2.05384132859767e-12,2.5448165229701e-12
3.14471020894547e-05,0.000622141795516609,2.05367309702916e-12,2.5446196218364e-12
3.14587640900559e-05,0.000622135809989041,2.05357197145367e-12,2.54397604764327e-12
3.14555180270144e-05,0.000622209115723817,2.05304725331711e-12,2.54431753191034e-12
3.14534586163063e-05,0.000622198889289678,2.05305023284807e-12,2.54444743563912e-12
3.14590247657572e-05,0.000622082602620305,2.05261915997067e-12,2.54426321419214e-12
3.14585535349662e-05,0.000622160219287542,2.05307157399517e-12,2.54386138873365e-12
3.14464242895563e-05,0.000622567646808162,2.05444652592643e-12,2.5434710655285e-12
3.14467467480808e-05,0.000622584173251712,2.05441395964698e-12,2.5437119282842e-12
3.14486278370349e-05,0.000622575886223596,2.05391613365973e-12,2.54378084374891e-12
3.14568971396672e-05,0.000622431861466614,2.05332106994159e-12,2.54373668142281e-12
3.14598034286862e-05,0.000622475889233918,2.05290281764392e-12,2.54328870937997e-12
3.14586881248816e-05,0.000622508763148393,2.05265897028171e-12,2.54344218227831e-12
3.14631684425293e-05,0.000622607706480872,2.05236812176325e-12,2.54318853113834e-12
3.14562915497519e-05,0.000622986618719073,2.05627840154754e-12,2.54084230292125e-12
3.14622665384341e-05,0.000622665188599172,2.05581784245407e-12,2.5404368055196e-12
3.14618234285463e-05,0.000622745504417525,2.0553738748926e-12,2.54083030539488e-12
3.14711995491808e-05,0.000622882341442475,2.05417753556417e-12,2.54318079773415e-12
3.14807855277322e-05,0.000623061470264221,2.05558291773273e-12,2.54281486176912e-12
3.148120160801e-05,0.000623073477234556,2.05543914504665e-12,2.54280712776968e-12
3.14759487725596e-05,0.00062292230383115,2.05454159921385e-12,2.5430746812136e-12
3.1497964138798e-05,0.0006229585544358,2.0553302321897e-12,2.5437978340829e-12
3.14956225341108e-05,0.000622971807919844,2.0566550397646e-12,2.54214423080999e-12
3.14948073818706e-05,0.000622971031939117,2.05610374646494e-12,2.54210366896184e-12
3.1510172450509e-05,0.000622956298183178,2.05785593192556e-12,2.54356861990369e-12
3.15140383647735e-05,0.000622967026816524,2.05787042771183e-12,2.54231875501434e-12
3.15095006027835e-05,0.000622963885639527,2.0579608054893e-12,2.5421135345572e-12
3.14993343076114e-05,0.000623359842984406,2.05623449541794e-12,2.5417135437291e-12
3.15169364460898e-05,0.000623436486612107,2.05740190938486e-12,2.54058443590522e-12
3.15231157568129e-05,0.000623395451669736,2.05694719087827e-12,2.54103375981175e-12
3.15130116435372e-05,0.000623186509887512,2.05557829764137e-12,2.54002968044914e-12
3.15022707339967e-05,0.000623130021346588,2.05525344747109e-12,2.54161609736916e-12
3.15122346401488e-05,0.000623225464969026,2.05435063782344e-12,2.54391921498136e-12
3.15178122880026e-05,0.000623143479734401,2.05420633962908e-12,2.54423949580897e-12
3.1514679996301e-05,0.000623182502109629,2.05501207772593e-12,2.54457517960971e-12
3.15264159964936e-05,0.000623232516645796,2.05578427833201e-12,2.54402775892117e-12
3.15232937814716e-05,0.000623370339951876,2.0574356762515e-12,2.54358780282748e-12
3.15188545139375e-05,0.000623646635318419,2.05689352272731e-12,2.54303447979381e-12
3.1516362414767e-05,0.000623624305967442,2.05707044033858e-12,2.54303298318021e-12
3.15493238428282e-05,0.000623295881126962,2.05780710976347e-12,2.54194079266353e-12
3.1551719737038e-05,0.000623171392495506,2.05889563140371e-12,2.54232512812352e-12
3.15598907962272e-05,0.000623151620111949,2.05900775687762e-12,2.54241161366483e-12
3.15656509070575e-05,0.000623233476263425,2.0589113332702e-12,2.54359025607887e-12
3.15725429219842e-05,0.000622978461199814,2.05969525894661e-12,2.54385563965802e-12
3.15606435700313e-05,0.000622787349591384,2.05996978753399e-12,2.54477643187903e-12
3.15714843864847e-05,0.000623013893580278,2.06067501451287e-12,2.54397207154922e-12
3.15678038108226e-05,0.000623165716520045,2.06058170870225e-12,2.54391263958502e-12
3.15634468764189e-05,0.000623411587336947,2.06229495654908e-12,2.54475280464697e-12
3.15588637194317e-05,0.000623596210163599,2.06250287765995e-12,2.54520802556868e-12
3.15568037133429e-05,0.000623627094787776,2.06196950851201e-12,2.54526279953988e-12
3.15388150858851e-05,0.000623704947733223,2.06182442733447e-12,2.54407388157574e-12
3.15411440959497e-05,0.000623808753018107,2.06295041796453e-12,2.54414156050538e-12
3.15384083884699e-05,0.000623794144667374,2.0607110968355e-12,2.54442383367217e-12
3.15404317588958e-05,0.000623736264535892,2.06123992351331e-12,2.54423413836269e-12
3.15324381322868e-05,0.000623638299451275,2.06094267192019e-12,2.54136475125658e-12
3.15413481296451e-05,0.00062377202386528,2.06079133810161e-12,2.54019549595863e-12
3.15601869948684e-05,0.000623443701324668,2.06116960549002e-12,2.54106386867311e-12
3.15603281815453e-05,0.000623465795740304,2.05969314013365e-12,2.54100815763425e-12
3.15557299758322e-05,0.000623288839278646,2.06032088760895e-12,2.54121956002415e-12
3.15501171068067e-05,0.000623179664630443,2.06144720094219e-12,2.54007097038686e-12
3.15561521808999e-05,0.000623200455773367,2.06117826370291e-12,2.53974499202869e-12
3.15503866397552e-05,0.000623133605511787,2.0599139305354e-12,2.54015074612022e-12
3.15518936306952e-05,0.000623159411170041,2.06000225862676e-12,2.53999827893264e-12
3.15497452389062e-05,0.000623136547706322,2.06026155346938e-12,2.53998324392037e-12
3.15502064697251e-05,0.000623219091124341,2.0601690979707e-12,2.54035987360469e-12
3.1564158170085e-05,0.000623239657654062,2.0596666021033e-12,2.54067466594075e-12
3.15523996343516e-05,0.000622947619757563,2.05989050239658e-12,2.54262133287837e-12
3.15579881830018e-05,0.000622738038059798,2.05974955859504e-12,2.54137033969041e-12
3.15586838655814e-05,0.000622711953964331,2.06009458792879e-12,2.54066030340605e-12
3.15329521359421e-05,0.000622680541187431,2.05980533204313e-12,2.5419361558708e-12
3.15307813779669e-05,0.000622667702266658,2.05984116467274e-12,2.54256879540917e-12
3.15319876218354e-05,0.000622624929500497,2.05991152016587e-12,2.54234507110799e-12
3.1528474513899e-05,0.000622644457496642,2.05917541151603e-12,2.54076300461749e-12
3.15145417497898e-05,0.000622691049000643,2.05642853916283e-12,2.54161675903398e-12
3.15219183077122e-05,0.00062241088899979,2.055633763873e-12,2.54375559110527e-12
3.15335861864137e-05,0.000622381069823241,2.05704693959498e-12,2.54242911523521e-12
3.15322396773005e-05,0.000622076662975495,2.05691148683619e-12,2.54135621539357e-12
3.15378114165032e-05,0.000622430665302723,2.05656903359342e-12,2.54168146038216e-12
3.15348977877274e-05,0.000622404917876311,2.05658439072086e-12,2.54159519891736e-12
3.15478382257407e-05,0.000622380689597052,2.05690233259119e-12,2.54248012526692e-12
3.15499367316496e-05,0.000622336988011985,2.05637562794303e-12,2.5424207150931e-12
3.15481010985942e-05,0.000622124809335039,2.05621309382625e-12,2.54329052906531e-12
3.15381823193891e-05,0.000622330912016458,2.05767439875738e-12,2.54379015916251e-12
3.1533107683301e-05,0.000622430417116466,2.05855309372947e-12,2.54368113580453e-12
3.15346883569437e-05,0.000622449505285155,2.05846650670574e-12,2.54353963511314e-12
3.1537309217495e-05,0.000622386801935159,2.05875024871868e-12,2.54384695544804e-12
3.15540031074671e-05,0.000622550561051314,2.05927330351514e-12,2.5437221802925e-12
3.15826146468162e-05,0.000622069953639818,2.0582673274963e-12,2.54318910337588e-12
3.15852137194679e-05,0.000622102335169076,2.05917296200253e-12,2.5444773250253e-12
3.15831373683606e-05,0.000622379582737772,2.05887814651463e-12,2.54554307189567e-12
3.15857963602843e-05,0.000622405493505703,2.05723847035987e-12,2.54440664417453e-12
3.15937878082204e-05,0.000622386616114933,2.0576792643939e-12,2.54355024090466e-12
3.16001625575184e-05,0.000622632071467851,2.0576259270219e-12,2.54334264490168e-12
3.15880162340814e-05,0.0006223706079669,2.05707192769726e-12,2.54329850805751e-12
3.15857736790427e-05,0.000622279363283924,2.05719045918395e-12,2.54292914338201e-12
3.15693025015592e-05,0.000622192050086835,2.05968036033252e-12,2.54389155099910e-12
3.15644306563629e-05,0.000622210729627042,2.05883759429166e-12,2.54325340306282e-12
3.15889795574578e-05,0.000622526936575338,2.05899285678483e-12,2.54168006741814e-12
3.15814237916606e-05,0.000622921565141993,2.05761561566964e-12,2.54144330453973e-12
3.15828195592104e-05,0.000623119218166543,2.05783185997754e-12,2.53991628933574e-12
3.15817130964509e-05,0.000623069786502421,2.05761869082746e-12,2.53986153298752e-12
3.1581105808823e-05,0.000622905552525535,2.05834417957706e-12,2.53956450098761e-12
3.15805706041928e-05,0.000622824812625054,2.05855569152552e-12,2.53981028885023e-12
3.15723390152158e-05,0.000622494166062372,2.0553334106764e-12,2.54024196798162e-12
3.1572603205586e-05,0.000622563416417376,2.05452571791343e-12,2.54038607015548e-12
3.15725602450421e-05,0.00062277790087271,2.0560395624071e-12,2.54135724336908e-12
3.15581755785338e-05,0.000622833931925137,2.05635022665653e-12,2.53964433340804e-12
3.15390306440868e-05,0.000622704947235966,2.056465350287e-12,2.53936779787563e-12
3.15307162852567e-05,0.000622512776740531,2.05679390105848e-12,2.53895746623561e-12
3.15252941351739e-05,0.000622542762336445,2.05650191745241e-12,2.53872795104789e-12
3.1525779193961e-05,0.00062255521581256,2.0590841224753e-12,2.5398014657739e-12
3.15406817170127e-05,0.000622676574589791,2.05828523820855e-12,2.53946626614973e-12
3.15438660578354e-05,0.000622876463367352,2.05843684615967e-12,2.53762687058628e-12
3.15427874928569e-05,0.000622657537016099,2.05799132121591e-12,2.53763909491267e-12
3.15349918905647e-05,0.000622727502152733,2.05956034578838e-12,2.53779691203978e-12
3.15437666876236e-05,0.000622724895555104,2.05947615793999e-12,2.53821547828403e-12
3.15465744440021e-05,0.000622802407873392,2.0597799034868e-12,2.53865201383693e-12
3.15482292836806e-05,0.000622918576814025,2.05995256241375e-12,2.53779519247839e-12
3.15539462522584e-05,0.00062296592025404,2.0596993151668e-12,2.53810398077936e-12
3.15599447786146e-05,0.000622968789595291,2.0605228453421e-12,2.53857807533586e-12
3.15598794797741e-05,0.000623134508569495,2.06147341355054e-12,2.53873563498581e-12
3.1561646245613e-05,0.000623124265009408,2.06131098643783e-12,2.5388577752183e-12
3.15522885171552e-05,0.000623192636175473,2.06100095242718e-12,2.53959711008103e-12
3.15483210065236e-05,0.000623311008533411,2.06046775960043e-12,2.53917473155538e-12
3.15495299580319e-05,0.000623159929695054,2.06206232741756e-12,2.53935557502512e-12
3.15484366111156e-05,0.000623274747495451,2.06210914183939e-12,2.53883502984762e-12
3.15451194944126e-05,0.000623368798496225,2.06108273717763e-12,2.53813841540348e-12
3.15320099984195e-05,0.00062387292049507,2.0609255177789e-12,2.53680525526701e-12
3.15228499430059e-05,0.000623797755737442,2.06011178477341e-12,2.53619509357409e-12
3.15345968888393e-05,0.000623676200807536,2.06169449849221e-12,2.5358136916299e-12
3.15322003353746e-05,0.000623599009926095,2.06152162724018e-12,2.53592559462629e-12
3.15321256055294e-05,0.000623619941578844,2.06158928395918e-12,2.5358653979432e-12
3.15243766657507e-05,0.000623587473969271,2.06269490139425e-12,2.53519249899261e-12
3.15172068109505e-05,0.000623619941269207,2.06236224515692e-12,2.53420481697835e-12
3.15338401412223e-05,0.000623752793073989,2.06230510237448e-12,2.53420304884267e-12
3.1533053284384e-05,0.00062395611600277,2.06201985127829e-12,2.53375135002389e-12
3.15371249182323e-05,0.00062351390874795,2.06275710893357e-12,2.5326896559145e-12
3.15344871662183e-05,0.000623480281357838,2.06205754741111e-12,2.53294237840909e-12
3.15326958908891e-05,0.000623358373487396,2.06337152718487e-12,2.53288265130216e-12
3.1519727958144e-05,0.000623460176514764,2.06309420563463e-12,2.53211814740672e-12
3.15184424034764e-05,0.000623328973345305,2.06303339031048e-12,2.53138043549796e-12
3.15281069373541e-05,0.000623552421935797,2.06219173382844e-12,2.53199111756034e-12
3.15396877036622e-05,0.000623471023354471,2.06233849378155e-12,2.5312599286812e-12
3.15312551071529e-05,0.000623535906239158,2.0631943170653e-12,2.52971905608187e-12
3.15240731194604e-05,0.000623281275099697,2.06273718656576e-12,2.52844936210864e-12
3.15293468209023e-05,0.000623223169597297,2.06223620277293e-12,2.52785044100089e-12
3.15388733509636e-05,0.000623414200584604,2.06173891485432e-12,2.52923696476278e-12
3.15351292081671e-05,0.000623396811801274,2.06189338803052e-12,2.52883827942445e-12
3.15201642349099e-05,0.00062335369147045,2.0617133628572e-12,2.52893402757951e-12
3.15177631122023e-05,0.000623337519236831,2.0616205962713e-12,2.528182099329e-12
3.15145172876446e-05,0.000623306389447452,2.06085974203656e-12,2.52796687213797e-12
3.15229910135342e-05,0.000623422657291491,2.05749727295705e-12,2.52763289267416e-12
3.15533708654325e-05,0.00062355063251547,2.05771583721702e-12,2.52811084085601e-12
3.15347309104025e-05,0.000623297806825129,2.05864984742488e-12,2.53006397903243e-12
3.15335972303326e-05,0.000623365868333315,2.05805364375165e-12,2.53077118632821e-12
3.1546486779911e-05,0.000623512141430059,2.05736941913238e-12,2.52980424800158e-12
3.15424238146528e-05,0.00062342701344149,2.05820891494592e-12,2.52987730444791e-12
3.15368377454544e-05,0.000623705955823422,2.05820055804078e-12,2.52968670310843e-12
3.15284304241944e-05,0.000623713534924839,2.05731507333547e-12,2.52961587126048e-12
3.15289141981028e-05,0.000623880689969207,2.05611220527353e-12,2.53073860932795e-12
3.15307654586302e-05,0.000623881135232189,2.05585320094278e-12,2.53081787493302e-12
3.15375023634039e-05,0.000623905605021937,2.05577989832518e-12,2.53108135624492e-12
3.15473646453276e-05,0.000623673163976915,2.05516909666741e-12,2.53066194884111e-12
3.15429810952796e-05,0.000623438956417576,2.05251454340578e-12,2.53100717175904e-12
3.15275415007645e-05,0.000623321132928267,2.05309530254055e-12,2.52915183184029e-12
3.15206117816077e-05,0.000623261586944745,2.05341586081907e-12,2.5291808256552e-12
3.15112376452696e-05,0.000623282587044073,2.05311579752972e-12,2.52975481488302e-12
3.15143112956031e-05,0.000623056962663652,2.05463350615844e-12,2.52878412881893e-12
3.15110329842105e-05,0.000623076742898241,2.05587775592082e-12,2.52877885637652e-12
3.15097354522672e-05,0.000623108610746961,2.05653314870834e-12,2.52851257814929e-12
3.15047724782307e-05,0.000623106844742024,2.05659616123438e-12,2.52743449531375e-12
3.14977287271442e-05,0.000622965244102307,2.05747795117337e-12,2.52713881326894e-12
3.14991596238067e-05,0.000623054628472349,2.0564766738692e-12,2.52727637736805e-12
3.1458622929714e-05,0.000623217127526398,2.05541302243371e-12,2.52721413504597e-12
3.1454299414721e-05,0.000623352111875727,2.05628751105065e-12,2.52717558887975e-12
3.14639134467891e-05,0.000623759078264943,2.0569804666168e-12,2.52720906339571e-12
3.14548391751833e-05,0.000623940927060028,2.05573627825898e-12,2.52702281003269e-12
3.1442446358218e-05,0.000623831366592702,2.05628794569506e-12,2.52602236206629e-12
3.14412512208982e-05,0.000623841920820142,2.05604676410561e-12,2.52545647439431e-12
3.1435043955483e-05,0.000624404490762096,2.05629227309726e-12,2.5236064516461e-12
3.14281771542443e-05,0.000624432785807978,2.05697474221054e-12,2.52373398366126e-12
3.14370227947247e-05,0.000624351628211488,2.05610066035906e-12,2.52402763877698e-12
3.1438960320002e-05,0.000624798714618425,2.05610701593629e-12,2.52405594577642e-12
3.14499810613361e-05,0.000624677371573235,2.05681706463318e-12,2.52458173209195e-12
3.144925355429e-05,0.000624505657073942,2.05639655050867e-12,2.52401198060227e-12
3.14509381554035e-05,0.000624677368251534,2.05604277937219e-12,2.52425623863738e-12
3.1453405717831e-05,0.000624769789866881,2.05570705208409e-12,2.52363475119426e-12
3.14507136346699e-05,0.000624869165231616,2.0558068307169e-12,2.52340108490642e-12
3.14497433212578e-05,0.000624882175897991,2.0552923217136e-12,2.5233208272187e-12
3.14504208389321e-05,0.000624681697452176,2.05483107258193e-12,2.52231585202099e-12
3.14494653849948e-05,0.000624573108912686,2.05604304275125e-12,2.52169766259975e-12
3.1447126852638e-05,0.000624682651782689,2.05646419144649e-12,2.52125346932747e-12
3.14470017507056e-05,0.000624807266009029,2.05642821878618e-12,2.52085625810984e-12
3.14337818630264e-05,0.000624671405199739,2.05644286461207e-12,2.52046048077282e-12
3.14402881296311e-05,0.000624777461894672,2.05619553743169e-12,2.52114941290219e-12
3.14595311308234e-05,0.000624793860526706,2.05457267729606e-12,2.52144013906726e-12
3.14522613415189e-05,0.000624857705717117,2.0542966592398e-12,2.52142336878922e-12
3.14503542043587e-05,0.000624933949877091,2.05495289612291e-12,2.52074188523457e-12
3.14381904133835e-05,0.000624833483249031,2.05591874397804e-12,2.52136001212652e-12
3.14389028332581e-05,0.000624623553702925,2.0554144985602e-12,2.52104632370735e-12
3.14550014006398e-05,0.000624504831010338,2.05314204782179e-12,2.52079137480431e-12
3.14533715078436e-05,0.000624496112601679,2.05297858767783e-12,2.52049054905885e-12
3.14470940322835e-05,0.000624570726201166,2.05256518223801e-12,2.521098504617e-12
3.14505171141934e-05,0.000624330253765744,2.05205323678698e-12,2.52043558136624e-12
3.14486836408342e-05,0.000624296613664605,2.05364584504313e-12,2.51955632321786e-12
3.14502627512402e-05,0.000624126092232852,2.05411430690487e-12,2.52016444666157e-12
3.14816054707083e-05,0.000624050131391914,2.05310441005809e-12,2.51973341766466e-12
3.14782223531478e-05,0.000624504486252108,2.0536966938563e-12,2.51897751550475e-12
3.1479952742223e-05,0.000624439094411999,2.05422010363449e-12,2.51860602319961e-12
3.1490091891099e-05,0.000624508136850705,2.0521029773748e-12,2.51730344725133e-12
3.14919285115098e-05,0.000624485331791675,2.05282140324803e-12,2.51708268872157e-12
3.14900357862985e-05,0.000624542249128695,2.05285151189134e-12,2.51743466402036e-12
3.15132119334944e-05,0.000624235002635904,2.05413984716663e-12,2.51683039402787e-12
3.14938290926284e-05,0.00062447833150551,2.05372288422727e-12,2.5174780322453e-12
3.1478649347288e-05,0.000624702630731302,2.05525693808205e-12,2.51650222647695e-12
3.14836227240145e-05,0.000624749773623176,2.05482164567958e-12,2.51671580710494e-12
3.14855191809848e-05,0.000624771945419702,2.0545664204224e-12,2.5167886148347e-12
3.14924735735533e-05,0.000624799384990986,2.05504124757298e-12,2.51614262979764e-12
3.14865948494653e-05,0.000624937352705398,2.05497308509146e-12,2.51572468410538e-12
3.14854292755374e-05,0.000624919014470522,2.05314146599947e-12,2.51550854907361e-12
3.14895642491078e-05,0.000625145689180396,2.05205441086707e-12,2.51546344701398e-12
3.14889832233505e-05,0.000625326041432612,2.0517689173714e-12,2.51529571152328e-12
3.15140301868327e-05,0.000625428272315763,2.05175255931292e-12,2.51635983736449e-12
3.15256084580076e-05,0.000625360274549205,2.05102351517075e-12,2.51676854967613e-12
3.15182887563055e-05,0.000625292012113778,2.05212278872926e-12,2.51724909606945e-12
3.15041818555882e-05,0.000625307267897404,2.05294083977968e-12,2.5170913061332e-12
3.15114525927261e-05,0.000625219836257098,2.05365069396699e-12,2.51532483221053e-12
3.1516305256477e-05,0.000625219142480983,2.05363772314146e-12,2.51677133275365e-12
3.15161190885203e-05,0.000625220385792191,2.05363014942548e-12,2.51679199568492e-12
3.15173609428335e-05,0.00062541442481783,2.05256871065191e-12,2.51655259661452e-12
3.15104009133711e-05,0.000625464272278166,2.05386774000214e-12,2.51601571777391e-12
3.15232886902727e-05,0.000625723722867661,2.05287567166806e-12,2.51704632358761e-12
3.15371918739136e-05,0.000625579825156585,2.05419800255829e-12,2.51760766083156e-12
3.15313760771169e-05,0.000625542405503317,2.0540034566146e-12,2.51740256633766e-12
3.15264522422933e-05,0.000625549988705997,2.05357275735667e-12,2.5176769934981e-12
3.15250102246073e-05,0.000625554854682649,2.05356441696908e-12,2.51766824785874e-12
3.15299514536155e-05,0.000625414521672363,2.05317405951439e-12,2.51745581450776e-12
3.15160468270208e-05,0.000625587402370309,2.05337123250566e-12,2.5178630923804e-12
3.15250548451207e-05,0.000625511465948946,2.05382119486492e-12,2.51815738187069e-12
3.15248967917774e-05,0.00062553788225199,2.05385407231279e-12,2.51795153595689e-12
3.15262381696943e-05,0.000625491163553716,2.0535933629914e-12,2.51760002964829e-12
3.15131984621519e-05,0.000625627978763831,2.05428667596597e-12,2.51669275816731e-12
3.15247439132989e-05,0.000625615541439154,2.05467782821274e-12,2.51563020064128e-12
3.15235228557059e-05,0.000625414273045188,2.05663618757345e-12,2.51709873526784e-12
3.15393562106651e-05,0.00062540851297412,2.05514635563193e-12,2.51687551559337e-12
3.15210756325722e-05,0.000625210257912336,2.05428352369118e-12,2.51632721196178e-12
3.15208115964429e-05,0.000624968900340082,2.05347451236982e-12,2.51674055046845e-12
3.15211124637647e-05,0.000625050995083339,2.053972151571e-12,2.5172350555111e-12
3.15204798411941e-05,0.0006249421380177,2.05483513832931e-12,2.51788661214149e-12
3.15253656411235e-05,0.000624929681355259,2.05495615510752e-12,2.51808437992011e-12
3.15250676236703e-05,0.000625289918013527,2.05640766956234e-12,2.51704440679072e-12
3.15238732754224e-05,0.000625032325975699,2.05750297521533e-12,2.51810870315286e-12
3.15455939571363e-05,0.000624917676439477,2.06063676978508e-12,2.51834254189174e-12
3.15343787962977e-05,0.000624974939523984,2.06216631010027e-12,2.51788489630086e-12
3.15348168703876e-05,0.000625033685746694,2.06216289040999e-12,2.51804512130609e-12
3.15348408460457e-05,0.000625293933851984,2.06123813010271e-12,2.51713218899804e-12
3.15292563675378e-05,0.00062508984005322,2.06119403357801e-12,2.51688826001406e-12
3.15141749926413e-05,0.000625138636359501,2.06220215905396e-12,2.51695035439582e-12
3.15223498623473e-05,0.000625413583900331,2.06239419753092e-12,2.51630900881448e-12
3.15257963800511e-05,0.000625338992987949,2.06205391274791e-12,2.51629346660898e-12
3.15256502990792e-05,0.000625377656473509,2.06195062291012e-12,2.51611638553584e-12
3.15322653870733e-05,0.000625459275597993,2.06148464386805e-12,2.51460684032343e-12
3.15174271627481e-05,0.000625303398007805,2.06336599243548e-12,2.51442215327974e-12
3.15185996374398e-05,0.000625400341002353,2.06409497617061e-12,2.51470504341048e-12
3.15006371671741e-05,0.00062567050240003,2.06287579832362e-12,2.51422019008742e-12
3.15102464395371e-05,0.000625286637069451,2.06225214717663e-12,2.51275685877639e-12
3.1496445138541e-05,0.000625371417926917,2.06222129742782e-12,2.51255106106335e-12
3.14850229003013e-05,0.000625451964768675,2.06306876768013e-12,2.51278514588991e-12
3.14955072213795e-05,0.000625510178535168,2.06400880931075e-12,2.51309505575658e-12
3.15010513935558e-05,0.000625541931190791,2.06467315822192e-12,2.51455712357388e-12
3.14973300613429e-05,0.000625906521126812,2.06495348034546e-12,2.51362502163415e-12
3.1532702297407e-05,0.000625851750992568,2.06519038323582e-12,2.51279693535503e-12
3.15323920544762e-05,0.000625965208941358,2.06470646378497e-12,2.51192743385833e-12
3.15283532749651e-05,0.000625771604961226,2.06469167676275e-12,2.51210319670087e-12
3.151628200772e-05,0.000625935467930791,2.06623502563032e-12,2.51297890725878e-12
3.15260831537382e-05,0.000625628711368644,2.06613633256386e-12,2.51191569800782e-12
3.15266134173539e-05,0.000625520599885311,2.06579906654119e-12,2.51265045976368e-12
3.15300326889026e-05,0.000625639237711111,2.06534971171098e-12,2.5127871508724e-12
3.15329770353497e-05,0.000625823036802769,2.06737735493617e-12,2.51290008497513e-12
3.15087033318327e-05,0.000625947308729494,2.06750491687822e-12,2.51406527143566e-12
3.15073949406546e-05,0.000626038019836761,2.06741033164545e-12,2.51424527871958e-12
3.15068646890792e-05,0.000626005557579071,2.06764986039221e-12,2.51350572540385e-12
3.15107095418779e-05,0.000625997454344525,2.0669355902115e-12,2.51314919672903e-12
3.15211746762464e-05,0.000625688870642366,2.06707091832559e-12,2.51306254485248e-12
3.15272415935603e-05,0.000625797911479157,2.06710076008639e-12,2.51204965766516e-12
3.15288229204974e-05,0.000625776720838253,2.0670493649914e-12,2.51197411633477e-12
3.15336527244807e-05,0.000625643846843503,2.06789475186906e-12,2.51593201913262e-12
3.1529292843175e-05,0.000625736306647511,2.06704289455954e-12,2.51521126336678e-12
3.15359265830598e-05,0.000625932721402538,2.06769146763372e-12,2.51356657431195e-12
3.15301456259361e-05,0.000625911205026384,2.06715617862254e-12,2.51320814766843e-12
3.15292251079852e-05,0.000625969096978606,2.06759896370275e-12,2.51298821534626e-12
3.15352477679153e-05,0.000625983741737793,2.0675680345408e-12,2.51356178878885e-12
3.15402375444973e-05,0.000625820117803331,2.06749867046047e-12,2.51314785226509e-12
3.15443174165466e-05,0.000625889285873967,2.0679129683046e-12,2.51338874789288e-12
3.15417794704392e-05,0.000625905434418262,2.06739950720646e-12,2.51225369492215e-12
3.15410595534014e-05,0.00062576510781836,2.06649739687218e-12,2.51167050030006e-12
3.15345973555672e-05,0.000626018507834356,2.06686534066938e-12,2.512129545812e-12
3.15324859747279e-05,0.000626038358411512,2.06696290841006e-12,2.51279571049329e-12
3.15313655977061e-05,0.000626207082081287,2.06706919851656e-12,2.51259004594846e-12
3.1531045737212e-05,0.000626319803754591,2.06706353210253e-12,2.5124905712338e-12
3.15530027719051e-05,0.00062655466568354,2.06703749742567e-12,2.51235273940269e-12
3.15567315517018e-05,0.000626522547483103,2.0665364091858e-12,2.51139916858244e-12
3.15783603381077e-05,0.000626646877612818,2.06743022974329e-12,2.50990878911108e-12
3.15805270079468e-05,0.000626635862275521,2.06693365613396e-12,2.51008572778052e-12
3.15735585868296e-05,0.000626656882450698,2.06550248796201e-12,2.50885628907495e-12
3.1576000077708e-05,0.000626709307314516,2.06526059580448e-12,2.50907773831858e-12
3.15770535250411e-05,0.000626712530919301,2.0652989353872e-12,2.50939707599911e-12
3.15822368793651e-05,0.000626737101166839,2.06548153555543e-12,2.50913068589704e-12
3.15818975650085e-05,0.000626803450102379,2.06496169723399e-12,2.5090888547739e-12
3.15817630562348e-05,0.000626821886708261,2.0654137657492e-12,2.50895352706527e-12
3.15930121476498e-05,0.000626854333147849,2.06655358401693e-12,2.51018673498507e-12
3.1600481470063e-05,0.000626407026387718,2.06806527941116e-12,2.51104520761425e-12
3.1587619358969e-05,0.000626358666803886,2.06937223115702e-12,2.511668510373e-12
3.15897521110403e-05,0.000626329897185971,2.07000947166203e-12,2.512600264471e-12
3.16053910562449e-05,0.000626205418427829,2.06906230036262e-12,2.51138903091877e-12
3.16026119861894e-05,0.000626201701316669,2.06926577583554e-12,2.51143002591445e-12
3.15927611795266e-05,0.000626190917274346,2.07102838235749e-12,2.51066342901262e-12
3.16058206133592e-05,0.000626276390770372,2.07147745266748e-12,2.51137170928115e-12
3.16055268826712e-05,0.000626204225556664,2.07088230665959e-12,2.51079729523877e-12
3.16073504707103e-05,0.000626405418960159,2.07185233668563e-12,2.51133786690043e-12
3.15917616246353e-05,0.000626250039082211,2.07164171648295e-12,2.51070545677738e-12
3.15946617561182e-05,0.00062615596313541,2.07199776835717e-12,2.50946178837411e-12
3.15829240008527e-05,0.00062619790841963,2.07196553314052e-12,2.50903493981441e-12
3.15787472691861e-05,0.00062589499813629,2.07092418241924e-12,2.50938168568875e-12
3.15789754863009e-05,0.000625885453793358,2.07083172778439e-12,2.50918539315195e-12
3.15916145694413e-05,0.000625756955863355,2.06806726428932e-12,2.50899382233332e-12
3.15899352982987e-05,0.000625787852130295,2.0675929460605e-12,2.50911044108406e-12
3.15884999978835e-05,0.000625732572351937,2.06684222355081e-12,2.50927251285521e-12
3.16011358444284e-05,0.000625825320756311,2.06620897878745e-12,2.50843869077241e-12
3.15919626493221e-05,0.000625603878647338,2.06553966097972e-12,2.50878032789148e-12
3.15905489330282e-05,0.000625643149278459,2.06664823601884e-12,2.50841678071841e-12
3.15815262382606e-05,0.000625577424480395,2.06609587086747e-12,2.50740258912706e-12
3.15862656452153e-05,0.000625489881282844,2.0652552059701e-12,2.50738079510926e-12
3.16045499396411e-05,0.000625689978171697,2.06564667400442e-12,2.50840250054118e-12
3.16062615930906e-05,0.000625609577300356,2.06547943942676e-12,2.50930845197253e-12
3.16078704233719e-05,0.000625618154402724,2.06631367524188e-12,2.50934576184825e-12
3.16097896853381e-05,0.000625612134905228,2.06611579109828e-12,2.50928927442192e-12
3.15958670602501e-05,0.000625482107236534,2.06613305368394e-12,2.50928712771607e-12
3.15930947032258e-05,0.000625608484874522,2.06659617880789e-12,2.50959965073429e-12
3.15899197980465e-05,0.000625920894534798,2.06714893475474e-12,2.50966495110495e-12
3.15877067691094e-05,0.000626067078382415,2.06767348239209e-12,2.51006509969795e-12
3.15988936765927e-05,0.000625838699219559,2.06689073384806e-12,2.51122289863328e-12
3.16001084284794e-05,0.000625851630157027,2.06481387029855e-12,2.51182162644431e-12
3.16043978367226e-05,0.000625698622706025,2.06432625753068e-12,2.51227382108935e-12
3.1598873280797e-05,0.000626015500701867,2.06411995891873e-12,2.51290334763655e-12
3.1605224517866e-05,0.000626182932903938,2.06542677800281e-12,2.51275268287319e-12
3.15970016912204e-05,0.000625732838506443,2.06600639378656e-12,2.51094371818404e-12
3.16223708384411e-05,0.000626100022768102,2.06530769674439e-12,2.51023831428083e-12
3.16174244287229e-05,0.000626014736247772,2.06514814122634e-12,2.51025213494966e-12
3.16129847154629e-05,0.000626089761188808,2.06523493198091e-12,2.5088405605421e-12
3.1613031212109e-05,0.000625925711146617,2.066042069024e-12,2.5103573527404e-12
3.16336352924701e-05,0.00062623993216386,2.06639348287578e-12,2.50863649501881e-12
3.16448946270906e-05,0.000626180315902768,2.06610162085613e-12,2.50838833471134e-12
3.16622359364157e-05,0.000626156481304443,2.06597081619287e-12,2.5084919529518e-12
3.16793087452345e-05,0.000626185450260012,2.06823108226772e-12,2.50879523926301e-12
3.16763197823084e-05,0.000626172097252875,2.06789396561579e-12,2.50912531974229e-12
3.16823578261027e-05,0.000626032339223467,2.06864820315685e-12,2.51095959074207e-12
3.16643393490681e-05,0.000625967018619361,2.06640372129071e-12,2.51060909400627e-12
3.16454754362071e-05,0.000626192938020462,2.06571869448995e-12,2.51076685843464e-12
3.16519158365824e-05,0.000626265941624052,2.06569303734905e-12,2.5105963123592e-12
3.16630087885542e-05,0.000626128250365764,2.06787041441395e-12,2.51126863117058e-12
3.16648851534983e-05,0.000626269280345434,2.06736298331637e-12,2.51049407187901e-12
3.16698355803724e-05,0.000626515348753873,2.06916024080273e-12,2.50826004235023e-12
3.16692168845065e-05,0.000626533146190634,2.07006165133371e-12,2.50859833442851e-12
3.16703291551568e-05,0.000626497184223516,2.07003279292316e-12,2.5084581722471e-12
3.16616739432858e-05,0.000626500394807307,2.07020912006342e-12,2.50858469050881e-12
3.16710548079357e-05,0.000626455579954648,2.07159709201039e-12,2.50733473557428e-12
3.16750044695844e-05,0.000626340383420626,2.07165153324311e-12,2.5075996594269e-12
3.16765991708454e-05,0.000626708282974438,2.07385523396612e-12,2.50836734812963e-12
3.16623760419699e-05,0.000626382924559332,2.0750570277565e-12,2.50855926984209e-12
3.1662521413256e-05,0.00062637015334731,2.07498345742398e-12,2.5099029600274e-12
3.16687981464935e-05,0.000626462754342248,2.07563462247471e-12,2.50937500052664e-12
3.16846398198074e-05,0.000626562516448869,2.07480845904022e-12,2.50959112574363e-12
3.1680878327337e-05,0.000626547340307441,2.07500468900584e-12,2.50936076690003e-12
3.16571344989312e-05,0.000626622389698965,2.07438784041918e-12,2.50887920763449e-12
3.16528325818179e-05,0.000626625852833232,2.07410406723231e-12,2.50830791334647e-12
3.16432215349374e-05,0.000626645467275471,2.0730945513526e-12,2.50768911568493e-12
3.16190395482157e-05,0.000626758592777788,2.0717876154938e-12,2.50884695861579e-12
3.16197973157724e-05,0.000626714910438102,2.07147417085695e-12,2.50881974191593e-12
3.1618581705445e-05,0.000627120370002912,2.07078901270503e-12,2.50866634617229e-12
3.1625683446097e-05,0.000627062865892146,2.07070410903913e-12,2.50779924723331e-12
3.16269985003696e-05,0.000627139395681061,2.07107725484498e-12,2.50793000735636e-12
3.1608358189701e-05,0.000627107775912547,2.07057360073286e-12,2.50815520304301e-12
3.16097312597011e-05,0.000627011327956907,2.07042458989148e-12,2.50863276313373e-12
3.16031454261057e-05,0.000626940976993215,2.06885481060355e-12,2.50934980904137e-12
3.15938068434806e-05,0.000626999320845765,2.06877290199395e-12,2.50901259056523e-12
3.16109634354158e-05,0.000627294429971638,2.06688317433854e-12,2.50949844227267e-12
3.16044321794774e-05,0.000627450836072043,2.06610512902493e-12,2.50848838484653e-12
3.15941646749421e-05,0.000627467263982664,2.0648510390845e-12,2.50865314605917e-12
3.15927926139032e-05,0.000627470354249495,2.06509678242632e-12,2.50866676834316e-12
3.15891903146455e-05,0.000627560802932767,2.06716470643923e-12,2.50774315544542e-12
3.16002894113883e-05,0.000627533718770791,2.06616247093482e-12,2.50889258199439e-12
3.16042062839753e-05,0.000627538433805474,2.06700274006504e-12,2.50883086468558e-12
3.16167769189634e-05,0.000626966882076103,2.06610742441469e-12,2.50939767468308e-12
3.16142338500441e-05,0.000626908207154908,2.06484709695651e-12,2.50824225879172e-12
3.16039252115614e-05,0.000626761353642896,2.06505672951321e-12,2.50847162292275e-12
3.16069263123565e-05,0.000626741931072162,2.06507176676705e-12,2.50870936273955e-12
3.16069826032975e-05,0.000626743905255149,2.06506480846092e-12,2.50864458866978e-12
3.16014749829099e-05,0.000626751086195137,2.06483992548214e-12,2.50837840889916e-12
3.16210258948594e-05,0.00062677078899042,2.06488154945963e-12,2.50873602956754e-12
3.16421102682081e-05,0.000626641863894196,2.06288653756878e-12,2.5085742202882e-12
3.16434447769684e-05,0.000626642858673021,2.06231422481296e-12,2.50804637429859e-12
3.16534736146376e-05,0.000626598603778236,2.06199656105669e-12,2.50733490649991e-12
3.16524298222294e-05,0.000626529943925529,2.06145110652528e-12,2.50721720644945e-12
3.16555009338752e-05,0.000626696806635298,2.06179534859656e-12,2.50703795323302e-12
3.16634414804031e-05,0.000626876191608677,2.06264134826971e-12,2.50650727049594e-12
3.16639071512078e-05,0.000626542382517315,2.0628274230107e-12,2.50590410857225e-12
3.16649374173156e-05,0.000626533671363491,2.06261699478243e-12,2.50617451415544e-12
3.16655942157617e-05,0.000626560788939399,2.06252185850449e-12,2.50623959111347e-12
3.16777005951223e-05,0.00062686826758316,2.06180824251896e-12,2.50635561995023e-12
3.16775800113992e-05,0.000626862207739703,2.06193027796622e-12,2.50627497456425e-12
3.16831119232705e-05,0.000626849651319213,2.06115829978754e-12,2.50576787958547e-12
3.16779263406955e-05,0.000626696127716353,2.06044769177232e-12,2.50644791264033e-12
3.16917582587128e-05,0.000626733603839734,2.06147095994228e-12,2.50702172138943e-12
3.17128119994973e-05,0.000626589023052604,2.06204673030904e-12,2.50751552883605e-12
3.1699800771246e-05,0.000626628938124888,2.06202596536207e-12,2.50706324839891e-12
3.16898881174042e-05,0.000626535520458936,2.06211788017777e-12,2.50827368693485e-12
3.16910633098811e-05,0.000626506226545154,2.06218635694938e-12,2.50839989075129e-12
3.16988971643253e-05,0.000626673590033987,2.06306994343064e-12,2.50884385886619e-12
3.16975868550893e-05,0.000626667783694311,2.06299722606252e-12,2.50869078682292e-12
3.17066406638871e-05,0.00062670537787685,2.06460887852913e-12,2.50879372247512e-12
3.16849835347398e-05,0.000626663524043242,2.06603327288465e-12,2.50840516237914e-12
3.16855968453464e-05,0.000626607550974107,2.06584179452111e-12,2.50833813462368e-12
3.16928004267449e-05,0.000626692402798842,2.06546969250608e-12,2.50806728860847e-12
3.16686383951622e-05,0.000626995204297716,2.06691779582713e-12,2.50744819717321e-12
3.16814990378042e-05,0.000626700126168884,2.06723839240483e-12,2.51089825491307e-12
3.16855169518002e-05,0.000626617319799844,2.06721313462732e-12,2.51052628004445e-12
3.16774093202379e-05,0.00062659900303054,2.06700065138918e-12,2.51107546777296e-12
3.16769507730953e-05,0.000626588446642162,2.06718997111027e-12,2.51121900896697e-12
3.16935169331492e-05,0.000626482739603928,2.06733241031742e-12,2.51073844583038e-12
3.17161669172503e-05,0.000626202150404135,2.06828252965528e-12,2.51107699753715e-12
3.1718775516818e-05,0.00062623970983483,2.06853611093542e-12,2.51108698794694e-12
3.17145644811707e-05,0.000626369677502224,2.06871973733235e-12,2.51137019657496e-12
3.17157170038895e-05,0.000626355907362378,2.068721131593e-12,2.51105796698209e-12
3.16783715616368e-05,0.000626680052542384,2.06765476571327e-12,2.50991526182277e-12
3.16661966092527e-05,0.000626461619295079,2.06657200498271e-12,2.50771189772423e-12
3.16609771359123e-05,0.000626299752638297,2.06658183751492e-12,2.50710463736427e-12
3.16670785247963e-05,0.000626195512244334,2.06506038773267e-12,2.50600387600833e-12
3.16801433397916e-05,0.000626266022639142,2.06458776575666e-12,2.50647614673629e-12
3.16759308993671e-05,0.000626563013591973,2.06360795924555e-12,2.50701974497649e-12
3.16762680025291e-05,0.000626623591676945,2.06338684120282e-12,2.50701379020678e-12
3.16705416466236e-05,0.000626525650227724,2.06426948446926e-12,2.50718271121108e-12
3.16806686250326e-05,0.000626284016179328,2.06502281439867e-12,2.50682912208413e-12
3.16863410680771e-05,0.000626114304188247,2.0657314293701e-12,2.50650762153772e-12
3.16885921435727e-05,0.000626229699697604,2.06565310706563e-12,2.50654276699403e-12
3.16869531197984e-05,0.000626091127660999,2.06606332234159e-12,2.50788786619857e-12
3.16918424263236e-05,0.000626227116058341,2.06578344350252e-12,2.50797197672766e-12
3.16909283637463e-05,0.000626213846058732,2.06550846581004e-12,2.50828458552338e-12
3.17048570938884e-05,0.000625937839307034,2.06426098789789e-12,2.50635719992277e-12
3.17063284355182e-05,0.000626146544352139,2.06437692528962e-12,2.50637774657049e-12
3.17079747636697e-05,0.000626250820421365,2.06341992536795e-12,2.50674807218959e-12
3.17207419010647e-05,0.000626101132863715,2.06144885838746e-12,2.50604648198354e-12
3.17138032329039e-05,0.000626247616980417,2.06097267107264e-12,2.5045009162591e-12
3.17075386914329e-05,0.000626234527728661,2.06087893132255e-12,2.50472999021349e-12
3.17077798602178e-05,0.000626272725222846,2.06057904551318e-12,2.50523068738557e-12
3.17081095648074e-05,0.000626356889490694,2.06059355416639e-12,2.50519037448189e-12
3.17104730246093e-05,0.000626275641938254,2.06221610964748e-12,2.50557456447159e-12
3.17321197082077e-05,0.000626283421944423,2.06373625519475e-12,2.50561204527976e-12
3.17223871688855e-05,0.000625933526853185,2.06369393621331e-12,2.50511031392392e-12
3.17302272410772e-05,0.000626492584616574,2.06129501085142e-12,2.50377968740168e-12
3.17351559461968e-05,0.000626402185918025,2.06192763464932e-12,2.50368774508407e-12
3.17384990562025e-05,0.000626478004422883,2.06282349222606e-12,2.50260677111257e-12
3.17418200968289e-05,0.000626878356509481,2.06217949641063e-12,2.50228697059465e-12
3.17430881328809e-05,0.000627002590258028,2.06376190228154e-12,2.50256948302157e-12
3.17328247818006e-05,0.00062695616946006,2.06391085371751e-12,2.50340855404555e-12
3.17433449910342e-05,0.000627007342231326,2.0651149530178e-12,2.50374337286727e-12
3.1746087355648e-05,0.000626906868939138,2.06490150085374e-12,2.50374171821045e-12
3.1747685642463e-05,0.000626883999496091,2.06496292927217e-12,2.50390938266936e-12
3.17355292999458e-05,0.000627007856914086,2.06345627661727e-12,2.50561777157113e-12
3.17257828222641e-05,0.000627089607212916,2.06408537674124e-12,2.50606017214038e-12
3.17315438846183e-05,0.000627113955739592,2.06396686863645e-12,2.50678828969081e-12
3.17343263500493e-05,0.000627137993624549,2.06385468083716e-12,2.506829425484e-12
3.17388229475861e-05,0.000627164878837647,2.06350143870137e-12,2.5070957359306e-12
3.17324417806175e-05,0.000627136787474739,2.06277441739116e-12,2.50793619855686e-12
3.17377657193608e-05,0.00062716909585948,2.06269857264095e-12,2.50802703450855e-12
3.1737106099725e-05,0.000627161164386963,2.06174385547523e-12,2.50849905096658e-12
3.17410276602407e-05,0.00062683794569056,2.06203449674354e-12,2.50993997287901e-12
3.17404063069595e-05,0.00062682445100114,2.06200608669272e-12,2.50992654545978e-12
3.17428499166148e-05,0.000626912178537489,2.06155237173049e-12,2.50998062179471e-12
3.17394508362224e-05,0.000626847055820063,2.0615686221025e-12,2.51009697442067e-12
3.1735229832983e-05,0.000626897452337695,2.06155130049146e-12,2.51029244473072e-12
3.1731679167683e-05,0.000627029842964944,2.06171116085599e-12,2.51130475421898e-12
3.1724124027998e-05,0.000626917367574822,2.06113728452927e-12,2.51172723240686e-12
3.1719799075498e-05,0.000626983731270947,2.0619281816644e-12,2.51210137286727e-12
3.17174311067895e-05,0.000627076359245201,2.06062692869297e-12,2.51226233377751e-12
3.17281527567299e-05,0.000627110319230799,2.06126680037325e-12,2.51349312988934e-12
3.17407988498511e-05,0.000627072696758269,2.06168754917239e-12,2.51259619629289e-12
3.17518853367988e-05,0.000627092307027818,2.06079153776724e-12,2.51300841055449e-12
3.17428310016546e-05,0.000626990225988581,2.06206702095244e-12,2.51437308032235e-12
3.17422964557601e-05,0.000626988122484986,2.06205888667321e-12,2.51419712095982e-12
3.17364489703596e-05,0.000626894201930923,2.06228573336373e-12,2.51386496153608e-12
3.17479588203202e-05,0.000626910060992403,2.06105466546585e-12,2.51346555650862e-12
3.17477409572674e-05,0.000626586490656332,2.05990378483066e-12,2.51374395839281e-12
3.1755800271097e-05,0.000626514855937243,2.05913117913038e-12,2.51333367765427e-12
3.17370919721145e-05,0.000626233639737184,2.05940269209254e-12,2.51186382352837e-12
3.17382268691278e-05,0.000626236173780057,2.05944109815016e-12,2.51207874261471e-12
3.17297480366787e-05,0.000625660395270062,2.06236886427209e-12,2.51305905886308e-12
3.17317316767726e-05,0.000625715079159825,2.06317910619349e-12,2.51314855555055e-12
3.17677227860932e-05,0.000625728637344661,2.06227948893581e-12,2.5121424870821e-12
3.17590920657637e-05,0.000626011947307547,2.06335241326744e-12,2.51250430526597e-12
3.17529523493156e-05,0.000626015379312146,2.06263443531023e-12,2.51202941011526e-12
3.17566738258038e-05,0.000626001961140257,2.06108135638667e-12,2.51230143024684e-12
3.17451500760446e-05,0.000626163431634929,2.06138532067429e-12,2.51271033138623e-12
3.17441016519983e-05,0.000626309832136299,2.06176992861332e-12,2.51289878280549e-12
3.17473634164687e-05,0.000626223858293312,2.06134341515765e-12,2.51185321633856e-12
3.17422283864495e-05,0.000626239455177534,2.06132917164085e-12,2.51111199209741e-12
3.17253596423101e-05,0.00062629561290168,2.06309063230923e-12,2.51038769721032e-12
3.17304896948442e-05,0.000626448707183636,2.06254417212998e-12,2.51120165491264e-12
3.17533189789623e-05,0.00062667622571847,2.0626566404397e-12,2.51066931323946e-12
3.17553202975338e-05,0.000626582278246687,2.06179021501339e-12,2.50997820535847e-12
3.17517953906674e-05,0.000626508621662675,2.06101620778725e-12,2.50983361503998e-12
3.17621225520609e-05,0.000626563083828645,2.06092052169161e-12,2.5093315629837e-12
3.17680617518199e-05,0.000626705715145378,2.06172816384972e-12,2.50876112660997e-12
3.17664316530737e-05,0.00062671278507339,2.06214564741277e-12,2.50863987060773e-12
3.17658917490045e-05,0.000626662659868067,2.06143872652165e-12,2.50808660389419e-12
3.17855833087238e-05,0.000626652985814137,2.06192362560141e-12,2.50924115490585e-12
3.17925834023971e-05,0.000626623837430345,2.062441150467e-12,2.50871338059523e-12
3.17916959734103e-05,0.000626619422291629,2.06263816078907e-12,2.50892157259729e-12
3.1779025606093e-05,0.000626580861957701,2.06307243994967e-12,2.50999152929792e-12
3.17805607931816e-05,0.000626625563688631,2.062893808905e-12,2.51011261569364e-12
3.1796668058319e-05,0.000626632131071099,2.06377338379344e-12,2.51157195108715e-12
3.17945886894558e-05,0.000626620893714462,2.06401886075895e-12,2.51148762522894e-12
3.17963193159441e-05,0.000626887405507562,2.06351173620412e-12,2.51149829865511e-12
3.18034016528392e-05,0.00062688555289357,2.06382316139828e-12,2.50995987683101e-12
3.1806913572658e-05,0.000626841798360615,2.06358598712991e-12,2.50981157831701e-12
3.17944425756317e-05,0.000626562127691768,2.06222351337548e-12,2.50850009052154e-12
3.17876660041753e-05,0.00062659775080578,2.06183005847907e-12,2.50857495769206e-12
3.1788792433283e-05,0.000626531492282897,2.0620183353492e-12,2.51004471411226e-12
3.17877673716784e-05,0.000626320741958706,2.06282499045874e-12,2.50729937809408e-12
3.17960070728115e-05,0.000626283220962267,2.06107645181414e-12,2.50697131233711e-12
3.17954987365289e-05,0.000626401216627452,2.0614454396779e-12,2.50726706674246e-12
3.18120081312443e-05,0.000626210607894975,2.06176024334495e-12,2.50636519608799e-12
3.18104056192836e-05,0.000626176086561131,2.06184713195675e-12,2.50661368907748e-12
3.18087244890883e-05,0.000626171256176948,2.06297921103717e-12,2.50690007778064e-12
3.18102938330099e-05,0.000626039318247959,2.0629066667652e-12,2.50686200366875e-12
3.18190132818986e-05,0.000625872115376238,2.06313389387401e-12,2.50668196677531e-12
3.18244541747543e-05,0.000626024543051569,2.06244949063532e-12,2.50651124981977e-12
3.18197507191524e-05,0.00062609475766777,2.06182804447323e-12,2.50678446002425e-12
3.18218097952446e-05,0.000626119226837361,2.06128713977974e-12,2.5064484457593e-12
3.18187382587121e-05,0.000625946867770857,2.06140008226846e-12,2.50641266265826e-12
3.1824946725225e-05,0.000625815900221576,2.06146773128692e-12,2.50622196793648e-12
3.18141147709604e-05,0.000625829302697117,2.06181755748067e-12,2.50413848578285e-12
3.18174615946339e-05,0.00062587754616531,2.06195944266572e-12,2.5044117384697e-12
3.17997391508889e-05,0.000626075185758853,2.06222758003068e-12,2.50606584928058e-12
3.18014024262247e-05,0.000626069622384878,2.0620260112033e-12,2.50601087027559e-12
3.17975617129523e-05,0.000626064969345116,2.06197640027906e-12,2.50607754385057e-12
3.17977334814224e-05,0.00062602606975763,2.06190223514147e-12,2.50478412090176e-12
3.18012022174893e-05,0.000626018246335728,2.0620838531746e-12,2.5046693586925e-12
3.1796325414309e-05,0.000626267708384642,2.06303253951746e-12,2.50546996675275e-12
3.18129255086461e-05,0.000626262905183392,2.06253069430474e-12,2.50512665513755e-12
3.18101710404235e-05,0.00062621419059442,2.06150602413509e-12,2.50442496809695e-12
3.18083910170868e-05,0.000626192407171747,2.06232908042282e-12,2.50372182400038e-12
3.18017201352022e-05,0.0006260358038782,2.06376381824173e-12,2.50388910112751e-12
3.1801863892917e-05,0.000626059943036709,2.06385596262904e-12,2.50340875464553e-12
3.17984238295419e-05,0.000625784372236982,2.06611725816027e-12,2.5042504954563e-12
3.17951705892804e-05,0.000625498645429478,2.06631736807406e-12,2.5050633741144e-12
3.1803982094226e-05,0.000625171216975613,2.0649226008555e-12,2.50546093493525e-12
3.18043934726897e-05,0.000625137487054723,2.064886800866e-12,2.50502504218468e-12
3.17987534627762e-05,0.000625278392831457,2.06536085414468e-12,2.50534116277623e-12
3.18077915006265e-05,0.0006251616715682,2.06546047226954e-12,2.50647217172527e-12
3.17969599782815e-05,0.000624976906927519,2.06742676434185e-12,2.50772588320788e-12
3.18153551915671e-05,0.000625330360805406,2.06619462468048e-12,2.5078861777116e-12
3.18239940338317e-05,0.00062529583391293,2.06562462580551e-12,2.50829159529387e-12
3.18234413662479e-05,0.000625235127433806,2.06500771022079e-12,2.50838358620406e-12
3.18279501733123e-05,0.000625260613774874,2.06574648870003e-12,2.50907698491859e-12
3.18328656714693e-05,0.00062533775040595,2.0647761126047e-12,2.50931310639286e-12
3.18470530255044e-05,0.000625372430034896,2.06596651242552e-12,2.5096612300598e-12
3.18680873804627e-05,0.0006252640055249,2.06487073501529e-12,2.50998010786559e-12
3.18714016411668e-05,0.000625309578220785,2.06503234886805e-12,2.51079368862828e-12
3.18756812375093e-05,0.000625419819915652,2.0642985519911e-12,2.51101044873866e-12
3.18843900686602e-05,0.000625371257587624,2.06552416020074e-12,2.51111502990365e-12
3.18786641272452e-05,0.000625299362446313,2.06584265325318e-12,2.51084732317354e-12
3.18793189803974e-05,0.000625242511393047,2.06585605351805e-12,2.51083820240005e-12
3.18748404324447e-05,0.000625296468217197,2.0661694487524e-12,2.51098342244431e-12
3.18879822493362e-05,0.000625315494327317,2.06682751599906e-12,2.51099852609864e-12
3.18859974939835e-05,0.000625341562936322,2.06686685391195e-12,2.51094064299004e-12
3.1883826520697e-05,0.000625605550423802,2.06879196855215e-12,2.51135318744618e-12
3.18822083250131e-05,0.000625492966476912,2.06955087877762e-12,2.51102092493504e-12
3.1880693463142e-05,0.000625490227507272,2.07007323183786e-12,2.51149856790091e-12
3.18697429255915e-05,0.000625426438484047,2.06937297295537e-12,2.51161887897511e-12
3.18688341844262e-05,0.000625363775488537,2.07137461920521e-12,2.51173631730198e-12
3.18801284030058e-05,0.000625044191654981,2.07176954742749e-12,2.51153229518449e-12
3.18844860808377e-05,0.000625072537671445,2.07118257904689e-12,2.51003672680038e-12
3.18924356233417e-05,0.000625095261593113,2.07084417388489e-12,2.50941105938668e-12
3.1900353824329e-05,0.000625122208961729,2.06966297404671e-12,2.50917237765511e-12
3.19026415448842e-05,0.000625143798238865,2.06798822106473e-12,2.50856066474031e-12
3.19137768486928e-05,0.000625253810339022,2.06803819160354e-12,2.50932078506724e-12
3.19181455305271e-05,0.000625288651245014,2.06795249205042e-12,2.50963002930057e-12
3.19101547344196e-05,0.000625446041129322,2.06767336246801e-12,2.51087071173961e-12
3.19035468097508e-05,0.000625489384893976,2.06756609211656e-12,2.51012424827327e-12
3.19160043791693e-05,0.000625721533343035,2.06760077595103e-12,2.51086083399351e-12
3.19210492650147e-05,0.000625810744444351,2.06888081621451e-12,2.51036250883949e-12
3.19404241045591e-05,0.000625816786762706,2.06946566805845e-12,2.51090932676036e-12
3.19539928106513e-05,0.000625536646311998,2.06797574860225e-12,2.5113703785411e-12
3.19490822812866e-05,0.000625413477269023,2.06863970435805e-12,2.51157156143881e-12
3.19487180912805e-05,0.000625520652718865,2.06692483784725e-12,2.51161805941428e-12
3.19568547386993e-05,0.000625280411968332,2.06865789753406e-12,2.51286791750486e-12
3.19588840172938e-05,0.000625205237765177,2.06854980852536e-12,2.5128742751495e-12
3.19522188805016e-05,0.000625133641054676,2.06730502401092e-12,2.51241355190961e-12
3.19540518894624e-05,0.000625190643130513,2.06650876515191e-12,2.513436916393e-12
3.19411426087376e-05,0.000625067546700774,2.06763816218253e-12,2.51341538767174e-12
3.19471216181643e-05,0.00062516298221426,2.06850240283169e-12,2.51466815098624e-12
3.19570177069576e-05,0.000625156512678363,2.06615288758954e-12,2.51380327383299e-12
3.19453318474515e-05,0.000625162281585295,2.06773213411103e-12,2.51317664608679e-12
3.19336336737481e-05,0.000625514664114398,2.06840400049762e-12,2.51212104310376e-12
3.19372113454306e-05,0.000625404006086307,2.06915454874499e-12,2.51259472729642e-12
3.1921178037138e-05,0.000625573062449814,2.06784156037906e-12,2.51161842179896e-12
3.19386560582488e-05,0.000625740271187981,2.06700092800508e-12,2.51278054866282e-12
3.1942333708184e-05,0.000625716358467726,2.065924335376e-12,2.51333589875343e-12
3.19335767265921e-05,0.000625769476589282,2.06544889392633e-12,2.51361509510301e-12
3.19352166861534e-05,0.000625933336296427,2.06462059675666e-12,2.51360771869347e-12
3.19396526183401e-05,0.000625886524977365,2.0644239680634e-12,2.5137002841467e-12
3.19435252397431e-05,0.000625898352867873,2.06618964188903e-12,2.51577081814033e-12
3.19228795244344e-05,0.000626025660849772,2.06612604051718e-12,2.51524735722577e-12
3.19233028024993e-05,0.000626296463126299,2.06540538490215e-12,2.51404776971983e-12
3.1939442785913e-05,0.000626385442205895,2.06488767385934e-12,2.51396687877454e-12
3.19342515561853e-05,0.000626324814156185,2.06388447008751e-12,2.51479817326052e-12
3.19335634627101e-05,0.000626357915363955,2.06397202335086e-12,2.51622926675563e-12
3.19249597555033e-05,0.00062621591955274,2.06263896434899e-12,2.51604010728769e-12
3.19376881853328e-05,0.000626330155480231,2.06291480767854e-12,2.51546030343077e-12
3.19493872038985e-05,0.000626351382973894,2.06452231558206e-12,2.51568070687339e-12
3.19379210179174e-05,0.000625932938839045,2.06424207214843e-12,2.51788295487138e-12
3.19350203169095e-05,0.000625965334536333,2.06296702084728e-12,2.51781154471071e-12
3.19369340668799e-05,0.000626095143219877,2.06343931217174e-12,2.51823671107311e-12
3.19371551714032e-05,0.000625923335430716,2.06395983063064e-12,2.516681209822e-12
3.19362052756579e-05,0.000625835244155523,2.0639719765365e-12,2.51668886915942e-12
3.19351077073167e-05,0.000625801789334176,2.06442236571902e-12,2.51705458246448e-12
3.19357575210827e-05,0.000626016284873389,2.06300190553862e-12,2.51687523892536e-12
3.19417927471671e-05,0.000626103516000279,2.0621559746706e-12,2.51746619769188e-12
3.19296911736394e-05,0.000625987854767632,2.06266029459742e-12,2.51719255328589e-12
3.19317725652162e-05,0.000625922801439974,2.06269084239995e-12,2.51721546236621e-12
3.19354451748081e-05,0.000625838833340122,2.06260942631432e-12,2.51783619571096e-12
3.19374605989301e-05,0.000625772957985515,2.06196921031654e-12,2.51749190257002e-12
3.19378387796346e-05,0.000625811839058608,2.06208188193342e-12,2.51752350632675e-12
3.19473928083418e-05,0.000625924497893155,2.06169978460823e-12,2.51681067569097e-12
3.19474955422846e-05,0.000626041532927303,2.06270477360288e-12,2.51800840722442e-12
3.19514684435183e-05,0.000626022634948983,2.06247532463772e-12,2.51802356184095e-12
3.19551437965055e-05,0.000626372381190751,2.06223870457124e-12,2.51864437818526e-12
3.19499752054386e-05,0.000626430688717591,2.06134962771954e-12,2.51731145818936e-12
3.19407518601134e-05,0.00062642370061611,2.06228137298337e-12,2.51677244054625e-12
3.1950696358915e-05,0.000626420417876377,2.06182634563085e-12,2.51720798547657e-12
3.19442252288011e-05,0.000626418783415026,2.06149517852919e-12,2.51725141058412e-12
3.19575914362976e-05,0.00062627157083127,2.06123815602151e-12,2.51768443707918e-12
3.1957631164994e-05,0.000626248097805317,2.06110767571191e-12,2.51793003233608e-12
3.19697736286481e-05,0.000625982548134308,2.060281957501e-12,2.51845903333045e-12
3.19672041080502e-05,0.000626118693750059,2.05953407145207e-12,2.51870972390703e-12
3.19329961995089e-05,0.000626195171188491,2.0591782118661e-12,2.51980669031e-12
3.19325543040939e-05,0.000626242551512599,2.0585152954458e-12,2.51945584160054e-12
3.19272735062921e-05,0.000626362035084456,2.05766733658467e-12,2.5185433801807e-12
3.19304271059678e-05,0.000625989287395069,2.05893879157904e-12,2.51798438726049e-12
3.19373856039931e-05,0.000626072064908172,2.05838957543414e-12,2.51897647017301e-12
3.1949114992706e-05,0.00062630275566628,2.05865787310731e-12,2.51958221637609e-12
3.19439949683914e-05,0.000626113900832537,2.05795257827822e-12,2.51916273192983e-12
3.19523542495501e-05,0.000625688104898936,2.06028830336849e-12,2.52097047641551e-12
3.19635930465786e-05,0.000625492452814073,2.06119865759336e-12,2.52125713956287e-12
3.19689121985761e-05,0.000625727339604542,2.06129783867678e-12,2.52116942497978e-12
3.19805254344298e-05,0.00062579849283853,2.06177064195823e-12,2.52158387956584e-12
3.19812317716164e-05,0.00062583936168483,2.06188349163305e-12,2.52177219967341e-12
3.19735034840435e-05,0.000625836624303941,2.0606733428736e-12,2.52194231773773e-12
3.19740082146166e-05,0.000626275187399191,2.06040450537592e-12,2.52232671919942e-12
3.19737291082901e-05,0.000626636201086666,2.05993730669857e-12,2.52281519751188e-12
3.19759148708233e-05,0.000626656838671892,2.05980086471911e-12,2.52268907831186e-12
3.19861281259287e-05,0.000626922126022014,2.06097607432977e-12,2.52345514402407e-12
3.19778646459795e-05,0.000626843596938023,2.0623950935596e-12,2.52299981707329e-12
3.19935688580243e-05,0.000626908197208742,2.05998685053697e-12,2.5240513645982e-12
3.19933204690109e-05,0.000627022352698313,2.05913910316237e-12,2.52368701372929e-12
3.19755856333622e-05,0.000627253731928037,2.05880414897886e-12,2.5234612873856e-12
3.19800158790887e-05,0.000627332453661497,2.05955009267012e-12,2.52315640909039e-12
3.19875816345682e-05,0.000627677248781288,2.05910763145828e-12,2.52242966641475e-12
3.19867106783869e-05,0.00062773245892392,2.05934934487658e-12,2.52248366730059e-12
3.1997149392225e-05,0.000627677824500645,2.05863577356885e-12,2.52256076021906e-12
3.2005182487912e-05,0.000627558977380419,2.05914613026796e-12,2.52312404062075e-12
3.20121557163376e-05,0.00062770928933734,2.05597707156032e-12,2.52265327289566e-12
3.20135472244176e-05,0.000627653112025311,2.05544831907628e-12,2.52120002746362e-12
3.20343524257783e-05,0.000627894438813234,2.05622352776079e-12,2.52118986247604e-12
3.20449854920202e-05,0.000627832438409332,2.05630324605596e-12,2.52104764032453e-12
3.20416468192445e-05,0.000627896855864458,2.05570710612255e-12,2.52072560124124e-12
3.20481736226047e-05,0.000627806455040499,2.05574300691964e-12,2.52058578323275e-12
3.20413812717096e-05,0.000627704838444354,2.05609632105645e-12,2.5197839794438e-12
3.20403600972777e-05,0.000627740469908174,2.05601699871948e-12,2.51967139309606e-12
3.20482768965207e-05,0.000627818493818889,2.05551442473748e-12,2.51983591759556e-12
3.20516770715015e-05,0.00062785746902399,2.0551800272248e-12,2.51990808594365e-12
3.20567463984048e-05,0.000627979404822404,2.05533735741162e-12,2.52007811803302e-12
3.20679689640721e-05,0.000627966109180317,2.05573757290554e-12,2.52042650344378e-12
3.20671398608354e-05,0.000628045660363321,2.05593697837686e-12,2.52022742009647e-12
3.20357218660593e-05,0.000628138460868815,2.05673164098741e-12,2.51899937607614e-12
3.20632905684456e-05,0.000628404101333844,2.05816709549432e-12,2.51842812034614e-12
3.20580095904307e-05,0.000628415610034686,2.05880746413308e-12,2.51820599804447e-12
3.20580759023923e-05,0.000628146675740657,2.05900299180554e-12,2.51835389773733e-12
3.20548476967323e-05,0.000628274106305574,2.05908784083654e-12,2.51847518357402e-12
3.2055844090415e-05,0.000628265158876799,2.05834967665388e-12,2.51871893494838e-12
3.20615604137571e-05,0.000628285831008294,2.05842209430577e-12,2.51900233508617e-12
3.20601687339488e-05,0.000628252903809573,2.05778266930042e-12,2.51890072552187e-12
3.20933452206641e-05,0.000628283269216023,2.05717933138337e-12,2.51991388594925e-12
3.20955534813448e-05,0.000628240442109147,2.05718072660416e-12,2.51970031079297e-12
3.2090889700062e-05,0.000628398920761872,2.05735079052178e-12,2.51951821582745e-12
3.20897359825521e-05,0.000628517636782709,2.05711458137374e-12,2.51866280785744e-12
3.20889326034109e-05,0.0006285912781245,2.05658971826687e-12,2.51852550467018e-12
3.20868645753361e-05,0.000629007633261824,2.05608449298614e-12,2.51803925194401e-12
3.2084849985032e-05,0.000629003454681133,2.05436430223591e-12,2.51764237488634e-12
3.20593506202539e-05,0.000629033541273534,2.05283140950163e-12,2.51755058164019e-12
3.20559007107375e-05,0.000628993968929078,2.05416863885688e-12,2.51934492188532e-12
3.20502795661606e-05,0.000629123839203962,2.05608300783673e-12,2.51987488252006e-12
3.20748673211753e-05,0.000629237595470206,2.05598540460542e-12,2.52091057361028e-12
3.20647899732496e-05,0.000629031918416338,2.05536414606293e-12,2.52108495551493e-12
3.20636438480152e-05,0.000629094003956868,2.0554689041906e-12,2.52109054546878e-12
3.20650294676551e-05,0.000629049770815606,2.05538982602774e-12,2.52094466492304e-12
3.20517822241352e-05,0.000629107237706016,2.05561101616295e-12,2.52184559890225e-12
3.20545300559005e-05,0.000628913827338699,2.05646163421176e-12,2.52156666927942e-12
3.20575046884622e-05,0.000628988635416918,2.05619484313582e-12,2.52213113214688e-12
3.20558275729216e-05,0.000629064556474031,2.05510034164096e-12,2.52163296129053e-12
3.20578265131676e-05,0.000629063767527728,2.05476221406808e-12,2.51978793754885e-12
3.20620661560857e-05,0.000629566645310539,2.05284636144824e-12,2.51903391359011e-12
3.20635717129017e-05,0.000629483311825321,2.05241131897016e-12,2.51814773591156e-12
3.20813732111626e-05,0.000629451780290424,2.05047391363939e-12,2.51693507409027e-12
3.20820440641528e-05,0.000629431085012244,2.05045216576765e-12,2.51637174583401e-12
3.20867657749935e-05,0.000629384470844944,2.0505650824056e-12,2.51668791901723e-12
3.20831220632636e-05,0.000629365917320558,2.05237405586653e-12,2.51628953779798e-12
3.20830931929117e-05,0.000629336431923055,2.05209376372377e-12,2.51619657804674e-12
3.20907954084405e-05,0.000629487428400101,2.05238982888032e-12,2.51647418133117e-12
3.2098031725482e-05,0.00062956823824728,2.05384510753679e-12,2.51789311234498e-12
3.21022278305124e-05,0.000629746613063499,2.05273306310409e-12,2.51768730099743e-12
3.21105247384117e-05,0.000629850547102437,2.05374886270622e-12,2.51871127759466e-12
3.2107432165924e-05,0.000630085808693475,2.05261747880737e-12,2.51799979177893e-12
3.20940411854699e-05,0.000630137463774827,2.05484109404234e-12,2.51902969079847e-12
3.20915257443958e-05,0.000630067709079309,2.05379114827007e-12,2.51990248036313e-12
3.20805667607133e-05,0.000630182831551784,2.0543227976508e-12,2.51896775627776e-12
3.20771662262193e-05,0.00063028783801209,2.05361465187687e-12,2.51910513132865e-12
3.20799709578816e-05,0.000630235877718086,2.05307060181182e-12,2.5184789302099e-12
3.2091567254262e-05,0.000630291566142781,2.0529798572777e-12,2.51888895313568e-12
3.21249923652375e-05,0.000630277557333322,2.05312620718141e-12,2.51935531291915e-12
3.21250965209092e-05,0.000630269587265567,2.05309303977586e-12,2.51940372899372e-12
3.21257001596133e-05,0.000630059775312483,2.05443568607791e-12,2.51831505431622e-12
3.21247471676198e-05,0.00063006095293784,2.05390039889672e-12,2.51809589482549e-12
3.21068726929956e-05,0.000630369025018926,2.05264417487311e-12,2.51770256928585e-12
3.21042907948504e-05,0.000630288893362954,2.0524362866738e-12,2.51744379164991e-12
3.21111091189781e-05,0.000630531117216661,2.0522762253774e-12,2.51725593142089e-12
3.21037415388942e-05,0.000630401068311051,2.05180842815426e-12,2.51906618629789e-12
3.21057677765806e-05,0.000630210337600229,2.05283602280981e-12,2.51899825638577e-12
3.21078001760173e-05,0.000630205405953749,2.0528410764743e-12,2.51934596589354e-12
3.21108624285605e-05,0.00063023443493691,2.05410213597397e-12,2.51883814681548e-12
3.21028155574166e-05,0.000630322829749519,2.05384723581907e-12,2.51954754699316e-12
3.21092619714228e-05,0.000630407252359614,2.05463086684276e-12,2.51836960306137e-12
3.21048243598504e-05,0.000630278216908013,2.05536051179424e-12,2.5194435434561e-12
3.211721176008e-05,0.000629901569731108,2.05641035489e-12,2.52003077193572e-12
3.21208274529846e-05,0.000630042878763257,2.05638865020708e-12,2.52074535571606e-12
3.21268058199669e-05,0.00063012317623994,2.05658043768017e-12,2.52156185330813e-12
3.2127772750521e-05,0.000630215638372111,2.05751991089753e-12,2.52206915322952e-12
3.21287559431679e-05,0.000630209205893864,2.05919476937115e-12,2.52218275102977e-12
3.21194817027531e-05,0.000630283674774594,2.05956478836755e-12,2.52273277070139e-12
3.2117200381085e-05,0.00063030452517245,2.06047746226414e-12,2.52321678201155e-12
3.21145308000881e-05,0.00063042656751703,2.05944381568496e-12,2.52271375437085e-12
3.21129883411071e-05,0.000630220386837365,2.05688533817076e-12,2.52422415484536e-12
3.21068298116981e-05,0.000630090696868135,2.05587108974438e-12,2.52435605393111e-12
3.21167194885462e-05,0.00063025053685497,2.05568358241042e-12,2.52541572368037e-12
3.2121449033115e-05,0.000630140933822472,2.05511207700086e-12,2.52535455798743e-12
3.21199878826488e-05,0.000630236777849889,2.05475018014965e-12,2.52516605430281e-12
3.21167936396528e-05,0.00063027899918785,2.05453201693414e-12,2.52553950618616e-12
3.20879673068325e-05,0.000630460125284456,2.05523568166748e-12,2.52463309884354e-12
3.20505981518994e-05,0.000630629619754058,2.05462979210979e-12,2.52467143365051e-12
3.20619184753901e-05,0.00063057838779578,2.05398930169537e-12,2.52541320966207e-12
3.20481011720232e-05,0.00063096053442489,2.05291489278752e-12,2.5259235062919e-12
3.20516824455019e-05,0.000631025897301919,2.05407361874545e-12,2.52606974078312e-12
3.20571119320511e-05,0.0006309025280264,2.05507877134168e-12,2.5259938053643e-12
3.20516741445807e-05,0.00063085009497934,2.05557645308641e-12,2.52594891294714e-12
3.20581636673311e-05,0.000630964665202531,2.05534835473607e-12,2.52587605568491e-12
3.20626619685267e-05,0.000630927675351367,2.05500303700879e-12,2.52531655458977e-12
3.20631194655813e-05,0.0006308766615119,2.05456490767998e-12,2.52544952259674e-12
3.20584802778039e-05,0.000630966629512762,2.05265641515818e-12,2.52455180167638e-12
3.20614830731009e-05,0.000630848266861597,2.05334981175087e-12,2.52572382282666e-12
3.20727589346973e-05,0.000630771113675459,2.05392355783591e-12,2.52563186364366e-12
3.2061517232739e-05,0.000630680451823361,2.05397947846058e-12,2.52471259854043e-12
3.20875432865248e-05,0.000630796835335596,2.05359405790537e-12,2.52494623606807e-12
3.20818575578132e-05,0.000630607874964317,2.05310339724482e-12,2.52628827011582e-12
3.20820107715697e-05,0.000630646223112701,2.05207982032631e-12,2.52598312278633e-12
3.20968310406858e-05,0.000630778600049707,2.0529641820185e-12,2.52618383278696e-12
3.2097703846117e-05,0.000630867840117313,2.05277759577596e-12,2.52580545600468e-12
3.21142163654194e-05,0.000631068769664537,2.05376111182733e-12,2.52609409062888e-12
3.21126920048058e-05,0.000631011275452714,2.05489376525652e-12,2.52666229028006e-12
3.21115037332835e-05,0.00063119492752637,2.05458858972284e-12,2.52658344635387e-12
3.21086363970883e-05,0.000631224407299461,2.05505889605235e-12,2.52690690230336e-12
3.20963171662807e-05,0.00063146387013031,2.05771834974154e-12,2.52793097643403e-12
3.20999824359705e-05,0.000631515249495687,2.05869083948333e-12,2.52765160745525e-12
3.21001769476419e-05,0.00063150219417863,2.05834064079032e-12,2.52737432270788e-12
3.20950312535605e-05,0.000631653533259661,2.05883859191456e-12,2.52782779526857e-12
3.20907644137705e-05,0.000631660507036835,2.05943867735894e-12,2.52786556946351e-12
3.20940137326303e-05,0.000631801290298638,2.05849148592134e-12,2.52741031611637e-12
3.21102201600272e-05,0.000632057001959792,2.05868319036507e-12,2.52719736076922e-12
3.21221183471595e-05,0.00063200003835744,2.05863435358111e-12,2.5260670337644e-12
3.21220486519662e-05,0.000632099037826516,2.05908895421051e-12,2.52623178684047e-12
3.21319152304366e-05,0.000632270046466144,2.05768659058183e-12,2.52729957421218e-12
3.21305903394265e-05,0.000632664821815763,2.05795920243833e-12,2.52700724449552e-12
3.21447494763923e-05,0.000633172118599125,2.05846319666867e-12,2.52562065689166e-12
3.21519126511855e-05,0.000633151337664833,2.05767691729603e-12,2.52498549342819e-12
3.21677579271907e-05,0.000633096426412172,2.0598611042394e-12,2.52601961933558e-12
3.21784588254965e-05,0.000633194827226603,2.05984432230716e-12,2.52595318340567e-12
3.21821011089377e-05,0.000633326290657605,2.05988417147333e-12,2.5258483242054e-12
3.2195282133695e-05,0.000633242233935245,2.05976622464879e-12,2.52622965680286e-12
3.21963363305742e-05,0.000633453014354492,2.05870676791418e-12,2.52664575794791e-12
3.21910802644052e-05,0.000633523630699797,2.05887092826262e-12,2.52651805615804e-12
3.21846184032609e-05,0.000633531829023763,2.05816190785405e-12,2.52755712121757e-12
3.21956745301782e-05,0.000633476887732881,2.05789078766736e-12,2.52651318490428e-12
3.21868225009251e-05,0.000633714115816326,2.05852277978168e-12,2.52616950753674e-12
3.21925965290366e-05,0.000633759782262283,2.05763853552801e-12,2.52549915441714e-12
3.21918239283006e-05,0.000633726906310057,2.05704246285692e-12,2.52527056828479e-12
3.21911294202584e-05,0.000633509622927859,2.05696987021179e-12,2.52571898838698e-12
3.21921646596365e-05,0.000633679271899121,2.05709511172801e-12,2.52589103983499e-12
3.21913623177339e-05,0.000633595864448863,2.05745701154721e-12,2.5268999025041e-12
3.22029296096121e-05,0.000633626957010567,2.05784596228854e-12,2.52707756732178e-12
3.21952423624993e-05,0.0006338325452346,2.05824151438913e-12,2.52552571982922e-12
3.2206293980945e-05,0.000633709876995606,2.05807729892626e-12,2.5255846799823e-12
3.22176842382791e-05,0.000633828886467428,2.05829636927427e-12,2.52562507892541e-12
3.22124463178078e-05,0.000633700219503204,2.05775645268269e-12,2.52618012908932e-12
3.22121193535522e-05,0.000633922135926004,2.05929878405291e-12,2.52679835778017e-12
3.22159588349035e-05,0.000634010242443797,2.0591510823324e-12,2.52737370985448e-12
3.22189148487972e-05,0.000633966264174616,2.05946375640093e-12,2.52780874452518e-12
3.22200698786487e-05,0.000634171469520352,2.05921710581294e-12,2.52670358514765e-12
3.22370540749901e-05,0.000634063454240404,2.0579152164022e-12,2.52728774428545e-12
3.22363578999629e-05,0.000633956146659778,2.05741461355458e-12,2.5268145633394e-12
3.22314850246205e-05,0.000633812817021128,2.05734736587802e-12,2.52648783203282e-12
3.22308918573225e-05,0.000633806862736017,2.05733430572764e-12,2.52646877808063e-12
3.22380943059505e-05,0.000633846721681423,2.05597206076011e-12,2.52753183186818e-12
3.22412862744671e-05,0.000633817371949582,2.05618163205892e-12,2.52787032702379e-12
3.22579925499081e-05,0.000633382447886496,2.05685916361042e-12,2.5273549320137e-12
3.2262105985068e-05,0.000633403216962606,2.05649207374038e-12,2.52812705309576e-12
3.22589648735964e-05,0.000633185894274642,2.05643205662907e-12,2.52820471019517e-12
3.22570651456384e-05,0.000633182735086654,2.05616142022404e-12,2.5281685212759e-12
3.22729610423468e-05,0.00063294763543229,2.05658299705053e-12,2.52739045399328e-12
3.22596078360242e-05,0.000632794774574729,2.05614439475416e-12,2.52745975690677e-12
3.22585065239864e-05,0.000632785154738415,2.0561967482152e-12,2.52769197053768e-12
3.22655362728414e-05,0.000632606778834628,2.05478447432189e-12,2.52720284968097e-12
3.22595338020849e-05,0.000632750620170697,2.05660829838251e-12,2.52639670059517e-12
3.22719665643573e-05,0.000632772741478093,2.05740152982055e-12,2.52518624935846e-12
3.22749109870138e-05,0.000632716962506737,2.05685184110452e-12,2.52380688914211e-12
3.22731550787632e-05,0.000632671249895063,2.05677220861823e-12,2.52385361780682e-12
3.22808045685658e-05,0.000632948610829663,2.05668525924034e-12,2.52522976459275e-12
3.2272790967412e-05,0.000632927936592685,2.0561379186676e-12,2.52601363606039e-12
3.22750742189925e-05,0.000632884943324424,2.05637285344446e-12,2.5261950566364e-12
3.22789284602459e-05,0.000632985744150012,2.05807502176902e-12,2.52697709828599e-12
3.22744729455441e-05,0.000633025136341344,2.05795755424114e-12,2.52719915693298e-12
3.2271362201915e-05,0.000633080254068825,2.05633312246137e-12,2.5257454166417e-12
3.22809806747996e-05,0.000632958870485737,2.05607894738398e-12,2.52526401749524e-12
3.22796770497316e-05,0.000632922767182758,2.05762586043275e-12,2.52533437908138e-12
3.22921723336314e-05,0.000632568607867454,2.0555033824334e-12,2.52525206755795e-12
3.23111217779975e-05,0.000632518398319338,2.05333313469523e-12,2.52434517319644e-12
3.22969999062547e-05,0.000632167943200987,2.05331054564905e-12,2.52391499328444e-12
3.2299559128463e-05,0.000632266469941444,2.05380613596193e-12,2.52414764426352e-12
3.23042679200804e-05,0.000632437080682654,2.05395305526257e-12,2.52487140800098e-12
3.23018848825326e-05,0.00063257490942677,2.05445490987906e-12,2.52488081554565e-12
3.22979628447233e-05,0.000632616557264731,2.05483109529263e-12,2.52567238295587e-12
3.23141621548548e-05,0.000632813223693985,2.0542334598628e-12,2.52534618053704e-12
3.23020030273421e-05,0.000632875117255333,2.0543735534411e-12,2.52563560881586e-12
3.22959506493618e-05,0.00063258947361501,2.05400948822741e-12,2.52528975743528e-12
3.22940887305654e-05,0.000632574312404459,2.05423060887146e-12,2.52515809410691e-12
3.22867416661107e-05,0.000632721007720806,2.05603871149014e-12,2.52369315420853e-12
3.22829692685849e-05,0.000632729107152664,2.05712812749983e-12,2.5240520416496e-12
3.22741689416411e-05,0.000632674250429853,2.05753380632499e-12,2.52409427762349e-12
3.22636034693439e-05,0.000632806343501972,2.05630894472775e-12,2.52314247247767e-12
3.22779629106698e-05,0.000632687314052714,2.05453650634224e-12,2.52386364180755e-12
3.22744140755476e-05,0.000632724429954121,2.05434439463013e-12,2.52387352054375e-12
3.2277620792493e-05,0.000632884904376093,2.0545840447811e-12,2.52355853069992e-12
3.22727463514942e-05,0.000632879898898449,2.05456885054166e-12,2.52401039401391e-12
3.22775984051636e-05,0.000632788913350214,2.05613544640755e-12,2.52364625252401e-12
3.22707015796826e-05,0.000632838896274682,2.05663118547138e-12,2.52255567976775e-12
3.22626745061769e-05,0.000632673627783941,2.05937399800725e-12,2.52211457250956e-12
3.22612203835015e-05,0.000632711739873055,2.05821981070666e-12,2.52179804409706e-12
3.22565925690193e-05,0.000632586948659215,2.05805247370785e-12,2.52139716328238e-12
3.22533736940357e-05,0.000632522021333072,2.0580845771362e-12,2.52131951395757e-12
3.22530092568706e-05,0.000632558298303664,2.0583902063159e-12,2.52101124045932e-12
3.22480849554478e-05,0.000632267388515346,2.05656121693996e-12,2.51939603147038e-12
3.22551284342799e-05,0.000632227720290154,2.05683940973972e-12,2.51940272732124e-12
3.22525518012706e-05,0.000632196501353109,2.05690409580122e-12,2.51954285628545e-12
3.2249683133468e-05,0.000632216002717031,2.05636036434896e-12,2.51774338215553e-12
3.2268934651094e-05,0.000632408147195616,2.05762469699265e-12,2.51999114734982e-12
3.22757294630551e-05,0.000632721372988125,2.05741384094833e-12,2.51950403857559e-12
3.2262313294814e-05,0.000632989056828056,2.05758133362242e-12,2.52091099720145e-12
3.22879793969234e-05,0.000633194002879032,2.05710608506103e-12,2.52144356905877e-12
3.22963776074132e-05,0.000633089186383199,2.05750998070809e-12,2.52153825926742e-12
3.22988312916952e-05,0.000633227280144265,2.0587484070556e-12,2.52010050442218e-12
3.22906667157311e-05,0.000633254492594978,2.05863430669271e-12,2.51991496102896e-12
3.23340976025587e-05,0.000633108137201043,2.05576407083071e-12,2.521943731868e-12
3.23380662143901e-05,0.00063324884594369,2.05612681332588e-12,2.52182858216097e-12
3.23321597981849e-05,0.000633436812552381,2.05580536872712e-12,2.52145675141199e-12
3.23193478640132e-05,0.000633606212401676,2.05739112632292e-12,2.52296064494615e-12
3.2317602288318e-05,0.000633434722619921,2.05540433714698e-12,2.52436566052077e-12
3.23069192077278e-05,0.000633489771983076,2.05714461774105e-12,2.52408530230215e-12
3.23082945960924e-05,0.000633426272533245,2.05725191295961e-12,2.52398290312104e-12
3.22967767449184e-05,0.000633630333116665,2.05649916233995e-12,2.5240909994482e-12
3.22836171509903e-05,0.00063345641654666,2.05811480361514e-12,2.52324673336719e-12
3.228892262653e-05,0.000632928938846319,2.05973890429499e-12,2.52165369400723e-12
3.22859861158262e-05,0.000632694521771371,2.06007847370602e-12,2.52192435954478e-12
3.22721855411332e-05,0.000632689110122284,2.06066804401559e-12,2.5214331220822e-12
3.22678984132684e-05,0.00063247428555374,2.06280323348083e-12,2.52203882490777e-12
3.22928493268353e-05,0.000631950817876791,2.06434725022181e-12,2.52284983645093e-12
3.23038798934563e-05,0.000631847140626379,2.06296286392824e-12,2.52295290887015e-12
3.23002104348878e-05,0.000632152733449289,2.06357705969961e-12,2.52308720992993e-12
3.22749348632014e-05,0.000632257109132924,2.06282126630115e-12,2.52341413362096e-12
3.22935828199279e-05,0.000632263923906582,2.06321422613668e-12,2.52252265375736e-12
3.22934852823928e-05,0.000632224271909694,2.06318556744714e-12,2.52255783682422e-12
3.22835121060251e-05,0.000632042613441437,2.06448291687917e-12,2.52279424965207e-12
3.22825351149218e-05,0.000631835080710398,2.06380955798189e-12,2.52245641860495e-12
3.22713158400905e-05,0.000631750262027406,2.06251199698105e-12,2.52254782296575e-12
3.22844030958785e-05,0.000631585106263784,2.06237762231972e-12,2.52165864958917e-12
3.22700959253374e-05,0.000631854008776991,2.06557326197928e-12,2.52192306555156e-12
3.22696452665359e-05,0.000631819703479689,2.06560552458141e-12,2.52225346892571e-12
3.22854546228511e-05,0.000631655322699003,2.06483141766144e-12,2.52181424052951e-12
3.22920133985581e-05,0.000631581122111607,2.06584468117072e-12,2.52265321774207e-12
3.22848610262346e-05,0.000631711824260391,2.06676207027914e-12,2.522830311049e-12
3.23006648090404e-05,0.000631647302684534,2.06762875801249e-12,2.52176166261459e-12
3.2305203980842e-05,0.000631974821954366,2.0668177592538e-12,2.52061616017551e-12
3.22919587575197e-05,0.000632040195006179,2.0657442266302e-12,2.52095401634205e-12
3.22817672801446e-05,0.000631888550555329,2.06603155865185e-12,2.52032629383402e-12
3.22694357669982e-05,0.000632390745073585,2.06789582942195e-12,2.52016594413821e-12
3.22529672678187e-05,0.000632227875580347,2.06866163007357e-12,2.52089481220091e-12
3.22517327025048e-05,0.000632295852363149,2.06702027203859e-12,2.52027191462874e-12
3.22514604324639e-05,0.000632346941675343,2.06676790543266e-12,2.52045040146917e-12
3.22565620560453e-05,0.00063235160088384,2.06641925205019e-12,2.52073443551565e-12
3.2252646791871e-05,0.000632304500451395,2.06684644886552e-12,2.5211743018723e-12
3.22290153931943e-05,0.000632299911454767,2.0657032653684e-12,2.52069068230271e-12
3.2223593751524e-05,0.000632225011905353,2.06477021256044e-12,2.52160569280914e-12
3.22188873350247e-05,0.000631914915194975,2.06357741829341e-12,2.52103988008407e-12
3.22072281774117e-05,0.000632020335816802,2.06250006195299e-12,2.52202297621595e-12
3.21994015312313e-05,0.000631944880822783,2.06190679933635e-12,2.52149689300825e-12
3.21887632310288e-05,0.000631891690157243,2.06252325752353e-12,2.52197946081396e-12
3.2193966688231e-05,0.000632141540689372,2.06342875552217e-12,2.52230954110982e-12
3.21748552662665e-05,0.000632170500037112,2.06253963161124e-12,2.5228265370633e-12
3.21790882856521e-05,0.000632241007847644,2.06193174583194e-12,2.52334260372129e-12
3.21780436237408e-05,0.00063208683659866,2.06146049637719e-12,2.52407986459501e-12
3.21769677588389e-05,0.000632075434307957,2.06180677167066e-12,2.52487240895691e-12
3.218799020214e-05,0.000632184568987813,2.0618770514538e-12,2.52654912318983e-12
3.2183374525054e-05,0.000632554110048513,2.06288467307666e-12,2.52541111895377e-12
3.21827047699248e-05,0.000632583117804432,2.06286689279633e-12,2.52534000862274e-12
3.21809265825247e-05,0.000632741368690656,2.06260210315576e-12,2.52480912291291e-12
3.21823358971476e-05,0.000632817126387321,2.06436800863325e-12,2.52553398197383e-12
3.21786862056713e-05,0.000632724593745665,2.06449609342558e-12,2.52520190826566e-12
3.21626000245392e-05,0.000632893312380828,2.06161877490408e-12,2.52428462648833e-12
3.21709919813834e-05,0.000632640204195794,2.06188117146141e-12,2.52320464516067e-12
3.21655555235147e-05,0.000632751446134263,2.06180645598143e-12,2.52344553118663e-12
3.21526096564806e-05,0.000632755688371949,2.06208451433383e-12,2.52375176058741e-12
3.21363153805594e-05,0.000632864640094892,2.0615341089343e-12,2.52319929216079e-12
3.21183586203591e-05,0.000632768302806677,2.06205115514072e-12,2.52579542037521e-12
3.21118811180934e-05,0.000632916134920297,2.06306647793224e-12,2.52578431347719e-12
3.20795669621998e-05,0.000632872068423991,2.06222098855958e-12,2.52558190953014e-12
3.20830962589601e-05,0.00063280233324329,2.06252831628583e-12,2.52539155894956e-12
3.20842908373259e-05,0.000632810827963093,2.06187493365997e-12,2.52369997321155e-12
3.20818414151516e-05,0.00063271801575042,2.0619667070182e-12,2.52399683804694e-12
3.20813294026593e-05,0.000632585604948459,2.06198723602551e-12,2.52480999913897e-12
3.2085001751303e-05,0.000632609734096306,2.06203158950712e-12,2.52487977772663e-12
3.20824051410553e-05,0.000632368686330655,2.06188992040332e-12,2.52467292781909e-12
3.20870171781764e-05,0.000632704403170114,2.06411137410473e-12,2.5229845033339e-12
3.20941995828615e-05,0.000632669193077911,2.06426709686495e-12,2.522416911118e-12
3.20926483764189e-05,0.000632615462653279,2.06413925687814e-12,2.52226019032213e-12
3.21001271275157e-05,0.000632617837922176,2.06421414197511e-12,2.52311524131069e-12
3.20969009841665e-05,0.000632592045786067,2.06407629636189e-12,2.52326848351249e-12
3.20894511346823e-05,0.000632687757932926,2.06458111487208e-12,2.52341588038152e-12
3.20936364919543e-05,0.000632817236133253,2.0627885143211e-12,2.52342953566808e-12
3.20898688235464e-05,0.000632774842986034,2.06296842430609e-12,2.5234058105208e-12
3.20886222824109e-05,0.000632830412018625,2.0629958842504e-12,2.52342418056136e-12
3.20815270084046e-05,0.000632707494499095,2.06289038763412e-12,2.52302843238322e-12
3.20875576855471e-05,0.000632937569476645,2.06228996467789e-12,2.523263313327e-12
3.20832462986851e-05,0.000632884433619766,2.06347474601307e-12,2.52364238456176e-12
3.20804034045345e-05,0.000632974064647461,2.06435583006598e-12,2.52333985264483e-12
3.2085285562548e-05,0.000633052930143688,2.06419481754101e-12,2.522969595557e-12
3.20831754615762e-05,0.000633412870897373,2.06444999553321e-12,2.52249957625287e-12
3.20906542605763e-05,0.000633304985019012,2.06384362951334e-12,2.52230163135299e-12
3.20875723655431e-05,0.000633085401243491,2.06361121014102e-12,2.52133717326777e-12
3.20997083443605e-05,0.000632970317141345,2.06287475388822e-12,2.5219504691257e-12
3.20869493364245e-05,0.000633143634544873,2.06264385743849e-12,2.52188292735511e-12
3.20925403039409e-05,0.00063316820425934,2.06234492008178e-12,2.5217927817696e-12
3.20929404802695e-05,0.00063317674479691,2.06226003720294e-12,2.52174303101903e-12
3.21065330101488e-05,0.000633090830289024,2.06380651427579e-12,2.52259791703399e-12
3.21065134420658e-05,0.000633095861591015,2.06340968376465e-12,2.52214133806402e-12
3.20990325009251e-05,0.00063328900609664,2.06461886568304e-12,2.52194525349255e-12
3.20995993202781e-05,0.000633348570900227,2.06449439900544e-12,2.52153396926576e-12
3.21084130035095e-05,0.00063320719041375,2.06428741798321e-12,2.52035459363774e-12
3.21178793995871e-05,0.000633529324695897,2.06369523712949e-12,2.52065998109534e-12
3.2085475535249e-05,0.000633695444134413,2.06471861556247e-12,2.51969663163684e-12
3.20870947749219e-05,0.000633687343908546,2.06524488302875e-12,2.51990304898199e-12
3.20872080835277e-05,0.000633480207553638,2.06454497914777e-12,2.52163920251102e-12
3.20884844626033e-05,0.000633718129423359,2.06418540954017e-12,2.52146934596953e-12
3.20815523026776e-05,0.000633752167857882,2.06380907923781e-12,2.52134854127901e-12
3.20853709124108e-05,0.000633712607107216,2.06355292367401e-12,2.52071797599675e-12
3.20842513607784e-05,0.00063354244116874,2.06421327241058e-12,2.520253669701e-12
3.2090902553827e-05,0.000633512332922807,2.06410082894253e-12,2.51981197561119e-12
3.21007354036671e-05,0.000633536008792269,2.0637073424523e-12,2.52024546409201e-12
3.20936814665732e-05,0.000633367512618456,2.0637441724854e-12,2.52042726599999e-12
3.2103362111696e-05,0.000633438915019878,2.06372738215218e-12,2.52016054482513e-12
3.20956202273198e-05,0.000633402333392436,2.06313403212945e-12,2.51992633388611e-12
3.20965791502405e-05,0.000633170352145503,2.06180706103032e-12,2.52004454769431e-12
3.2098195250935e-05,0.000632994148580548,2.06139434050012e-12,2.51945486375275e-12
3.20964079617227e-05,0.000633039162488821,2.06244846069914e-12,2.52090175919008e-12
3.21003711944055e-05,0.000633441463051862,2.06305226721041e-12,2.52005926740656e-12
3.21009670038266e-05,0.000633392568754359,2.06345802943617e-12,2.51989917663176e-12
3.2093789921671e-05,0.000633293786892945,2.06429370857701e-12,2.52057523770527e-12
3.21004113786133e-05,0.000633302369091127,2.06341274536367e-12,2.52081853815466e-12
3.21008972388686e-05,0.000633218261550474,2.06238799307133e-12,2.52098669572613e-12
3.20907139096867e-05,0.000633369308354392,2.05997744022797e-12,2.52144073588368e-12
3.20942271714003e-05,0.000633419583791448,2.06058606807458e-12,2.52111668277195e-12
3.20850612651156e-05,0.000633381338035775,2.06218227949054e-12,2.5202134924694e-12
3.20670209627379e-05,0.000633492225959049,2.0624825140742e-12,2.5183713392876e-12
3.20745046840709e-05,0.000633519721916378,2.06178454416881e-12,2.51880918702479e-12
3.20690940831167e-05,0.000633509856238215,2.06222877916193e-12,2.51888202010553e-12
3.20749515532979e-05,0.000633694812844235,2.06443549899184e-12,2.51606363335448e-12
3.20750119962841e-05,0.000633697648985494,2.06441523565337e-12,2.5160502606053e-12
3.20745934755875e-05,0.000633630165955644,2.06570313253275e-12,2.51592130202236e-12
3.20630473721007e-05,0.000633987702267222,2.06385006328239e-12,2.51497616310745e-12
3.20630189311747e-05,0.000634017876366948,2.06384484243981e-12,2.51522680501487e-12
3.20667127031355e-05,0.000633984527621059,2.06228749709939e-12,2.51583546877939e-12
3.2069352433835e-05,0.0006338812448403,2.06477696052347e-12,2.5172801702899e-12
3.20825287578353e-05,0.00063390060888522,2.06150120154314e-12,2.51880441695942e-12
3.20848474714231e-05,0.000633931439834101,2.06130350997305e-12,2.51860453134957e-12
3.20783494871979e-05,0.000634224373606453,2.06165925726701e-12,2.51760244773333e-12
3.20796043892532e-05,0.000633988778367851,2.06352504984965e-12,2.51638846788804e-12
3.20716311387419e-05,0.000634148902053895,2.06308037104361e-12,2.51603609838647e-12
3.20682681348505e-05,0.000634131120638382,2.06302699219053e-12,2.51594223526491e-12
3.20633076379693e-05,0.000634017404455987,2.06314780862557e-12,2.51635405312115e-12
3.20739793074714e-05,0.000634013051955316,2.06278505113178e-12,2.51666889614218e-12
3.20713199263133e-05,0.000634010183939738,2.06227751369334e-12,2.51694110818942e-12
3.20535101378433e-05,0.000634006353210096,2.06201541637673e-12,2.51719942407549e-12
3.20444387956593e-05,0.000634055588605126,2.06275740962453e-12,2.51728610838551e-12
3.20399066264011e-05,0.000633980946796761,2.06226115549367e-12,2.51732840542944e-12
3.20493082947569e-05,0.00063418217417202,2.06220058201462e-12,2.51766066063213e-12
3.20382753867588e-05,0.000634132981031499,2.06218733089107e-12,2.51740574244591e-12
3.20358680162206e-05,0.000634037314735007,2.0630621207867e-12,2.51747535541074e-12
3.20380546555715e-05,0.000633840404034487,2.06250631609849e-12,2.51691469122329e-12
3.20398415492837e-05,0.000633773720406956,2.06257572763492e-12,2.51686874055506e-12
3.20412325339805e-05,0.000633570172416282,2.0634525923898e-12,2.5164279741959e-12
3.20442344898054e-05,0.000633580089230398,2.0642497578341e-12,2.5160227639223e-12
3.20448641513448e-05,0.000633584570913894,2.06401691756035e-12,2.51619883502746e-12
3.20222717749943e-05,0.000632847945688495,2.06539689535565e-12,2.51691941062145e-12
3.20201399469832e-05,0.000633037008567665,2.06508618451961e-12,2.51614548006276e-12
3.20204410539385e-05,0.000633029512254315,2.0651209075572e-12,2.51619306311657e-12
3.20210206813078e-05,0.0006328957374441,2.06502012730762e-12,2.5159134287458e-12
3.20332125281859e-05,0.000632692744414069,2.06658881585473e-12,2.51756235197454e-12
3.20379093863172e-05,0.000632426320834377,2.06590793019981e-12,2.51792951341693e-12
3.2029491444867e-05,0.000632366321472183,2.0669172980231e-12,2.51750635779839e-12
3.2022267533141e-05,0.000632301136352125,2.06766893508541e-12,2.51719939622431e-12
3.20162235084786e-05,0.000632326188734448,2.06767669758898e-12,2.51713629383309e-12
3.20250597701148e-05,0.000632435225139377,2.06601911153379e-12,2.51670801771671e-12
3.20150868548356e-05,0.000632565701867648,2.06557604729279e-12,2.51654940182796e-12
3.20022316821999e-05,0.000632512510022003,2.06504554205125e-12,2.51673296521849e-12
3.19954483123622e-05,0.000632483840455779,2.06642929159519e-12,2.51609547423456e-12
3.19866350907631e-05,0.000632401168438588,2.06561124051249e-12,2.51624830282609e-12
3.19859654513499e-05,0.000632684854141178,2.0648631887885e-12,2.51654852409519e-12
3.1997613675907e-05,0.000632993536011115,2.06508497021655e-12,2.51641270885892e-12
3.19929769382859e-05,0.000632905250529962,2.0646267141094e-12,2.51548857198376e-12
3.19950124644365e-05,0.000632891136082454,2.06492061077154e-12,2.51602135267687e-12
3.2012514693033e-05,0.000632778290929713,2.06504490524883e-12,2.51619638068164e-12
3.20160323934052e-05,0.000632776379478422,2.06457711623478e-12,2.51682540715522e-12
3.2015921804282e-05,0.000632855668023497,2.06552735321762e-12,2.51711364309875e-12
3.201335136176e-05,0.000632870125305525,2.06542127847736e-12,2.51713702499453e-12
3.20091778510198e-05,0.000632888616668828,2.06544321628803e-12,2.51797061044741e-12
3.20224881607822e-05,0.00063264608574489,2.06671419812338e-12,2.51945176953136e-12
3.19992565470088e-05,0.000632491443092541,2.06743236658088e-12,2.52069756707165e-12
3.1999640599278e-05,0.000632490092488151,2.06741297666706e-12,2.52073362331023e-12
3.20015485386378e-05,0.0006324445224781,2.06800425301088e-12,2.52093073438829e-12
3.19998288530624e-05,0.000632328977323363,2.06735140876887e-12,2.51990735641595e-12
3.19820859752503e-05,0.000632610923231333,2.06556137935264e-12,2.5192746806616e-12
3.19820826546401e-05,0.000632698436831313,2.06525811593114e-12,2.52030090218347e-12
3.19823091263958e-05,0.000632869495764544,2.06520099204335e-12,2.52058812436559e-12
3.19779012305045e-05,0.000632871202966704,2.066931303136e-12,2.52313197526795e-12
3.19600269193423e-05,0.000632548056026011,2.06728876583263e-12,2.52684678422375e-12
3.19543748904887e-05,0.000632624573040075,2.06759163332941e-12,2.5279941289804e-12
3.19579227449037e-05,0.000632688744133715,2.06805176844219e-12,2.52841608361604e-12
3.19617347830685e-05,0.000632607245597835,2.06789229899243e-12,2.52851535516877e-12
3.19526728330175e-05,0.000632296084232398,2.06864077414753e-12,2.52812828681088e-12
3.19498685637766e-05,0.000632337753805034,2.06884388741458e-12,2.52878018104236e-12
3.19523341151873e-05,0.000632345173462476,2.06931053082472e-12,2.52891271500797e-12
3.19546010117096e-05,0.00063231219839764,2.06916885676539e-12,2.52892356715327e-12
3.19519993824921e-05,0.000632258373163755,2.06951886351166e-12,2.52764591067211e-12
3.1951897602376e-05,0.000632276508628596,2.07022666627868e-12,2.52738973462266e-12
3.19599898385816e-05,0.000632314245363157,2.07016178007713e-12,2.52663635880635e-12
3.19483452167747e-05,0.000632290892472902,2.069552150415e-12,2.52476460297748e-12
3.19431029632023e-05,0.000632243893436314,2.06945286490957e-12,2.52584660364995e-12
3.19429394368369e-05,0.000632253069911918,2.0695604257185e-12,2.52610770648937e-12
3.19490480631699e-05,0.000632206207713045,2.06991194921895e-12,2.52605020221132e-12
3.19646781489111e-05,0.000632488571852064,2.06800443852648e-12,2.52459590679081e-12
3.1954675770845e-05,0.000632417685268429,2.06835670377153e-12,2.52434322967507e-12
3.19564217136191e-05,0.000632423975837722,2.06816990438761e-12,2.52207156536767e-12
3.19694877324486e-05,0.000632644113187172,2.0674804311724e-12,2.52200807325125e-12
3.19709309525275e-05,0.000632692040480473,2.06712628541317e-12,2.52207698214728e-12
3.19703799787194e-05,0.000632903246173492,2.06578030321486e-12,2.52242600740414e-12
3.19621679378351e-05,0.000632832103239822,2.06929792583965e-12,2.52228142140468e-12
3.19690223261038e-05,0.000633004641630914,2.06924760635424e-12,2.52220078315604e-12
3.19640340320369e-05,0.000633223615698887,2.07019584577518e-12,2.52321194515841e-12
3.19662819188675e-05,0.000633355386230372,2.06977211612649e-12,2.52333916242534e-12
3.19853811798598e-05,0.000633167249914373,2.07059393166734e-12,2.5216403451223e-12
3.19937317279357e-05,0.000633145592371125,2.07047734782643e-12,2.5215412265782e-12
3.19940729147854e-05,0.000633214740795022,2.07060516687243e-12,2.52191408358139e-12
3.1995176266846e-05,0.000633291082183071,2.0708465481575e-12,2.52207863813836e-12
3.20008297533244e-05,0.000633249716488217,2.06970943717188e-12,2.52184121680549e-12
3.19942229042536e-05,0.000633499531697525,2.07097251904014e-12,2.52113672020364e-12
3.20010039488696e-05,0.000633501533368237,2.07019902880964e-12,2.52102049134428e-12
3.19908594644803e-05,0.000633394769139055,2.07029397754102e-12,2.5221855016766e-12
3.20012557739024e-05,0.000633453918177227,2.06888502620951e-12,2.52133909526271e-12
3.20041388357165e-05,0.000633436718270309,2.06870285898914e-12,2.52055796826104e-12
3.19987252959891e-05,0.000633438286515126,2.06850353884766e-12,2.52049091729147e-12
3.199699701629e-05,0.000633412629979649,2.06831449868788e-12,2.52064215944502e-12
3.19995885240315e-05,0.000633240351364741,2.06735046507468e-12,2.52075491339836e-12
3.19925931915892e-05,0.000633109644076737,2.06633298099989e-12,2.5206143500494e-12
3.19887027962367e-05,0.000633074778224253,2.06793981540912e-12,2.51982461459458e-12
3.19748147098167e-05,0.000632988048124317,2.06783640328267e-12,2.52006642352104e-12
3.19738888206937e-05,0.00063306653030731,2.06776016739286e-12,2.52001775615933e-12
3.19777372050179e-05,0.000633054841637576,2.06763693770162e-12,2.5207261543355e-12
3.1983039653952e-05,0.000633018266987699,2.06721200462353e-12,2.52092654541962e-12
3.19791977748081e-05,0.000632707099514286,2.06605353103356e-12,2.52053705851453e-12
3.19693380446958e-05,0.000632887074268572,2.06610231352316e-12,2.52015915873841e-12
3.19446522529248e-05,0.000632506171653069,2.06731008259418e-12,2.51913997166473e-12
3.19430179200766e-05,0.000632493388644786,2.0679324980835e-12,2.52013493870545e-12
3.1932470756936e-05,0.000632470530853132,2.06706575385328e-12,2.51996778247293e-12
3.19376329516061e-05,0.000632443485061769,2.06852323883223e-12,2.51998479523526e-12
3.19417219175706e-05,0.000632285450623989,2.06837327737768e-12,2.51951371181877e-12
3.19280164014046e-05,0.000632323207273188,2.06853164538027e-12,2.52014416685029e-12
3.19109548034995e-05,0.000632329550992399,2.06749886180947e-12,2.52012609179859e-12
3.18964632005153e-05,0.000632272647384687,2.06614606837927e-12,2.51959611119026e-12
3.19037810113504e-05,0.000632456181410184,2.06573966175276e-12,2.52012369668846e-12
3.19329337197908e-05,0.000632372568863956,2.06507178173494e-12,2.51927085791637e-12
3.19224601611619e-05,0.000632411805340228,2.0664415323077e-12,2.51889257296438e-12
3.19176097384247e-05,0.000632388527721815,2.06679557867726e-12,2.51882845474991e-12
3.19108538317352e-05,0.000632338933530264,2.06598765421267e-12,2.51864488139127e-12
3.19110687430532e-05,0.000632320636666708,2.06676585518045e-12,2.51875446658835e-12
3.188832828241e-05,0.000632170552556226,2.06795794129296e-12,2.51836827383158e-12
3.18787902838994e-05,0.000632348294340768,2.06938728289592e-12,2.51819567011521e-12
3.18748788850275e-05,0.000632320612209037,2.0695082908145e-12,2.51784467324624e-12
3.18760113915851e-05,0.00063230887224603,2.06969813220279e-12,2.51804769008451e-12
3.18635025447065e-05,0.000632009801293171,2.07238693383074e-12,2.51781508805749e-12
3.18666978289826e-05,0.00063202190146251,2.07311533929465e-12,2.51722316663323e-12
3.18606297580377e-05,0.000632312219407381,2.07511459681469e-12,2.51701827101404e-12
3.18481324931441e-05,0.000632472638094369,2.07484800192808e-12,2.51537785439023e-12
3.18442150500643e-05,0.000632450466340029,2.07503582309829e-12,2.51549303896988e-12
3.18562571034928e-05,0.000632562405466576,2.074952005505e-12,2.51591463436947e-12
3.1854011916316e-05,0.000632558616366626,2.07517071388621e-12,2.51582806391948e-12
3.18461050559036e-05,0.000632753933961365,2.07521971787863e-12,2.51585115351872e-12
3.18506917659929e-05,0.000632779843772308,2.07530545809354e-12,2.51563366516543e-12
3.18528066737218e-05,0.000632897143418421,2.07528243437663e-12,2.514688861069e-12
3.18528420374701e-05,0.000632883861588138,2.07518267746633e-12,2.51465275753488e-12
3.18622429054211e-05,0.000632676548522465,2.07535877918372e-12,2.51446411208361e-12
3.18540618398228e-05,0.000632335089843222,2.07504636849821e-12,2.51473255654516e-12
3.18349684728461e-05,0.000632404630436441,2.07604588219908e-12,2.51596344884688e-12
3.18380045152852e-05,0.000632691212628743,2.07615151847516e-12,2.51610825315839e-12
3.18072671611617e-05,0.000632606295167822,2.07691517053365e-12,2.51668527667091e-12
3.18183247047027e-05,0.000632747627381096,2.07666491231106e-12,2.51696226608389e-12
3.18073548601496e-05,0.000632707237909058,2.07607600150823e-12,2.51722933735962e-12
3.17957950328825e-05,0.000632329565592068,2.0780227404347e-12,2.51601476311771e-12
3.17995063263176e-05,0.000632368978767722,2.07911996386794e-12,2.51603555250728e-12
3.18017513511949e-05,0.000632363291309658,2.07785141987955e-12,2.51713193246547e-12
3.18053173886692e-05,0.000632371891092536,2.07789724987316e-12,2.51726201151527e-12
3.18021700984584e-05,0.000632359737774572,2.07801397836824e-12,2.51729761344829e-12
3.18041603409702e-05,0.00063240679149658,2.07834559372421e-12,2.51640456241532e-12
3.18107502630446e-05,0.000633093923518822,2.07892512999062e-12,2.51642194930661e-12
3.18143066047605e-05,0.000632935372679023,2.07820659649156e-12,2.51647300220449e-12
3.1808472784041e-05,0.000632917443423948,2.07836209218513e-12,2.51727659818736e-12
3.18035603486905e-05,0.000632994009376614,2.07928885742133e-12,2.51696375697851e-12
3.18026668626894e-05,0.000632993869792001,2.07956183104019e-12,2.51688116796592e-12
3.18001763407325e-05,0.000632922426133005,2.079816587396e-12,2.5165941875641e-12
3.1800786279955e-05,0.000633182132391727,2.08092576400772e-12,2.51788084349627e-12
3.18008812881877e-05,0.000633299085833781,2.08117950574843e-12,2.51741519317928e-12
3.18039174259263e-05,0.000633175938737927,2.08115500127603e-12,2.51796227322858e-12
3.17897878407831e-05,0.000633040746803931,2.08045007479632e-12,2.51962102362898e-12
3.17881230227885e-05,0.00063298161461581,2.08007579965293e-12,2.51917261609046e-12
3.18072668781487e-05,0.00063308597123081,2.07915973928706e-12,2.51870858674666e-12
3.18056218850822e-05,0.000632973925102142,2.07883914073064e-12,2.51953612090383e-12
3.1813042488574e-05,0.000632776227725509,2.07822345425997e-12,2.51853535578051e-12
3.18114513922119e-05,0.000632739133451524,2.07725894596881e-12,2.51806774335518e-12
3.18060973341052e-05,0.000632899212824466,2.07637795376531e-12,2.51851119165207e-12
3.180062112373e-05,0.000633061658162419,2.07593924752904e-12,2.51937718401716e-12
3.17995958705869e-05,0.000633352285426052,2.07658451672545e-12,2.51978771827283e-12
3.17916046503561e-05,0.000633864939347081,2.07701840124947e-12,2.51944893797802e-12
3.17921266689187e-05,0.000633792638734882,2.07675546817109e-12,2.5193350209519e-12
3.17964458368673e-05,0.000633833922977826,2.0772699066493e-12,2.5184378190709e-12
3.18017811867488e-05,0.000633946529887551,2.0762478705821e-12,2.51895164409732e-12
3.17892295446484e-05,0.000634229078192403,2.07641757095723e-12,2.51903248660765e-12
3.17739725297791e-05,0.000634159782760807,2.07703098003665e-12,2.51891769148659e-12
3.17644619555661e-05,0.000634040023456686,2.07915506036202e-12,2.51961346841583e-12
3.17651392444499e-05,0.000634068162259518,2.07915281502383e-12,2.51952434738572e-12
3.17521558747565e-05,0.000634102566359896,2.08006543387707e-12,2.51982477722521e-12
3.17652944025049e-05,0.000634081890960858,2.07999521431252e-12,2.52068648257635e-12
3.17658621813729e-05,0.000634096157712399,2.07988653951849e-12,2.52104079271166e-12
3.17652203919488e-05,0.000634086444279958,2.07990203336091e-12,2.52100077322692e-12
3.17665929156937e-05,0.000634066434577626,2.07998406244699e-12,2.52085249597476e-12
3.17725395590502e-05,0.000634312797256194,2.07949193029009e-12,2.51997799267354e-12
3.1778156023102e-05,0.000634284953827291,2.07897809360163e-12,2.52006553569699e-12
3.17778417612879e-05,0.000634177579697477,2.07786609963028e-12,2.52083363406168e-12
3.17685295173283e-05,0.000633978308864088,2.07728396272377e-12,2.52161004970397e-12
3.17717141982072e-05,0.000633911518010306,2.07714401371647e-12,2.52116147703945e-12
3.17838933923508e-05,0.000633620991765751,2.0785121172981e-12,2.52045025519523e-12
3.17818705544548e-05,0.00063353834971165,2.07839522992057e-12,2.52058473062916e-12
3.17833667193783e-05,0.000633409519824084,2.07952316581836e-12,2.52036416858118e-12
3.17848267186328e-05,0.000633455072557354,2.07886895914081e-12,2.52074957717709e-12
3.17833643357971e-05,0.000633399022148895,2.0790947146132e-12,2.52055856529171e-12
3.17842528685518e-05,0.000633227677252453,2.07942938663955e-12,2.52017543753984e-12
3.17848250206832e-05,0.000633147541201292,2.07819148931927e-12,2.51973604100874e-12
3.17873878562017e-05,0.000633169420919165,2.07949555078417e-12,2.5193158715719e-12
3.17957311150148e-05,0.000633245409250731,2.07798413451076e-12,2.51806886868273e-12
3.17803814522456e-05,0.000633073422431245,2.07880926052456e-12,2.5175872307735e-12
3.1780943035763e-05,0.000632697813215632,2.08031714058929e-12,2.51674140152891e-12
3.17765579301376e-05,0.000632668951207288,2.07953703277606e-12,2.51626423583231e-12
3.17793995738923e-05,0.000632732302371002,2.08013077081267e-12,2.51619905392e-12
3.17868895338267e-05,0.000633035113506851,2.0788712941931e-12,2.51364674767842e-12
3.17866138821773e-05,0.000633554115331258,2.08139247103572e-12,2.51337418399021e-12
3.17873381228104e-05,0.000633636635222281,2.08152131226341e-12,2.51374833980375e-12
3.17867541390214e-05,0.000633598578392463,2.08138833039461e-12,2.51330152856977e-12
3.17806570019677e-05,0.000633672447043241,2.08177281706618e-12,2.51327099035746e-12
3.17561928821046e-05,0.000633734428790101,2.08074349920018e-12,2.51426659979173e-12
3.17703589914778e-05,0.000633516043151665,2.07834059839627e-12,2.5139571333822e-12
3.17704425531536e-05,0.000633476742822507,2.07838031968612e-12,2.51403893768405e-12
3.17705914397719e-05,0.000633554496953392,2.07863308503929e-12,2.51376094793935e-12
