"phi_valuesI[1]","phi_valuesI[2]","phi_valuesI[3]","phi_valuesI[4]"
11.2953219928275,5.54581563728367,13.2560538623699,1.74528827552671
7.00067620734537,4.01660803780284,3.73223014396658,4.06490118298743
9.33463845778506,4.7514762623716,7.08662867127218,2.13192838453387
9.53989530471589,4.75080000847813,5.24736094642951,2.13791183275652
7.82897673404968,4.46029274177739,7.45643681577686,2.36688564132714
10.056109352167,5.42455703909234,2.94400878714102,2.99444843740181
7.79338712986555,4.10478254686868,10.6315476071211,2.65152045891961
9.7078789614314,6.1855068698173,3.40577665087867,3.04171707967214
8.57838860142858,4.91768318274162,8.13988355756923,2.54474041576487
6.40505868625074,5.87840098085553,4.22944473958048,3.65317069613691
11.9987965172738,4.56665673540052,6.85264749326391,2.17683092599643
7.36189241580113,6.42053921791291,5.32854391942245,3.25810945663217
9.32608551424937,4.24040906274455,3.23839773767009,1.96795829065378
13.0437083910868,5.84820571924212,11.05030097758,3.33329518688908
9.20445089101909,4.41941351185963,2.55220748783365,2.12216777320046
7.57533267108367,6.1250495138307,6.6587887765446,4.06152897015629
8.5427577266444,5.3366615653579,5.77745488307147,3.27355933490803
7.18127169353004,3.97264976990165,4.13013802318882,3.08493149723838
5.31149161976531,4.61750686712882,6.89461387597953,2.80980475567884
10.0359154495289,4.2654503368058,5.17618905071554,3.01740127391572
8.82586626601178,6.02889885615601,5.07850709529167,2.79940118750895
10.3657590076225,5.70921480142085,4.69235920683006,2.03622457149687
9.84783826360174,5.31699103521627,4.01386921231885,4.00788112874722
8.65808653170572,4.59601949362172,5.43817091916782,1.91427274854378
8.1842805002907,5.22109341813365,5.93616442503013,3.04612171850869
6.89957919356915,3.90642529423046,2.4062725526803,4.30384781969697
8.93198954871056,7.27716712947307,8.98456065662696,2.75501755366044
8.46383947793075,5.09530873931999,10.8516364294156,2.27501373709136
9.77568540568323,5.07233221230683,6.85407185006429,2.90122141360197
9.44451676803054,5.70708131414235,3.8206055178352,2.59959465885539
7.33837167969125,4.67909870991623,5.66915552802157,2.65909541242498
6.14531029274107,5.53912525795827,11.7884532941291,2.51841073550094
16.9464459784766,4.784447405716,2.55102148608359,3.25593595660399
5.19544619003082,5.60263579804569,12.4406786766091,2.82984142610314
14.8734559797412,4.18526719555408,3.52788147840929,3.35520851035405
7.53749389165341,6.48207813801917,3.28559652392325,2.17267716981174
10.0510353146845,4.41215152647677,6.05119572550737,3.65358115626786
7.33345670634971,4.93744901407817,4.13587306880565,1.927261759583
9.34670369420678,5.27163930584803,6.04807664758921,2.55384298318062
6.29290925296358,4.38239709005518,3.54985760303023,3.36687073122736
5.71958160254969,3.90023793995904,2.77771272939569,3.46819231059985
10.398177540082,7.25425958726135,7.50673911467846,2.9259361899356
6.38825875458841,3.93699011642737,5.50248235732314,3.18991376947822
8.90810983344432,7.61021455312098,3.50141176914619,3.48362472095592
10.5516295039645,3.70654834289416,3.69677388996242,2.62853682992848
7.61457622234,5.17919267971793,5.68901150067112,2.55838080505922
11.6603389765417,5.13415462460755,4.43907910792176,1.77717307843331
11.5324460054979,3.43282748121391,5.41489972232366,2.24847725582021
10.7582672052354,4.33449583244647,8.93499008432702,2.81886096193911
7.25098472376924,5.2361860496429,2.93392096151746,3.04646556170049
5.58353545454732,5.81049222678616,6.77580217107488,3.1485850494114
6.21421749380451,5.69056827635673,4.14449436111045,3.00312028022755
14.1100146313699,4.14439332238796,5.99233571058646,2.40336320655274
11.1551153059035,5.9680087496998,10.2142039607386,3.09105529778972
10.2542904690551,4.85172821900486,4.90601308493692,2.55003210433966
7.12499045764326,5.15962691985179,7.05290579203934,2.61152760364053
7.47942372345978,4.70337513828904,5.13457139311609,3.42091749236904
8.40641606121245,6.47057782761116,5.9175414752675,2.26262059990899
14.0831811089205,5.14581502345612,6.38768584844378,3.94063550023077
10.1955786896492,4.7055715992147,4.15375018803012,6.6242055885416
5.70040013367309,4.39109829154063,5.51342563946489,1.77291755610457
10.8828780907234,5.9440711615855,4.44482638975636,4.20939830548794
8.39976886659369,5.22409493460321,6.90411855782808,2.22312637872268
14.3665209319719,5.86467525010365,2.52660933904983,2.76854052597728
5.90073131586504,5.49491443159766,9.13444575580644,2.84164997370193
7.49937207574667,5.12205037589436,6.59552455436187,2.87468852659049
9.46288327522858,4.74965088056699,3.01153679534281,2.47523117311087
8.51409735001906,4.51832829816827,2.61237671411286,3.03533210123197
7.79925930320361,5.85982225382714,4.44231183060311,2.32189188138297
11.0806421952096,4.90583756870253,3.15688108276177,2.60736651625079
15.9154156874201,6.5883292167237,7.20715932836118,2.58923828542713
15.619240699641,8.40570667135274,7.04713319549033,2.39913687342295
12.3404464872725,4.6602741807755,3.1589271666311,3.18904185752783
5.27659865850861,6.78485463860353,9.55032705273491,2.62563767988838
7.19140960262137,6.49491333107835,4.42218618251254,3.14474034989245
7.62526741768706,4.97805639634251,4.56653096155179,2.85846793820786
13.7188873474826,4.76646410502745,5.472023525093,2.64085241377703
6.88668838966708,4.90084811608603,2.97319861805505,2.24512751008292
8.82380065179168,4.11135062128127,3.79176647507017,2.92257324911026
6.62270610186235,4.58289957310031,13.4596108182336,2.22193905247723
7.25392381676628,6.8447148699035,6.28358326304108,3.89052946182106
7.00721997484506,5.25516009687242,2.42692295279859,2.83767037453426
9.13986256547507,4.4214242389261,2.53112964177079,2.93916876115265
9.11074047453712,6.30442393682072,7.12365131482995,2.16896057004695
8.64520477776604,4.47764131775209,3.52810168618536,3.48459839866451
14.9129942102546,4.92332545829684,5.60318258124984,2.53940616245353
9.99750582140243,4.73559042850565,3.40742369747483,2.61602970430191
9.06417282249529,5.98097305245813,11.1718542964474,2.71296194606677
8.76752615859733,5.02889810612938,8.70248542189599,2.53004181606114
8.54394378011772,5.65874640078849,3.29556959505087,3.00765500988574
7.65274746017691,5.46776933470417,7.79359356447175,2.52841240978898
7.612460492789,5.94902393663819,5.19761565188214,2.07941972727491
9.38317850086074,4.45516132166652,4.20706901535602,3.95263119464751
8.8350023731795,5.18436736041485,7.88443494715512,3.33050194498474
18.4543234564731,5.17924525974092,4.00767888210323,2.94913442003286
4.91424238757717,4.96014010208824,6.10879726955716,1.74314655062406
13.6455093472337,4.72037398498611,4.09455881459189,4.36115792166479
8.83688889043822,4.44741202304903,8.52442256086728,2.72583187150535
7.47326663997569,6.36399952018775,2.54919645899383,3.00659345792806
9.57778171300475,5.07765162506201,9.46970448421919,3.08080216569964
8.54389445364492,4.44581875938571,5.53474698781965,2.97432853152439
11.7895257030205,6.24053870713227,6.66954947290899,2.08123795764948
9.73870743674206,8.91407160758795,5.53158176427371,2.49554340336736
10.8481329994474,6.33609948526437,5.86801168908779,1.80623675726497
10.5820892000149,6.16308695951888,6.14405403836505,1.76794083137706
9.38811473054309,4.74929346160635,3.97460795497956,5.23283042520134
9.85337506015789,4.7985668867254,4.03784208400754,3.4724550790861
7.81387096505718,5.30804763531881,5.0307509432367,2.29914259839522
10.2370916970887,4.44330955199068,4.21977217651675,2.79686032182058
8.7700208826965,4.18376342705508,5.24428576656341,3.00665650423938
10.2707471187923,6.82751785384136,9.51316276348927,2.12604231412636
8.77541260748638,5.6541898995965,4.90749387403573,2.66908017221568
8.45425004773946,6.24736822917036,6.84896853524162,2.25979099308686
6.76979024576883,5.72775595941382,4.82559749372707,2.70929753520824
8.32826152207721,5.41717368356298,7.09771116699166,2.01147427863625
9.99047194964628,5.21491078889809,5.1718849585823,3.50578517562999
6.94709434782748,5.6388708181584,3.82869843791999,2.48502664962037
7.86911083853938,7.03877157042717,4.81975227915096,2.75614608012777
8.75891229646309,5.53550177297671,3.65688832187001,2.6641612899175
8.3269188383076,5.6523580406479,7.08474307558984,2.68555182596709
6.82850032299122,5.88851839280496,5.00773676608231,2.79009183131554
15.6928361906585,6.12933295320951,3.29859212618422,3.48490641031508
7.63068370798378,5.54809864097604,6.96772185131437,2.70157338651918
12.4000214163102,7.31249564614999,4.35820113643006,2.92435575121537
10.308891476346,4.87050711325596,5.1584486040645,2.24497948943664
9.19998177238842,5.36350310785873,4.61296528536507,3.39255201059332
8.64239623779012,5.01815069657327,4.92904425768435,2.3242595951876
9.40667858181872,4.5876289366768,3.65778888360859,2.75657110162977
7.72172341102553,4.93500507128799,2.90749835978668,3.15738842248498
9.82571241709608,5.21363106562365,17.0820146124475,2.22203685222262
7.73525583159912,5.61748038357247,4.32284265717458,3.50384324482045
9.70897442647389,6.09147328213154,6.38923844028912,3.49966664745027
9.39977820500989,5.05083506163517,7.79074893654946,2.41882150297592
7.72568238320121,5.97336952674828,6.71953829066298,3.33269850388297
9.53065951484931,4.88767706686693,3.5424249434586,2.93683752058143
11.7612076441251,5.36785198852347,8.18866033909275,2.45309729629109
7.85823196697312,5.61722148435786,3.86770777145161,2.75826997750614
10.3183162378932,6.28583959405949,8.11804700870926,3.28855872749419
7.64771341805146,4.52551658770943,3.71162068416356,2.53758683276873
6.75854750368016,5.42345719854089,4.19832900986921,2.70528471979711
8.0966883838575,3.85338724703358,3.82943516613255,2.44313343957848
8.11751165113813,6.30763374919612,4.26242591991613,2.48118761300619
10.0736330454697,4.50075297727037,3.89136669632684,3.02504412581507
7.6642592580764,5.55285969978572,4.56980459724286,2.63937485186845
8.40196932600847,5.17463140513858,6.42519135210854,2.98990787343306
8.70060387391312,4.72078584794857,4.18379933384487,2.93137640621869
10.2745807523103,5.38539719552261,4.62333266308379,1.98523641262876
11.9895418367255,4.77778717445754,5.06723035829826,2.24269012155857
6.48445299159732,5.69226497839451,5.85031381535207,3.11587505657423
10.8353489423454,3.84404877410068,5.38199919912026,2.55403745987783
7.81372866069543,4.6978502950292,4.09719759160042,2.48431293473419
8.80729012587679,6.32483251242146,4.45243638291816,2.55076306464301
6.86900764092972,5.78444979670412,2.39163273762632,2.81067609301676
9.16270729868661,5.03156133526653,9.15808937786939,2.48818605659415
8.85377519720237,4.61351824541379,5.36077068036885,2.57234236854442
9.72989718639857,4.19189269695041,3.68468395184812,3.34268151182493
8.55452141970515,4.82558486075632,7.48429631316136,3.58461816900671
10.4297606446815,5.17455481262225,8.86144571599146,2.55736297841927
12.7323326413579,5.93368587230733,9.13015853120548,2.58941199888933
8.86273688857868,6.03354964558741,4.99675635133241,2.3271336750398
10.5705496101116,6.99973930679721,4.30811174260422,2.43444009193952
8.01826523536164,4.0186682171521,5.91692247693167,2.93696854144545
11.0304988091732,7.17852325504063,4.5677174566463,2.56111253270357
13.6182502904378,7.48368233458908,7.85202734963688,2.18165470051836
6.84627747437488,4.48519684029828,2.81319625526926,3.2364283833679
11.678114458032,7.19434700533879,16.8908211592019,2.44338910858592
12.608890637372,3.19852456834704,2.71882278203026,2.9517632848744
5.79062166311884,6.19866120949164,14.8445346942848,2.14073700677607
18.1029944894645,3.52169427123815,5.68430177604248,2.913176566685
5.36493780497308,7.9668574523109,3.64206237069582,2.76275656604103
15.8349850293776,3.67880389460533,9.62993802945683,2.93285098898974
12.2531393875728,4.50116055106991,8.83172608620604,2.32458973205684
12.2808960645074,4.58885374015593,8.12926653565532,2.36428208951949
12.0209814347927,4.07625385586154,6.31374947344214,3.24834204812437
5.41184523676283,4.24814256995089,3.30198633258196,2.62192030941663
10.7648027326523,7.03135845670073,4.35196310896335,1.89924273548046
8.35536431531585,3.46848274775604,5.32258086156492,3.46447331090747
7.98261359839042,6.62704408816744,2.62880167520376,2.95603189557316
10.4495639675511,4.14281085615447,14.3792246482686,3.06261217939353
6.33581306718119,7.70842505329892,2.57482410264993,2.12044626619634
6.12279590515882,8.66371887164592,5.10418870483502,1.85718972613062
12.3623303092462,3.29653279977049,5.73432577091295,3.39222679425086
7.15961145877435,7.92492119812867,4.77099409670469,2.53004688809124
12.6132158630839,4.27200572862465,6.15476976883131,3.23999484686593
7.30375082158039,6.63194609368562,5.06781845755245,2.01526746864658
8.82535605015879,5.78317637803881,6.66746570375158,2.91588888526736
7.49655294612507,4.09282220455728,2.51337242168021,2.08677001436
7.27403850054219,4.03832408162796,7.19665214069893,2.04134148010819
8.9862106457686,5.2220611321304,4.29920051831957,3.31330640405856
8.27463046617329,4.23526263890715,9.16163264430086,2.54973633007558
6.16517065503399,4.44695743626487,6.06542316599289,2.80137149211665
12.3427951082569,5.24701663275011,5.54707689094494,2.60783249719628
5.18467822465515,4.51707589118384,4.29710132063209,3.05449223210286
4.99407209635478,4.1123263422592,7.33982865830737,2.52950376440518
11.545080723055,7.2845893925712,2.89768451314462,3.6007444248352
6.66891391326341,5.0181620542766,7.38442710217544,3.54211898734348
9.05441902006976,5.15260317208513,4.67028724063295,2.73594795182806
6.72653556425754,5.03713427942959,6.42111924720517,2.35886124735084
5.84863021575396,4.34003187848064,4.86275971866083,2.51264936952936
14.241226509265,4.96758888067125,5.27470458484236,2.33757328683566
9.61051116739637,4.80465570682397,5.10148597532802,3.3887864031826
5.87283203691568,6.35762489560118,3.67944980202721,1.68778522180352
10.9540249339638,5.52690456141809,8.10899682704824,2.62297660832433
7.88823655472115,4.78658301825183,5.49185012147451,2.40153407144744
8.59171183495463,4.22977302180836,4.85705412095907,2.95567775086011
12.9645916815297,5.81761852146877,7.68338098206007,1.87290918652899
6.86126706944577,5.20870443867411,4.03088273268034,4.2914229948946
9.74705984056618,6.13647860324433,5.92897770713778,3.44648888045341
5.32181777861687,4.24286739675321,7.57604164600623,2.50931471269261
12.7829384868997,6.72622967865054,2.94521142295831,3.13790624140147
7.65585304611021,4.96847549021974,7.35004334514055,2.73806587526474
17.5574880340755,6.22079307024703,3.89042729706759,2.62604361905539
6.1089078603273,3.78852489646411,10.3412028278309,2.83883855030318
6.50335489026461,5.50154718388556,4.31957245366479,2.86534112080925
9.91416453622256,5.83707316833661,4.48315412659018,2.50407887635072
8.60813954814541,5.15604378467824,5.25037131345036,2.59903430163941
9.30465412793652,5.3014572234325,7.29552688408941,2.74486066847235
9.3545140224592,5.42629770843283,3.32283106000941,2.58288518541971
8.22097139008669,4.4789300428697,4.81318745512765,3.50468593388548
5.86404220123028,4.69437013437657,4.16337895490718,3.82968268200236
17.1095111221231,6.1351120760341,11.412258023693,2.54093621668852
9.01123416617437,6.58997402947007,4.38002818980857,3.29731375355265
7.91526631575854,7.27454879834171,2.99603751317633,2.71091300280629
12.6952057456442,3.46281079951043,7.95571190477103,2.91751452420782
7.38095424229511,5.36858080764168,7.80193313485615,2.33976645817274
5.9717601629428,4.50028794677962,5.01584769347915,2.90049964609509
16.6012536417475,6.51550489930525,7.88577948796741,2.74898113604853
11.0628314180302,6.6919465577554,4.7017419724189,2.84533356922523
8.68304649874248,6.46366168867195,4.51015140489157,2.73785373944112
7.80840786289196,3.796864739456,6.78947861679615,3.04854352037686
13.3803867528113,6.01723771753571,8.11172123119435,2.61647662746763
7.77319480843377,3.57565396360263,5.89853433943149,3.4399691945119
7.98589829465594,5.71287467863304,4.17580043420353,1.74480372943106
10.9821348384428,4.93528590855888,4.98678003107888,3.28610771629079
9.96276000275936,5.73260997780748,1.53129465481824,4.07160328182433
13.9263308893205,3.85922495930298,12.5520724166941,2.55045595571857
12.878228808833,6.01717465284143,2.5048233211874,2.77211849546613
9.95647020508959,6.59071081934674,8.83409957887761,2.75910643308809
9.45447243889673,3.90044434426206,3.05086578634454,3.01682954220527
8.12721255226196,5.12785620982074,3.17200447098333,2.85544230250896
11.6126759369853,4.72191185656166,7.15596079162901,3.26048672129543
6.72751829661579,3.73717833549289,4.65486938982846,2.18203266295354
9.96824874315086,6.73324079676802,4.38215966017678,3.75486317764323
8.1757159660133,3.70584689696911,4.97901923362596,1.87261681054559
9.27195958681772,8.17235277898202,4.34634883421736,3.59147277764717
7.20785776365944,5.29088121923536,9.10630724411424,2.86393179815273
6.58740399332986,5.53163444325833,18.2671450695889,2.26977379193459
10.9127758163187,4.50290214193584,7.51767814876689,2.67266174590213
7.60300311261209,5.34078321168525,4.94787035528303,2.83320074279541
13.2997071748123,5.37366383467965,5.76465525416914,3.06224180404655
6.12200268257925,5.12409173985962,4.33736754721121,2.82947899139291
6.68959363102318,5.51820547794064,3.52719089197283,3.24916429637749
14.8047978390135,5.22150279329382,6.9138841991153,2.52949461087222
5.18553709350667,3.35904384454799,4.54384933866951,1.66731685244988
16.0747567464656,7.3600646871173,4.98582979290328,3.19866308542633
5.7019760994257,3.97073802977229,8.46227876641981,2.23644988541373
8.44938707071145,4.84683665484404,7.10254257626759,2.17104174180683
10.089326510691,5.4233484175643,4.73444371542081,2.13317222895126
7.61840948626276,6.04947457889708,5.0983075647554,1.90207746350455
8.68776127251838,4.54739325118143,6.32188696583441,3.03218154205302
6.74259123263885,6.38080446833849,7.24191261037931,2.55278091292956
11.2167795068909,5.11427422590826,4.30451572760703,3.39462514451523
7.69829525188851,5.2679072657258,7.79428539993626,2.65689791806729
11.5673114128534,4.76464773895679,2.0367503346777,3.69464930340551
7.47296873845305,6.4750327618685,9.72961182742159,2.02623978122874
7.70241201064,4.53172614988581,1.97764976626353,3.59090946390664
11.2584458420057,3.71828643973998,4.34808617658377,3.58224878488828
5.93733849418742,8.26600281632618,4.00073052263704,2.23846523123896
5.4730418239143,7.21702072656743,3.27164589158697,2.34393407390303
15.6715823310171,3.57626541149188,6.31124683882268,3.17156438886954
6.47548819374568,4.98786370269247,5.93401631016545,2.5066506908258
9.49701350828324,5.73985059084632,6.56478933711875,4.29140866642348
9.18202586192172,6.71618865559732,6.61572507328926,3.65328422055595
13.4372110047044,4.30153591843405,9.92012635158479,3.05821828034212
6.55319083780794,7.44901254493151,23.2035901293306,2.58048567070062
11.436533461355,4.31126046994295,3.94746189683774,2.44189153912265
10.5906897911841,4.93653473395113,3.72945940972512,2.7780383798716
6.84789820840044,4.99478472119765,10.9144366309805,2.63437199159053
6.93266118549056,4.33597571320696,7.39402645427388,3.3842506854586
5.29067677361627,4.44987295574448,4.07786775497641,2.02882567424076
11.0678807481133,6.93929130563509,8.74130924832499,2.17659249231774
7.45374613959187,5.83629360190395,2.04169455985184,3.80222364642135
8.74016588935727,5.38771762993129,2.7227492405245,3.3700239424004
9.5481995863174,5.01467514412156,5.25998160566527,2.85758383290027
5.76577246517716,6.71512050710948,2.33518714139616,2.63495778094744
10.2591069284005,3.88815490977751,6.52883267665813,2.42820542971009
6.05268828585187,4.95210529688018,3.76664328190274,2.21430762796653
12.9803643944394,5.10944537662687,2.67467841504889,2.79534347437245
5.94695670407167,5.55897384818544,3.92749163967753,2.32024612987488
13.2890954529151,5.43933346162638,3.42153956288987,2.83455676167842
7.81296916646105,5.06233853372078,7.93509768862934,3.11812846357047
9.89410593797263,5.17558689020659,1.99586673654886,2.54718039467393
11.7300262228739,7.57861341652029,9.16994215161656,2.58118190830599
11.7932870129301,7.94056686835565,10.6449498357019,2.82269132964622
7.91911678565603,3.79322018022558,1.84797350396396,2.71870249833819
6.77456556642546,5.86419899201002,9.96760722313402,2.40459485186963
9.61345185130148,5.13475670195653,2.62817242763311,2.96010716661368
6.94678018041424,5.09353652127793,12.1779172836799,2.02522029973722
12.8021499140729,5.07985785195758,2.85236919099499,3.21145062808224
10.5395393000676,4.66473780568659,5.87665353466642,1.96125694591219
7.89299547287749,5.58774208391042,7.58120850644561,2.50835617423808
8.03934453004737,4.37850396819298,2.67430488549467,1.77874677841037
8.56412958372307,5.43055666420079,14.0350858374673,2.96643428428768
8.78014351363616,4.6380554400348,10.4316190653605,2.42210299110722
16.626944349606,4.86143624252607,4.88923231470117,3.05085091640203
6.35322980217878,5.91545397993729,12.2871803906157,2.47748708793274
14.0303596088372,4.90247849240156,3.87281285545936,3.17383493777414
5.72358490394407,6.12608522873304,7.19324250643812,2.34505537268963
5.83249728977789,5.97430116707361,7.81737983000973,2.29988442836547
6.38572717931048,5.97623035596216,5.43951835452539,2.21074087009735
8.19927295503731,5.67274474707049,5.74925014060861,2.41331856083968
6.77460746134068,4.41397300722359,6.6616086276034,2.76387062606084
14.56106508005,4.32626053150255,2.98875719387108,2.35614697809638
13.6136439149196,5.65199371566171,4.272339126203,3.45859838756487
5.52550127651261,5.31554221130756,5.46038829991147,1.7145806135444
5.49316158216157,4.1697233748109,4.85318673457944,2.77203951317297
10.6176961501414,5.5096465667415,4.1409186744708,3.64193476438105
5.65668297916579,5.43346765862425,7.15570781666927,1.92979007257978
6.89570140149099,8.64321250418977,6.78010461777623,2.67403390705764
9.12938116826892,5.69783514008228,3.7377524436854,2.37742750645865
7.89925729317812,5.69032958355401,9.2076264052831,2.78023737296398
11.0642385758506,4.88307391985472,5.91901972071074,3.0400106472319
9.08159282178235,6.6906808669207,15.2254297959445,1.4806214304801
7.54073736706311,6.79633186080276,18.2781866536077,1.83436641938521
7.36170872869322,5.87176842176018,4.21544079108038,3.44460643588455
12.2673130674767,6.91416754104235,13.3196537057029,2.78898859594103
6.61625406441255,4.30887237751594,2.46820988626837,2.65943366903481
11.5849222660566,6.67961045343822,9.92741368499011,2.8875048891211
7.82720997262741,4.38795244470458,7.18119791198949,2.51869715597912
11.33903057141,3.5183937563967,5.56748803322937,2.76688696038201
7.75265143076182,6.91641979966759,3.76004215094883,2.12050156378434
14.1520997726085,5.66018809025369,4.48324886387406,2.22090141049281
12.4956886757426,5.18402678404585,6.78626012013669,3.1607700459468
5.690239914839,5.33824880177531,7.94685700292311,2.34559251979077
7.50118520629883,4.92907924929482,2.62411821908941,3.81450819041668
6.62285167922493,6.08167168629603,10.0817150746607,2.52389522440488
10.0663289989968,5.60937200133647,7.93275256168979,2.55250124697344
6.97641764665417,5.28011499143998,7.89392264850133,2.72733744347563
6.85611844111691,5.83569785158181,4.10753160753465,2.75429466574586
8.8999471620364,4.68099366306374,10.3630367660295,2.25386977405725
6.65129258368407,6.50690714509354,3.17515673664576,2.88123665116299
7.97237710159821,4.15806213756351,7.19651968166745,2.44765225950627
6.86833716523537,5.96176486528718,4.44143561706669,2.03482307641207
8.09877058215841,4.8403181771278,4.71963726100702,3.63995948956958
7.7045263185033,6.28903237211598,5.26733938105284,1.83987997942433
15.2275630057403,4.86526023403827,8.85671977795023,2.70161322385899
13.1311552266176,5.13292495619812,6.60931044704462,2.34105585969937
8.64216544436227,5.31633847791697,5.78325665090885,3.01220510882175
8.28860228224738,5.31866098075211,3.40720991446616,2.28787291545084
9.67821320175,4.9329594171966,6.30047664166075,3.44229898890038
3.83033318296205,6.87206445774954,6.50550716635402,2.97215102052264
8.30659954265135,6.99822554896568,10.238785705669,2.40470847201158
8.72423191991737,4.44852299031052,3.48475602253938,2.55796359350561
14.244477101956,3.66204624065621,7.82444781105988,2.31358896649486
8.63029655180334,7.33816936424353,5.33031719362207,3.67054889629371
10.837766597721,5.31051503374853,4.42096980656031,2.24911036849598
7.80554173132167,6.09080411361821,5.47479242984734,3.80426729883104
7.49882770313886,5.93897950188588,5.55918338483244,3.86435405103633
10.0218180878191,4.63227683652135,9.39427946944042,2.29058979227466
7.00895754174704,4.74805751011048,2.64735692197302,3.28492084838998
9.51951531163266,5.64416581931223,5.20653506751308,2.18899536463235
6.84111769897646,6.01580364111782,3.78668081371733,2.05385955454849
10.4838434110579,5.24330339346006,6.83948207626712,3.40931786925962
8.4735382404749,7.08751293957553,7.13868519879286,2.73011289246688
9.25976559827797,3.87596868551834,3.72914556344433,2.61352583184784
7.74994068680447,6.24659350653791,9.2862938325096,3.41597777295644
10.7714639747686,4.13667574524975,3.40467955750837,1.89293429106596
13.762135150804,5.59762755254209,6.34821104652513,2.75124060340654
7.6939945628126,6.85822529245947,6.1546412050843,3.6092111696213
7.13339425961222,6.60826368644132,4.63401685757141,3.85066716933721
11.3113407474016,3.77965342387821,5.00023702888216,1.9537099425518
6.57815021724271,4.62000103882286,11.3148140869229,3.66962177441038
8.79332427591085,5.85671366946197,3.93949736387192,3.8356954445297
7.42344509597975,4.22868899092986,5.75056088780366,2.54409992813583
6.44021051138794,5.92447406904801,6.48489229745453,2.50682136778032
9.03028472373198,3.99652347948509,3.96485606816165,3.58915711847404
7.22750464002106,5.02307837225459,9.30632749393084,3.48599755828892
10.5013584224633,5.26163114384431,3.55796588050859,2.14908289438981
9.77630771025187,6.20758789681132,2.58838088533938,2.58694068808998
7.04945787053604,5.31814603953375,12.0736638474183,3.03519190078705
8.24029641240001,4.06244680366112,2.78592451786132,3.60256726387403
7.34646446046279,4.14331595391572,3.5410855245778,3.3135108081284
14.3869567925814,4.46789624717502,3.89121269998793,3.06717716109994
6.44287392652699,6.88360212481331,6.77895008291912,2.37678449520211
6.38749019217461,5.17073755395657,4.33053195790388,2.47797359494089
11.0616718540131,5.0732417100138,6.98166043794588,2.66869132878453
7.86074644173323,4.38085291008668,4.08687230523604,3.4437402130661
6.17865406316307,4.32206540085974,5.82472848656496,2.73022362691642
6.29377185569526,8.24061416861665,8.5268419177722,3.23635751010627
9.96544718176118,3.35842439407047,3.31557252732026,2.74693325962705
6.71035221564368,7.40739091725036,8.42322293098791,2.73999706066139
8.26775080676724,4.17822124421908,2.61103268192418,2.48263355902117
10.2072050356083,4.05751956145088,2.7118067553261,2.53086176768211
11.948746382527,4.94635952300856,3.3019186149796,2.98725061118038
7.15106070200387,5.81800379737961,13.0881109025827,3.22851876189371
19.4679451181037,7.29915343044414,10.4542544126899,2.84658707609775
6.69871401263005,4.58722722987934,8.10954831477267,2.63595171611051
13.5972874987227,6.57749826164895,3.12917879125934,2.79534395125545
8.61791654617597,4.95014232098841,10.5335913116161,3.21816404889714
7.29078297514134,3.9467571189955,2.99096941094915,2.36828393145956
10.9622402038336,7.72370173449614,8.50821170175609,3.21873999811874
6.78400468820928,3.43680388114963,6.3444826214503,2.23862742835621
9.80830209800164,5.96078219409289,4.94462294315382,3.25470335866516
6.60656864576758,4.70953546323563,6.43522730356948,3.09293073517292
8.70985877224931,5.1476503057655,7.24722338452589,4.12409035100893
9.98129128555009,4.33409018866252,4.02320912251201,2.60967391993317
5.63648722689216,4.14578578486547,4.70793557581669,2.37824006714163
8.49805084108954,4.1996076054216,4.80970449359609,2.26422341651732
12.9808249959418,3.75961837483033,7.50483041410548,2.85930472689506
6.08344865081046,6.37903322849534,2.93560418733625,2.09032466048995
12.0692743705931,4.69619078497139,6.35307945092964,3.580657629132
12.8429999529108,4.66959399127932,6.10829159071902,3.45276515556842
8.21058460217996,4.77297647169532,7.09602287221741,2.957448304062
8.22097312556175,4.29042005969061,3.98472348526242,2.19481109558342
8.00687345972137,5.29602845002279,3.22732091371177,2.23391645263054
13.3467537199849,6.29003561719873,4.00662299378972,2.97012480211501
7.25728534746152,3.51931003835363,5.5054477710416,2.08735388807689
8.95592876489596,7.91630473350773,4.73384186423846,2.90324826992843
7.83647975048181,4.06340107737349,7.5824261851891,2.55516948038125
6.62425303977374,5.12989456510345,3.64670540075114,2.58052283962152
10.0387617668084,6.4463943264078,7.15713946516922,2.02601248573475
7.67298710282685,4.85514335233697,3.14671290227221,3.95475728285407
10.5489080199857,5.85792783266957,7.87905685625968,1.8598325803513
5.52218304878863,4.76159948410237,3.52454968546478,2.29514098365793
17.2589244810854,6.02928229350977,4.47826888025418,2.63923595002148
8.98846209538759,5.03668773878278,5.68210894959954,2.57990081549035
8.67717646870349,5.04240082064014,4.72816280756577,3.36680741507593
12.5346684942175,5.60170119973188,7.65966848931625,2.21498933884158
8.09819208780869,5.14362397912667,3.70202647650387,3.2086208485076
9.83674985388812,7.56760738341954,3.27009096065534,2.49895310040665
8.69282705142438,4.12082148860693,8.37243249207744,2.58921993219783
7.60448228876766,3.84481239559909,7.94846640858453,2.42231295674738
7.72568643294834,5.23734164166084,8.5760106025395,1.8029903752585
12.0273406132472,5.00716851533614,4.25769183309216,3.70192344856096
17.5409525484582,6.37443393265629,5.78917615675937,2.99102801908385
4.56976847607238,4.17721035505613,2.65035575664321,2.46076677239904
12.9673798257435,6.55462190025147,13.5781668873744,3.16696518522838
4.95375042225353,3.94636578025874,2.04491956615594,2.5006800808615
9.08347257658522,4.70967281533818,8.10941072396151,2.30777495180009
10.2389179456328,5.4178559647949,5.02965135774015,3.21693500446886
5.817192215746,4.22393192623389,6.02389504255274,2.24141093003383
5.41983618470002,4.33668655473837,7.83822537905421,2.38243732982795
4.75004483427527,4.40786347759826,4.6238649994752,2.76150348653332
13.4226605800751,5.93279527910023,6.13875809417298,2.79870341952343
5.23709344720809,3.57992804192687,2.54875681321027,2.20821891821416
8.40852091212714,3.65377930108588,5.59515421245034,3.82505217546952
8.68876397153521,6.53692684302472,4.70446190583215,2.18146259013435
6.36383658995366,3.58868577122189,10.9659003236178,2.75853670491106
13.5462957363306,7.62980171003872,6.10088279447231,2.29751098842424
6.55416390372743,3.92646469128576,5.46952469571705,3.41594236875188
12.2789419573185,3.94105809382329,4.58783231266079,2.56316263108104
5.8193494049672,6.1525687845178,22.655873624012,2.65011004229431
11.3367955232327,4.659588791351,8.37373661360539,2.60709172015877
7.11015942550024,3.29544460589122,3.40454969547514,1.96054900515116
12.4743705855074,6.77148486463601,6.07776806844164,4.18643908518701
9.69182303052274,5.1844637233589,6.23356597577576,4.92211180150748
11.8413081808542,4.85508909286779,4.05002612011933,1.61067748893416
14.3731606065709,5.40926699956055,5.27891673748457,2.23741384865119
7.23282011592838,4.91032735753704,6.78888023876259,3.83762620050017
9.91048482930421,4.82589257676428,5.28430077380078,1.75843080510163
7.75455561827882,5.99025901629644,3.82345634341724,3.61920506092634
5.67652193985838,6.30727487818751,3.48413326415913,3.32925915964278
5.94002994440155,5.91584911992536,4.11406668892951,2.67285470009015
11.4343690911987,4.72082532715477,8.78727047399123,2.37479639712945
7.48448621959374,6.16769319997518,3.81680868617514,2.21384756909778
18.454488411342,5.322716107517,4.58999781884758,2.83241361861729
16.4401946074631,6.42678434191865,5.03923379831316,3.30482920700578
5.45618831370529,6.03618267409439,4.3037435399962,2.8317674773194
12.5708123310233,7.47339780375148,4.98256098998345,2.51399378036174
18.923391438025,7.11019933158156,8.436115020873,2.86022317937159
11.1355545925765,4.20882070911104,5.65512025027633,3.8834042027117
6.96449437217538,6.5059971708831,5.20043333992464,2.40064331511401
12.5948919639786,4.92621579092882,7.8524208813436,3.47985155335548
5.30296065111357,4.78407253227364,2.65403462388491,2.07625700575974
6.36927844228897,4.36814891593282,3.12623037074571,1.99249997636925
11.7695989458872,5.68980384327563,7.57422641686074,4.09632247186667
7.41324234990626,3.43995364158979,3.60512462216767,1.75973393905113
6.8199321670189,8.59654912939151,5.93616914907387,2.77199162140684
9.91973514077793,8.05017979971969,5.7137720423293,2.96640797985581
9.29957433487655,6.28374998833709,17.0469629056286,3.89029994991147
9.81338755311763,4.06573705299982,3.15457790717478,2.83407358717724
10.0551693899864,4.32601727774394,2.41677071083056,2.94706027046244
7.30108463020067,6.1297393944787,7.69010727503233,2.71207319792171
10.9219648886118,5.33848841603812,2.74861909602313,2.84409659967057
11.7635905277743,3.85259990974455,3.12057964653204,2.79396718947506
11.6047499628001,3.87483152614983,3.7603390042154,3.22230167089441
8.87684300298957,7.30400978030118,3.15843306136583,2.47105923950562
9.55728567630018,4.40531084003971,3.85573172403397,3.56425749318635
8.64324474706115,5.9754773647948,5.08671805717096,2.10436463103357
11.3274099650868,5.09471603013643,6.19433130210458,3.97493272408934
6.09402137999675,4.56423778767096,5.25688062283981,1.51190951189341
8.14182824042501,5.69274842472691,2.79704025163772,2.86805775307776
13.6484138808835,5.91395780097435,6.86816590200114,3.21657508881488
6.63815433720649,4.18058742507023,3.88437802831585,2.27217260558918
8.72249140286623,3.58723044301649,4.106713081132,2.98964282316831
8.25974804810384,3.8273949544517,3.51548720292736,2.61421515210069
14.8406550227844,4.33574885427386,4.2065757029749,2.51205541519076
8.25054674059568,5.07963610823118,4.47751930388754,2.78566969208208
10.8032086365877,4.57647289948564,6.19215372172998,2.33781076541956
11.7156844779357,7.08807153993251,5.32876264157252,1.62909648161869
5.85637649807462,3.53664011439189,2.75306889279623,2.31739782545182
9.3006936993672,3.70295104607866,4.28056342289217,2.41776023380708
11.5896373065474,5.89926407525741,3.79453901747991,3.05974582581266
8.07438855588456,5.3185516743236,6.33337835116275,1.800584074768
8.3045277246078,4.81668678941085,8.12165548255737,4.46326009925432
8.80519895199864,4.81746190154137,4.4529528728724,2.38700872782928
10.1025533824395,3.35951622327333,6.83577271881066,4.04294127051717
8.53211141714614,5.70681809346995,6.14855202855123,1.77115315661346
9.05558755016652,4.45516788040925,3.10305825448248,3.73666999289687
10.2564556365057,5.04550867128339,4.68849651792275,3.07608842115266
9.29092522253921,6.25116326023194,3.72153123231411,2.25928861837976
7.46981062591881,5.12790398924822,9.51705932337022,3.24345114267609
10.6888257342824,4.19451554281865,3.32855219403173,2.40044340344388
8.08852195149006,3.71262003207155,3.42258574826102,2.54933729822608
13.4263049267574,3.78960954372309,3.31674964158532,2.2285054173456
4.85689921056555,6.55035660336421,8.08365867445077,2.74439141777372
11.6970414805829,3.75117475891582,2.4470639415644,2.7748764835
11.2626586535502,3.68149989330645,3.08841398879103,2.80343536077436
6.64888376063764,5.31090165629668,4.71843135835127,2.60766403300294
7.67756996585249,5.43809909045597,4.74288368914443,1.96775141860181
8.05647330711447,3.98116272380629,4.09349895515422,2.33061630777999
6.75046251216657,6.0475591388231,5.70405714362534,2.04932546418851
6.54545275318412,4.48866266653062,4.91381989068946,3.01445802698844
5.81807664013628,4.60112383210846,6.40338606173482,3.69253378590469
8.35866584067472,7.26607868075574,4.45458619490043,2.70333121773074
6.21274032461119,4.56242512470172,5.95627741918993,2.49344789840612
9.63881626472842,6.91718348691846,3.51343268309743,3.39616779880394
4.8560753730559,4.21376802378103,5.01137280585442,2.05320567465352
16.886063407757,6.34517763515046,4.05586082937019,3.28647784612371
5.39489297032641,6.97933755907945,5.49892878715004,3.11871353506318
9.22700732637172,7.04095797022838,4.0694217497072,2.70392119042846
7.73088317071904,3.88443105077421,5.29446250166395,2.63998320562031
12.3503485385213,4.42652197957073,4.55742740627694,3.82478060203209
4.95015691984053,6.77776327922331,4.66728292501573,2.92043151659632
15.7419776981966,3.93925833121524,3.83423371131423,2.49696661211137
8.35495529281654,5.33019784521919,4.96597532329825,2.13450223577438
6.88971779436905,5.17066409763669,4.29360704908496,3.03163980921086
9.63521983770892,5.43535427251526,5.52147565221891,2.37895304889987
10.8629060270432,5.37656975077686,16.4224320677853,2.67222330303515
8.38348627445576,5.51292451611526,2.68410383900043,2.9895089104998
9.23061735553832,4.96150529156822,9.33685984046741,1.65966839203586
9.58181790217603,4.19351322187113,3.61928378037786,3.46617905945496
8.16907789603877,7.25633237615307,4.8333019368833,1.86076219997043
11.6220824880116,4.51095670893312,5.1797730301808,2.40197337321581
11.1043825097528,5.07872928980021,7.61693659179007,2.27364904198511
9.28257012907677,4.72985076956675,4.17909782552818,3.4371455856753
9.96714273516507,8.00628329738227,4.29894588819957,3.29103041907275
10.3966713554048,3.12684298336608,4.54531341232537,2.68555699909423
8.8086876234665,8.53385782648632,8.78407864718524,2.1655595527166
6.10248520606617,7.20671449928206,6.63677020826852,2.42794177305635
13.1446029040836,3.01489155605787,16.1380461685543,3.1736995624708
7.69744365185307,6.98178543775534,3.083558286583,2.6187028501038
8.41454815283445,4.74225122636347,10.3810835399442,2.55793330354511
10.9288090791164,6.4366816074465,3.59689571800113,3.28819414431343
4.37082546916086,5.15232471885795,11.2633124630373,2.20303474967738
16.1861911236524,5.27635803749512,4.007703095294,2.63200089232098
6.29452622982972,5.45674264521235,5.91364537712099,2.57301477335266
8.71699144653658,4.11099453876311,4.4093355425861,3.67905709650771
8.41725261742888,6.22400242624194,4.68896928087894,2.09964631136936
10.2266103219481,3.74039306419836,4.72061043783261,2.27254433699353
7.00812926584914,6.22885791936585,4.86619382121735,3.07044401232527
9.67534094880406,4.73426932215821,4.99380804829644,2.46775764430703
10.0141658843741,7.09384175592623,8.08694482973227,2.00249129032058
6.05677612501419,7.08109757990066,3.45511878444612,2.19017842647334
10.565535452084,3.7712009579796,4.51451283804316,3.39010155921257
7.66673128124921,3.86137791186094,3.29448539279421,2.4561775566971
8.11864303472639,3.62578830996987,4.05629281020711,2.31035695467543
9.59181117929033,4.99331983379492,3.5761107577235,2.78999667440021
8.1910090783517,5.51518889643259,2.82377208338496,3.12294738883301
7.01022880909087,4.79747505338965,4.63133386335185,3.35234104173211
12.3145574091196,6.28394057549921,3.40879026750746,2.03669046587904
8.53122200951566,5.0536653655397,4.56870932261877,3.14985957317745
6.63973861591537,4.15663895083465,3.51603131218873,2.76324068054163
6.475360301734,3.92764298214777,3.4150161035126,2.67926818210279
8.84313475512706,6.68546298101659,7.47417406594917,2.88667970274582
12.2560847194921,5.58825673777223,5.6779245604121,2.40283009823
6.33790854457531,5.39368822500653,3.69386373298577,3.16241457310266
10.6478643112765,4.30065587467397,4.69072869364567,1.92719490473687
4.40674721567588,4.79323064431794,5.11932610067411,3.77993274863163
9.18303954735555,6.13174394311031,7.17446739113465,2.3792954399632
9.88465055555983,8.52878692337206,4.1620353740529,2.19297400026439
9.54212571243483,7.2359096206899,4.81582613765209,2.55885697802861
8.39637117131425,3.83141430702515,4.70882827138675,3.08309247896573
8.74744443363219,4.67432176724819,7.70813024773339,2.38373464451558
9.82927294725168,6.71530860840896,3.38828405677089,3.75563541800825
7.17568010165427,3.6538463744169,8.34967843130082,2.48076926657058
9.19494615817204,3.91247205918131,10.5201820995625,2.8447838564235
10.5882033217529,5.88983025209716,3.43809568637138,2.31342404122539
7.2481444420446,5.95211090305832,3.9545892371367,3.16149556982006
10.5575679936996,6.35168100771794,4.44651696159081,2.46747227616933
7.10648035245403,4.9141052163357,5.76410819543159,2.77887283612558
12.8724304094644,5.4480764412991,3.87699929191941,2.88688020125856
6.28317204431622,5.00886806163754,6.19099705130244,2.6858234537243
7.83202147027627,5.36382384496688,4.32678469528218,3.00089394852994
10.5282498292318,4.40696329305167,7.41164226798566,2.63866687197449
11.479947927866,4.54784211323731,8.16762777358532,3.13511242798301
10.2064982836704,5.63621568544461,14.9276695968866,3.46370026985163
10.4140874951747,5.31009871072412,16.8187362512399,3.54165660757694
9.29587720600778,5.18319553170746,14.040942026695,3.35532231190031
7.15301781580893,4.1420148532073,6.80623741663331,2.22133814263237
10.0490725795832,5.82754752988105,5.46982752881965,2.89431441329078
9.24258095345598,6.19426887043988,4.64675671331389,2.89126300514945
9.80157623506213,6.22497799765804,6.11810154612854,4.03854994617511
7.76823892032743,4.55197474119023,7.33748841679633,2.7688151377237
11.7508967726402,7.15636352146909,5.08264381615459,2.99575078975798
12.256696852952,3.94738680655584,6.35944920677309,3.14541873180148
7.06675929572318,6.1999899929957,4.29546776368969,2.13533717234597
12.0393527920037,4.62366540389417,6.81164714283637,3.20247803494759
9.46444524121347,6.62195541648025,4.40269756094879,2.74501996591312
7.4824448102783,3.645387521012,8.23693793590654,2.46904794898884
8.49371102972289,6.64892829349552,9.43467733483053,2.51606139835949
6.84981371412376,4.30699437942712,9.64753171500526,3.8752520915312
7.3549928606946,5.94158738564787,3.75031635944963,4.24078200186667
10.9758180047753,3.8457495832309,4.35179863318804,2.00131206446222
9.85945939814308,7.22717425268504,6.37752561534073,3.02445028225978
10.3704424178071,7.50221242481741,6.14196786732365,3.22441049966216
9.38849072635936,3.27179098233841,5.98471900981605,2.69597108113054
10.0527140648124,5.79953685503083,5.77299849175209,3.50900891224686
11.6895035112389,4.28843167904822,8.89259542741022,2.76486899557199
11.4132878119478,3.58547432103083,12.5433626696979,3.53585396490577
10.0202374544783,5.14589939496027,4.95397184464796,2.266409995531
8.34632653509523,7.17228723528807,4.12511205241826,3.06371295420472
6.74013620189654,7.40255181775996,6.33035909161645,2.36443437788247
6.14272383171272,6.08982805838006,6.96673945405341,1.97245682947684
13.1678966918372,4.55502719625111,3.79205631593871,4.30000924070028
8.09119037782915,6.59521398338091,6.03861480972495,2.02297566406577
8.29565896871737,3.98203090750376,6.78917266980782,3.30409739026061
8.05306906008851,7.09016129890406,6.18673330830994,2.23172736026987
11.7502198771754,6.29962351177338,8.05890168182526,2.68893134972144
8.33816292424273,4.30239207416727,7.38925889284676,3.61062597457869
6.30079065925294,4.8456810693402,8.65153195741417,2.63612214782283
12.0464674746619,5.37036578437973,3.94144183038854,2.74490028543163
11.1207209653897,4.9420297763866,7.7100435571975,3.13823583650648
10.6058117434787,4.67328574687873,11.6077312342165,3.59097665185239
6.73519814282631,5.75179546416063,7.21998630692858,1.96687832046
6.4933801212066,3.29945948316141,2.46590596621752,2.70148414883661
10.714763488592,4.2732403937733,5.05382548612927,2.24112523570906
8.43439866341217,5.57105515470181,4.34250077498915,2.91808097119279
11.750002358289,5.0699276423286,5.42138190385718,2.64736534064648
9.74812488715773,3.99687794370141,3.89492966828372,2.6288147209082
7.16576091604698,6.18329077679536,8.25760093204566,2.61849764705009
10.5091447701743,5.25176880478526,5.82857608481668,2.75515959559597
5.95944165893482,3.39769966686242,5.13853776481627,2.58813722985007
10.7038866330317,5.84286157505318,5.33152802458715,2.48739709869271
9.45114134737707,6.43476078663652,4.79193390242886,2.4001057423503
8.07672731251834,3.54597573264882,6.97566619861185,2.83700274865613
11.4438578904253,4.97394468694121,2.2984089489009,2.68473948408481
5.27674913746877,4.87062106691882,8.537680472669,1.86331918084212
20.3152929794201,4.77700802799093,9.23986269880603,3.50684123731377
10.1143655914181,3.6708835247782,10.0180805529923,3.22302194566121
10.2379048465319,5.32428537510252,6.74948214936786,2.91699047726833
13.7432610333657,5.67788046205425,10.3549747666509,2.14797928673234
13.1879796179673,5.0351085095399,8.0427519116077,1.82982282232536
15.9389951529278,5.89273019274022,5.06001721163452,2.02514163659517
7.82553776471777,5.24208219780438,4.20458926657297,2.96194542608671
16.1412057994575,5.12213289305365,7.4465856539288,2.50518260981729
5.69380758959538,5.56388562062491,4.63466292397664,2.39839512161519
12.1189638026767,5.79507011946623,4.53957261605183,2.45326491809165
7.30555174780312,4.61497696731519,10.9561593511818,2.89870603627969
7.88312177387687,5.35005826553391,3.32456007454309,3.20777493893495
11.0402317241472,6.03651815858319,11.2359545205032,3.07049600289436
5.41801507827624,4.45796562595966,8.49635554402482,3.36744299844233
7.56582547509451,3.80505854419205,8.63571106402799,2.72546705301513
13.5203932056489,6.52878013176319,4.05246762583276,2.56573962826822
13.2335597590108,6.46893906325122,4.36459047387213,2.385614565079
6.3526200067864,7.29207223841183,3.05042190623658,2.42278084653669
7.10198796281312,6.92758771687566,5.66575489613367,2.55823013563403
7.8184272461563,6.64053200381917,4.86106018437743,2.32039646164118
10.7046066911024,3.74194272007192,4.90558519731243,3.1892754357541
9.24744860637118,6.2580865491343,3.91511753781048,2.78240100200539
8.06218769324754,5.36188241105486,4.56943341214731,3.20186505344847
9.15635740221679,4.03097332191665,6.94148448867411,2.23858125703693
8.32361257932868,4.79298820560391,9.75226616569002,2.2567259051476
8.38155030926988,5.81485830951961,4.05270727813691,3.32091797406338
10.5795481414362,4.81013364541786,4.71797180661914,1.99340827120737
14.766060975606,4.75421178734852,18.112947345781,5.50278071503292
6.52335187103372,3.98920829363819,3.77606272766987,1.96172175088487
8.86774668175249,4.26881277035139,8.79576787182264,3.02221579454481
13.0599065238487,3.81572170635513,4.30990612796735,3.30928837269719
7.19850035431929,6.6396663986025,7.14089343392779,2.55317994732729
9.02557257939073,4.95959450622902,4.95569499947366,2.49078561190455
10.7548696931791,6.19532855579874,4.93103907876009,3.03178519140384
9.92603615276174,6.23647157708152,8.99561391117464,2.37513711470201
7.54809380385939,5.85454809336591,3.07379696759832,2.62563312972727
9.34267873864752,5.72865406130761,3.24703413328289,3.28588760850266
10.0514419341457,4.35377902157523,6.36702546861661,2.43678438732588
8.70456618918059,4.04189268268577,6.1330734281833,2.74267735581392
7.40622207781183,3.57020820578395,9.75741819093547,3.30506030517285
12.8102168312089,6.45303085917032,4.18509208802215,2.30528929367974
11.2013690836602,4.79910683855887,5.86094279919947,4.04601623515367
11.1314231070929,4.36634469003886,8.06309820505622,4.56710854405863
11.8020497286213,4.49724505582891,4.56828751157926,3.7361832590903
11.4822428842095,4.43802052734215,4.50359108053042,3.63659936415053
9.29008413475578,5.84473039289667,4.10415172938027,2.07130947489824
9.78080368675585,4.04425692663041,8.69072303470869,2.74692485115436
8.54990837957153,7.52306660647357,3.91447378768896,3.01618356765387
12.857474285195,4.36392620422982,6.60841743218984,2.10574529168421
9.63469777088508,7.01324245307265,2.26117982883532,3.14997402906117
9.491622178772,4.43467468395178,9.70916114245207,2.87742342642811
14.6706767341108,5.79724574247756,3.84650347523907,2.61133017858559
7.37405432391628,4.2789488275256,8.3134109637313,2.41426132125422
8.52679068216465,3.78042902152054,6.60901858257954,3.36315456447908
10.0144134516774,5.94526565162971,3.90408502521297,2.8281000271893
8.80138128686977,4.59619047465554,6.83463336771519,3.13153938731829
7.34672327879148,6.50167589714449,3.45695499512494,2.55356826905932
10.5077118917934,5.26540640548631,5.51632639371639,2.49414842463806
7.85543004597339,5.48979939430668,5.14787357100991,3.95522718971267
9.76309389854567,5.52783144701246,6.29079428997373,2.81355530527566
6.35363008400659,6.43973326196973,5.33370254567168,3.97438883740212
10.0855711042068,5.31411852542068,5.34544661375542,3.3061884277157
9.66998287949562,5.51374703927215,5.79752878024725,2.50788759484093
8.48583925226627,4.60384503456075,3.69160238706261,3.3980675914772
7.25594680775861,5.44464552591893,5.90852039164134,2.5212782905139
6.72853661579682,6.29455480489551,3.25775441292387,2.52049185765382
13.518930068354,4.07491257762504,5.94362372987104,2.44425541569884
8.17752724422921,5.37096405415395,7.0293381886991,3.52609177603745
7.12952001890815,5.77829290191147,5.95743059930715,2.52425945228853
18.2097721346524,3.38806046231253,10.0609788464929,2.06411857332673
5.90823509182587,6.79464011215531,3.76732771080006,2.45091698722195
8.98812499666158,3.98091193102556,10.4160494182844,2.62086946007752
9.70082092536203,5.87023618115837,4.00725938669952,3.04218950458918
11.5373946934509,5.37947726069126,6.45348806472106,2.12280695768862
8.75243392209115,4.63358403043285,4.23250832115167,3.0860540062852
6.53021735472814,4.9850006069662,9.65512554774933,2.34592160605533
12.5791269910518,5.63453737777388,2.94735979438225,3.12763696805001
7.93031208853255,5.30243714405872,3.31061517563196,3.1829472227102
10.4659017013385,5.23476675910761,8.08750360941375,2.2060857481986
6.66932820118419,4.60672240565209,4.2303039340275,2.49880840840409
8.67572871109243,6.46032416153147,3.04549266810354,2.86837211797411
7.61271538866539,4.45147392525787,9.4610678212363,2.62098873709186
10.3721839185646,6.28913155038675,2.94298821904948,2.30175650210943
8.1175253030123,3.96776843000598,8.37242946249187,2.85912710217007
14.9211539503169,4.59088750974889,4.46192780480913,3.73592993647861
9.65715406791452,4.98304871631609,5.62917982850376,3.12497937642994
11.9336430836263,4.82328139328662,4.32864194607739,2.20615155797417
10.8520881406036,4.92305417319081,5.23059996785009,2.19671775634984
13.7647081593112,5.49436973895788,4.71575857184471,2.64909308656567
7.94534152633834,6.94934201971788,7.17432081249442,3.0958463414862
9.30767043000037,4.80997977826286,6.65261343127808,1.71615311539253
13.6006630212819,4.22980576393612,8.24702577965904,2.82061619252165
4.7238669686941,7.47302931030659,4.6736145921984,2.02537061740879
17.1046451064306,4.09206991935835,7.27499695555453,3.42917471460294
4.73488050912981,6.29761071029936,5.18515364106298,2.63006338889068
9.49921709507229,4.53772367584329,4.87137351634903,3.42941912180953
7.52164874432192,5.28060430476893,3.35871255330553,2.90378466313593
5.38313221060381,5.82353879423384,5.29676381716766,2.22926698622949
12.0581580560544,4.55545387461465,4.65944581676239,2.78796747392768
8.51954902339311,4.8216262358039,5.10046281689298,3.73758414123993
9.07485034327473,4.69463590180462,4.68465447501114,3.56621021198572
9.53684478638181,5.87463948173749,7.6115543085285,1.60215769757373
8.61341870759823,5.23951326295311,5.42599379940161,4.23411465618148
11.4649489186466,3.89774888628015,6.82724612803004,1.89261322404357
13.5115340724341,4.94875777113123,5.9090487836614,2.22137387582346
4.98178950043906,4.5867669961353,6.6330933406792,3.04040935653292
15.9391295894712,5.19076527636672,6.41353292608985,2.48192405854189
8.00589895021349,5.283357550911,6.80779736800173,2.49324375464949
9.84174416457365,4.86501045728781,6.21006593826296,2.89212244420337
6.81779485075416,3.64368970160336,6.10557052487572,2.56453595656482
7.72453181590527,4.12156880718646,3.42560775025231,3.69964943032104
8.24058131145733,4.77493395533014,14.5430979506892,2.35597851992195
7.62428546126649,4.13897792923488,1.74349120773585,3.09858803521081
10.1580493156584,7.50503154930979,10.1658866480313,3.93667976837544
8.83247071413784,3.7153556831282,3.53930247609342,2.46997296671053
17.1796231055097,7.40983701146105,7.57778512333702,4.76448873720808
4.57645439510732,3.23400802878234,3.48590001804616,1.79626543200497
10.1781767891241,4.81220018092159,4.56343205873731,2.20113930546029
13.3552341612114,6.78484067750749,6.70055925634401,2.74646185769442
5.77661762895691,5.55787477275911,3.82322564627795,1.47801343142255
12.6760825805049,4.99881464156069,4.59634183770832,2.996416704366
6.34870255722089,4.74873301758753,5.90716248993851,2.33821607555969
7.64800998171543,4.61400744431469,9.88445395522706,2.74003557879684
10.2444652975092,5.58914469477624,4.57768231353839,2.85322472956217
11.72352346878,5.25006140367602,10.944231367055,2.95541427679191
6.37604419864967,5.69590317664431,4.5757906445045,2.57480133316955
12.5294589894832,5.33964470099325,4.10340435467738,2.57402875577756
6.74620271591516,5.0065841178221,6.52044041109646,2.63662480084939
9.96754174990251,4.90606012993321,5.57457970155128,2.55173282599328
7.27211143740465,5.19491940570194,12.0375126897816,2.79984823526114
7.11994240297271,5.48265915759345,2.44171527863485,3.62926468855425
7.17495344079201,5.3441861698176,9.67963504818436,1.84473955009197
9.36223269956829,5.39819529078842,8.85092359199865,2.00517801615448
11.6994637343531,5.08949404020947,8.28268524604766,2.48279642591913
11.7207368538724,4.90634629903878,8.10408465711272,2.29103216879578
9.13188965388443,4.78314018622315,6.54267372416527,3.53608124416174
8.65326834763356,6.2826899167798,6.41571004405874,2.34746509976051
6.69690486401296,6.20885269313971,4.52964609209904,2.3620247356465
11.9077540668505,4.42319916291736,5.11873762201786,3.14753286274197
13.3669204030269,5.05822559064198,2.89114439617934,2.39271156199006
7.60672112125798,5.61564313048415,7.59956193200308,2.49374932271145
10.3056643967394,5.90763281733502,4.85530796837287,3.73835495761262
8.74045467063532,4.54687603332786,8.29888001798166,1.85016725068195
11.8124182014739,5.94096819006151,3.97540258303715,2.90775048004531
5.18432682500561,6.01196149143016,4.6928447847774,2.36469685000995
9.5915054856,3.68133429476421,2.24339571502183,3.13783091123265
6.85554709817771,3.98944636381594,3.01601349591812,3.47662426265566
9.43496892118199,4.75118199802879,2.28270836694609,2.46353193668305
8.77176738381939,6.91363468158544,4.76203777838144,4.69391490294767
9.9926864181171,3.86223841992391,5.28803324293528,2.7133747560822
7.33047805219575,6.17918662173541,4.61475895062554,2.78420056013737
8.57554764561153,4.49782031424944,3.9265837554765,2.60946995319438
10.0466244564119,5.17707101500749,7.91592063684475,2.89058127849641
7.00518787541643,5.03013284516848,2.57862788212231,2.47995340587492
9.76473905765302,5.66933239305969,4.50414331890681,2.2628394581574
6.70285200364855,4.4998389265769,7.34761413165493,3.21397971957983
7.30776942868866,5.96099318919966,3.32469975431247,1.95560267422842
9.61163115767082,4.63605651987776,7.00850245950826,3.52553190299008
9.25263754850149,4.65178976103569,6.62837271638755,3.54099498480683
9.64214420159302,6.08199832177693,4.47205083010456,1.78509503059889
6.53393075556223,5.32960366629193,4.25760281627076,3.09307722698924
8.46329112539176,4.09312090454564,10.3331858327347,2.51488830578039
9.46250427956635,4.70189459125193,6.07297679378333,3.41727630323138
5.48723944826131,5.4833195371399,4.13680507703938,2.29448178972212
10.0729031915395,4.80790983237975,9.29803964387738,3.17941608973689
8.36326072509634,6.01108030733693,18.0673863259646,3.54196251226703
6.8574500129597,5.15206783624888,1.93827227565259,2.75358075014474
10.7728206121813,4.02328060090778,8.29918268071512,3.18854565252506
6.66252393222476,6.19375657945149,3.47653035110896,2.6245311609526
7.8266277786081,4.99535059929777,3.15510894806771,2.37163451907619
7.65083126947856,5.11480682974692,5.65286394081081,3.21251070600977
7.43438812842947,6.34438278112001,2.86124720958355,3.25264971269766
13.5660288878276,4.86981853529866,3.81101160590036,2.48023820976407
5.08561201760817,4.63244233923271,4.64312343819532,2.26393228532582
14.7459352394389,5.21021129638705,4.15045321073514,3.43066679563284
12.6440795161909,4.8620093447245,3.87425604789077,2.47185276225915
6.26306508360764,4.44196145112085,6.88887129406105,5.01545361180399
6.01151593439553,3.68370425008308,2.42860594351256,2.16443739713452
9.96029932659491,5.34848519862304,5.67683418060362,2.92765762072541
6.1139397008723,5.95613112924563,4.32928503229242,2.8801408519621
7.91395815874731,5.21854231191807,4.21145394879625,2.36670903797849
10.9824372718681,4.59915733007602,3.75245890852395,2.67342342100158
11.2782242271788,5.02768984331704,5.15106742552545,2.79399345203944
7.33316236762533,5.08216901019592,4.18388702330205,2.4800993498662
7.72403191529022,4.62332417168644,5.86080009968989,3.45935826411065
6.14640640190402,4.78913788752319,5.11294012123688,3.02526666563247
11.3525887353013,6.51567743542141,4.37445891262796,2.02584569722282
9.5912010161054,6.73319617981173,4.0530424418219,2.40044655205085
10.4259744083849,5.6452884807129,3.73156143630173,2.92405408100624
7.77334112624182,3.06548378568779,5.86126580601115,2.21126824012343
9.10499766999753,5.11170898721871,3.54319532412324,1.95313445197348
12.1134172706588,4.45340602981108,3.030228310739,1.82466881543539
6.74889619164002,4.72523272035167,12.5607019669602,2.06129206899244
12.1454745773616,4.49888363099525,3.47460405598317,2.37421802681636
9.69958218306126,4.85299624055507,5.32887597273324,2.73210929978816
9.34271488521729,4.31809536162323,3.17885153521343,2.30777480006167
11.6374431348718,6.8117935659988,9.30982060811934,2.94843995009991
12.045924428529,6.6627001507472,5.65067812861678,2.34635309225396
9.57503610992697,5.13563920141966,5.78306042880294,2.39347264085726
12.0371792357166,6.05612413290177,8.4620556702138,2.16247790092405
5.69623843335336,4.27075606071806,2.93519598498906,3.18917417597197
13.7474433476628,5.57373293800382,3.77964346815245,1.60519562991418
11.5603517334102,5.75280780488785,2.95033492733769,2.27350468922806
11.9479846528877,3.97913575125294,5.24652463464996,2.37316461907807
6.78439745715892,4.998382413355,6.02222690389427,3.36025858722973
8.24371119735843,5.19856351297847,3.54969224027007,3.7586384268665
12.4151328466302,3.59582149914061,3.99690822635469,2.00977109254301
6.24595295759246,3.56772559818171,4.10406054532669,2.37319738715047
7.08491294237972,4.91769729553869,16.6300015342102,2.26230808202181
6.44779594427197,4.51392933726313,16.5440079153495,2.31294515643762
10.9048070033973,5.25147574891401,2.36610793764358,2.63022161134797
6.81960011556795,3.71515422263783,7.25021176716914,2.83331845199211
6.68560418514546,8.29430290865482,4.08498708410281,2.70922320320616
11.3158507024327,5.41963853830889,5.31689480647295,2.61656831735054
18.1522097096151,5.21765570891735,5.26754920919606,2.58307828784101
8.49295583618165,4.48686934659346,6.13682686655408,3.26491155100257
10.9186886234863,5.06842957517494,5.35465866991084,1.83901652472403
8.50824816167709,4.65432387917695,6.02039783862056,3.92791740370457
13.4739456815971,5.09334258899163,7.22452540182209,1.86654046025487
5.33173624958843,3.64216141395973,3.34015586249868,5.45030203354955
10.9582183209927,7.30557932308333,6.71788313455326,1.49129721511059
6.48468408910882,5.73420043840006,5.38699746090672,3.16205414877283
9.87923088899434,6.03433021727558,3.15064244108359,3.18133105774025
8.36308694140197,5.26964855359072,7.93962213122995,3.20475414638636
9.60047607282228,6.22540091919819,8.11896300281551,4.03056429776041
5.43108230812217,6.79428705968671,15.0521233434331,3.47934259166281
17.9406458396686,5.7608416121978,2.44633304737428,3.12407345124417
6.0618916252993,5.30921556861091,9.21988534677153,2.94820622601134
6.89210468741615,5.23454231528943,7.97842419882809,2.93188325535091
18.4172230043477,5.07831185145358,5.19668898004401,1.85916626801982
5.60623448530986,6.29806741581859,7.85181043693549,4.40685809776705
8.92883626287251,5.31080152411735,7.9133364122203,3.69050394422997
8.64813475526211,7.39933450862396,13.1717045202074,2.58133203999199
8.32000094761811,4.26864032068741,6.34039160285579,3.05564180328944
6.36643141474309,6.69116941484182,3.71707401081763,2.63032015829008
7.62571855766989,4.63007949224855,9.30385407611444,3.63430724131676
7.78131162391676,4.71648401254276,5.07971742654955,2.29423200431947
8.63112593074023,5.43875758758868,5.28933075549402,2.86311745474393
8.52997728082479,4.73577313435538,3.49087106889777,3.60281501500945
14.8374943193883,4.05901653215666,5.84210174016031,2.5545057601861
4.75216520132758,8.70704852930997,3.93492279327107,2.26971312015472
11.9357221801965,2.74366069760459,6.14300500488266,2.75165268637896
5.178431842421,7.49759824508408,8.51665571675521,3.25320083910846
9.34453014877089,3.94641886041546,2.4193804595993,2.5667266833265
9.86518182934335,4.80382942404,7.08048173712484,2.40505899139416
5.78625981430213,3.69185987944283,3.75284870100249,2.77328514946434
11.6839232716347,6.40978858861457,9.99077372476266,2.43954604662456
7.92559770511501,4.41009607508925,4.15626297842392,3.0894749185032
11.2058057824508,5.3181169635757,3.97383698838245,2.07125692961867
6.97408700729363,5.69853221247626,3.4638686652444,4.35843061992306
11.216076695657,5.06620783567006,7.34824688603962,2.81210632085178
7.42071175675111,5.36355420742823,5.68889394147048,2.9655511830101
8.67944949238446,5.78402386210637,3.3935116983111,3.24107773867831
8.25044172011386,4.78979147982807,11.4190103526563,1.99248207104659
5.74386183590182,4.51052668468664,11.2872175165676,3.43711764230474
8.58980448694396,5.43880261562268,3.99257457971783,2.93356146278875
8.10903411989985,5.13014949946722,7.28490279650774,2.17431021317189
8.16158893950842,6.19435793847866,4.94176460029996,2.4531478839002
11.3270466413161,4.17790680748324,3.23493768078057,3.24388929921954
10.9301300052191,4.82603351637681,2.51030149082785,2.83726292343612
7.7225211558842,4.63337346354597,6.24409432113001,4.56247904492955
8.06834156828237,4.16939702381593,2.78599929589332,3.46335140192446
12.1400921935018,5.14930225947267,3.29332239546035,3.22963246859341
9.13027283661041,4.07571292495138,4.74598815329279,1.89655622970527
12.3407032693662,4.2927315856588,5.09642712835685,4.43735181925945
7.48094339832008,4.94017167662072,9.73740222464617,2.00207699231384
8.6418194592403,3.41936392875399,4.63632330142962,3.12508735966216
6.70327476447379,6.56061739102193,4.70129237645931,2.05333286263896
13.4133417740833,3.75386985005641,5.22295841990538,3.21475155188044
5.5702090396477,6.04738950094433,5.47533274434684,2.48232137556591
13.3728435888118,3.68420415834286,6.89998910971241,3.10107276671947
9.17946439478478,3.10193965127815,5.85264405990403,2.66502542782822
7.19383648711857,5.68201974860956,5.87324796110685,2.44242151363294
11.248297886937,4.52808774901447,4.39457491616558,3.40285991617789
11.7372962561787,4.08938954526022,3.84873533528229,2.04914063874827
6.52480684175076,5.36327797165376,5.26493031925424,3.11761711153592
7.33012163049137,4.51311244670687,2.9538383228237,2.19188653671015
8.25830452527021,6.56370778918795,2.61025307041296,2.46162845037932
13.4652487765574,4.19804352099492,5.41561790600538,2.52777706705161
7.71975170199674,6.06773570788003,8.59525694614457,3.2289369499132
11.8189587690276,4.55144086795582,4.26840883292467,2.74828298434016
8.29705488643068,5.73620506115957,10.291353700692,2.81615703217979
11.6667130449498,4.86795687625944,2.97064581367172,2.65791422302171
7.52025519860919,5.51358095580866,14.1122905075769,3.46694134072435
10.5026410404091,4.48919402881964,7.21194319197896,2.55957864201726
12.2961514423772,4.21611046552362,6.18107283765837,3.21451737185694
9.60629922093804,6.37016979780476,9.22200672049744,3.08714381781188
7.72155607651242,5.5935967937046,3.80750117899117,3.20644871814116
6.9516356988716,5.45690468751789,5.7554976281614,1.97509658552007
8.34750605105217,5.50025752221495,5.95952073288347,3.74954053423891
7.76759962185428,5.29425647681582,3.3030989288287,2.29973638744019
9.32908464251282,4.36290782769887,4.39061530899302,2.29657985132645
8.62996610303779,4.80652199379525,3.16053970086944,2.64385368945072
9.00310389794398,5.38718892751362,3.71996301903016,2.56335971222348
9.6282811302066,4.229191170181,2.53401919288635,2.71642157258164
7.79988733522951,4.81565067379558,7.29592678232172,2.4596788649416
7.37667397142112,5.01402839255837,8.26220379897789,2.54991777353167
9.56140233426127,4.93851571047378,4.80849994261502,1.85257242827958
13.6008399185683,5.21403556896114,3.95432017290559,2.81866211941182
10.0670026139185,5.0218013156042,4.55917935487724,3.0588777955018
7.85580664167831,6.11499496133175,2.38700156956438,1.61561743118464
8.9000811172822,4.06860525048808,12.9789184353947,3.35513192189871
6.51768031261349,4.13777511605652,13.6451341584055,3.33585835950561
6.63611339381887,4.7056332747751,8.1876559274393,3.12379250425436
12.2064201461406,7.11148155139916,4.3514811308978,1.79045328910542
4.86653084345412,4.21302569757469,7.48654594463642,3.31575334080918
12.1881453872561,5.82995066018432,5.78328367435713,2.09562458198355
4.64458547664461,5.23506993840822,7.2519415777558,1.95510411287378
13.8242192788809,6.38312496326512,5.54262799777754,3.17176215675958
7.23394439891204,4.64592791033292,2.91687484777303,2.62098892466478
7.96195452071347,5.5132675894381,5.21409572183436,2.78914497973026
13.7687411427838,3.56429950357913,3.12031040575889,3.31346896022597
8.19001326498503,7.36294373861594,10.1773531505621,2.34481852425322
8.64585349540077,8.05122281843047,8.09942440584768,2.33552494173547
11.3042284211381,3.56484246795224,3.01315378821074,3.17409606202403
7.7941217814272,5.06543177306902,3.99722477997103,3.20116356676471
13.0247200215136,4.59078216072435,6.47077783542149,2.31593029507782
9.88183899031076,4.97657431907878,5.29410024220541,2.75802088925178
9.41788390799574,5.28916368516033,10.325632193444,1.97864082158838
8.24933382170124,4.56506058846139,6.31907955763049,3.51885810272453
8.01300311540998,5.27283580006084,5.27237556148868,3.43431772388854
8.18511698947239,4.81086167927774,4.49056694969824,1.89396745444817
7.48740461047751,5.70912207088392,5.75137002646218,2.72663954639893
6.22508572801985,6.77398089784691,3.08576788565037,2.48425693849816
11.4373803574739,3.7520500197229,9.96185198688582,2.90753776116445
6.34974969901402,6.22428514535676,3.13927515004102,3.26708215343198
5.1220461489169,6.19571956464782,5.20652723662221,2.88465120503742
13.6771964547742,4.31488025934102,5.09501575868349,2.16762586577805
6.03394358271214,6.32838849953558,4.03075591705263,2.99805046120012
5.05027824609528,6.19607135765067,5.8725930462528,2.35999987745829
7.12945907478672,6.24747189306035,8.05579223787788,2.01399343256358
6.38458239135813,5.54884609756456,4.36010895063346,2.94104669649598
6.82864965995214,5.55807279855819,7.27166835962889,2.11358907646639
8.95440590156549,6.47727955632917,3.85939476225044,2.89780314141939
7.35336515642477,5.86495498717897,6.99636206316992,2.82913788277216
8.42430229650763,6.40804754320116,3.13942604481454,3.0396792120772
10.8334849158525,5.17188081440528,10.9095676796312,2.90217638961271
9.17763232783508,6.37505634273274,4.72406731230516,2.46718766227109
11.4553345584045,4.1359872407994,2.48183942330166,3.08684274452538
13.1791012907212,4.73445679986578,3.58948132572034,3.1146129599102
13.1057886419352,5.88421999796555,7.78566697563582,3.50921755483009
11.8400044387091,5.5231926654499,6.20707205537702,2.83132092115123
8.51554915135658,6.78545963285739,3.87677203418891,3.1326327157481
7.17102142534675,3.37971184722436,6.67052873396084,2.61124728077404
6.55395578911483,7.03640618026333,4.56554238238824,2.43283782704917
6.43763186288543,7.20061723642582,3.60511585052199,3.56390025875174
10.6956228697905,4.22844286146428,6.01388103604522,2.54207693722516
9.2385049805117,6.69824409376338,2.72533910786613,2.82806093263855
7.33922777377461,4.29211062455142,11.9722204444868,3.06504813877187
16.5194354887992,5.06514266564847,4.23645608050309,3.41691390451609
11.9138059530623,5.95699761041466,5.30180903973145,3.04762983353411
6.43899204347287,5.27935246061972,8.59112632038762,2.71184330872683
14.2945935288619,4.82285627202768,2.80666584927872,3.4114078707202
5.15705557962566,5.72746491758705,7.87063971762537,2.77789683276894
11.5602913709455,4.25090280464692,3.51355059015943,2.52584185048758
14.0074739137508,4.76906025253721,3.38652366564321,2.08837037306252
6.21235408342764,4.25298559298553,7.74053778633062,4.04499349251965
10.5318743550431,4.94247942194717,3.66852275349693,2.27280732250422
12.9114269041727,5.16424288002636,3.33486663242248,2.95659266365364
5.69401742535579,6.04386305632601,11.3091334879558,2.61002830490007
14.9925303835222,4.12411833330417,2.55561244950388,2.42730636101703
13.3996494430768,7.23976046799925,6.56119081682788,2.96986830071712
8.1762347742748,4.61983074766421,4.43628157242737,2.06191632986757
8.22556264349971,4.4541899688675,5.91643592353911,2.79332114619684
9.10707757787396,5.52295795842271,2.71167666431596,2.33197184716431
12.8378118891621,9.07196245110923,4.39365234628246,1.90387677247672
4.59927218079602,2.84878256576771,6.7326579783936,3.87258270400444
14.4135290742015,7.52031951812881,3.01326999029974,2.6485520700522
14.9792878072479,5.96431362929314,3.66115237056184,1.99805956455164
7.86163238106542,3.0953219657711,4.73399045566749,3.53531717923383
9.8834124923263,9.46054594205404,7.38530145351073,1.75095946365939
11.0365272154491,6.78061542730778,5.86703360005614,1.90619727649057
6.45995323831887,4.71474582176927,5.96646071506683,3.76694267774024
6.63141296237429,4.53705342712641,6.23226778950346,3.38340234441142
7.16967699445621,5.1699846656071,7.26582655534778,3.56737994801149
12.1563245729372,5.53062313742016,5.24574090650616,2.40508479279955
6.398755040407,4.54239943101103,7.90149379390259,3.31415018650881
9.57641525774966,3.38786644844966,3.24984987368061,3.64017065582106
8.9816729474159,3.50502226205158,3.66381835007165,2.54633355134103
9.85633354269965,6.59808599377839,6.43759534760561,3.40171344107858
6.84012762305044,4.22106694005964,6.34908105647168,2.13466788613263
9.36607575880959,4.13519654789418,9.60746108732654,3.61316732274509
11.9487919115033,5.90527544361831,7.11395958597496,2.13699690160939
5.03091442669353,4.61444354240331,4.45668768136716,3.300154555345
35.6745096916592,6.1000071469853,7.86984538006484,2.2389447408825
22.9830340191935,5.14644313587427,8.50412784795647,1.94395509793733
4.39463697348274,4.56763887552404,4.00882567878392,2.65989794234497
10.2740751440382,4.81703434989104,4.99121264658634,3.21310546837157
6.20944068468152,5.46065859986601,5.52404048553321,2.49643548764708
11.3530913119704,4.18887558709499,4.90459478442047,2.42163315871238
9.05472458355582,4.76545366118088,4.11823736408372,2.4257580046661
10.0755753386546,3.72354676437965,4.75416553654934,3.28426572631936
8.06583997863519,3.34057314932291,5.36406518324745,3.65118521732366
7.62682406461705,4.98378737947175,3.35346447342845,2.56184303923031
9.51439844803726,4.57172244394279,3.935355754664,2.03697319240273
7.13915110682046,5.23317441560588,4.49882522517704,3.09801879320781
8.63665962640543,7.36498429543883,3.66465152047781,3.40553336390584
10.0513813786969,6.76717145242881,1.37738265215225,2.55963204264344
8.43056558770085,4.85071977071709,12.1030269286132,2.93315519691815
8.81270081793861,6.25589772979179,2.55393844676146,2.39244720775375
12.2676780573616,5.79037390881364,3.4475237707848,2.39589385924244
6.47643283435365,4.14109633343696,3.78391424690669,2.83138977621835
9.98225016152296,5.62012130496331,6.3878181819131,3.58060546913046
6.96765532859113,4.63256171079915,7.25836445958223,5.1240588264279
13.5343847459475,5.09308939465966,5.57475532509651,2.32057028205972
10.5155375768912,5.77080582647937,4.75954058418422,2.2885517021322
8.19608934964397,4.84789417915859,7.28273497109568,3.51225021800277
8.77511887268484,5.51046367410844,4.05526313929681,2.30183049849432
6.49480076401162,5.90415385801913,7.25200593238318,3.3848719583824
5.25438518905852,5.14569731372972,8.80944391916986,3.01700788634237
6.89418741603614,6.54510662473738,9.49148483848184,2.49535541622097
9.41325492910482,3.51956389963684,6.49312085734997,3.11430886315877
6.36561272606304,5.97083107838453,2.30768930015734,3.01723677812024
8.18470318014031,6.48347366555916,2.97504706873981,4.53028942238768
6.87841254150034,6.25446921947867,6.50819275022581,2.79721819978451
7.98875705105773,6.65218287256884,6.95833910982163,2.94175207391739
6.26683954874387,5.86601647254398,5.95187348802747,2.67866003327111
12.0655372342282,4.72517705330934,4.04706867007802,3.39638029090657
6.69553811082608,5.08691372182113,5.13229968131208,2.84778174452701
8.89576700933644,6.3579721387157,4.21597103598819,3.16111252213575
11.2499621603012,5.7328058085171,4.92183663255953,2.275900745353
12.1316121615087,4.99235846051696,7.44779497239319,1.85866433346386
8.56141460577477,6.21340574197588,2.62924538585538,3.48398083596707
14.7158989751425,4.77693822073112,4.14493904090807,2.14240985573327
3.35296804344796,6.0534307853856,6.25094924158319,3.47618670516801
25.0918707877817,4.2952847670236,7.35919888686179,2.76196893315975
4.54599968018476,5.97174400250334,4.3936294817055,3.14354037383336
21.0111934324932,4.25179765599519,6.31979067180879,2.44434064884082
15.094977176913,7.10685457355154,3.38150690506588,2.76073087882068
15.7700066593201,8.10558953931464,3.90222709821447,2.59878684225862
6.90347409171538,3.9511194654949,7.78636847906945,2.17139965094654
8.40145012679151,4.08320613332428,9.71442206950948,2.09477288370282
10.6900210704595,7.62444479275498,4.15891786617012,2.73372885351513
8.39199276236771,3.31182366258181,17.0123744036037,2.50527853912157
11.722443878434,6.4578581466621,4.12570532271887,2.36892529082644
6.73445784336396,4.31009635841821,7.08425714811484,3.12573436826553
10.2619416802843,6.45627934400872,3.08767601550847,3.47715905739673
8.36766613122649,3.46492798827856,3.62231216698718,4.10133721312417
7.21672703262332,7.08999066919689,10.0193819781166,1.91518768351186
10.2702091440896,4.30303267962755,19.0342208336856,2.15866957905383
8.71127441352264,7.13705415610517,2.91774010345337,4.16237111698637
9.38614677793797,4.02096958576807,15.235988267144,2.010783488058
9.62702740846682,3.77628321324855,13.8440039471347,1.93729612372491
9.6155655601963,5.58112543145407,3.22636823968999,3.83370233838097
11.4926295228608,6.03357243542515,7.98186116375053,2.79388176690815
10.852223532493,4.57318822958136,7.64411076965185,2.17134003317311
9.32080593259129,6.39793957264882,5.66483350955926,2.70564637694276
9.17857604473831,3.54704245928076,5.21573874096807,2.0236386973914
6.9204824869612,5.0429007906925,4.21349982565319,2.88225961880169
7.10926440772068,4.53326548110792,5.4969896604422,1.89272200158317
13.2928870181649,4.4736695890506,6.98564577872961,3.62841322818161
12.276511893825,4.83351362498926,4.95803931681647,1.92970771921711
7.30641950730685,4.35295196595929,6.76418101330338,3.14503743616383
6.55260726096555,6.34924872704047,5.599724954587,2.35999112474783
12.2752060976518,4.77324306127767,7.38438909575641,2.80929086801641
11.6906243413344,5.69021180611749,4.9149710661393,2.6875752980155
8.97213519447518,4.15043818044293,8.32465416623331,1.95966813566384
8.17726110909013,4.45561779348344,7.54665081252515,2.08839323164141
8.32145031512073,4.91482380778122,4.3542171133122,3.68398849925225
7.08972946057191,5.2412766343467,5.12410465051988,1.84917459082579
11.0260049632675,4.67018936772043,3.57330375576745,2.61847788583967
8.06384018071594,5.66471251795259,11.753894455949,2.502014351268
10.7455896617431,4.27858472266694,8.21195970548631,2.18647944486686
7.28412569028548,6.98933807010584,2.94182582355561,2.42470351823101
8.79590115644042,6.96205821002915,2.49739381257917,2.11714945767766
8.05914117321226,9.56301756559904,2.95447002112308,2.42403409844159
8.97444672297171,3.05758293330432,7.76683182226371,3.07371038270649
11.2753064697064,5.70961508771288,6.78759484174852,2.83497872033269
9.45062831538391,5.69902592162652,3.54748458483782,2.75221213314383
15.9221100322943,6.04208019180776,5.51994236592528,2.78915250010048
5.14825823123648,4.62660953818488,4.89056397391719,2.58360483140072
19.0627608092552,5.20280954874987,4.26172982189014,3.04730271844861
5.6048273918042,4.71468391676102,4.93220856553231,2.40867897032375
8.0109713984155,4.75684166364172,4.48255213764967,3.30036275270038
15.802279500717,6.30613220690189,3.82493785819218,2.25220878680798
6.10652606896924,4.4242680452848,3.22188552883607,3.09408742157241
16.3132304735628,6.93996697991394,9.07713062758467,2.74260437231513
8.44444681187105,4.206326732691,2.72266053472135,2.91951289546655
9.81897476194666,6.97377669080754,7.99253193656596,3.13598030227733
14.2547413603869,4.48960998403013,9.89285127519734,3.69581806595206
13.8527568166006,4.34378449596529,5.91360485160881,3.12484941616808
6.71455802680198,5.55507541724314,3.68312858713818,3.77565735541695
13.027039577514,4.05898100378167,6.38042353476145,2.48059588339328
7.74625943871072,5.20161704148814,9.23143148189523,2.26226461341479
10.0766281003384,5.09080575271797,3.57549386002265,3.84265358090865
9.64488699263385,4.37650063595646,5.00833842515174,3.62637835716804
7.34971897025857,5.93743033058339,3.65156732981173,2.25871155024876
7.88947494625708,5.73147548972686,5.12786104081414,2.56352963935578
10.4841658173779,4.2528477466127,4.21297095146982,2.12932944531233
10.7902116660284,4.6853827063745,4.48596597694321,1.88424386147511
9.73478103702406,4.16832163739911,5.50206396485174,2.26383044247592
9.94193649214884,4.56159414062483,10.7610392136345,2.53859834412921
8.86126345573184,7.59393751759391,3.03965581405166,2.54541959299716
10.9530543117094,4.28594141226509,7.74781154930821,2.96842445292842
9.14072858239287,6.72903176516577,3.59365678197587,2.57817822342217
8.13955327105325,5.78543783293527,5.58065881146099,2.44850471381526
9.16005531676693,5.99274202205886,9.7701367916153,2.40041335615025
6.65381534296361,3.86605698471552,4.76457431822486,4.14934561992182
11.1178903109798,6.35574108858149,2.87858078474429,1.98660387469854
5.87139882681989,5.93274645524323,5.49871037609015,5.62337992283647
8.78124092498926,4.71538880653138,5.63331779276389,2.08110301519976
5.44185746022888,5.67972563568499,3.54504535379687,2.26868935425286
15.1915621816299,5.61179580291122,7.72145661874758,3.59790694308403
4.6991761449817,5.30418537065662,3.76918216609994,2.43434489203627
16.5556822278333,5.65462145980267,8.10649619522541,3.57942328665355
6.82358888641084,6.55867470610697,4.6052013673439,2.08064843281436
16.9100188557513,4.50968261765326,6.73115396476115,3.68871672321635
5.85667408040769,5.09663173766191,7.5811550663297,2.53354107939478
6.8970719962836,3.9538290845784,6.5275173334549,3.71916310779557
6.76093075194754,3.81085771791551,5.5340553536742,1.64559336514142
6.38586939667262,3.36584679203811,5.38680032361896,2.04887330144901
7.66597588252615,6.19081020202727,3.76302322907806,3.51489910503477
9.93155697163364,6.43966569042669,5.67099740334094,3.60481948764667
10.4873690698461,6.54708180015084,8.27123455016013,2.88646740560395
7.85710647044001,4.17579080554375,9.70236011247329,2.90180218989227
9.15752826779358,7.06601689465157,2.97068346341654,2.91072655939734
9.15890840417241,5.29698044089379,6.00644261375862,2.27014345873675
9.0912811583891,6.58535953530886,6.11403594617352,4.08628979758929
7.74673482570961,5.0562101491947,3.15515507911305,3.4926680225439
9.10430424069206,5.59550698747615,5.14977683027143,2.75958839749729
11.7588011976238,5.67012274017744,5.70848675344103,2.93934445096724
8.22817263461866,5.48514940102582,3.12369634976386,4.13995975782312
6.39050711158862,6.05592804200023,10.4742047409075,2.48329666934267
4.63741446809795,5.7195448757356,4.13079319992103,2.89590247342641
16.8921959382102,4.70936039073788,5.98560040865051,2.15798027298777
16.0817616615444,6.07228254238415,6.58898789536618,2.3667946572146
6.51620488481559,3.9912042597266,2.74266015193343,4.64831543686216
9.0965900288779,5.78275313574753,7.00998217364602,2.10926459403416
7.52037650065656,4.87018527934976,2.19644711518729,3.62754605790752
12.8736550193245,4.53409900330209,2.33352672134575,2.58816160216359
5.57851195723132,4.88332578667362,3.38234081411973,3.05003713201994
10.0735510339307,5.43126507320016,6.0806081213445,2.18226414435212
10.4062691334362,6.89428211855503,3.95803227018763,2.21608486104211
11.141140229582,5.5195626596428,6.57208626534722,2.37799275866183
6.41948842408585,5.04404115373463,6.73712294778691,2.76544799879841
6.08135389841859,4.47616794252129,4.60514558698697,3.15703901252545
11.4763273825054,5.34519696311734,3.26816687311114,2.07277147373021
5.85989446154935,5.10194706391396,9.2036829985619,3.43726530867269
8.9031557267351,4.44995118319807,3.31336553892517,3.31263737131093
10.3466146200522,4.90476730951649,4.16247484586851,2.31024600624789
10.3141734260925,5.06255108188584,3.37432175898858,2.01851167070273
9.38916400341878,3.84554084126776,9.15402305121398,2.8665104652157
8.22566344783652,5.90658335850243,3.96404009351114,2.73603807733272
9.64289364672213,4.14416848421507,7.51880514674249,2.80836193594022
10.882121177107,7.13021697945676,4.89648381831184,1.97616935386471
12.3579718128188,6.48068240401968,4.97528593142137,2.03489291740145
6.02644763034094,4.6012519226056,4.86956056427282,3.50773625636232
18.5686804771644,6.55845799841761,12.2557467032609,2.23117652124379
19.2090399921068,7.16194183302971,10.7163480232827,2.29688500305602
10.3771000356391,5.169087548785,5.0998363633483,2.17582333817642
10.5759841429037,4.17063565548503,6.05397313215927,2.84309463228476
15.8219695150596,4.79218544943698,6.24596803894717,3.29877600296985
10.3678464190451,4.22124457893056,3.31618253153111,3.08143058624475
9.65840106008901,6.09334043364817,11.6303882738107,2.46197093442175
8.65147943042852,6.26830569610726,5.35834437877055,2.15456897390221
12.1126299671349,6.09445901786744,5.58544359575691,3.312716566877
10.6206042592307,5.07451872629355,7.21442213702645,2.64278780503423
5.47175720198252,4.94827315609363,4.83111519609222,2.94777075964848
11.717133700465,6.11039558109212,6.95609952307445,2.79099959702536
8.8003670167248,5.09338124598871,6.74678425644874,2.65833581470224
15.3781982851192,5.90594178770149,3.70515544915316,3.08474794370792
5.55801368704557,4.47324381420389,8.7922981695012,3.09405091554788
10.7919582430335,5.50026885376394,4.16435585952326,2.60523472333472
8.19660591617945,6.95615800187792,6.46173658216723,3.63030408152851
8.18861799763107,3.78684588182012,5.80913910343731,2.50196049850021
10.4823792099119,5.55309651450356,11.8882726412879,3.75104000940563
6.55577966610806,5.08863493035874,3.56242916743692,2.07019535024296
11.4046844168577,5.07612482907713,9.23457295480184,3.93849053469669
6.8735287629819,5.11447907888946,4.26801756772486,1.99865689294074
11.4426921274604,4.79765452717068,8.20056735055219,3.74168634826196
10.6762173583197,3.93959801466743,2.98272354835923,3.67844092085746
7.23383595059522,5.03436354706265,15.9259134924801,2.26355109641147
6.17362842503827,4.07333619895622,8.6497233229285,3.00231217725608
13.9351365397231,8.07875352343703,4.03807112164178,2.55871277167165
6.75288994336814,4.16450329996551,5.02378162079958,2.90138980871236
18.6794396464086,6.26096629785071,3.74774888167849,2.39011496805498
16.6566529408962,5.81492471382374,7.39860079230807,2.92149711517372
17.8168769946185,6.19005895339102,7.94206665988103,2.81862921058931
7.05724836645354,4.53484123755147,9.99603885159957,2.62328487310986
7.7140685838827,7.58651015143981,3.0870951210498,2.10002974354112
10.0773116764391,6.76611379255724,3.6353262001874,2.93335034008136
8.96924190739433,4.25195510230505,5.13820331738425,2.13199542970807
14.1456587564906,4.67790224515931,4.54602755253352,2.13595634538219
9.04521998903226,5.63350691446068,5.93194571589001,4.04244467707594
6.99941056700175,4.23977886051893,6.79271311211725,4.15191251992954
8.85929375680994,5.99208073295785,3.32715242519949,2.13182331080559
7.76340389354378,6.19346788110951,5.1905659787987,2.64499285431362
12.4098315365829,5.52090185844958,4.54958131433114,2.88435869269111
5.93675438209653,5.41791427348402,5.27380106424536,3.63728431107803
8.1452400228283,4.49909618812886,5.25668467010288,2.3171470070876
8.37390752670646,5.4096912840438,3.4906190542444,2.67043071610841
13.938508542416,6.38003154143418,5.18604540692855,3.24412861596969
11.4894361793626,6.36466207553634,5.44835277233372,3.2632168548511
7.10884408008195,5.39097544951959,6.58101086164441,2.9727379550466
10.0055178580462,4.98249233861509,4.37089723618226,2.16593472843287
9.78846273887571,4.31358429843019,6.45653430151802,2.77028585338627
8.48595050722372,4.66004362850068,3.99743530443012,2.8036919962388
11.1933225115797,4.3779179466497,7.82324777291755,2.37189489791145
9.99133574543312,3.98923542287565,2.64940495170879,3.10699900221853
6.81670516907708,5.60665583662357,10.1095669181973,2.84459114166021
8.31223505326984,3.6569371994994,1.80100084179381,2.71351245036338
10.9327914182657,5.02862989722461,16.2256227916221,3.13126585915692
8.06037682308989,5.92558166602443,2.72208642425919,2.74549423814966
8.28985326555252,5.03734406782905,9.07226994527463,2.8081577844117
8.50302895755859,5.81884287910172,6.33541210134129,3.10009749746112
13.2714668440667,5.05202506444644,3.21654566832785,2.87847315462833
7.64407432326604,7.09035595753905,6.3477735430366,2.13147415959126
10.4536787748414,4.22637905822703,4.72159985400289,3.12657841148399
10.1777447474388,7.69381051123231,4.72876436532398,2.28431010549579
5.89083513864474,6.03565256250484,3.49559461780944,3.29576249026015
7.46649972559272,5.7499608032405,3.44579187949787,2.45429783266259
7.93807875750704,7.11727097406547,7.16644485307817,2.41106470200954
7.748869375901,4.36658327438282,4.03418198816736,2.86427951581263
10.2251280884538,4.80011074030216,4.9985591073743,2.61847114756646
12.7637655338343,5.15110725680807,3.08410752533556,2.47082504576349
9.32752886768067,4.00040483537877,3.36038936284639,2.33539497732469
12.6440494821045,4.070465564356,3.52210734381274,2.71113860803622
10.1989740373001,4.12031765463949,3.32311021411335,3.27676459165227
10.4809268882178,4.37741294574862,4.55082246004851,2.73605021912331
6.99948100054889,5.09493566029199,4.38047181276677,3.30542713133137
11.0201881850468,6.33896453047071,10.1811087162083,2.24950677918101
10.4809077147901,4.35261039963049,2.84629404125132,3.07095287971349
11.5294214115784,4.52143483465786,12.893430607173,1.95412082040489
12.2509275235316,4.45794393593018,8.37851756465797,3.25417726444845
7.91997337979467,6.13843834033806,3.48899878015651,2.75231753639416
7.97044159353125,4.07027274253895,6.84104521776638,3.02195509937234
7.96656739221684,4.35704254313674,5.72442636664203,3.29955416769879
9.72220941885116,6.288302853042,5.59497391682427,2.59681030240768
12.5851116717641,3.97695714884018,3.74864634921316,3.85224792879337
12.9098119233482,4.23929054126455,3.67540333120872,3.66784686503811
6.43238383458075,5.88905496776644,7.51406137006013,2.69532257108021
9.49221745832986,5.36830682426778,3.49247609953699,3.11267636674288
10.9156288585782,4.90081073648598,6.42887543248448,2.77955201657735
8.11770899018132,4.68777760112841,5.08163745698978,2.50068462167804
8.32078819957927,4.77367491806903,7.41940049667043,3.13107573104263
8.39414611062977,5.28285317545906,2.45178099967558,2.28018435126506
8.4797675356179,4.55379069404368,2.80271273733574,2.05352441706754
9.65221919185757,4.86597847032487,6.69929403351956,2.47508029111205
10.0554008301827,4.42768103880803,5.96377198191586,2.96326100262853
15.9480101605134,6.3129934640181,5.61835184959136,3.09978721561149
8.02076166613611,5.07114388874274,5.74654390980441,2.23465369590082
8.18236344490236,5.33620207987401,7.2301856828867,2.42264559756179
6.9566295683304,3.84464314446261,5.64411771995389,2.45031274619738
10.960351626682,5.68462940434645,5.51215576204038,2.66440812389677
9.79661609596544,5.55769422145476,5.82381424987619,2.81957039202126
10.2514553929206,5.40062931228371,4.76399439919581,3.05336468626023
9.95520519644191,4.9782999497118,6.43283289159011,2.91822042816464
14.2272915968374,4.16322685140856,3.90718016471462,2.58354530342721
5.58963506697197,6.16706363125332,5.63453349518841,3.17381986609507
12.7438864258616,4.98321824109973,4.05933916954038,3.22660998719831
5.97270089066975,6.44384088015406,5.99572767920728,2.61901484479953
12.1304709008574,6.24149717603922,5.56822718209879,3.41133622195821
12.1189306733029,5.99480248530186,4.97089675872497,3.64354758337358
7.88968039184626,3.31045091167001,10.7298731954329,2.90159004050361
6.86695892235161,8.26787084456866,2.55761078622989,2.29360568898076
7.0582011063653,4.33890293645162,4.12999915895981,2.87974238761931
6.613879733624,5.15288120305555,3.64857632940104,2.40313000502268
10.2717896927876,4.77715860519078,7.94171899600567,2.29348937252216
10.1914319204316,4.71562988742088,7.17687145162565,2.26722643888377
6.80360767417258,5.78869389373941,5.18333924312713,2.97507293999795
8.86840484025201,6.97769682931625,5.9896950348776,2.09280070953283
4.84240787214066,6.11626281725982,5.04346088781744,2.70047431785872
13.6911383653805,5.90795765226592,3.07852543726761,3.62989187366091
4.47638157307556,4.80639765538415,6.51487447194893,1.96821203538901
12.8620650274491,5.94556579164335,7.31124747994784,3.26965870293029
9.78992763072017,5.26258976693705,4.22131720599048,2.89262567769665
7.20223869076937,4.64011761462602,5.38018553901738,2.11021076452783
11.2414693984676,5.16199891087006,4.77545326658219,2.51744239581496
9.29490573343331,5.08154086825839,7.32098273181219,2.33461678451367
8.15160777283868,7.8801173650012,4.03848908040771,3.0657898515009
10.5563801507656,2.64121261713772,5.55243274815199,2.68117451813177
8.87941817424185,2.96049723402823,6.91739789833548,2.75402478844278
10.9334617282756,8.78740795260161,3.30996945430478,2.72073241690503
8.82743432197624,7.99379251925357,3.43330133624231,2.71257288140285
11.2712037625552,2.45138034899394,5.96050418559428,2.45843977198441
6.50646564157065,5.34834113558548,8.98179783924187,2.76452111040601
5.62976097146104,5.43866797980304,9.75278120011436,3.55882591595342
12.4313426330025,5.5174417537981,3.38291799739161,2.96054987319116
7.99517431370424,4.90068729925839,8.49355275084564,2.88648286829569
7.14386163007095,5.00061381170684,4.27930222826695,2.34433539024965
7.19985485242368,5.42931681979653,5.59082027124458,3.08581689312134
9.80130671089544,5.11868940377461,4.40982140564481,2.25451657433028
10.6666536316583,4.76115743671398,4.45162136508546,2.52944767767035
5.09211863573268,5.95190047771205,6.73332780664404,3.01252952614342
11.4251374073769,3.38643757029722,4.92339948592485,2.03529828364095
7.18146128335315,5.21655387324114,6.3548956332687,3.1365770997876
10.120315404528,5.35815121926422,7.96395643532403,2.87203707226925
9.96606194274046,5.76874117120148,5.43318416678878,2.19738226603861
10.6031445111843,6.92221777102734,6.44531077802769,2.15898513100975
5.77447512944271,6.04679179466589,6.13288618917473,1.7474348212711
14.1429764173413,4.42444432783899,3.85994360985924,4.44910770716021
5.66861630375471,5.90838869959314,5.59044524338296,2.15882437881213
6.4170839126167,5.91684363129933,3.30887815975474,2.15667235025831
12.4214143683048,4.10533837045901,4.49228967755184,2.94266900468737
7.80862578055649,5.89754477576369,6.14974814436352,2.88907121538019
7.5334410509098,5.99187787559388,5.98956322696185,2.83782392065164
7.69352373694226,4.9885451587272,3.5756145478262,2.62864257269813
9.05138821198155,5.26001956458861,6.82023438032253,2.8016001500617
6.17295140314025,6.16655196538886,3.77704073266055,2.92295269421389
5.7120745749069,7.11307208400812,8.68156813940329,2.56234917615954
7.71033226254512,5.65751093933194,15.9605729060629,3.48532787815682
10.9906155024297,4.55940437242061,3.26781773911417,2.08929925692195
9.10754303276486,5.85734992279388,11.2487487351201,3.5330269461517
9.18742052769756,3.52424745705203,4.59387746733707,1.70513696225035
8.64205937470153,4.67545504652727,6.6397127025932,3.20475079620815
7.19948410646254,7.35009121561869,3.38628440053305,3.27012379900883
13.2661467179746,3.55028811597421,6.66400233816726,1.98629667426385
9.30968580039866,7.01779989086656,4.94242197465706,3.25896217846863
16.2141767480953,4.44238729641108,4.0358885510365,2.92136820838484
13.7849230559932,6.18520593024956,6.3996887358556,1.92115576379359
8.1318966467348,4.99416167379794,6.23363266555816,3.67896853517131
8.73090490400185,5.79143973740763,3.94645005456923,1.89911582434536
9.18206046756785,6.08276593043591,6.70699468815919,3.37407274495786
10.8235507453574,4.05932600986638,6.34019020622552,2.30682520411797
11.0822201651743,4.44389986852473,3.694388192662,2.73731586627416
10.5046015308657,4.54283135285388,3.14739867248918,2.89396077393603
12.0998959447032,4.99128373844193,8.24791500447851,3.46803959408254
7.51832240610665,6.2148206232501,3.2301834588162,2.92988134205968
9.83824059572667,5.535033656887,12.1415546091049,2.3871140743725
9.55162927199462,5.68442097824653,9.03800527282007,2.25623401733144
9.17885092674898,5.72430485870042,11.4456650242245,2.08556792790817
9.95253762365912,6.27496541505629,4.9964608914609,2.20769255118927
9.5735479444666,6.48194840115298,5.40148328149888,2.15532521889775
5.13290843291754,3.97270486365431,3.08591385938951,2.5286528936785
18.0694914749581,6.23338322902873,6.58491924030112,3.6769873824753
4.69761874771157,3.88552953443868,3.77373070081362,2.08902836363795
7.98586586234301,5.2810382709077,3.38448822974734,2.04844936131017
10.1220958716374,5.24345296514933,6.18550682170129,3.59884908368498
9.28505337825945,4.5402658224551,4.47216154325429,3.51178900161966
8.96647007710697,4.63956295770435,3.40309342710095,3.48940641523594
10.1320242939391,6.34946032501226,3.54554864037043,2.8570637321143
16.2106827826797,5.10990498957009,6.75237740544482,2.90922485414976
13.1384590829368,6.50654374629745,8.03815398047215,2.82838468185104
6.81452599835283,4.18558054949535,4.07532881441948,2.67873709413791
6.11258846338592,4.12390480036208,4.78340667908915,3.0207039421298
15.6480490362853,4.71563177222228,6.50292175742636,2.5844237113194
5.10734838481032,4.61752906041287,6.07502719271027,2.35737908800561
13.118552906382,4.38949345174087,5.64908086941371,3.69830045748268
5.39424504933241,4.17384587645395,3.5456493505706,4.08087857942644
11.7354717094821,5.73505744014036,8.55974110237043,2.10658546498468
7.36618982042296,4.94418204364024,5.91572296019251,4.19493993434362
8.87666997457208,5.73715330843504,6.22642665700103,2.76225499292832
8.36386996678845,4.53246376429798,20.7066526698201,2.82804695104397
8.49921907062865,6.01505272964832,2.21123807887744,2.5607581164732
9.16092883591533,5.4572094650521,7.3908064445967,2.55999461350066
8.82026703386746,5.28407987451551,3.66596944841038,2.87423281441889
7.59017984094898,5.4185748718663,7.60467372935436,2.96167404698014
15.0705086255029,6.41053116655521,9.88013300417622,3.37941094634449
8.96461155578966,4.76072407294132,10.4921679040358,2.1896267638313
11.0315835305308,5.00166483331124,4.89546337658398,3.40750529045277
8.72720442105926,5.48438790244014,5.34458435316524,2.02465180360274
6.69842973933446,4.39299663744618,7.69108560791038,2.87164747827182
6.77539202432226,5.78229040724395,4.30396244405695,2.64204356499331
7.28553120266307,5.10074004689784,6.05964912228358,3.42437074589652
10.0710062222666,6.00347909746457,8.02528309127234,3.43217188332787
9.54924554448189,6.05850335898554,4.9993387641388,2.56322652399497
9.63513580456657,7.69112838412758,4.04113168910403,2.29192673704823
5.46410908831987,5.20924219289808,4.81544533679461,2.75317715790041
13.5550621511875,3.77067966463873,6.74323010687927,3.2986948161875
4.49888355895496,4.89391946912637,6.25305073946932,2.65704055754454
14.4610266916096,6.47218641190973,4.57290699671718,2.50677158346678
4.13557689748647,3.8716699705649,12.7288905397012,3.39467982387416
15.6336625686817,6.62325725440867,2.95800420784776,2.19168946026457
3.80761064619732,3.78905579928196,5.36081829400883,3.79501920740465
4.61495054182079,4.11806939534209,5.59277827935802,3.30321586335545
4.35388360553677,4.00077823553417,4.5227931843445,3.33897072521357
13.1157517104709,6.7857180276343,7.38807226610513,2.47417179149454
9.04213384409711,5.87200110227234,8.67492862031926,2.1500063242457
8.82919347855069,4.39112680933771,4.16338964188742,3.66720319148853
9.1053532873715,4.69730978484817,4.51953548968407,3.37316307947139
7.63307372541588,5.63846903428272,8.18408758148328,2.77359685818366
7.22279967970674,5.23140578085497,2.20498891201916,2.74233993272812
6.80975639279332,5.72131057296079,3.97280843256491,2.38160473125428
7.83023426229629,4.92915709232991,5.70416519008888,2.81684974522114
9.55026093189893,5.0877181989119,3.49387880893975,3.13664448060007
7.88928338635578,3.32520378998785,5.25850346175237,2.54217682127319
7.22468505004089,6.25213601416827,4.97392831252418,2.57352950330271
6.90676559447968,4.5201613196216,2.33460775492751,3.09846241759641
12.076125499401,6.06901208633278,10.7572133633951,2.33789130365874
12.8316462206334,6.31706913058958,10.9052742626658,2.44913616119648
6.52763853168668,5.40425241777742,10.1477303266059,2.66942835990436
7.06007003979815,6.72444871379768,11.2289426402745,3.00275396015946
11.6990281019213,4.23434348244829,2.19477828712588,3.19122511145611
9.71168740277063,5.79845372248421,4.52120127865728,3.86881089541905
7.47815338723506,4.42989395601362,6.89766453177277,2.05936356917329
9.08648407448141,4.50692831339309,5.56817969499541,4.05858207021128
8.93225592698469,6.10324100134611,3.46573535919589,1.81259571317787
8.45321126707839,4.50323837408885,14.2494745415546,4.80384547016374
10.9911652617621,4.98000720521032,2.11734617169759,2.52724092221435
6.27521379364175,5.48133225605222,6.12738633249391,2.4004565692268
6.71450652600101,3.632910668108,3.72010693232302,2.66355102872075
10.0161215828929,6.44673941790983,5.21026842053907,2.46182200655808
7.77038778386852,4.51265803053422,8.60985715719411,3.30816979703822
13.7473365769177,5.96487556961295,3.65971387676257,2.77527801619674
9.61484734919822,3.49049096434302,10.431110799493,3.70428001239482
11.2231549263421,7.10240485914819,7.38916365057482,2.02144321670855
7.38286213421416,3.6730075386296,5.27167108949059,3.21443119253715
9.63016730157708,4.6742734493925,5.99445204665135,2.41163963183872
10.3318672244495,4.57613899223047,3.78051357289271,2.35673187868627
10.6470766219671,5.01952033617159,5.83612950226731,4.02119634210861
10.4179145393183,6.31490903913384,3.85573185155609,2.57810747156496
10.9860131624156,6.25078446060368,4.17160231426726,2.75081549385758
9.8217865394883,4.21480133010686,4.1865323946122,2.61055154416175
6.65543622620238,6.02119319237047,14.6165162502193,2.86879953773793
7.44769379845543,4.72505196571192,2.32400381503112,3.07493323571645
7.82841466518379,5.11171022539109,4.15598883127343,3.23054883832068
8.34196955246815,6.0234217139518,3.0215471163798,3.31332479601951
9.37500881604787,4.84909962093046,8.58764270396446,2.2302024814848
9.76512960718924,5.21024672625251,7.50097785011507,2.39763460097744
8.10807070500672,6.13823046373267,2.73221916261265,2.74829750164798
9.60922997965879,4.77955791339676,8.263655095146,3.90794755810867
9.2900025977154,6.24119678954641,2.7131504435408,2.27611983184663
11.5470261494167,5.96449193645633,5.52970774236691,2.1898786990592
7.70598271843556,3.65710732215091,4.61020222632777,3.63219899973542
9.85749082277143,4.49945001715758,2.99765717896276,2.85367287465864
10.0146344044211,4.45957190535861,2.96993286678286,2.87976973231363
16.5902768165857,4.16564662761268,6.87580845825538,3.14486796743694
9.96017681216249,3.60464941178434,15.2828381655641,2.69782876595053
13.8674519381912,6.3093098581659,3.38864708931891,2.79158110043368
11.2456818709474,8.38598040549681,4.97357221379884,3.26543662499419
7.17327366307273,5.08596526134277,6.04218662523528,3.94887464125398
5.69991509987156,4.90061119676874,3.23518295061375,2.64654942226202
12.7894009053656,7.52443229995741,5.73563769499165,3.48066114669104
8.61581506146626,3.83383271491934,4.60422580463836,2.40723958017857
9.46845936514794,5.2948006770098,4.43693359934949,3.2137941577738
11.3243039600244,5.73185721303306,4.4591912947994,3.46607189706458
12.3006572889707,5.33989958499555,9.67963510558251,3.42409669646151
8.34441012740298,5.77397457209689,4.13234026320542,4.07187196313145
11.3962924592297,5.27012815637366,3.70769500396672,3.22950520773198
8.8883791899317,5.08969612926517,4.85155703953196,2.37201454152387
11.466982411934,4.88378839943857,6.17963135355314,3.61692783857791
5.55617292596168,4.06815765512628,4.40982186213118,2.47223546907071
11.8550231174568,4.03431300417468,7.58220359600996,2.87916591864128
13.8133515753603,5.47156439937271,6.00182977843006,2.86845647476961
9.82557026003761,5.84473806095839,3.26350218407108,2.37769564697734
7.94545310865796,4.5313932421345,11.221998329141,2.74359773614172
12.154236237891,5.42004054082436,21.9023619591657,1.95958443048779
7.87989840240461,4.42912505833987,2.76140662259922,3.10389964678495
7.02768598854684,5.13298819559281,8.34973493837091,1.85289723192274
12.521915083797,5.13959938561198,3.51219211177612,4.99076422400696
7.65539863964215,5.84675427070417,4.69530535674417,2.41611319910612
7.95326703888323,5.61083750681995,5.36169965322573,3.73949887206873
12.1448796097576,4.99788897970431,4.45731335165738,2.1137001247407
7.37647156204609,4.86193496359626,5.37231528876973,3.41372046795295
12.4366004084752,4.76264440367239,3.42072371380178,2.33003734245361
6.75272639436288,3.4913848632773,4.11637618028001,1.74815045780308
11.8739952348802,5.34196310388536,6.22458558922825,3.04388362227197
9.19348964582918,4.257404444462,7.51479976137403,2.68263432484151
9.77124212134235,5.62372928174594,5.33726815739094,2.9020612625074
18.0278354633762,3.66475171592314,3.6967014311001,2.68920833285552
6.73796696065616,6.48532283036813,4.99982598538018,2.47576522178547
12.0255205395144,5.17823196410929,5.68639248783633,3.27789818424128
9.37553732652255,5.43499201989665,2.60745361816037,3.03521220881001
9.47978152037586,6.18183008401813,11.0429251284745,2.39125195889741
8.07543433401807,5.00916170229755,7.6525548000653,3.20923997615597
11.9934062519299,6.49482552367552,4.95942651727368,3.31347871915573
6.96650843430245,6.96276226970968,7.99427393382594,2.13028207502804
11.7547989004605,10.3856193974645,8.1888800617607,3.79689726091298
7.03956816736664,2.99138461483656,3.60291970276409,2.18678492877706
6.74059051676549,2.87441279192418,3.21849511786816,2.07376541831452
10.6098050061574,9.46404815217224,8.72787690227447,3.10768627896873
8.30821088421187,2.99428524630456,1.75568064023551,3.03828559591129
8.86471488377959,4.97669400636758,2.80512654814246,2.89783580858384
7.90841959516023,4.84295579325561,5.97567994467069,2.15127312967095
8.16416828912732,5.02971731850794,11.145448370229,3.04255703632707
7.13817413732877,4.97569387426539,1.89783953753765,2.17072537651237
13.059623955874,6.19268857203322,12.525028490902,2.67339677744756
7.65272697254233,5.22607147318158,3.30948617839499,2.85676021828267
9.31659814864899,5.7353943612336,5.69451225096374,2.08303082373076
10.0971453709754,4.9586432560974,2.3093629550786,3.25600896068863
8.26577427715364,5.56946829525908,12.7959547082229,2.02158019956789
12.1735863848633,4.2032405195207,2.44670289506065,3.80682071749203
11.3986872942503,4.47405328474295,7.38681230477381,2.86983978243823
12.5523402664831,3.83064765312674,6.63762178587036,2.44860927433745
9.40169442978615,4.30382860960167,11.0331272936073,1.88628380612544
9.18212092046723,5.20150880853656,3.06074299217095,3.72404038897308
9.18127129872137,4.31488380758631,5.97286932089113,4.41389753211077
6.62579171379673,6.38732589395857,3.68370975319901,1.99441014406882
9.76372434396014,4.44954793588385,6.73154492297122,3.69370791465058
9.15224665723249,5.53274876095834,3.2010650185187,3.10230530671978
8.44143504719457,5.03935436173945,11.7548278230582,2.83317843219193
8.74558370866839,6.04028144728125,3.36526871659155,2.48712077469169
6.66536946772139,7.3665434370706,8.90433011547807,2.52834414702186
10.5342469634491,4.05758632703303,2.63412444592999,3.38959710486089
11.3469120161892,5.10879312511364,10.9956801270897,1.92743587596688
8.95598374998305,6.74112683662621,2.59960227169338,2.69994169332696
8.32730901521743,7.67644340364565,3.63058723785322,3.19086679014151
12.3272079940508,6.91049348731085,3.2564539846285,2.38268511056512
8.93061141359444,4.35156285471504,9.53241408625487,2.39515841553379
9.96482042222321,4.82035127750003,17.7462923601247,2.87437907368378
6.61377369365178,5.80536126648118,4.1464974099681,2.42046217086532
6.57575572273728,4.74935943452908,6.1114960870916,1.87679838915279
11.1426477182555,5.28702223561297,4.50625526705828,3.57059110101652
11.0620450937919,7.66293116851946,3.34070079890999,2.63460009003469
9.72790332005907,5.69363042724907,1.98904985391782,3.89362751567384
8.68165722400065,4.04623982365025,11.1929651081978,2.02882251791381
7.39266179571147,3.72211788556692,2.31230136564263,3.11427199125955
8.56006673989255,3.56507457446806,3.13318564501371,2.41824199249966
6.01827782012307,8.4319003419886,4.5068621401672,3.27860470736842
15.0870751301151,2.44918965943812,3.13552758088265,2.57461806549753
9.05349303199325,7.32380898313396,4.11881214975675,2.34919234557177
9.39742393083572,3.64219573144361,3.59662937166476,2.34176515942554
8.18770586732151,6.45673075897725,10.2413884083974,2.8502855056744
7.30947903450459,5.05933279513615,3.80634186442803,2.52226101554733
9.03730613262703,5.31886172081499,5.15590404996005,1.84649199905801
7.8838677160231,4.48852829333918,4.57427685732392,3.39032506946079
5.27842076097477,4.91881875142765,3.36360943824966,2.81012449024987
7.56047883092822,4.11826786688998,4.66932888056248,3.24513939327371
6.33680136533782,5.40980352661683,4.01746839646946,3.32858883733845
8.76525166671539,6.93244777158481,5.7206809384984,2.45219201740371
7.36898585991856,4.09746611567033,4.14952350099764,3.78185499363907
8.71983261610886,4.98780147896316,2.07814457954349,2.75146407663381
13.3977173384458,4.62970775255893,10.3363891628393,3.50220545170334
11.0912297441705,3.57486248676741,2.28769404758159,3.48469678469697
9.53024358956395,4.11841473870433,2.94913643604883,2.99804356838353
7.50268960963994,5.17468234720075,3.17400058213577,2.85719487077471
7.43389636604968,6.87753267368635,3.52332961801619,2.58769692582365
7.23296358500613,3.87419045995093,11.3382318157217,2.84699992717778
7.52941866312649,4.08775960365448,4.74185639145363,3.45155584056457
10.3861610685123,7.19921719416107,6.29514429555059,2.31588500288267
6.51238628504261,4.89920569002233,3.78398128336824,3.25543518680077
11.3283569034824,6.25962685080213,7.28238630693688,2.16375974756802
5.28622480223782,4.28975804604394,3.74300979848762,2.98002450085561
11.0976663683197,7.37128112986831,7.70104349906406,2.76168453678275
6.99002892654047,5.59589191721092,15.9130000040137,2.55559672571274
8.00708152699782,5.41291411183414,5.66101957189443,3.22021124394717
10.6842930628333,5.92701119521897,6.76616883029833,3.38887579279576
6.24957208779055,4.34059528489854,4.8172707550113,2.56968637128607
7.8784557970682,6.11827489470207,4.81428841045908,2.53975661187324
8.7551948621466,4.00103186906145,4.31796993483144,2.83549601424373
6.67969092712193,4.82004468427955,3.92357290281507,2.4353437846835
11.7714678463612,5.24366954333808,5.30219318635629,2.94287673492218
6.21722914568102,4.56738498500896,2.45851284958795,2.52758034760173
10.4012533211166,4.78699570772,2.49990415338146,3.53989727370869
11.8986798993135,4.10530565108982,4.67934861050996,2.29947522064637
8.43426149457044,5.53414426956546,4.12173543716075,1.94584996728013
8.11512811973515,5.74078019846074,6.29511281133516,4.14566773418808
11.8008898174283,6.49335690070825,3.50402608188683,2.83600581587393
10.6202228189434,5.76059270883225,2.91928285053655,2.85205252586119
10.5778968229263,4.615223007005,6.78379375691552,2.3390563730627
13.133115805405,4.14785658799827,5.23755528509393,3.13611220947818
7.76131427213266,5.69356649159768,3.44353612058508,2.20377605496848
13.2081333238854,4.95189420649764,8.54816371443344,3.09988450717458
5.62066947799256,5.64092196603165,3.55834688631643,2.06924289329888
6.80526723672836,4.96645543799145,2.81787192861413,2.39647994877536
11.5922784602287,4.56337863057588,7.27216730278606,2.31605286985006
11.8536551398198,4.41673842429996,6.864384947476,3.24438902796439
5.0839920754168,6.17074692153393,5.03995163489301,1.96831634954144
11.5615348456487,5.04689903518062,3.95168216873875,2.54333881402321
4.869866882129,4.20171941399716,10.4917640960296,2.76988001954499
9.76797747190618,6.0799684547321,1.83245671633634,2.54606837184747
9.41125340449933,4.70892846478987,16.5299653903884,3.33907486176082
5.41778266185472,4.05499815694987,11.6088695514337,3.95231750614192
6.6949688243488,4.91289518420317,5.70186738140697,2.80176966508227
6.86756271585286,3.89454176542915,5.21062009778205,2.90471493722929
8.91522141358885,4.15154941961758,6.54516512340941,2.87669134330374
10.7764272923954,4.13378435800562,3.69024343123916,2.11419469516624
8.87077811378766,4.7206406802334,6.65359415263211,3.71674949971735
7.6182462672205,4.09519091997614,3.72693250245836,1.99182638085003
10.7362955265924,5.29929038500157,3.27916748388722,3.56895835419539
9.98399288431133,6.24576766563349,12.2396679205462,2.06255837215063
14.2136034276704,7.41042031901212,7.81680754923888,2.11718602500956
11.7443890098054,4.54718363177704,4.42669592375776,1.99148554818297
8.51054606973337,6.33071140634639,7.16338146107826,3.95749691486511
19.2981759979652,7.04435672127376,7.75086974175055,3.32329702781743
14.8052289141512,7.09629066645743,8.92400275488514,3.31404117306247
14.5588041270776,6.91871701017283,6.18103872404204,2.49596812830875
8.05108031591694,3.94296383859031,10.8177393239313,2.4143533843992
10.0522859369479,5.37640079151103,3.83849043878472,2.09600702530013
9.13983147317416,4.44202815428058,6.72286516911915,2.9032307170856
8.566034193655,4.89120708982186,9.00128195352793,2.15453827772403
9.8393789172563,4.98278831587297,5.69047479784234,2.37670418816266
5.62489338816774,5.21743441825733,4.6548144879459,2.29936396968126
7.75901593612984,4.98165432896863,8.91792084260975,2.05518671722088
5.30351218097992,4.5896251984558,18.1391185224512,3.17696388961111
8.64339403479753,4.98404879815913,7.63813360325786,2.12590543238884
7.34045124774353,5.00870432404992,8.29997109437342,2.70680911336041
11.6423657765608,3.95099880009905,3.73869398138527,3.06307143922316
9.82726351569807,5.53775132896059,3.88958352082415,3.02027915699254
6.49470373806374,4.85575519904445,4.45812015521376,2.65710341207565
8.56974972528247,6.5980619341787,3.84901800026491,2.92311935158256
9.19493109363031,3.83868136011502,6.35757568915361,2.73730294952564
15.8933561576779,6.86978063579309,6.919556014008,3.40630037491965
11.3320452144405,4.97275684679724,6.37238911415034,2.8507881884008
6.53295053953802,5.71721592128977,9.56508836120545,2.20674437131618
14.9938777065085,5.09428764586982,3.57881846949566,3.27488177604807
5.69766550218085,5.82919037117968,8.06288187489201,2.61770628522949
13.2793777234214,8.12275768581719,11.9846905331992,2.35051363985364
6.77489245640265,3.13264030662736,2.39316349268486,3.15023097404522
14.0618463201123,6.03533125356588,14.4738171862727,1.82441400647458
5.84592754154957,4.74438302626572,4.27451302612389,3.19266051545008
16.0089299611436,5.29346855880691,12.0498501378791,3.11344395351837
5.6985789021345,5.08759458252303,2.97276322815324,1.98547964796899
6.31393379397547,4.11221484593047,4.45870236601109,2.78392839834481
10.9293651952043,7.47923099073212,6.52139501218721,3.13209803122773
9.19284159845011,5.40937540923887,4.00993696895719,2.51328023825135
8.66535042548316,5.04305515032688,9.39338460778681,2.72936208779945
10.4727715331737,4.38607510135581,6.80406217849503,3.07139732777718
10.5422051654941,7.24897053630809,5.44740088337552,3.60480617051237
6.87237974603238,3.42239816224672,5.51403853064101,2.55849770989579
6.04772432472751,3.58308203140889,4.90451940570059,2.53629227999743
6.97959513748675,3.33445792011602,3.68313352359521,2.84029855510557
9.61227860758896,5.61367212233608,5.60578075245596,3.33970803285288
7.59695454680026,4.40564485978256,4.25530301685204,1.92887592655624
11.0638329164828,6.05142564054428,5.42428165757896,3.24308742157204
13.3899338625958,5.60890811916792,4.08167098665522,4.36510425783562
5.08161914246366,4.23606812750835,11.3879925107653,1.81199794768326
16.572868628279,5.67950392418866,1.99436616352729,2.48196947523689
8.11776218323611,4.07323397043536,9.70755443389355,3.15975361055161
10.3341188168699,5.70011359884622,6.1977156271759,2.21276247981251
10.0887060450326,5.26204597561548,8.02355632027311,2.5925245163502
8.70312588610376,5.45820931264787,2.92217406285583,2.3323120856279
10.0117475504093,8.53408830125306,6.3181344642039,4.0653701393878
9.44410697216839,3.83437438007973,3.60172526515799,2.28231426284445
9.65601203144249,5.03117870067512,10.2651135166782,3.3833319663039
10.4135035759834,4.38324256109411,2.55896727738983,2.290829836682
5.09000625257897,4.93764687502927,5.1288528292377,3.4899586044927
14.5653133827787,5.95857071812337,5.55026872894211,2.22659826284615
12.0687784616743,3.85049725072844,9.12051278264258,2.48452462853831
7.90377907922161,8.14233624201343,3.35329712682267,2.94473674413662
10.7526223362896,4.5700342974802,6.57172503329054,2.67050963555943
6.09848484495582,3.69163827822222,4.38886217307532,3.26021358919795
7.45725577219595,3.79783972279534,4.19135035934689,3.00160186704912
7.29591108637577,5.31425748223974,7.82101946802961,3.68562037787547
10.9070104117154,4.33949497478412,4.41719525150113,1.79617950555097
6.94985967480808,4.56602582350335,5.49532035205968,4.00085439597514
9.98895047129921,5.65180421725531,4.35300766465629,2.4152249761205
6.08620433835901,5.03354737030534,3.54784468875338,2.62246071632886
13.8347196462948,5.627057269732,8.50863889917063,2.79857558151382
7.37108031160656,5.25940671639347,3.88646378794614,2.13315311858883
9.46685498802834,4.22275815776081,4.8730509228313,3.88600624000278
12.9775785086333,5.66309078021009,2.98336567010602,3.09822066200526
6.96412646565606,6.79236956234262,8.61976964160406,2.99560828142881
11.5793388732499,4.61355340414214,2.8084068667606,3.21767809499156
4.87402448948695,4.87581803049029,8.34244718093167,3.2111358560628
6.23816829753723,4.80099541749822,3.2505312857597,3.57284324617321
8.3424419902774,4.65208097777058,9.32779960983352,3.12095917560602
8.42084832005602,4.4239086239656,4.67180099088013,2.05783722781723
6.33491418733513,6.73160252881937,4.06812273500111,2.94766305188183
13.1337943493339,6.01574701799169,6.40235791313167,2.39951834410537
8.51028962396643,4.56750357909804,8.55238843721001,2.34236503227198
5.97695725989626,4.42924122961043,11.5741813065042,2.79969138749695
11.1007075264377,6.34880654536378,4.32247202860534,2.77548325324771
8.09641767571411,5.74749046624249,3.88418818791114,2.79827527081733
11.0941866710508,3.42100614232753,8.34071326223294,2.03997410586524
7.66681347145571,3.97355625579489,6.43598138039777,2.300970510847
6.15603664389725,4.52708979324435,4.53153406355233,2.45197191213412
13.3477030471723,6.60532200426561,9.47659794755062,2.87331445336622
6.74678754523189,4.18395802763817,3.27798383932803,4.3816103771885
10.1029336375598,7.34898055581426,6.33278347832896,4.59295407216388
8.18432129909133,3.53811203832978,3.10754250606045,1.87138947975812
11.425273429739,6.70426233244618,8.03342884109979,3.80773125605257
10.644124806046,4.30001960510349,4.9586152167403,2.05297623926805
9.06264279596389,4.86850484160883,5.14277258857712,3.24353097915094
9.36429470035531,5.98207366479878,5.18693282953132,2.61605385215811
7.09993971441651,4.96106037701278,4.58850025446718,2.75378854686476
13.2590292752946,4.98518518890589,4.14621306258618,3.02033925471816
8.64655396004974,7.49786940402715,3.55618354768216,3.10898834057605
11.7432301464242,6.78863035354282,3.39420867143449,2.01929071877935
7.50620676966563,4.45470085604153,6.52337081264425,2.55443339492453
10.7066635775441,4.95181385578902,4.8028875517317,1.7909753088047
6.97419462124995,4.51812857544194,6.16922082144033,4.79958631326386
11.9071616643062,6.10251660990804,3.50984000501681,1.73748958311947
11.6819537035444,6.29335585511416,5.75829271601383,2.1784763662368
7.92216825224712,4.08040007796212,5.45433139290217,2.95700313083464
7.82679685121439,6.90253229966507,5.71636193354131,2.50934349486021
12.803080131037,6.02966873015835,3.28929040636553,2.49588941332894
8.32156552527153,4.36555231524342,6.50414111449278,3.20626695119593
9.42031822112795,6.48703805570126,2.16478856984388,1.7610884134873
6.92668670266206,4.31155738194584,16.7989812847851,4.54480486260022
11.291145775719,5.80669200376598,2.98040750370262,2.10685707453117
9.78646151702386,5.55489301920123,6.69763800471081,2.04348830077195
8.81463272980954,5.66256189337522,16.6439430553354,2.8542143691591
14.3242419633165,5.54711634576658,8.89822695061962,2.18531320048303
7.63667257969537,6.68052349473841,2.19825476562235,2.95932370820016
10.6612295910863,5.22659802728919,11.0078449310427,3.14419045511418
9.51849348860142,5.08207265449166,3.00211897621987,2.44965762946385
8.454648101336,3.88326819147668,8.06322909740921,3.0380819719809
13.4358925262819,4.6264171321135,10.0163596125098,3.86389222955758
14.7673519087352,6.01180132363779,6.57157109616769,3.43517057591828
6.29104662453871,4.62907739015783,2.60083463311987,3.15173338843006
12.2566278501992,5.40784368388605,11.6795776594952,2.57597854824901
5.2714440634535,4.52172951228943,4.21453710183997,2.94913018690985
9.67537698877555,5.03597415487696,6.3603419278768,3.22396524465085
8.70041299108551,5.5430380625907,5.84564034072826,2.21900768695098
7.45537694680098,4.83240431196234,6.5945520414212,2.64848835399732
11.3594815063339,5.71211537240772,3.46483225947447,2.16206198284903
11.9976592157104,5.2159066114106,7.84759833143409,2.78630068886913
6.75494458919319,5.64246310007305,3.72889477850739,2.64122192669378
7.04796089817104,4.84616621560081,7.63660583358136,2.32509646715411
8.10898817763801,7.29002056537108,8.51826906236663,3.08581761973853
9.11530868591838,5.802037302054,4.12595312406267,4.0865094982605
10.8928560196566,5.75344785860128,7.87277904311685,2.43138288250148
11.0480614572557,6.21300928443216,6.73098072776774,2.07392607526328
11.3902542866224,4.93668162071797,7.87714135373329,2.86288736317837
8.49648186919493,4.9425913882532,3.45082329032807,2.54220264350333
10.0190512319612,6.6863463830568,4.9232891120995,2.75137900695493
9.27961826875225,4.63964742197138,6.67337099945972,2.47160250103214
8.77373597369849,6.47481014774552,5.25275830737432,3.37633109155436
9.91855529505377,4.17054696105765,5.46149285869936,3.71319512637748
9.81806373408348,4.72120050418709,7.04876501270773,3.70109866467232
10.5150526745144,4.84180956433175,7.73298349034372,3.33221233528587
7.702528832965,5.35558791064462,5.04410370255414,3.31392532736086
6.6817221434544,5.42538742807253,6.69323460657129,3.0241711615368
10.8260217484589,5.15327604904031,2.8715594091489,3.47485400673185
7.36100851020955,4.9781230688739,13.8729351931753,1.80880322301201
6.61203867269623,4.3439999853769,14.1573427157234,1.94811185981306
10.0239245829918,5.97671968201385,2.66621858817164,3.80984924466089
10.2925003177079,4.33586903559372,10.1899270976873,2.37006986299648
10.3225734465057,6.05285067248361,5.67678783421479,2.12886836551391
13.9233262778823,4.35895882585314,3.71213199951049,3.69616453172476
7.52523537752997,5.17807651400375,5.21600963312077,4.05734393091055
13.1210369269542,5.29996658939923,4.07571448017981,2.0835258602477
8.50903159654984,4.22044730944961,5.93690944198678,2.55601907801506
8.31785456962737,5.83193978745488,4.36100859960686,2.1666838132587
9.04562657247839,6.41576784963673,6.08586152813588,2.08336525996653
7.4476683885966,5.40019591248315,3.72570693704782,2.39181544072651
11.1720594835525,5.61892638753922,3.26861355904844,2.12213940188539
8.13065778695026,7.13395496102884,5.31174732923383,1.92912552335208
6.51069024539702,5.85743920968368,7.51148341122848,1.82363652847576
14.7496664736865,4.83045106964715,2.28660500576201,4.31745705075858
11.0717829007791,4.73432387601386,10.1357048506516,3.0342377934516
5.62575496695529,6.08769893275333,5.2444401653726,2.86237590230987
4.53914004830779,4.57590317397623,6.16486627953923,3.00338530559268
20.5265936480301,5.28418681541977,4.84118111800109,2.68920942262055
4.62716911163988,5.55676547663903,6.33866194055902,3.00630174558476
15.5624475090535,4.2279981894403,5.2132769730502,2.66044416044242
15.6593556208963,7.48945470922578,7.94938942998474,2.566330189046
17.968795131413,7.59645216431672,8.03797114573333,2.52153187413975
4.8665687590103,3.72910607917342,3.41399495712256,2.73097759377205
9.12206825173324,3.11667331549446,9.93120112568703,2.78931857642132
7.11355136980649,6.80219334623146,2.32270474098015,2.35839560088788
6.89188188766745,4.35997230884353,5.55523473543098,3.74254613287827
10.5347514070851,6.29057162381337,4.11623734232593,2.22777901000234
6.78674735543221,5.30310670471075,6.00320322371301,2.91531660438011
10.4256747237427,5.58373822417214,4.83625748235381,2.60126890113876
8.47972315016705,6.03820951466518,4.54322184603939,2.00911420774619
10.8296168599137,6.43824498578348,12.0887076744808,2.82611658899716
6.50400990867177,3.55060936639858,2.98611672856122,2.8438722771954
6.73312749913568,5.46824702668595,7.29551408006886,3.56732300722184
9.47471941324011,4.3627962053689,4.86130708191592,2.35999369236984
6.65054844941952,4.95075241425469,5.78379374500262,2.1507054199609
10.1566334542046,7.18592918208315,3.33324736390569,2.62828905058048
8.72862985281983,7.15067197085571,7.24182007867861,2.72925894361599
8.13377657789098,3.17331319013858,3.49593045576178,2.37929528838933
9.86716667956043,7.48605998324294,9.48871898399503,3.4108210788466
9.66574257690914,7.47233469513436,9.13485210178277,3.34320463472271
13.0186876980027,4.11729343042415,2.91533509965687,2.32512378262206
7.28924679604504,4.4249680700648,6.12661149025872,2.42122392892714
9.87231540514986,3.84917025642861,9.23535047803481,1.73016510951981
7.55270187598649,5.37706789674009,6.69504397807673,1.90561176849459
8.54482730558194,7.00867546149372,5.07555815462129,2.50801527265894
9.02275185673761,4.04960324325092,5.19915018834882,2.7108083096672
7.49197501904408,6.30567296569021,5.04698336678964,3.18319874943958
8.97232615976877,7.44929203086778,2.71597343511256,2.4330416060219
9.56046294462441,6.87778855190118,2.89739024400629,2.58008781459321
8.60010481644343,4.62364028581441,13.2860272653541,2.38989047737795
10.3940077239443,4.32940738981989,6.77584281604099,3.33663196839803
12.6916407840482,4.13784896870039,5.69316418981337,2.22166329754544
12.0066657678934,4.03379347620488,4.82183249632405,2.20469700910591
11.988830163229,4.15444559641392,5.12947400438448,2.03216985630011
8.99031734278581,6.73796934833854,5.07572361490718,3.6314870300956
8.07259878755083,5.43728622943341,3.3117256192969,2.46701517498803
8.57613600711759,5.27345770475972,8.60423255402244,3.66398359561184
7.54571328199711,4.8926667259827,2.53846015056504,2.00489089440383
8.96335403063368,5.16030435936136,10.6134282154228,3.11820694016816
13.1248105906526,5.68374544744858,4.83794397669886,3.03446941232605
10.6532811229085,5.35061389745029,5.17161289102078,3.14684611268379
10.2477810437601,5.54452276618848,4.90768079520689,3.39267393975764
6.48994394831263,6.99082979947601,5.32556890698407,2.21646515393857
12.6563838879305,3.58305428287916,5.92926721034077,2.31054670589791
6.55096287972925,6.46241224013977,3.24820450059176,2.84691946280652
12.6173870183466,3.50523676389261,4.86052783123722,2.60680434481779
7.68391502991101,7.55762740867181,5.87319332490613,2.58788183486433
11.0287473581627,4.12123320244504,3.35137153032555,2.74582794427004
7.35335916538719,4.9579423920744,9.15702886969953,2.68502579017604
9.39418286497694,5.82661020744596,3.99384166946576,3.37143503889095
13.0055700499289,4.86947654375721,5.64863453735598,2.63481590875119
7.82995044481904,4.60339809238482,6.62345747949067,2.29586306130756
9.94429138459695,6.33089616888276,3.77911135599287,3.12150796572732
11.2639785531942,6.33935845487773,5.54472871038969,3.16700431988892
6.39927550366984,4.55004564926169,2.73408821051498,2.50216339267753
12.4121994664939,5.44821587786212,6.49080400435508,3.01568878440741
10.5686005380878,5.00460652700679,3.10483593964715,3.2941947896761
8.59936975320155,4.69549220393739,4.34397526375665,2.53256759468086
9.52444588764588,6.69702746338848,11.6045128346739,3.0616150498707
7.8540066382899,5.15454698442629,3.24092377135751,2.74955541541706
7.78635705713283,3.32310672656473,7.58710345648368,2.34224246436739
9.50607064368354,5.57838741010502,9.48711036071155,3.20072631170985
8.61607874998951,4.86654794650647,3.10350853312554,2.66930757686288
9.83213502878428,5.5825141010207,9.79294222176311,2.67922458565703
9.35624040431236,4.92229435073448,3.40603349385474,2.807550215399
9.21561700704945,7.05232939671099,4.55168534648945,3.53929137810724
6.74776191585565,4.59103698717242,4.11871707648132,2.07501418250706
9.46361400464787,5.94396555411066,8.25743525562801,2.71296966974755
7.73401962887807,4.77500979361744,3.34214038447446,3.38448827082769
8.12622567483201,5.31202937596993,2.49280010252453,3.1910555146586
5.52698757288645,5.14694119057035,8.86398559800559,2.39518350158053
15.9565706852103,4.94863292431799,3.87765148011022,3.04154588146829
10.5402455429507,5.00341734507715,3.00161125506881,1.38947170673944
13.9603515768997,4.60169400883332,6.01000106382625,3.64228928276381
5.15663120811036,7.53623644780305,3.2557104243265,1.82307341324115
8.95678199971474,4.19121493585656,7.31494524343533,3.09336324221545
7.46280069102765,6.17421269607668,3.13823590563262,2.06339302362886
9.21280560828743,4.71902338145294,8.39111056057955,2.56033128268007
8.85059173878053,5.24038852499864,3.49407677739187,2.95876584054195
7.45016133059961,3.76808205482036,16.9119773124021,2.7264432164236
8.38772552970096,6.5002620608469,2.35999905982378,2.87669440518542
11.8840683070216,3.86254655746819,12.4468514982984,2.69050926928151
8.2118542828269,3.54625789013474,6.77488833636423,2.88630379941579
6.66681161045013,5.13077541742147,9.83063496979604,2.26033232560138
6.32420938297354,6.33714942785062,12.2162017849674,2.35305704741152
10.6027778082138,5.45494919385728,1.8220847999074,2.55364355438008
10.5997119103284,6.1803188150346,1.48168425555216,1.97981805563138
9.1990149503382,5.62670655268291,8.40842422677242,3.37671810478957
6.71523999847378,7.41893111125537,4.13486458430284,1.88567522826722
8.93413669157821,4.64737410244344,12.5739703193724,3.63882895881692
9.38983453372705,5.15261534697694,15.267579537536,3.05121361219282
13.9689340366339,5.55748425181254,8.53241905531041,2.39744937084834
8.10141968663437,6.12387016007574,3.23712988497846,2.71222250048819
10.6726112946776,6.0776953198886,5.71738030403326,2.96582182257731
4.00847740329114,5.35755624862845,6.0719042312575,2.55034267714995
6.00525814437443,6.4039913791289,7.22695357422704,2.74609568515697
7.25800522732438,4.1091811979466,2.63184184136707,4.58465559376506
9.6387752117515,4.49522050656899,5.25403871783991,3.25093885425669
7.784488376463,3.83606965329441,4.64502517875026,1.63425290211624
10.9973573258472,6.03979976821435,5.90119880282354,4.78091489352447
6.49480585853489,4.45816298668149,3.90493793992491,1.6252449061781
13.5135476958245,5.89747040645042,10.2988808981547,4.73472803662654
5.46766322499971,4.25660530115793,6.70318731597477,2.82683307805303
6.34958645823532,4.77046324071606,6.50544231383988,3.72235676944098
8.27320490455327,4.93777724952723,12.9000559149,2.19487714563826
7.97260627735757,4.26180960790696,3.53534698264426,4.21110953009929
10.4732672400336,7.88100400058458,9.45163824851313,1.67661416212445
9.27617192563935,4.65004334615402,10.6612628799943,2.94870731518294
11.1018796111272,5.26526360195699,2.53444866336588,2.24682655705148
9.94474170410402,4.50740436109047,4.30854205050854,2.48208378727003
9.22200482486965,5.78376259211061,6.20343167013575,3.17373841465212
9.9951121115918,5.53193096723531,5.14493684997899,4.16787530277895
6.62933712534434,4.71728365626819,5.22764810460704,1.94016821332261
11.2357068110761,4.23050202864452,4.33018402495161,3.28998027933168
9.59608964554395,4.7821422717221,4.73890111987891,2.89067001414113
11.7130666085754,5.40636416373674,6.61065659063076,1.80991427258152
4.8819780507608,5.47285420152379,4.74125500201518,3.65397857378817
12.6207315978563,5.93009089604722,4.82257378491954,3.129868270265
8.10480587794477,4.35505025456928,5.5781453749831,2.18200585666308
7.58132600622458,4.44803666682522,11.7274691552983,3.17808244590711
12.2819591728908,4.04880828626007,9.21025391127618,1.9098453966078
11.5967070776198,3.93815830437435,6.74661022670668,1.67483166735135
12.5648630191586,6.87112341375653,5.09950402127872,3.86200317297761
8.18839833162456,4.07980582693357,6.1120619489849,2.12030588263602
12.8162492551546,4.75838641119195,4.58484742153581,3.18590405752213
6.36615582329264,6.87422911316903,3.37075201091101,2.74036420962155
11.6859628450681,3.94963268319742,5.98073845689555,2.72842629062858
6.36058736185119,5.78407219999681,3.57553554192749,2.76946304310996
13.4285025860128,5.32438970900007,6.00546903606831,3.38742370635845
6.7899103139653,4.94569827382028,7.55810281851739,2.08984429045483
15.2657317688441,6.32595607924274,3.5938556499417,3.7493373793441
5.58150278475524,4.67050781783852,5.109348914379,2.57497021515676
16.3003563850936,5.76918153079165,3.72756272142139,2.74893366992557
7.85453859530475,5.83220532549209,5.34383577106779,3.40464117096373
9.16366713423993,5.7270122245034,6.95750355112817,2.50592832079362
8.80546479704849,5.67574078070644,3.89540221330166,2.16140515434582
9.03946884681286,4.7243451937857,5.30145752845901,3.29563680769818
13.61466057985,5.47987802991638,2.73554949020273,2.18780469347083
8.64976648963296,4.9378231702727,6.27398510777533,3.27001890024516
8.54372691964894,4.45980327758855,3.82025855832049,2.14034772469351
11.2572968941765,4.62083512759295,3.49650083499687,1.47512106248763
10.2293350275385,3.90677565611658,3.0249834118867,2.00427130912485
7.15123226598458,8.1837753234033,5.82878405700226,2.55507077936767
12.4218292907566,3.90245095704444,7.43135844202801,2.02773001025888
13.3746198745516,4.46651860164741,5.02090831775029,1.78847714715983
4.86005242215426,5.31382482996906,5.47540295717812,4.26348000753062
9.08033339359793,6.9830912417917,9.21279251997843,2.29929760137944
8.60804710220944,6.24799749868075,9.93301035125157,2.2580395234578
7.82153102257675,3.89667923720873,4.60361881584945,3.48194891847277
8.96128461795971,5.66599409307514,4.96786129668347,2.74572809666242
8.31676575667891,5.49171902688331,6.21780014078448,2.45160004711049
9.08109451599488,6.53728126315863,6.84200064490055,2.87222100356041
8.04341554935839,3.43002789409913,5.45679733544458,2.76093668185904
8.2574314155496,7.56965898610432,4.66162239895615,3.21559166460231
6.74511675813014,3.94980668942598,5.96996917217959,2.55944367361934
5.93377037830045,4.58595121316773,7.30023403774152,2.70044340653398
5.48865381271934,5.37389811696092,4.1762717709773,3.4310442885067
10.8347219955086,6.98165391355777,8.10819459680371,2.03737512515523
6.32307967858988,5.20949840025535,3.76199446492211,2.3777439964142
12.2292780046198,3.49218220453987,3.99664519003468,2.90642570375741
6.59790972369519,4.07456213102838,4.01639381269699,2.18251415052523
13.7662100377751,5.11960048071858,6.73440430621247,2.41131628064807
13.2443209376332,5.30536791607038,5.09840655831258,2.38377199859806
6.29165994252443,5.36926836578169,4.99723597904705,3.09528876955869
12.8785620418468,5.2549290485192,5.65455950706588,2.36465877636417
10.8636204729414,5.31688136825223,7.16827840467797,3.45113309757803
7.69467642579128,4.83182225098358,2.75013054884415,2.42112961464679
11.2661704105554,6.54131268031819,7.64416097713475,1.95559547037312
8.96811880269742,5.79796153327639,5.97510608053706,1.96259007493654
6.61989531096477,7.63103606508634,4.94383978854396,2.40127082173267
6.92313417705303,4.31333276528644,4.74000679391591,2.24809109124259
6.37249313643096,5.66014926490695,4.13949929722542,2.29637431545883
14.1083911635076,4.61684496622686,5.91196654476654,2.3675710076238
7.238161185229,6.16348804049181,3.67680773054677,3.24724873577759
11.2583595570741,5.12165034716764,6.55791597796543,2.38049833683981
6.97459398024062,5.61636926096655,7.94501533610885,3.63501780982681
9.9746094166103,6.1101077942378,3.03391899433873,1.98151427691628
9.9426378195399,6.50826320377712,6.74077003416276,3.0447382926828
8.85936869904037,4.11049844549342,5.82253313868253,2.7581249666754
8.70323025035837,6.77265406043798,3.58452103094367,2.87137808621274
9.86839127492287,4.43897390875898,8.16220214503464,2.3656500741235
11.3055991605134,5.46155516771618,4.85427081381792,2.05824560883973
8.09873201231554,5.20802954959502,3.75138714355581,3.1956610091725
11.7422707626805,4.78862521702056,3.95558549355493,3.41620769756929
6.11016598213096,3.87278821305321,3.1374981563232,2.63999086629157
17.4478834048167,7.91695880726252,9.91260087622705,2.90949041310109
20.7677046357498,4.82631815178809,4.89463893306501,2.77118082931094
5.72299322992318,5.5688233140847,5.23675328144887,2.66341113730851
10.0232108415625,4.3320024511674,5.16915459605304,2.69505070489443
13.810792112384,5.61402817721577,3.57928535686598,3.04933042187672
8.74111408522525,5.16471235932476,4.04744835228094,3.2800476416118
10.1579116916721,5.38783386655191,7.99981263276938,3.40694765001649
6.92100262619788,5.61600832090827,3.91002441198281,2.51160675186988
8.97891551163715,5.78307900368726,3.19154729694463,2.5137935114073
8.17904184246357,6.29040795519765,3.97000267836917,2.68338617858244
9.44624948369248,4.94208772065839,4.28634735353432,1.96147635069182
7.54269839026137,4.28428687380907,6.35667033088047,4.67651529154027
7.67411166640624,4.09753433181908,5.86575340833376,4.70012601080006
10.3213102442624,5.16053753694383,8.35992251377781,3.46853108068078
9.69762194099653,4.4817348399396,4.16422332372679,2.26894557212228
7.64291754476237,7.09675498623545,4.24830193585069,2.98754838891401
6.06975242087644,5.43314216792437,6.35995440975193,2.26458729176153
11.035272551601,4.25265041910434,4.00111571927594,2.34690051739341
9.3610815965008,3.92633013969412,3.70731226519772,2.29335424875613
7.35635099050782,5.37168432630514,22.3936447978453,3.33880135168415
10.6633109134926,5.16204953644572,8.62938811358065,2.75757423329235
6.5926451537495,5.27486183691426,3.41682465666836,2.61249133430355
5.51663283065617,4.11113685606269,3.47157182793951,2.18181484713969
13.6304386687479,4.8908184715504,7.02913628437006,3.70445733881555
7.44227697327786,5.16797299336929,6.88059037278971,2.8073930653849
7.65053697387995,5.94168839279205,6.09473467684154,2.79360111321154
7.77459247126141,5.54608294644928,3.44633450357552,2.52732997375261
14.9789136064941,5.17995358674399,4.6808336829153,2.43657471140816
14.7186153336736,4.95971778978195,4.63297740692108,2.31735506655292
7.98482147673241,4.34165176371817,8.65663577636871,3.90775841714622
6.52910449386717,3.93771294771504,7.0239378226353,4.39857387952986
9.89106700608197,6.7280153918378,5.59366785330036,1.73104504531218
7.75020596880711,3.49413105017937,6.87804748526283,3.87914878338203
10.2879622109442,6.53254176793572,2.30806087126637,2.26780340803653
7.65282966910807,5.67454888013731,11.0029552653248,2.90187584569936
14.1538562975846,4.97283121463571,4.54788540913258,3.0453242226261
8.81887349728074,3.33828483027063,9.68201890654586,2.73044907823995
10.1206920842853,8.41371228764227,2.35217653653779,3.39306871993725
7.71883598424579,3.12535439270096,7.22357037945911,2.23205430734079
11.9890133538727,5.19909746495617,6.22681521003856,2.2733445710599
5.58249965727347,3.78767840959014,5.93000429787923,2.51074079640513
14.8527373439444,6.42124058185464,4.19402412680144,2.66952762111506
8.37395828773672,4.69320765284539,8.14997852290563,3.09521461772545
9.11765737662151,4.53779998110206,6.37236110103921,2.40302541564059
7.97811158190845,6.25524772209203,5.2932495982157,3.15532908601833
11.3426768313187,4.13380293932704,4.43598487769287,2.74649771558723
6.82765860346051,5.38303963591634,6.69660548748871,3.24470595530241
11.8725564478237,3.79980521032657,4.10785917883465,2.61258609976932
8.11594891783645,5.24430012707978,5.0323004502349,2.17538706106344
11.0387853056016,3.5590401166441,7.84139370567879,2.71455552422244
10.3153835279708,7.05355016299067,5.8985718390079,3.56093231150344
5.06547385779683,5.62164048370195,4.92279283933607,2.71828332015674
6.07037559635044,5.1547579669626,2.99712997278613,3.19056036363959
5.9822918236626,5.92903193179659,3.87672043502424,3.26414134034342
10.9839440198908,4.77524727703237,6.25092160309875,1.9218996170624
10.0096269539336,4.31028572808813,3.44205316818366,3.70253504390795
8.95194001467098,5.06515417799444,3.08348662662978,3.68511101595055
9.31453778755266,5.66964907306642,4.97583256551029,3.592870916132
13.4125747955011,4.20517586109532,5.03298527723369,2.76568963990706
6.69706558039564,4.8435207831289,4.22399160137918,2.59563381667064
7.16022902295897,4.95520985682956,4.74775811320671,2.54023389651615
4.61264407060466,4.81063901170178,2.18235854891302,3.33520680324381
17.1186690660512,3.70367243235898,11.9410653000103,1.92327254250742
18.1853069847148,4.38134056640763,6.6437908533214,1.82436579857399
9.32592238881342,5.22655830350245,2.78481788642009,2.99344071001985
11.2769797551169,4.62038941642042,2.39361865977903,2.86052046011756
8.30474089083185,4.07678305256981,6.36696006629358,2.90627294440333
9.2619648370242,5.17088854112615,5.62114698670464,2.22512383207522
12.97250095844,5.65949500492453,7.96604413301253,2.35604158017231
13.5230394309648,5.98792686217469,8.85431442902334,3.25318383605949
11.8216906240734,5.55262468207109,5.55543323976132,3.28696976229343
7.55633715663566,3.98697870672558,5.94957080748726,2.04709571319861
12.4140126004908,6.78254018135145,4.68608356817843,3.48104299295627
12.2395921316208,5.0179101359096,6.91662577681873,3.81999103205005
5.99823896077008,5.98800183235988,2.96325439662861,2.35069175058325
6.14695529267509,4.0665930851899,9.62334791097133,2.6249933072751
9.77674075686682,5.57737839364247,2.50912226948596,2.5098196632824
6.87601340114675,3.99168195451988,4.9540255134951,2.69022469635713
5.94424683622761,4.57070983844,5.19150566115951,3.26219782373763
8.31115479793016,5.38668933000587,3.71300696177103,2.12904121138807
8.65562450032605,5.49365488658669,2.97003923369064,1.94117315517379
8.32236635733547,5.43619518747525,7.53034535505619,3.01886285380598
13.3931822168331,5.33251464795834,4.78703219039791,1.94951964212368
6.58929512193574,5.38464707443894,6.05300366488214,3.06469545648617
12.8737897068114,4.61274837603554,6.1607132477952,2.26911222501562
8.91035065147692,4.1962613206546,3.30366707558737,2.78709053233186
10.9675589190772,5.02941826441761,5.06979964813421,2.10172448258359
18.0277215528168,4.02655121028271,4.53732501091301,2.68915109541525
11.1163364684558,4.90358614245846,2.86236172114366,2.55929647263259
10.6591563820956,3.05747746283293,4.12632571150393,2.03991608335637
6.05569678281219,7.78193739612377,3.83603804993371,2.69595378591671
8.09199200338523,6.66080593254726,6.06774556244002,2.69112153456352
8.33845918167555,6.0277759316075,10.0631048396898,2.5048420562642
8.01120003969176,7.12269178828558,3.77123921339168,3.00863488671639
10.1765800473814,6.38426107863997,4.30480754442779,2.78874500463628
5.97040306877032,4.90777766057159,5.4265650521497,2.69943439846308
10.1084527152341,5.37905054112749,7.37180286494463,2.29071132636308
9.67074145044027,4.12408576712299,8.54347066896386,3.41303550916169
6.5492779086833,4.88658984582487,4.97811428006341,3.0021756922841
8.92551504883478,4.57465939955154,4.32247816032323,3.42046569527738
8.98052346219586,5.96540598253367,6.26211787957934,2.64090235389802
8.39719299776565,3.90066087940973,3.20209492995142,3.73726045212701
10.9700281681524,4.98141184603274,4.53627407658189,2.30156185247958
9.34958931055064,5.82000768322372,3.85240230365433,3.56750073725249
10.2307330830181,3.8469850237509,7.36838843800675,1.91733742288663
8.58918450121088,4.67736473809544,9.10990640737851,2.67145881156386
9.64916271639503,6.0867900764745,4.8278989144616,2.66338857137271
9.03230138481128,4.27371973923231,6.33332249426715,3.08202598264897
7.68361632175892,5.4676756150371,8.04371536170508,2.22998047335692
8.47710208549275,5.3147252754375,2.91249766139117,3.44389758637478
11.2123632075614,5.71509663031275,2.94808739207644,3.07630242948889
8.94768224406522,4.34560970568551,14.019877443577,2.41605031727042
11.3473792497214,5.3679837072462,6.29961722927616,2.93339549054623
9.36171567819871,4.490711956216,5.59681195705568,2.21028692856764
11.3988074871876,4.90286791381444,4.8294236623412,3.85326193629611
5.72844782086065,7.0466164459206,6.08627259302757,2.60863312105691
17.1690068950095,3.73833470860302,8.9102166248481,2.78449924419497
15.9626418004319,3.23806864926546,7.5549209212865,2.98302616852158
6.47067150855624,7.84240885218384,3.54303779961831,2.24311493184387
8.27303685602972,3.17266918001403,17.5830231826243,3.00077564704309
5.5912191093587,5.5529655483459,1.92223823194782,2.40445748826123
7.19994268620854,4.50648875541133,4.8008663686113,1.66436622143808
6.17946210730381,4.51788438452579,4.25057591475475,2.16657216504473
14.2372789444543,3.64330006337706,5.23964271510479,4.70564759672866
4.80800355986638,6.63515283703533,10.1110061260354,1.69493552195447
17.0551749869198,4.10643724517249,23.0888163381747,3.95240058256664
9.65518084780604,5.37488328023301,5.40282609264718,2.93728874444186
9.00825931899572,8.75686027853295,3.75905874438692,2.7066355430899
7.32734333974348,6.75362759981434,4.34014421170289,3.68815282011705
7.97604680678978,6.51438147882909,8.20810851379153,2.879831890343
5.550651419857,4.00088310988921,6.22130431323923,2.35151766522314
13.3752509039754,8.28007984848594,6.61560035877512,2.78232487645945
12.8511720840499,7.20076327114845,7.16905929449791,2.79619418507208
12.4426888966778,6.49002785394388,8.37776266932751,2.3736753488564
7.65442371413526,7.19738154666016,4.07321063954088,1.82337811677139
11.3917772508805,6.58761897042786,4.06396209731735,2.88334009582395
13.8506737993919,5.63491820666725,1.91615904117428,2.55513791225691
13.5305625057504,5.25328092139761,6.90950580812364,2.11172181279462
9.68529860533086,4.70055656222615,9.02827585428637,2.1452124258929
9.41289867067582,4.37388728499727,10.7144525056102,2.36720156185768
7.14523789494584,6.75569354846116,4.64761587565199,2.87160402794697
6.17610783836851,6.67203831731532,5.83536071366638,3.53004672965184
7.17409185100917,6.02220910543762,3.25630916316378,3.54764871725174
14.4055539993323,4.48464663201524,3.27472745262196,2.01622287762132
18.706053130044,5.26011721493621,5.91862054643671,2.07555061666944
4.81053971778925,4.6643343479346,6.62947545883069,3.01476327733107
9.00098997547303,4.74518701458005,4.96195349861305,2.52525626713938
9.79400125186793,6.0125955285653,6.79465883824252,3.12181901716203
9.10228324174211,3.82805099203627,11.9041307010462,3.35070998656787
7.13927247669235,3.90876666789475,6.61125263686597,2.27693684547582
11.2745735844892,6.68987055695824,4.8599181122876,3.13932875760704
8.2904888141486,6.85096290353079,4.08475555182145,3.24030044078942
6.84192553380696,5.31691591736736,4.06296947831411,3.60785965872285
7.30969539291284,5.16283077414261,10.4741537768384,2.43643896803124
8.9978568238952,8.26189369889861,15.4064179418254,3.9158463784017
7.59283432239391,4.92800563244283,14.4229244367597,2.12088774197529
9.73863795500364,8.00206085943457,4.44821293602926,4.25795123088071
11.6310076862648,3.87875877954665,6.53459762295395,2.67791521123363
12.2972996690096,4.81240034683018,6.2100538042572,2.06386948052104
8.17204276949246,4.07999904095926,7.16674773786392,2.01264900390273
9.31997826265865,4.28594852929843,6.22114301004587,2.29988011878741
8.41956779163724,5.20495082209264,6.07921453587068,2.24732185633208
10.6382237689296,5.35690442876714,6.63423204900187,3.157971210369
6.59196422652223,4.81211466359207,4.69127416882337,2.42611509395055
13.9618606098947,5.41113575978407,5.09218094956312,3.14061835037212
5.50535839159181,4.78124528736042,4.67571189705121,2.55507286250792
10.7262665190488,4.92482639592023,5.04039939902656,4.2825212751197
6.49330665647865,4.54634242376882,4.03527346086603,1.48288322471335
8.5363864532793,6.22249515569738,4.48566768300395,2.87435179632452
7.57738545010355,5.04622882037564,5.85344079369389,2.70814694652307
10.3791795744318,4.63722836277162,4.03925929794937,2.49317903642221
10.1860396189247,4.7279998701631,3.78880994505335,3.25974466886668
9.48719195738635,4.84260775079746,5.10421052640212,2.46228324204482
6.79914934965001,3.83844404384086,17.5425738425905,4.30310032733093
6.71551442993777,4.19012481985999,13.923143965966,4.50791336245954
9.08519136237526,5.17953115130741,8.27234731355538,5.25724780427512
17.3777983476154,6.22150535147017,5.06663737534487,2.48323774180721
7.99422861363136,5.38300294707768,5.0853184646814,2.40099405282049
10.4837783924782,6.64528253413149,6.12875621355389,2.41313358201342
11.655497384312,4.29174506206889,4.13644576805437,2.66073402662006
7.88777320312657,6.84204889969491,5.59983558069271,2.75530240002596
8.47649490885195,5.3641247732667,3.61422886403553,2.55820707292968
11.4973219545164,5.14770048057129,5.49406073391202,2.07792800594334
14.7966644073898,4.67109138374069,4.78348291759178,2.54190227714338
7.15150158068205,4.98920020962071,12.6906496085316,2.01524271694459
11.6096857332667,4.90702779787663,4.24340682765768,2.64067741450127
7.68068354145059,6.15406551177617,6.32641961561395,2.86756785149423
15.6740214173327,5.70988703610463,4.71064380311874,2.78644697377751
8.28293716107219,6.62531235452127,4.91797275401312,2.77124608215707
8.28928270155821,4.32441872681789,5.82570965665565,3.09199604543737
11.7472629439486,5.56274107401329,3.37763808960424,2.56825073705201
11.3887864131491,5.26373121509995,3.37050180612125,2.23176652507467
9.60841516667491,3.67999782484089,3.01901579779015,2.80806260682746
6.03898760278776,7.06306390136581,6.85917667891117,3.79017137459289
12.798766333232,4.66335072778289,2.99299622833102,2.03059700804012
10.8453682931396,4.15704815316519,4.08571313696009,2.44818310630564
8.3332246088107,7.91541240562716,7.51373965065005,3.24909147289896
11.7802075203355,3.4198781898994,4.03081718690857,3.09193356576021
8.85665058938427,3.75006716557094,5.4552685408448,3.34202340122287
8.01057832672838,5.5210539209818,3.03794677329714,2.73304271750855
10.8934526161251,6.85326478498992,2.74476347586516,3.68763365905169
8.96544175826808,4.66441596277049,12.6309959420963,2.34120195549845
13.9803133162529,5.45899863263711,5.28016237214324,3.35457391614251
15.1390131896611,5.61674060187065,5.1832008717388,3.20128046282728
4.35174576468075,4.90775145796871,5.92656492072903,2.38144281194777
7.04713020340375,4.16791329205212,6.65269084723122,2.74161635908681
12.4190886861301,6.03409487566925,3.24571566418409,2.45477662272185
6.06009056528254,4.87401421798178,11.486587780252,3.17227782476552
11.4631208769293,5.34311436341508,2.50457324717773,2.8344064334341
6.64050994768508,4.51211989926739,5.81983802734366,3.25731466425496
9.20649405849395,6.79862812746052,3.20953746166475,2.13372777147718
9.08119305216339,4.3222671268594,6.23336113494092,4.3356415434939
15.6610210160202,3.88222568266482,3.20475435901648,3.44345062284226
6.54912510252341,5.75890649231769,6.51897287692592,2.7347277680209
6.85445864352769,7.62801587220576,8.92440456153971,3.30047239092463
7.48743912268723,9.11512560146822,6.73266460101544,3.21175328040701
9.27625066736765,3.39288163838768,2.6625065548094,2.29898699403329
9.30792307915607,6.24488176584973,5.13634276260363,2.16413673351315
8.88622394268601,5.07645104840759,6.39469238703367,3.00723132429321
10.1525646424841,5.65895566441838,8.22640334189813,2.42633356893878
7.46001781549948,5.0025003616009,3.00288577023163,3.59806693255632
9.4112093737084,5.27802183741452,7.41213049823842,3.00828602829517
10.1058041328602,3.85782143835962,2.97969105353009,2.64342468722056
7.72269647238496,7.09248616223156,8.51415650727133,3.37886965686335
16.7176212277651,4.29965331538292,4.39238663446856,2.69293859479844
11.5612568497191,6.91702354942556,8.94103362571468,2.84964583550055
8.35363872328317,6.34351053697706,7.26890781821678,2.24629814204786
10.6393773002313,4.38015083796803,3.93713189127415,3.42155274901078
8.12455695505479,5.25357352989694,7.45146359014378,2.81999975056504
8.87455409635018,6.23860274605562,2.57562973267638,3.806494687526
8.06411049912994,4.02625613743736,9.74508503564561,2.49739905936609
10.0315058835434,5.02204944475537,10.6557658667658,3.18150264145743
6.73639790701602,5.45436703517993,4.57177933273465,2.19159262876138
7.83004510921498,5.96889141986833,4.58785615753396,3.00898715282807
8.14859900822487,3.78035395562736,5.75066190913075,2.35232156213802
5.43065651318014,5.02127340496033,3.98201527459844,2.57186677405764
15.7880091951368,4.36523510925145,6.5525221487677,2.98629484092127
6.47491620121766,5.8754208090292,6.00882116327301,2.33317674674658
7.23583575399025,4.74826175553125,2.25877860461076,3.11648803142566
10.0290754966193,4.68016113140841,11.9451689270684,2.00821514893722
8.66450414333202,4.72819102698939,2.35019728325992,3.68397207779324
12.0616986562143,5.37230522839607,5.53887913078705,2.21112441797851
5.94074502695061,4.83014515630182,5.60666582308933,3.4220354209837
8.92737607357322,4.33631193626956,6.18630291878663,3.30188561111986
11.5081453445123,4.38687190800943,4.76674988438942,2.01669211408064
12.5397625431597,5.59393714205422,4.02054164619135,2.91887178815524
6.56386671719952,4.65524013470308,4.30620693011455,2.50500943945571
7.19589692046679,5.16814938759707,3.28735037522779,3.54161166232453
7.85745879696752,4.98394838657733,6.80163322465053,2.04939777506077
8.41496888338713,5.62788904872382,3.46457217314764,3.12609257724
10.3508987402561,4.97543399121693,8.3466508792215,1.72914127252321
10.0637892783354,5.48710212544957,6.2256461743702,2.089661800932
8.15263317553823,4.8661078423934,5.64464301224911,1.9056144266108
6.54489704516787,4.76047540811215,4.55932228709893,2.97698580242615
6.16399131630818,4.54921453624159,23.4874479839742,2.90976890370434
15.0944902149138,4.60149592380755,3.27711005257284,2.4313824662845
8.82681569635251,4.29380441571722,5.50899797475257,2.62093716352721
7.3079825323714,5.35608375787841,5.67300674519712,1.88631933353834
7.32992472050322,5.33687485481731,4.95178398263642,2.09839988729637
12.0109249201425,5.17892667176899,5.83948662198008,2.97164306423524
8.62600036847287,4.79746205012589,4.87226370899325,2.70194726076955
4.17154689131154,7.43792074602101,4.31681195384089,2.39150737728331
13.6070905677425,4.49055588613074,8.45266506595936,2.63529348488725
10.1227398324232,4.00292483139842,6.42373158007171,2.76486938730911
10.4321629933061,5.16635792666776,3.74096616284028,2.75720274284637
11.6240912761018,4.41987730226584,9.20073283442191,4.11048495482395
5.61993325144282,5.34704228640034,4.51171926830638,1.54922397041784
15.803406082804,4.83528934627892,7.72804268801204,4.46318917971614
10.0346502963451,4.25126848625616,11.357465073537,2.59213108418381
8.36778100767198,5.61784879901584,4.10636392092229,2.60157416573782
8.6597483958705,5.32728836712002,3.88808429950964,2.87538388787501
10.2840892315613,6.19696357638131,3.50519113008445,3.36280442812911
6.97606277488292,4.13510536819239,10.6903832592868,2.34134592836058
9.72164181918263,5.60252073877223,2.83251114766705,2.95658952184951
4.81005756256718,4.67123984614893,6.9580733278677,3.13812958733044
11.3828303829653,3.71973652539664,2.86753708247225,3.56961427082189
8.0794483699662,6.36253671996491,6.91490145281712,1.89889178279187
14.8191141240931,6.06246197085104,8.50829704126277,3.26082008325914
10.0342063923354,4.48500546129303,3.89907282727882,2.19665455674818
10.2859470655775,6.52596195866849,6.02371675388035,3.28072610714787
6.99617369971263,6.34805137769251,3.46150841025301,2.13773314448251
6.23932621715429,6.52627813269171,6.94528747785292,2.26448294231307
10.8748592246503,4.67568358566634,3.30260170482827,2.83101925890107
10.1139654548038,4.61329458472334,2.70020142924481,2.0468332832133
9.31634645220781,4.80137960684748,6.39588603034421,2.1989746703739
9.22174954800209,4.68143668803982,9.867117633737,3.0959931295809
6.34007161258987,5.87980103795571,3.36403467156943,3.14023149363179
13.648476862568,4.26677298752945,6.76300731297173,2.22018767109405
6.3377582753495,6.68113811289409,10.8853889143515,3.30103714095136
10.3163173462771,5.8481626706862,5.14164903855312,1.90751144400405
7.40540009118018,5.47899082289436,8.89068486193305,3.4760349065437
8.5640883127084,4.66617185512139,9.59279406019141,2.63824579660976
8.49959146475537,4.08766281575441,2.9691405621888,4.1038497830021
8.88188378852404,4.65036221362474,3.05098107063556,3.3919153330989
9.4783819321469,6.44152149699359,6.56034995785466,2.30867001720471
11.8287167279232,7.87112453112764,5.09881924630624,2.78734506795703
12.4846227714902,6.29737944811481,6.14052590248879,2.12588321153982
8.03187274778835,5.39996498454122,4.45583879939809,3.06731810297145
11.0549919804176,5.27700965023275,8.80047513974184,1.72285607706208
8.46433537517743,5.82241850426012,2.51004084950665,3.42178368334053
7.86142293748586,5.02166513937933,6.69828914078556,1.90762448718035
10.0636274113176,5.65084172952539,3.79047479426383,2.9954322443731
8.90910927499378,4.79769004669859,8.09939177477163,2.77050313686844
8.02919330670063,5.91813643571408,2.62166120463061,2.29265438484308
7.79468799365076,4.62223066128503,17.7877380508327,2.01347126178167
6.94525007304107,5.95313459424436,13.2143421361876,2.45030017861799
11.7830851139661,4.03008801708503,1.9355290096938,3.50539197085803
9.80973691888537,3.95407357656586,2.61184674148649,2.80136755870841
11.5251755497772,7.26152394299291,6.89578085351951,2.29691898212025
7.79118328370603,5.24947827525007,4.9847938006219,3.12761925849871
8.28285110629857,5.56122305611837,3.5972335772932,3.14310249504752
6.49054632871267,4.78570163325238,9.88188458790389,1.5860238777607
10.9930145967521,4.57763567284687,2.51371652575933,4.00763167859814
8.70468028128411,4.1995845747837,7.73509738923304,2.25429383050786
23.0308853264109,3.7789845879126,4.45635364077456,2.8732689976173
4.33628333390761,5.62795371619529,11.3243541721585,2.01890993335576
9.08469087370374,6.22866869825224,2.67644566460561,3.40151934171862
7.16914592994312,3.80830481892334,17.3538481787318,2.31586230241506
4.3121519716131,6.8599363624844,5.77338884650265,2.18817677851634
10.8777521508822,4.1887218043323,4.84522955415228,2.62791937893835
10.0850498547931,4.64514897007479,3.33236196787566,2.51614479061128
8.621006720859,3.9639698175126,2.75806624420929,3.0184312551463
4.72212298251925,5.92650074117031,8.0161933648437,2.44020479884938
8.81181692621448,6.51692346847843,4.36026066158845,3.34423258480668
8.16573535338788,7.29423492226031,4.648090073674,2.95474463744549
8.06291082707056,4.21670684323985,4.45354088177699,2.64755203186038
10.6581199881933,6.88360601504176,5.95233010329393,2.53978248133289
7.29751152731296,3.92147326484513,4.0268989684429,2.25426321175154
8.70665052292501,3.60286939622619,5.84039784446046,2.90391343774232
9.43247855699016,3.92040687663143,7.14024431151933,2.84266385508532
7.54107206719621,7.02527139159317,3.28620194465203,2.39865055489604
7.75687007192892,6.73443782598689,2.97144574735459,2.3116774808237
11.07692531089,3.58523413183306,7.56334048126178,2.8162848751871
11.3818912790095,3.17676286892485,9.0702822131825,2.78435141892179
9.83233999109717,6.56141313391798,3.84771540778434,2.47144359124476
8.26766392822578,4.20368461327999,7.09849268929541,3.23757558528035
9.97187817573828,3.74803740869871,3.55812640972148,2.13618841865412
11.2135282699961,4.10026897119343,4.02250202121006,1.91404482382176
7.93745674844172,5.65261848081408,2.98127111850736,2.43129496004066
9.93928740976189,4.82165982194247,7.1123746902784,2.96460450041658
8.4787436817325,5.93712475303844,1.97415845241871,2.24149519462976
8.13978753361983,6.06601310205129,2.39498977839016,3.07736149736222
10.9992065731262,4.57275208873397,12.4163001526728,2.95768870621383
8.02270506005069,5.92039888197794,2.90236246080431,2.71310803040329
8.02620612750601,3.79756874562549,8.95024724729153,2.46561345215137
7.65760488017036,3.61195029435907,7.97376148467639,2.85748148081319
9.17051022096469,4.56186682868713,9.32613340311948,2.70332342029213
6.4842346671124,4.65635133538614,4.22392866609747,3.51223600542577
7.15554024381045,5.81357655060934,5.26035349309544,2.36392145003888
6.48213055090473,5.92648647662295,6.58272558320661,2.99223158688316
8.74170128797877,4.28225474528351,5.91701443463257,2.48644630197016
10.6812632590312,5.24543697791921,7.03442795779667,2.28095562050124
8.94918382842656,4.57811405825898,3.48248251193897,3.4221944645757
11.0223044474809,5.07321382522265,7.71562838717218,2.17669739444545
9.69335629338936,4.81414486101968,6.46555732123258,2.01151107985099
6.91571862177062,5.72567707080567,8.63420470971069,4.23583405872462
8.56187333579339,5.46446653271208,3.7822448828019,2.25649898488613
13.4797129583584,4.1998109971804,5.5826114400037,3.66902961928621
7.47777183816341,6.81161112687954,8.08827778807152,2.66282213294332
9.22786426904816,6.99644435221009,4.62627051952275,2.84989241031351
6.20088582140707,3.18757484366919,5.24861399473215,3.28479783604753
8.32825230316767,3.75152712625458,5.39059036335246,1.53464608066108
9.81526924164665,6.88213424549865,4.05672927346284,5.80636963695378
9.21863861384558,4.18410503452843,4.56882805462881,1.8033436101204
10.2285032709438,4.33884597245219,5.55830538788647,2.01234096854003
8.42259619844505,4.8984327350248,3.90896080704722,2.41536746954574
12.3909899479427,4.87646841012622,4.5166709041067,2.0750344767645
7.68922669378984,6.04118879125962,8.18800171811299,3.69908269776097
10.4844902394397,4.55500654533017,3.90911785619701,2.41879340358452
16.321426369599,4.99310205143212,3.70338665863855,3.0985224515301
15.1750754381652,5.03809823695054,3.68060827639315,2.83544019986707
13.146027165162,4.95434906179592,3.50860284964348,2.78017734156961
10.6578657037709,5.1908237310288,4.79192429020971,3.02865923786759
8.72969959223649,5.66884013278358,7.26166485880028,2.2807663005978
8.95391044117318,5.01700347794419,7.51439991813576,2.09281394124895
7.38754148248486,4.20557348529482,3.68996439607865,2.47099368289976
11.6074986819387,6.79999523799887,10.1742867884129,2.56870258123881
12.4103204465652,5.33516970883634,5.60346544399026,3.29209201678675
9.68625331011421,4.03271338940566,2.97402134834692,1.83238363243475
11.8141991959014,5.70177548913214,4.22207769929667,3.113980109577
12.2362223920422,4.88285740594072,5.63263237030845,2.28212598457068
7.19433082648563,6.24927633873658,5.71331783315187,2.13335511816359
7.5574005714998,7.03741873553776,4.42659367463191,1.99246575536203
8.1543259131093,3.72181607876577,9.85346823912904,3.17129953551506
8.98626329421542,6.77133120538764,3.65631925795819,2.23877581720814
13.2465298900784,5.45632304270039,5.62822508518153,2.29365897269645
6.15630145601176,5.1159280523548,5.1010172086724,2.62437484467818
9.04884101647005,4.87128935011697,8.79734769308051,2.48066221240368
6.30727259552547,5.6005827829693,4.77211358306819,3.88843336200697
10.5278761758245,5.77171350428644,6.55991289791158,3.4333170851925
6.09911589926499,5.2725506016254,5.62204972403934,2.55624200811301
7.90947492346127,4.71353020116915,5.16545733470426,2.73566982637863
6.50403234483445,4.50901729203855,4.59164198373969,3.60292774135787
11.7166635635223,5.84995802854938,7.59041014858025,2.17308583556648
8.54386043616712,4.55958717890206,5.79605482685329,3.65833576355523
9.38965575130774,5.61279525970055,4.03204870011854,1.90793273738054
20.7691205958972,5.58863734375935,6.7003897310224,1.648841776445
15.1616844407436,5.7748373598174,4.43075941885788,2.03933045173951
12.1686248166659,4.4635667932379,5.27827923803297,2.27345691070024
6.60044503711902,3.80764840325254,4.69870827483915,2.42303482639154
7.16619686626264,4.96716104809274,5.84327183751097,3.00973825880135
7.0871195274158,5.39855654884356,4.32387585438933,2.42666148919088
15.5381454133175,5.47683278573494,6.96377970474682,2.67552631297859
6.41885571057311,5.34537606834808,4.72465979243949,3.05092622683804
5.11580353271401,5.39023623669456,4.09050560667156,2.55439956568648
8.30956800508774,5.30141949553468,9.04112109271135,2.85202502537523
10.6349418096116,5.85525326867984,3.67017850568599,2.52776345739812
9.01868819292451,4.66086958117596,3.98240380035501,2.31917345063984
10.3273244468654,5.07239258862726,5.62843437982424,2.85023881380577
9.09273938354791,4.97647739066137,7.13623378274416,2.59814333898818
8.74320618588606,4.6208539553059,3.83367102943621,2.67057080794305
9.71370877563811,4.85572696381736,7.34890322808928,2.56952792069206
7.11232627631698,4.93777238580018,4.61221898449639,3.03847448126895
9.73154987847182,4.9884187906556,5.95759665022897,1.85118041977195
10.4333232679052,5.6288698609335,2.81520250877665,2.60931321554297
9.02822040537141,6.59424388811312,6.11768791450845,2.71099228195306
9.4594032724886,3.28681090934347,3.87006660110259,2.94661310571838
5.99579463855464,5.82940047036022,5.05982101984885,2.70335491615031
7.1773844373471,4.53963662759058,5.8560235295014,2.62070838329467
11.3907425401126,5.76302528093535,5.71159125576626,3.52482225985161
9.19541631336271,4.50552489569941,5.58629668315412,2.21719245840029
10.7921597203003,4.32353626903017,4.3769917277317,2.13852099517339
11.2354394119264,4.56166561889729,6.27662925078148,2.84284971594209
10.1884491403757,3.53550997201294,11.6165018362277,3.78198001853048
7.62349336453837,7.75068567705901,2.44379676145208,2.64162210623127
14.1974113732277,3.96932923321823,11.3301419365675,2.91657461859165
5.63131982419115,4.74204568227018,4.93110397764076,2.74402138171035
13.2043889056974,6.63167957131665,4.04521107794286,3.06174594120578
7.61785639962379,4.51540013857309,8.61448666187063,2.77229753034046
12.6970176707067,6.69662807936347,3.74292360895746,4.05130594113727
8.94902364154368,5.37553657100271,3.80012852494315,3.11315272681403
9.19384481062798,4.61556197455952,8.55599703529747,2.9356487956321
8.12270248801107,6.35186630329742,3.95407386926395,2.64539080027571
9.02258686603017,4.48725080242003,6.56448199743035,3.12950989873774
5.37362177656076,3.61517178809925,5.15085199498318,3.03420553850284
13.2080842483421,6.54975188489254,6.82813370650718,2.02297383286453
18.068220861114,7.42243280048003,6.84601055001347,2.93646066028464
5.76627022572812,4.64907109250258,2.89994721176125,2.34709703967643
9.63577172173374,4.97447949645882,9.83778346002659,2.89912242018292
9.20693562145642,6.33968955001384,6.24139883090846,2.09492022614529
7.54225863326413,3.87603935079,6.98840103481113,3.59365804762681
6.06575022394629,6.0035309875015,7.14626528517304,2.93047777781194
18.2671745013923,4.52613007573549,4.10695293096038,3.05447175970611
19.4593379886271,5.1519285157881,3.34247900984635,2.59833281505367
7.10025695302094,4.36473644665687,7.74332395171206,2.92496670307465
10.8525071641668,7.29539424327135,3.55738554310982,3.50312541806009
10.0896789667941,3.53256649746534,6.4228038444332,2.68453462411651
12.4546482681771,5.71645304832042,5.45356702535406,3.86216744583683
12.794479566041,5.40066538992349,3.40907156754927,2.04620807444432
8.90836458444292,5.08273733475364,4.76253955823157,2.43594092610224
12.517842055102,5.35110377319794,5.04270092061021,3.43447730486687
8.81464823739989,5.51520390968749,4.70050890045618,2.46088870725278
8.43381937490392,4.88562342424113,6.32865350336971,2.69977735615917
8.50019007311858,4.90426900869724,3.09950861664644,2.56425954366906
7.76091923785999,5.32095634855871,4.39066381007683,2.58889872407712
8.78438786756678,4.17336123943831,6.14530705655025,2.76780410139614
9.17517742946061,5.38800253712619,2.83042347414765,2.65472332907068
8.00809624640361,5.03494953283356,2.79078953343788,2.9310355433301
9.76764884990865,4.30931115562644,5.11710922470079,3.09050016151698
8.33074134076902,4.15754590290032,7.52045877028643,3.26064671980635
9.16561903445419,6.23406898639305,3.41922748094544,2.56021881794174
10.2330406915868,3.66702261837567,5.71482451911671,4.414750067918
10.9381811082414,4.31997830141452,3.91187637499637,2.71648093082938
10.0231228307563,5.19877177424359,7.25498313444312,2.59259561781993
9.32251877515899,5.41100191611882,7.51574999105659,2.69088167741834
7.14988285782038,5.63028312098051,3.77065566627059,2.5990981139953
11.7567049951185,4.77414427002914,5.00967892031635,2.22325726039401
7.55452824107993,4.95661019920223,4.66908271151845,3.15180056714336
10.2681052000726,5.15486526732275,2.7991543662114,2.8394256661488
7.5013388811124,7.61136381371143,4.60060647843185,3.04323146206173
8.44516231716172,3.86749396059759,4.07667791948879,2.66896639675362
7.41746586499033,5.7286642680948,6.09874650143203,2.98361096088417
12.6572422116184,3.29291871479979,5.54510156415227,2.42647639182285
7.57391437272128,3.94777372647492,3.31172719075445,2.57924253903856
8.70509688200625,6.92837535007008,10.3256335840318,3.12062261962018
7.8068819857343,3.70510504923849,4.42876364458661,2.14917864182031
10.8982594249825,7.21956722663211,5.06268064267856,4.24517671856729
8.3219816833331,3.54943286132279,6.09353472842323,2.0268603106056
11.2322936618792,3.76838587432363,4.33074338396943,1.50786578624718
6.97054229573593,4.98000408218257,3.4722886396228,2.05781004922576
10.1450722306132,4.06153260140552,6.50561467171326,2.9385635801705
7.15432287527718,6.29698458026882,5.33496903186396,2.85446525051909
14.0139624085057,5.82904287622878,7.04765455868826,2.55932296258966
6.26109099870201,4.734881472373,5.62416519271643,2.95619001380333
13.3261514569746,5.49681088342524,7.91030287472889,2.58690879268846
12.2915715462894,5.24392730073265,5.79519794571819,2.09418386440737
10.9659966541708,3.24327786851784,7.80990986663226,4.34514484706845
8.30358449099276,7.1813155723265,5.0474150324575,2.11290357310108
9.06504538572229,5.74577595429501,10.1490154408063,2.93620903149029
7.64862298725618,5.70142189113601,7.89814662173308,3.88872410599021
9.9063343668401,6.40994959075593,7.66214411731505,2.11417846792668
8.43713253067413,3.65740206091099,3.75812396079457,3.18925642367564
8.09660630422431,4.58274370037519,2.82982009131956,2.5639906092055
7.89611358231999,4.74878066865313,3.87087450858602,2.26452922495409
13.3635755634351,5.05949774612198,9.02096433695348,3.59585690447764
7.39236715204986,5.05569024301351,4.3015788263705,2.63816734737629
9.55371227582908,5.6989558693059,4.03921112001101,2.63000153952764
7.0056405642669,4.79822065933065,4.405698858802,2.71236287137434
5.03783010673358,7.32126088577443,4.40918122686908,2.81364797414642
8.1130901343575,6.30477891799097,5.14470940090631,3.42030362818504
11.3360576392488,4.38420277221454,5.1803560991805,3.01672519366887
5.91908549340306,4.84937233762694,6.86086285016625,2.68938417190896
4.65799421426156,4.45787160198707,6.19072714949319,2.43486450974295
11.1327796964156,4.91520881509804,4.64777663348433,3.71847469317629
6.80387757245657,3.95320004312493,8.20005199853647,1.54835464328142
9.7056728243158,5.92862817938716,4.63155541428598,4.15434983671592
6.58232705932297,4.43323323866419,10.6023421931205,1.5725791816483
12.7199975497146,6.24200579298776,2.70552383077522,2.18208435785879
8.31762762053941,5.18712793461151,6.65407310625581,2.74940082808043
4.75242601262437,4.82537535650033,3.75093283027761,2.45173516631467
6.48550585216144,4.69555557863903,6.36552847047595,2.83184170910264
12.1445720071752,6.1031596906755,5.86639475986341,3.0852399553013
8.09111226557325,6.55154290429007,5.24348455734332,3.35892274678569
9.79283729315367,7.12713258596457,7.32354362368504,2.9781063005625
9.59395708571819,7.63003962654087,5.86528081518717,2.58086842746006
6.23642340967565,4.02693640618261,5.86397807702306,2.95705228064137
10.8529323036971,6.77394004980366,5.33267642454147,2.30620543492497
7.3543468576122,4.12530895462671,3.58989015553033,2.89427772967345
7.6916179675994,4.13684197217063,3.4880621905165,2.81008056827439
10.5204409272093,4.4352730327742,3.1793909380974,3.01574948665672
7.82350483015011,4.31427188763745,9.63679103308004,2.76053353234965
10.6721512398153,4.60938229797189,8.74226753130011,2.80047151310443
10.6846619735723,4.31533739495846,5.92017519705445,2.51243476417853
12.717979216112,4.8164553038356,5.27787532076959,2.24886733376056
5.99647261122658,4.92122412493172,5.58375445035561,4.20292851551999
10.7352134263172,5.30172157047586,5.05897590925846,2.63192771864657
13.893167035972,5.2263684914662,3.99338997416284,2.95579569194496
10.2105277831211,5.55843426867618,2.98814583623362,2.81694840403712
10.2309250496731,5.81981116956902,2.81545909289822,2.83573942988567
8.648181190459,7.52366942616557,4.41874319438346,2.66778534058023
5.79237397591776,4.0135384243871,5.10800006694316,2.49988943419719
8.73093181217192,6.2980543499096,4.76813789833981,3.30772791441576
6.7010318950939,4.76744789136173,3.27888637903409,1.73632347859689
9.49203558882218,5.54728455589758,7.88812290464934,4.39247260536501
10.3659329446469,4.70576874563567,3.39686949759443,1.78428013792885
8.71947052176557,6.31430000021849,8.05330501283864,2.37434157246833
7.81293818272151,5.42808376835715,3.76337147861486,2.05796871596233
12.976238583657,5.96220269116501,5.44222990486286,2.52092598659686
7.52742453362784,3.82636361733432,5.51282861542901,2.44317640544163
10.0844494118356,3.8602286891812,5.95893337297214,2.97929227984217
10.5638310686633,7.10413085143973,2.79849392187022,2.28664642555083
9.5052855428231,6.07910966645248,3.79515427349509,2.04158774463267
5.16877992243295,5.21395859349707,6.49024995127105,2.59237137614043
4.91856687300376,4.38333973202036,5.96027721591439,2.78802685245964
9.77910096412532,4.98254686092989,2.92695096998461,3.47334356827878
7.56478736701062,5.32687338455269,4.61816294743616,2.9162027388012
7.8060748907152,4.55235799803173,2.62418512052653,2.87601986676715
11.5610533000368,7.64003302171238,4.56884470245107,2.19456884818844
7.32433557385622,3.86189065242724,3.80194581549453,3.45363430351113
10.7760060849688,6.05289204322683,4.8995751579162,2.43686640313151
13.6297939964069,5.59457710566589,6.93932636310634,2.10184044277622
6.28634541653736,6.44083057629972,3.26188356961532,2.24742446729992
10.0105938066689,4.34581552449552,5.62904254290341,3.40593969505349
8.57372811675165,3.75863316415235,3.6875323284986,5.42466910000498
10.1099838088372,7.39272765789215,8.71552833954052,1.6703406918421
7.9795129534816,3.65959615922885,5.45427944502397,7.7401558487805
7.11082585546773,4.83191928302159,5.27244257280366,4.50509097333943
12.4147076506403,5.14845108192353,8.98696613425803,1.81021468112682
7.60701765477441,6.29861682188612,5.09172467510286,2.01735055945174
11.4469039254149,4.1362955499729,4.56464068349978,4.21052516146514
11.0289782747214,3.45282608955137,8.89202596620472,1.79215059305921
7.09492724931887,5.40503628748994,3.77916969803784,3.27539621424631
11.1539181665282,5.17827380073453,6.34341451842193,1.98786172391262
7.66194682708554,5.88490064869756,5.25733436064636,3.48247295187373
8.9895841583691,5.29044204837944,3.47018262055919,2.69097682105908
8.35818756327121,7.0253025236177,6.52038437018008,2.71374823374105
7.14596422497922,6.43792965990312,6.10098892581554,2.85409089771241
9.56043064698478,4.43444699420334,4.23104460216088,2.38652091674818
9.5601948149432,4.0087380751763,3.57536683155224,2.29112244140265
8.23793746639367,5.47191367868017,5.1200585662135,3.23399331191398
8.50734743317906,3.77649551913241,2.98441196833328,2.87408387263595
7.9823721762817,6.79181776682804,5.87402688516939,2.26009819297371
6.47432705409369,5.37634874780171,5.4633404231232,2.33110920222495
6.98112361126088,4.77400989212047,5.67665457254258,2.54080282084466
6.25399671811992,5.00092792928982,3.65833811583583,2.15179454166045
10.9849241136403,7.57665071633533,4.60016378256753,2.37988050414467
7.02952707397411,3.52161286405075,8.42693376053718,2.9562860915048
11.1800759622474,4.32362800210679,3.33687726103922,2.66285985627869
6.8174056001919,5.82694009034933,6.36102345438412,2.52362666304512
9.87778618584806,5.49097104555545,3.70745617027378,2.70513999390554
7.9477339166871,4.93102292466896,7.7405525668184,3.43903983960303
10.0019169726183,5.94066646153651,4.220382385953,2.54998807988059
9.71022506107147,4.4240264667785,5.57766843236895,2.63470930198742
7.77328214739646,6.09877603504786,3.72020735838339,2.65699744679894
8.29816686742405,6.27595090524566,3.65139722137,2.69968248220082
12.971569607688,5.65230952681489,8.2808673719878,4.44442376207413
6.27403482917995,5.16221633519463,3.60614780204306,1.99955361828697
11.6466984308747,4.88991155676103,8.03962171137393,3.78585463272858
16.2833085407968,4.45944380764893,8.29215671834829,4.50185748489117
3.21502777753454,6.97118039828639,2.91379709995919,1.82836493888312
16.1699511905974,4.97451323927323,7.3185983669767,4.7898573876164
5.90264237864726,5.73995711040255,2.38886847958887,1.72550712471775
12.4721921554162,4.00967474798794,10.6932858402658,4.00750594805622
4.30102444788122,4.43848822748155,1.78026146231504,2.67850263265633
25.1603836532999,5.99308277620958,18.6166389154967,2.31498542432554
5.57726666235483,4.28885137275988,3.49103624442414,3.42436661295385
9.99427275177163,5.57215383392275,4.1655466197821,2.92764088504431
8.34155643041665,4.4301553371061,12.9685845962687,2.50478349256781
13.1406389751592,3.95121570352774,6.74858717219965,2.85351998020125
6.79560505455857,4.52332706090968,3.21889863299161,3.82981091424787
10.9412765255689,5.88806750759421,6.49601476746329,2.02054732207121
9.35128166704914,6.07686946793481,5.22705565743729,2.39614039633971
6.90621430837714,5.90007568723895,4.39549258754154,3.10744978348303
12.2969467397718,5.50429453808746,7.71719929893493,1.98243436940104
10.9464512777406,4.68147309147763,4.35068661439337,2.94478691040623
7.32129609436579,5.92546176999325,7.55403380111751,2.91374591596636
6.46528483510694,4.9702692714394,2.67807527457514,2.1682483089921
9.14712707755849,4.43877597161213,8.07169602354691,3.33043791398007
6.5737623800597,3.8504413507153,7.9618970668634,2.63059819035723
9.8633339083393,3.7212881074153,8.59957292695517,2.67442760466575
4.75891124637737,5.37133840867216,5.74047465932238,2.53518785847681
14.4940717385245,4.90884879373849,5.93842880606188,1.95915668426536
12.7296471862169,5.48030127205917,5.16681412766895,3.55069651761151
9.2234802762767,5.22127796752318,4.49364943568605,2.9076210671532
10.2855968487268,5.53394599650721,7.23808570027199,2.23750402112071
6.5312111690811,6.0823026833696,3.10016242896507,2.87471174241819
5.17582484036767,6.16520887419275,4.77592536995857,3.98388212761428
13.7383947243846,3.59709325650996,4.54515351704765,2.03622239082916
9.68816056714918,3.79161016415902,2.7667080980528,2.24145031301333
4.64288729292208,5.29640116811254,4.49395749717328,2.43267791173095
15.0116671411207,4.73454082254391,6.98882760317348,3.08621778097958
15.2719709766623,3.81466806804668,4.14218601372411,1.88781286128495
5.66238683982145,7.14958889981449,2.90948302250807,3.74396279743724
18.9103372119385,4.30092437331921,5.80336056638428,2.3593682795589
6.51773385394351,7.23554360078262,2.76930526758831,2.90024827990741
8.33160127125721,6.64295301998231,4.73160869693153,3.69723906307339
5.34754041977937,3.61752910669414,2.9239977878222,3.62386678511513
11.6782190132288,7.23234186322236,8.82107731923515,2.3353750755071
13.7391360871675,7.23947685719329,9.22242039354167,2.21511327259654
4.35099012405428,2.92055744231177,3.39420663838332,3.34850048867604
14.276512460883,8.28939087878659,8.67389913432751,2.82130436927242
6.28614595563418,2.82866005183145,3.88242194222539,3.40161168704484
6.50971977357571,3.2845665957017,4.49980131754274,3.57098531277412
8.09196810253945,4.80049242790881,3.52449623459494,2.48821334663093
6.68336345302009,4.59084537340622,6.3576891592529,3.02567151330312
7.59361711958869,5.31760207174056,2.66368432363386,2.91485365779716
9.64964680958292,5.12356188517803,10.7676799880285,2.84833398241289
4.36910234855665,4.48984287147757,4.09739738727073,2.41831526967174
18.7324466264661,6.91225732910631,4.00804815127595,3.6342587352823
9.27639315303382,3.9829600399383,7.63382508031975,2.19491342204983
9.17133714094147,5.24512160293279,3.13983736290406,3.43334579842393
9.55055505544722,5.8577253036885,3.91646950418413,3.62836020751491
9.81161156438107,4.28848726931016,2.86115929014975,2.39348921357909
10.3493232694537,5.54923305326823,4.59118025266757,2.50961925091828
7.36961887847944,4.61934621604212,5.84960532277238,2.88691606283715
9.79574030292761,6.52883338488665,5.56059249693617,2.55775271972396
8.00787613621235,5.400240609102,7.76938369314194,3.68015697730929
6.75322401606174,6.18101764359138,3.57641736924928,2.33859953543392
14.0498722712689,4.32077715518763,5.1786383696302,3.48188916482813
5.6863226486586,6.17704412093802,3.70749747201602,2.77535313524884
8.76730081472955,3.5445601556009,8.31297023336183,2.18246573509628
10.0139628135195,3.96919703734723,5.44042517715103,2.02346123672451
8.65203687893539,5.3626750643115,5.57988827463632,3.48462684751461
7.62199118182305,5.71892467852198,4.33307874429216,1.68321510685616
7.07572136541809,6.7048457450298,5.5177249074794,1.97126225077599
9.63769480426322,5.82198307595095,5.84325889348419,2.10789995544298
9.64002456607513,5.24035674000712,10.0134124016179,2.5728976794178
7.79327122496277,4.78127986830014,2.89377891772718,2.21072168272848
10.1797003075839,5.68278775669704,5.21116713212061,2.54580598322516
7.64555464407425,5.54828854515278,3.67056429075813,2.33016503035719
8.04696186544148,4.87430967221429,5.36537741310267,2.75025142284754
7.71909118325786,5.48097099363591,5.6162222305422,1.52952580096689
9.01140326252825,7.62504917031949,3.88949973000003,3.56265037908954
9.91598226131189,3.46759432617866,9.36065300214905,1.78427862504605
6.90219977721213,7.87292999783682,5.52845685896074,2.29228931041715
7.78075245562342,7.41890279284702,5.07927118932028,1.92590213043171
7.36336357360614,7.22742492148331,5.19142947658569,2.01764783774138
10.9400226652131,4.69715182475296,4.0428155870282,2.19372418389226
10.8305158119813,6.29054733718076,10.536739107496,2.84999236027457
8.53199395908295,4.68454979892945,3.19548593083998,2.46137579382441
9.34168525070684,4.61396139750565,8.98034056601486,2.32830315403381
7.16244170033107,6.06527170797478,3.61581895240475,2.4793427465229
8.82251806476678,4.52003851954691,5.11954561423844,1.94859902497997
8.4483657000108,4.49799111184945,8.16740968960199,1.90583142484617
8.41664230405829,5.31386030620166,3.18964776237497,3.17363253010272
7.08661220036829,3.61380070276536,8.09281595952123,1.80686662438504
7.19413481232176,3.63156699150115,10.2549763092273,2.14634804143883
15.8306371298614,6.57241048146603,3.68242538045881,3.15800333242287
13.7858418749361,5.06210809314584,9.58416165172108,2.22058849964613
7.02007863933108,4.61182576271791,3.43143883642197,2.67143490596763
12.1949512907602,4.45337514904124,8.72450697983466,2.75731175930216
8.10434119844354,6.05725094712053,3.94629294556737,2.74864992963427
10.3854257169246,4.52915256451702,12.9172984687993,2.33486525785194
8.03692382057033,7.69163143626001,9.85639848007048,2.54874015996171
13.5952324395501,5.8112278670588,4.82146925122524,2.0813946423227
9.01187375915688,4.25578397060209,6.08466307185918,2.36405286078255
9.29670096692395,5.23603023513175,4.81475719567061,2.61629188110306
9.00888574947997,4.89602838995052,6.07173561804009,2.36937127250802
10.1361636198747,5.96775005022924,3.65576625579926,3.16676571255419
7.75769928350158,4.4298813352571,12.3996714448206,2.72968707223108
6.88914653018034,4.98566599419893,54.7741142988005,3.4566460078343
11.6942946645524,5.19707209022522,28.5091716099597,2.72911283502151
10.3280723564943,4.98504749277572,16.0680030100347,3.82635957693998
8.65398793393198,5.92315645916669,5.57014972463422,1.79197816474679
10.334831600278,4.70604376818555,4.67797257057996,3.36240202119335
8.04728345159548,6.68178029920914,8.41048459296214,2.0963770078849
14.2657090250865,6.13482539462183,6.50413135718966,1.68226851673788
6.63748845971432,4.95424347099408,3.34967372766398,4.02326156773079
8.32789900708962,4.49178242470881,7.07687959696034,1.85923978568612
11.0055247241667,5.38163908388489,3.62658690417845,3.21528781679705
5.2501705333211,3.92216554185634,5.03026553154873,2.20319878985702
10.2256299482646,5.34097901501093,3.84569129162083,2.11974913291318
8.37625350148093,5.51832432334353,7.20213349917107,3.43098392611817
11.8363187591853,5.18553219776136,5.00347565208878,2.73341934412165
15.4046658684093,5.90038960098153,4.30557205356766,2.26779806676704
6.45814393604181,4.5765169950651,7.52049539663783,2.73672365589061
7.53463382482748,4.62902845199363,2.70784387846598,2.48216107427639
8.62580636177056,4.16564888050444,3.09748282562417,2.15583525349942
6.19027546508519,6.93964785437267,4.37703997765964,2.80180553697603
9.81801132512611,4.28581860155599,7.68081760459767,2.71692994202887
7.19402336061964,5.51566896031708,5.17707061671307,2.21284004006662
10.1231931093396,5.49915470973348,7.46014347737723,3.20608868809342
7.01334844658496,5.76610047561492,3.91094534342284,3.5206820136689
9.91620160286822,5.77802826288196,4.91316618137379,2.18766580369486
8.55519333431173,4.82868327254369,4.11702113495488,3.14008721255744
10.7284489269635,7.74040867593298,2.72025332620884,2.67083474181989
8.44112809838745,5.37596652541896,10.924512101602,2.94877410173113
7.39685302732948,4.30245498166182,2.66148263578879,3.2895482262537
9.81666533894602,5.86495736513775,10.5102925470508,2.86488760502041
7.45513681674004,4.90387016431446,3.52062460241591,3.37981506708374
15.9318417983231,6.68854424796854,7.07953008260377,2.58517418302576
10.1153123282458,6.16080810451625,7.80669450212226,2.83602871484342
5.48562996590205,6.08944966195169,11.799829791637,2.48198934925988
5.1312335638027,5.59190060876848,7.57687227078188,1.9302243569275
14.8265807328007,4.78465915390042,5.55262669548121,2.9193937736634
4.86631253292088,5.79044858873104,2.73874573491267,2.08283030487824
12.7554609256114,4.83517614104105,6.94175078053648,3.30807522640375
7.64795325567918,5.77853112651605,3.1902333158999,3.5756141512171
11.1498389732558,6.6196528460596,5.29232278763044,2.58465587860663
10.3833768463189,6.82640418332435,2.90503787524182,2.68292921247536
10.4170753935675,4.96410949490826,10.7472944452574,2.47887431555535
6.34615505834341,5.87105908468241,2.70895646659236,2.91256943642688
7.37641657744935,5.97272561175581,4.10469076551253,3.26613210257222
10.7638010073514,4.38155218838257,4.0269102477265,2.78026062482271
5.06477003788803,5.76674164318115,7.44463184047952,2.49380465380069
12.5375471429746,3.81357499405128,3.06902143593484,2.88625877792727
6.43921141707889,5.56557446289742,7.25876251681924,2.4373952781254
7.6259598566727,5.53222048044017,3.8455555969325,3.08966136507018
14.2002529069969,4.80309734341895,10.3773560165939,2.41765957164976
5.43032473809051,6.03594938152361,4.63490115048742,3.15127973644438
10.2082691894357,4.92027838390508,3.54429724581038,2.87516074053749
11.8964341984009,4.35093322162701,3.84993538342223,3.23669146773964
9.34029658753961,6.83507768889617,9.81923567515299,2.66088812405531
7.39680123573547,7.80039614521835,7.97630533037041,2.73355173320545
10.0928554226857,3.62510714766213,4.15178454903066,3.07039092244796
8.13758972686943,8.24049792290846,3.69952007802463,2.30853151116116
7.38772774527698,8.58794083271903,4.1683595071529,2.32730061590558
14.2677113220229,3.37426407671507,5.7636804682302,3.06597149545787
6.95790732764864,6.84112485266329,4.88309939740434,2.62867729328563
8.57011255922971,4.36308638162528,4.09708388003386,2.78507644927023
8.76213726703914,6.21876662807757,6.10797948727092,2.79592888479507
8.87745304725485,5.2960147111813,7.2261010735448,2.75896899573534
11.2584858284052,5.55441429057938,7.40684792732736,3.11429727334288
5.58738553209471,3.87055245869415,4.07766232415264,1.83710696348141
12.572849199259,5.73738560107425,5.41818809323503,2.52578297931216
5.79478968203393,4.03689444766829,5.94725946805619,3.27988063491347
12.0924175079334,5.70811852453722,7.16876286376184,2.28997302190676
8.22163398103163,4.34047989728779,4.87407231617365,2.83495796017905
9.05097113425742,6.80789782823119,3.53507823923222,2.40677664625966
9.8965696260637,3.58983913366898,2.69603908804739,3.11489405406613
9.22455421518539,6.72488113081164,4.04154511664493,2.29084028885567
9.88393637994101,5.06429781469248,4.95183671421783,2.95772857572858
8.68204655738216,6.06915955428105,4.17889727265046,2.08726894238822
9.66113175546674,6.69938517577634,3.66111817219738,3.4076425871355
7.99702985830942,4.03905947253461,7.53356898510723,2.37991010362797
8.69132921741011,4.70001394182138,4.23014414375651,2.05960299512018
9.57888529828231,4.67026131291275,7.80549610575819,3.50252296980709
11.8240909144212,6.75168453499802,3.76846441343436,3.99909432758308
13.7311487407272,6.16036685643498,13.5057040111114,3.6982918381239
7.31350336985506,7.14140461171218,9.82733047301408,2.88147441250868
7.31630695341432,6.72131380602712,9.81089219979219,2.58860847429884
9.71702691157765,4.66883833610296,2.7145443042954,2.93446377969997
11.3553734572717,5.14390155388048,4.99176728602426,2.37062230759383
5.42830348991498,4.97210512072092,6.8523377075309,2.65947503426029
13.0439660188794,4.91339623037175,4.21336652103007,2.7568693369853
14.0072950120504,5.01222908729522,6.25830630986186,2.65620245671389
4.7004601043889,4.46748249861367,4.56561151279412,2.84270962106489
8.58678627998454,5.73818245802268,4.90957474870138,2.01368901595934
12.7459146021278,4.39931369181377,5.9490612616204,3.50681390365794
7.11503486758331,6.42902252660998,4.50715760540573,1.7978679642289
10.0440720845571,3.61630183145291,6.22561257361082,3.41738448422489
10.7115323393772,3.72525166915612,5.9923325855886,3.37766581030467
9.4650406161566,6.60955318714686,3.51543359880063,2.74072972206399
8.4480497112495,5.18767096546716,5.84134513373856,1.79024127599973
11.5702812926786,3.87927916199331,7.58669115458115,3.55126038657418
7.69047556575706,7.7342397956706,4.08940549955805,2.40034460364304
7.34312491797494,3.93751477775185,5.13718666496202,3.29885462028508
10.7762658519066,6.77929555597499,6.88583122203449,2.31550008684975
9.1219549906261,5.06976023968215,10.4579428853788,1.77826733433393
9.49140527361654,5.38467852589839,4.39864419906194,2.96929085935084
9.02927333839946,7.15257483324089,4.42897301589197,3.37182368359934
7.35933356354605,4.34928440166339,6.42299748204987,2.52249402169805
6.45829613502265,5.4516365730762,5.3957622263086,3.0409841036044
11.675091641393,3.98744964874418,9.49548322194427,2.57546920940077
11.8021662214617,3.60064663538326,11.1230845006218,2.59068221131284
12.2054246054819,4.73057070190236,16.6010730312759,3.14086373829543
13.1336829904962,4.35290450755137,10.9061380324896,2.64369767876655
6.72783702342376,5.99985778291864,2.86502693954298,3.52978027378262
7.10468417891329,5.98535215202199,4.01455395567066,3.65419346203564
6.2451752612829,5.61185547056154,5.00298925302873,3.46764023294523
8.0832936427138,3.77581864142494,5.46697871633135,2.93438706034784
8.21521054214134,7.0950157337792,8.32500690434506,2.97013839531293
6.82121854992988,4.04798961281775,4.80216527419591,3.17104745000754
14.5534600409696,5.95869430005332,5.30653373236863,2.03558812009197
7.66823634898533,5.98690653153292,10.8488243193023,2.53688246888103
8.25354546387963,4.17922117098678,3.06019843403217,2.65300807498082
6.61046924285127,6.56892133204006,4.47903024269672,3.91855862753548
7.64923287495103,5.32386418075768,6.92570529620327,2.89795259120881
9.50640988731067,4.72454442436255,4.38616103108367,2.47310094000856
9.56546446024327,5.4967101947079,6.91527969387397,2.49875769027312
8.11925022283885,5.26237578492896,7.5051517291046,3.07122294980098
12.0440489894344,5.27331653998121,2.21700728087388,3.08579947778979
7.02296619178413,4.24839129188352,6.1422212857733,2.3872124403874
13.9640488689559,6.0163222448696,4.62664175388023,2.92348147110583
8.38821196009611,4.93324494046548,5.87726057189418,2.58515946707543
10.0233204149572,5.52795099127024,4.32009789122216,2.65939144721338
11.1753817734006,4.2804795251809,5.99429504200149,2.64337290002586
11.1515763972395,4.78183457648877,5.32425807915452,2.12945157891688
11.0626715179165,5.42383392745141,3.46431519213273,1.66173648884566
10.8641894052283,6.97738937638167,2.59426912828277,2.02747437571004
6.83680835656592,4.74819857008564,6.54814833626585,2.76784946847932
17.684900429944,4.76571385282563,6.33597000160134,2.86208271211381
5.481584573236,6.50317816489355,4.57101099392622,1.99523517566628
13.9408231602685,3.90230840388923,5.22774854528293,2.99882721655211
10.9815761207273,5.12281203828951,7.02598275982493,2.20663789292591
9.99743452502574,4.86467136395731,7.9827810934713,3.3114698746051
7.0265602312158,4.32303992811194,1.83911610628324,2.90616905900713
11.8438369635511,7.02809309826388,13.0591623046706,2.86740862460725
6.32577054645822,3.49363265740771,3.64059318982816,2.41207649463801
9.60818110600663,4.37806025890444,6.0646047617254,3.74171119171009
8.23978635517629,5.71991834302012,7.09880039821359,2.36594391418608
8.4992900019301,5.67399450592996,6.52682315504583,2.46084851898697
4.58064067293261,6.62236729516953,5.2334834469831,2.91156582448642
14.0389087179302,3.40531146245374,5.7177596869811,2.8096976152497
4.94869086269792,7.60211399897153,5.78915347219828,2.81858766095116
8.3257463098752,5.86301465002182,6.15480657742657,3.39819366828211
10.6727866499862,5.22381222009506,5.13229125933533,2.81341623406943
8.00279499529392,6.4735376593576,3.93432735105507,3.25817841403225
7.8629034645044,6.39458456617696,5.26775236720028,3.63380702530232
7.72489861865984,5.16276223477422,5.42971933448209,2.4007971461754
7.54699681107765,5.87273417880029,6.27646993625217,2.82060154569542
11.9618502307062,5.16280795247147,6.63263649349404,1.93626809367568
11.7306924340041,4.20999579917771,10.8773097034251,2.643616436099
11.6991061246201,4.45085035146615,6.63822421258881,2.48825104879611
8.81497913588876,6.3091173115683,4.23231220300661,3.46480936788016
10.2060894335608,4.32032892991511,4.83431798627253,2.30542500434573
6.45039969496397,4.85910348071321,4.83963328981639,3.3624156325692
11.6201693173543,6.0572958269162,3.25306835985011,2.24970688239933
12.4984471575139,5.78221978105506,3.42429418225802,2.17263021131815
6.37273653406792,6.30742448738565,3.56372843470762,4.1678536551369
6.97836418363521,5.80131989418353,5.38451185438444,3.56818801435538
11.6124073599646,4.52997672021377,3.8978222465133,2.0741082790685
7.38711061757075,3.83818040102911,5.78222459743208,2.54946431220824
9.88995494893358,6.47951108623,3.14729394799649,2.35660083142539
9.27472508620103,4.01474998600839,11.3775129125464,3.25524738862633
5.80769979613212,4.7811150857542,6.05889309732955,2.92168931567282
11.889643385852,4.71145065438667,2.44420905379833,2.45679164858677
9.19524161005495,6.42140230773245,3.33142484480025,2.33713124944409
12.6764312061341,4.36742902439373,5.7583294129642,2.58805526335346
15.0091598004312,4.94381024223989,4.22964998899235,2.68863774350322
11.7280311460693,6.40050576161629,5.70960601070659,3.99012416909424
8.71575235902796,3.99041540071923,4.77312108965069,1.99823324523435
11.2424314188191,6.48501161735575,3.187968511053,2.53718792640009
10.9354350980419,4.96274268195127,8.01120494368846,3.47053876790028
7.94052815955757,4.20674593160865,3.64881058831481,2.35146278979792
8.96664505347255,4.43355228560368,3.252655395777,3.14217030672603
7.44674528803202,4.51155451660719,2.90686447397474,2.45105017504334
9.65691840277125,3.56507772098454,3.93218320441769,2.95555520549413
8.05666412640317,5.99472530519157,7.36549910135283,2.73055670341872
9.35881313976283,4.45059641195735,3.67682638457796,2.96379877816658
7.86229154413495,7.470600824459,4.66427662537478,2.70535601510813
10.724146232291,4.15206933986077,6.5171465042873,2.60822850020603
4.23866861881359,6.31786397237246,4.09124221143685,2.93297775747151
7.96527064635512,6.44798775187515,7.77706872880519,2.83810715240193
11.1050485305595,3.37419101926022,4.65427666204499,2.46062918980842
6.74698366464624,7.36500528922217,5.62998759458,3.86401695575899
11.8973695966106,2.76237726125965,6.82005082525818,2.69959159077342
9.66408605964573,6.20292070508773,8.4825487811812,2.1663007444388
5.53010888369238,3.88976698497512,3.00204564427241,2.76693894505833
19.1374176990415,8.31098651015508,11.9537357526639,2.8389790620385
8.47992814901708,3.36922535278563,2.00467070907962,3.59851652625277
10.9072083693108,6.75401447986575,4.98468309422729,2.46159358194408
4.17833411753942,4.76521137815879,4.12178108444457,3.78112770202418
19.4192710625624,6.64830077847343,5.58010613857389,2.46636914072509
5.12865776386298,3.90196844769782,5.93002635057541,2.73063146344865
15.3542280028983,7.48585410480434,5.02740209405739,2.36280854444687
9.00141768514188,5.82724105616053,3.7832518915652,2.61165431790218
12.5036540587037,5.67280254242651,6.34274446137221,3.27922612772899
6.57442364480671,4.56725190015388,5.69260544756976,1.95081476200462
11.0008536101914,3.90932091477571,4.33492140883395,2.54480930014069
5.09529646522277,3.77296328536013,4.46501994014899,2.01643414369197
6.32516070267313,4.19659651167945,6.16742009825437,2.01304810275982
5.76178689317002,4.03912710167871,6.55209265631128,1.94992119211991
13.0758421442687,5.40356268138692,4.88002534605631,3.40077821384145
7.3621845835808,5.41325524456381,5.33075221452689,3.05534042498443
8.44608086021829,5.50899910657681,6.31724141088461,2.36295685274948
13.0115055030979,5.25441599990104,4.49865922675995,2.86407782931458
15.0204670649274,4.78927259474262,16.1434820959616,2.25151229837161
9.4917575942302,3.92760076895571,6.0254988693444,3.85337939940195
7.54248451872843,6.54800691428342,2.94309406413566,2.35937427320158
8.83158296540453,4.05622789973208,6.62510252149961,3.60510476643912
6.80160120074884,5.51621104282304,3.84081982733736,2.52607318389664
11.5253963238584,4.98728279557297,5.99813992836033,3.13752823662916
5.72315780936765,5.89780920423218,4.30532615796786,2.64413167321207
7.93539653561064,5.29485421173532,3.50556477138344,2.50322275473463
9.84198133180299,4.91022649789972,4.5463695684335,2.48722908457361
7.73642399393718,5.47235953245949,5.64536487153465,2.8402936932614
10.6813501105679,5.09811865691976,4.09131206616378,2.29810894304133
11.4276537041309,4.9817017508089,4.41221784525294,2.35781029636756
11.7092443381975,5.12248107074874,5.31541741596033,2.06779619603724
6.55171676864892,6.09623333465541,10.2626985192479,4.19579948154804
11.4807776676924,4.54191772423716,3.32978883267726,1.81625535146447
10.3089286272198,5.90393218284798,7.65547918541461,4.04085202367988
7.32974961509224,4.56831266855338,3.1497973466159,1.7870291725938
8.41492731608892,5.03176499239135,5.2960132778633,2.76593978808024
9.12671846191992,4.48613785733574,3.23277777336817,3.10951739194663
6.01909172103737,6.0742241537056,5.75764103243956,2.49942820328433
14.6811604445937,4.78991038385477,4.42130509229573,2.62936352563684
5.89987233848845,6.32975260978082,3.53933300542542,2.59526178838745
8.35316681787748,4.97210890127835,4.93883918450373,5.03043041570862
9.19962486736986,5.10748711226104,3.54920031293632,4.56437641170387
9.17300026664169,4.80745712038323,8.50232178151526,1.90439778644876
10.84132502834,2.94289321338334,5.88023342726876,1.72785324123777
10.1375237423278,3.84367249484612,3.76951391253037,2.28627040491844
7.88791032031783,5.66245255473143,6.57644213357992,2.72280922627327
9.21932315105374,5.30606009248991,7.09923442996045,2.72437745658413
8.37780402118753,4.120326792077,3.46047086038782,2.4985644430036
7.82421940449287,4.15912234802755,3.45451988567316,2.41325190271673
7.03427600835959,5.67538820378667,4.4752138062905,2.7104280471474
8.55164052090085,5.8012638187655,10.0032363779195,1.6636658373515
6.54550238038536,4.54359624159608,3.63612276689162,3.39124054230058
9.4084354742146,5.32245863638254,9.97024374688754,2.38445110963052
8.89061725491051,6.95490221690404,6.08110630215814,2.1483444205884
10.9512244329724,6.0568837955021,10.6643746964739,2.14921902373242
9.27555808441817,5.13750084443858,6.12874890507921,2.86576780214373
8.45591679134074,5.31003681824048,5.44675009755171,2.865231035478
8.52504005824721,4.96054134283946,5.36950550902251,2.28663698785222
11.5474122381182,4.6625009292011,4.50898827546917,3.48368049374087
8.27510150909377,5.76903060060073,3.63890474849007,3.37330488970023
10.1365539222962,5.13645572147926,6.77416630810579,2.36383277837246
7.24901953718789,4.28373438560437,4.52303675584307,2.68901843245897
6.49117236164894,4.3313344886793,3.87201928714181,2.66924109931617
11.4720310704138,5.59814989062279,7.87875466735038,2.80826856593108
8.28060775117273,5.21492754397194,13.4628798127124,2.83611993846952
8.43725356497707,6.23614817679882,3.42376587707732,3.75392044800622
7.37956921874874,4.4309984179097,9.98800827190244,1.71247575971148
9.97423542198748,5.77913588242097,9.92853115779694,5.38839616447874
8.6450541988045,4.95698170695604,3.83765076748446,1.2612458215134
8.1799728384833,5.55377909943943,5.86225238359544,4.58276035485932
10.0143137633191,3.72113083738633,4.43130210193039,3.00080397989829
8.29865621600438,5.03410179512274,4.95152686654406,3.11388232628006
15.3458612487533,4.31301129273786,5.62768721696997,1.85958167467667
7.02891176380027,7.02846285993666,4.73253769687715,3.58981673366774
12.2914809258138,5.25344820227336,5.86530951571027,3.1900952116942
12.1667280724999,5.67731579470918,4.40561528032196,2.31038080735087
7.56556676055839,4.06403072037267,4.96867470492663,2.38359587152141
13.5443032126337,5.1363548771767,5.98751854545461,3.07067737570003
11.7937182905423,4.88407119037583,4.99408050083391,3.17654660824523
11.5503035323228,4.58134518291777,3.5917538628594,2.86796678124434
7.36523074404781,6.65781481843309,7.69539785368837,3.33632636482716
11.713891447499,4.37060636165024,2.82531933063294,2.40192920461486
11.5712227101358,4.22382432455594,3.25666038539182,2.20665399571846
7.01864267710168,5.49943238138102,3.44238386738593,3.12746190327912
12.6311531978229,5.15829672611464,6.74666838642917,2.45866721981237
10.7425789719023,4.86424622824011,5.41903593817325,2.61358016598296
9.9111965660647,4.32603604308108,20.4854368242384,2.75477257877189
7.39252166665733,5.92999549343156,3.50845984261357,2.48287007512791
10.1553166918284,3.80784181151107,9.83368030327053,3.17246459172978
8.68933685782192,5.46857900177799,4.29703550029781,2.19258967762294
11.4973444909256,5.07559325777771,5.90223233251515,2.38174287421399
10.6541847976011,4.48597178785152,7.41379446986252,1.79625145561837
9.39136286260799,4.6300501579615,8.77299864059493,1.93431034560399
7.74551458889166,5.05934422803308,3.57737433254757,3.19257734423288
6.30462373539086,4.64978054918618,6.99504605709721,2.14344951890888
10.6356938568838,6.07777085952777,5.67852861073583,3.21183945066572
16.2301955244506,4.40192339360553,5.25896723574898,2.21711136160049
8.80040047575117,4.92059440740714,7.1099462370109,3.04517885093141
10.6757984838889,7.05031532964515,4.28937775513596,3.73349887396047
11.9713359647272,4.74895607655001,7.83273323448638,1.60279975103082
15.5210511814695,5.81085430481489,3.48434109271427,2.58753161675398
4.59949205811949,6.69303260794837,6.86644068136778,2.01955853394212
5.07746002157273,6.42841286594056,6.6256273567751,2.10901287146347
6.978059682951,6.41060374011882,3.7231883152783,2.74750933084716
7.68715028717472,5.29154495170449,6.90087032273525,4.02024453851452
11.9712225158604,5.08448123067001,2.60615580905344,2.63307938161027
7.48779982605331,5.45311881891653,17.1114465975073,3.38878255536638
5.68744002295175,4.52773100264443,4.30655993399318,3.16941451965072
5.56811850856116,5.36979902590239,5.64495363093712,2.65710918915048
11.1625736833791,3.89170218105948,4.610043500218,2.74446388436708
4.40855573896886,3.04060351090078,4.98629946147769,3.09772524902258
10.7256632929276,5.65511101766575,5.73776202047052,2.30903597779493
4.96714237357292,4.66094944400666,4.98678942746079,2.99031854260029
7.86731123547199,5.6881908680705,7.11752806145052,2.92389457980587
8.89359579795349,3.27774626562797,6.09518404966239,2.41441131134779
9.50285288683714,6.71308259332556,6.01811144737484,2.61189158162966
4.69089801162461,6.49865351513098,7.00797203466355,2.14282800687171
12.2187795436974,5.54904390314797,4.20488402299634,3.28077972752175
12.7764111509566,5.60483386488597,4.45017703301494,3.36259324720218
15.0952354332315,4.63438111624438,6.70952526967481,2.96726078791747
7.6808574785636,5.96777274185459,3.55445753765265,2.4796981999806
9.19678818000791,4.85227805614693,6.09542751765947,3.0143850000169
8.31355136491097,5.35193599263048,3.85470307271615,1.54438116365918
11.484775547843,5.48390516478309,6.66224144753303,4.40629304032622
14.6527264656927,5.63895094302633,7.01874125760857,2.78329509131843
12.5885144849338,6.17473681684384,7.22958378912355,3.08150435906909
6.74599503977336,4.19514908995203,4.85220977922455,2.17678757093638
9.04901310415664,4.82985185178742,3.60468004524549,2.20890808369498
6.11722095893707,4.15855804777631,4.90181861817937,2.60659993280832
6.79790909814767,3.62920406336945,4.44127399598299,3.08520220385432
10.641985400736,6.16469158705778,4.90815300205747,1.87665696148687
7.68231390147423,4.63780098101374,3.35868564229591,2.47717807692809
10.4889707227593,6.34375906545254,2.56400908165301,1.68593839045655
5.29483952822793,4.61190694405491,10.5063070182558,3.84022044040967
4.97946096635193,5.32447573783256,8.48391337924938,3.36933070601006
8.58488280926823,5.25159906335758,6.7396213670751,2.93545451098177
12.5904218562224,3.66267766865817,4.27877186616299,4.45635165324223
7.41514895592984,9.86868173056754,8.03570240255966,1.86787557062005
6.36137750559278,4.67180704514629,6.12125770399319,3.23076904847451
7.70562597522271,4.23204896081008,7.91085677774779,3.04887091501573
7.94155132678284,4.82540505310463,7.34495982687894,3.3787402163898
12.544322718945,5.53682291049961,6.92489622334728,2.31562888306349
6.99851713263329,4.86155184386438,5.08126967069585,2.72445974707201
7.08372101709449,4.89982953190691,5.00805861943649,2.73528033377392
8.6800082068815,3.68731747171073,8.86662110268818,2.22755674877511
11.1441996043756,4.53533914296295,2.50224664531843,2.19261897918234
10.3895849432708,5.60586296934118,11.0812135587412,3.68397491461085
4.51258235686178,4.50090436836495,4.32395850372389,4.52391329540812
12.4957568511267,4.79029551508294,7.30149766261537,2.34194213807504
6.80634785390284,5.42044733353059,4.27678135426827,3.6434670980777
8.27369571288301,5.24810371940975,3.47618764617105,3.00025198868932
6.59883326434974,4.43150119832498,3.10555206460436,3.21530456380864
6.66600821359123,5.52579566770108,3.27930343110816,2.70363913568603
13.2222682876792,3.85802458074781,4.01205164409928,3.34802135929925
10.584552203162,5.37968588341988,10.1759112366095,3.25254112787218
9.16391852254752,5.53880604322379,12.9021667473698,3.75014290314075
8.1038450028865,4.1043540099668,15.9543822827357,2.07826778732198
9.22854261838025,3.97589142752124,15.9005283675415,2.22804884169955
15.6384122635632,6.53616013595071,4.32585384455401,2.11849454122757
14.0120794516627,6.66794028120166,9.21820666721587,2.17272207865934
6.63941517240467,5.1158342612002,3.45229385715925,2.13497233579519
4.62028200315459,4.85726053492825,5.26747730375185,2.34431838580332
21.347971476224,5.75446968298223,7.89586594176894,3.01332612213521
10.1484354752307,4.7703084843289,7.26159013371711,3.73873936705753
6.3862368841669,5.94854461669383,4.28192877463582,2.18745722536158
14.3641995401618,4.59190501299228,4.6950259720364,2.60059520749669
7.357727178235,3.879219023351,7.69542465031601,2.83752943138326
10.6760066940948,4.38441060685439,3.4666010323742,2.9180380403474
8.28737209522484,5.97585947720413,7.88351231924194,2.50373663201703
9.72729888573789,4.07784276016033,6.50747068347874,2.43905642599213
6.68833154326582,5.82591205753835,8.95348220042032,2.42258958503577
14.1693796991349,4.85614195304008,3.32648507672788,2.65297088618206
9.48475610560218,5.76660464713497,12.2851207445131,2.57678126149875
7.19172161521923,3.9010174771313,2.65989890280576,2.28808815354482
8.86925493678819,3.30856149818643,15.8719390817923,3.09778829461067
9.27813616238459,5.58606800846039,5.06840844685242,2.49251053341739
10.9254293027152,4.40706025586881,5.80706060139221,2.50220112997772
6.53092977503672,5.3488338607568,4.35374751788086,2.21085908605388
6.17902762209751,5.39478359746593,4.08744790362968,2.56663349101138
10.0765203641161,5.02950268311953,6.57526075841112,2.51379675029933
7.33790895018228,5.06280344972283,5.66322106287649,3.30491341694552
9.31125752230281,6.06502158440876,4.43170784961446,2.08900500586457
9.79827639474876,6.48659547699228,5.05238981427357,3.00686321464189
8.77105333782981,5.5956581266641,3.38614980693895,2.31506158077843
8.54397335743292,4.88818579161365,4.76308449420714,2.50592187285715
13.9293629320992,5.67070976630749,5.25977170671995,2.31218925190685
5.24518214541308,6.46803795685662,4.24745880530839,3.49985798286683
16.4427941168553,4.76482666725523,4.48705897666074,2.7414341379701
5.35067656214461,6.7495730146217,6.08109372431577,2.75653756369003
16.0938135833834,4.22778390487938,4.41706766326691,3.22335363698051
9.59100659428401,3.73216870041056,6.18853705275686,3.03409850599733
15.7399324604834,4.30217980263094,4.03573940494741,3.69274623165575
13.4720356654008,3.43013891892121,8.73281323737254,3.3650762435041
6.21205341929364,6.07414750549982,4.93397131704587,3.46074911781552
11.8444996494868,5.49637372305303,6.99444189411535,2.76562569156201
5.72055241648607,5.34417562480356,5.23630016741457,2.8548603285702
13.1975610082171,5.04367467611621,8.7156888184917,2.42578724213475
8.34093823870027,5.35980346289588,4.28066412973229,2.96995017262875
9.06157921579403,5.28900666011653,4.95719258057041,2.27002641097573
7.61611294471106,5.67566133889543,6.2121552039261,2.32128043549911
8.1977519606235,5.98768712558012,3.74794195580299,2.32916902777898
9.21537254420948,5.00384973456459,6.73274464025521,3.03215911688251
6.12070289191302,5.40147161491714,3.41495430501593,3.58445979638457
10.5897312746264,5.95757031274505,4.46593846296048,2.91370281808098
4.05714284213596,4.80485542367242,3.74837087022082,2.77708594816961
7.47583942808922,5.27479197478993,3.29319388154077,3.71285987022913
8.28290518754613,5.8644802604946,4.12122772457288,3.21995979148819
20.9794172194538,5.72673609383543,5.0443844226484,3.00025393249949
27.4349803341517,4.63291530721261,4.11594935586728,2.04268881206852
3.33587697604965,5.07223060922639,6.16452197842179,3.56620564197636
21.0360876316534,5.67441423459226,4.72639086524994,2.31634521595575
9.58055069377089,4.50187979121856,4.68667941204533,4.13346217149153
7.41731268418449,5.08570134663921,4.13642815698282,1.78389638248368
9.73269398664528,6.24066093506645,5.12648149949177,2.81749973087165
9.87104308642946,5.89623120450044,6.96555677509304,2.0558956524995
11.2257730539254,3.92601699597071,2.91510893857036,3.40041934473494
8.20672494752679,4.6221690063594,4.97674292248886,1.54494598191092
8.07369544695456,4.96529569760848,4.85994515736443,4.17265506235973
7.91513710142733,5.07382004655551,16.7192168548929,2.21643810288002
9.94377127284991,5.02751474326485,8.2636891233605,3.15083650687971
13.4266975676929,3.80487249107789,3.7144811651989,2.3429311309214
10.2800375498448,7.52987144465411,7.30540668311487,2.49729156720096
8.56853032501933,5.4880162483065,3.00889542327257,3.77826730394346
7.42562830522,5.44704184757656,6.32034695047192,2.19015887256252
7.84587947748454,6.59386732673272,5.62438648500967,2.62126435624374
10.8827272387326,4.92676693304417,3.22416740453971,3.57649063560893
6.35930920216931,4.23698190883617,8.10564862539363,2.89277443982663
11.1443101678245,5.01417612792836,1.85512038654397,2.18067045834125
8.95625878993687,6.62749113395427,12.3937075241612,2.95783979175742
8.77549891426522,5.1287079247959,5.30059775875519,2.35682440455042
17.9796790589469,6.15526217833469,2.62810880916881,2.99688234730496
6.58543563792404,6.16873519360624,7.27621061585285,2.71901187536024
7.78966368003381,5.46945511596831,5.42866207425539,3.43958902399264
10.6406337072285,5.32618491273441,3.61733507371636,2.59531177011066
20.8284836962414,4.08690736821945,7.27224317423732,2.18078188909173
22.353604595236,6.88992220328939,3.39634178162069,2.65026778581726
12.7673577710059,4.27553473727146,6.03142186812165,4.03734295260173
5.30641930014053,6.2810704813965,4.96016159577256,2.83185014576576
16.7548438513968,4.83462132356078,3.71888062593373,2.07207969296358
13.3848149758899,4.75760044258237,2.74412723086956,2.29352566435424
12.715148456659,4.83805295501092,2.58552449914156,2.35748704774253
5.51226505549504,5.61245188189153,8.85477491443253,2.72320998020883
10.3178210943033,5.25343545432468,3.94983210123374,2.46777777357309
6.85930462039091,5.62950767448421,4.78040207347317,2.8171085667626
13.3192465592467,4.9619669309374,3.92862106284939,2.25997591445749
7.51292342795319,4.23007591015237,8.78847169370897,2.72211056646494
15.0831054162769,4.4313715670127,7.15592674750726,3.09272288601306
9.37737690546607,4.7124424997258,6.55696888258569,2.46330268174963
9.6311340745317,4.79752848674594,6.41027461235851,2.44796284729635
7.07336934650362,4.7568347491222,7.59383193166074,2.37499075668359
9.71080973890099,5.68991680533184,2.7606040532387,3.30566797134738
5.75838607449313,4.59754443458709,12.1719512291449,2.41139807166627
12.6613360227228,5.75810740253771,6.54461124885146,3.18330662261304
5.74397161224461,6.96092755561318,11.9738440280819,3.47072068484307
9.81377865721099,5.55648445849412,3.94016336888353,4.02128978201373
8.37552084204348,4.83368894141553,2.84307885603158,3.73375737931009
10.1514782686691,5.29307902129465,4.53698677425652,3.15539586751692
8.58954768319029,5.10612091682597,5.86127106613135,2.32166723728645
9.85729576406949,6.2524736260463,7.13327083357347,2.74981055066293
6.95618067752493,5.03527732368642,5.12360294800884,2.78232931526597
14.3079052759122,8.0398842451442,3.86587603455313,3.0306437321589
7.52258809527958,6.73310507655005,3.78085837045154,2.58375133905134
9.8653801705358,4.31236278339634,3.53003246270234,3.33835066744984
8.39375765613021,9.47725881345441,4.77022132735473,2.01566666773051
10.5868112580878,7.08274038634351,4.23502018048003,2.55479347917514
10.0886644850747,4.41934043226715,5.82938085715,2.5155922070821
8.27104697120445,3.61923794521417,4.26583707706723,2.31178248046931
12.3729554215894,4.19822396065212,4.80067682384588,2.62021642528239
13.3771849101866,6.92719352451405,5.90781202039847,2.09219338348268
7.48016469655309,3.64849890618794,3.58107947115069,2.91838651690823
9.65100577854172,6.81616181774494,4.73071457553133,2.23572085323111
9.1721446291837,4.56680398398759,4.31872561027381,1.91105559294182
9.65930686873315,5.38374602178902,5.50094051431283,1.82682566797941
8.60643773258633,5.89336291887207,5.62968964738499,1.92243939610796
10.7172240565199,5.19020495709459,5.66408665368629,3.8450413536059
6.66161475553138,5.68593122915743,5.16271072241832,3.22241263896582
9.55477033491384,6.30654814604945,7.99106873991459,3.71931755160631
9.02945796502309,6.25452425919208,6.85055385135071,3.60577508242321
7.40727376682525,5.05180578079581,6.52002121797152,3.26956798374356
8.73466654445088,5.22096687742297,2.85217622357101,2.49215254322668
10.6945009214116,4.36896092964527,8.11878557646099,3.2468858455614
7.59093470366246,7.29174268167685,7.71699085053275,2.34009531885625
14.8826137177537,6.35630556931137,1.55876231508264,3.0380218340697
10.2937716913014,4.45828484896163,7.36545329479097,3.81482551942084
8.90348423456899,5.54091237413634,2.81412160452488,1.94268974296882
7.48671853549127,3.43190008302118,4.53252490626422,3.05895033448776
13.2748342181763,5.01944898881955,4.49758935993705,1.92633517134934
7.69033375009606,5.80196638819573,6.38727042137901,4.87724089518569
9.6881390461825,4.40155549122056,5.13582268916014,1.77406355060872
7.56574393226442,4.30585096015426,5.29204828178979,3.75543364769553
12.0154359732259,5.72071930815262,5.32649087449193,2.15373074182331
11.7502407482002,4.9794679589773,4.62181760952171,3.05369839684032
9.21390898529751,4.96674781501227,6.02008859032806,2.82637006541758
9.88541126475077,7.24352901385948,3.38476227513573,2.77848989942119
7.26767593665122,4.55190532291027,4.78417504389397,2.65533481891433
8.11148268428547,4.72657136877613,4.78638326686789,2.38897917152961
9.19300666011398,6.09488137768829,12.5094058519364,2.7364869455065
8.66663981889562,5.35175308945791,4.13913924250314,2.56487258554017
8.14357721478134,4.97773487927755,7.0462040889132,2.57783937349893
16.3503644465454,4.99238929537934,8.0341911909733,3.34681978466036
4.2128682733166,4.66259317880708,4.4734111986505,2.69054832921711
9.34940174258468,5.21758349766412,3.07594234353344,2.8036901267953
14.4669076401067,4.68357439386803,6.32705142329086,3.81945616277471
7.22278011773027,5.24164550180135,4.7125685444936,2.49843717721229
10.813149469947,5.81937410888396,6.2535392524028,3.07301482238866
8.20370120892281,4.32976916737726,5.13758662232241,2.95309937429966
10.69105195251,6.27161441789951,3.50376266145022,2.53563151091447
11.1244736806,5.90615487520886,3.3624712720911,2.33822905679408
6.66510634771591,4.82576909981737,6.41548291994166,3.34424868131516
10.2689508804622,5.58039426113322,4.68604828115127,3.06314573636831
8.96463133377915,5.58293416765881,4.14277877022897,2.93043254413053
7.98269248784472,6.05242106110986,5.21127234271126,3.69858854992119
9.62786473926863,3.50811616513949,4.7234274126012,2.35921020096512
8.23700025468624,7.31883709311071,5.28207429113674,3.55584947116785
10.9984622202583,4.37403629916742,2.56613803120932,1.74817692967366
8.34897625031599,5.65257543620835,11.4023135389684,4.14198110699964
11.8660406573113,5.95522317259861,10.9631826625998,3.85288594952941
6.08884551556485,4.49077751382921,2.97850023754368,1.99230884745122
7.96242145954506,5.7300122467911,3.98879155379269,1.96589598514832
8.9612017970749,5.17827672374871,5.66372975294744,2.67992127795987
8.87650193243031,5.44720116976888,4.54245461140719,1.97482841665809
9.30689105233338,4.65070764873147,3.29673210622394,2.17243889732888
9.71779150627693,4.91583883773987,4.99852040714362,2.98923013418434
7.25648001451781,4.64777781427287,7.87589811915549,2.8340519118666
11.5917664969436,4.95037126908927,6.48998487328505,2.86796265988016
9.09464738266587,6.82541121756439,5.82606565901795,3.37580199461403
9.10260086303646,4.31758197207334,3.78044895899739,1.88826063708605
11.3400973235979,7.78648341384742,9.45491239607807,1.94624607625029
7.82622889408372,5.29249283229176,5.83537727036229,3.07847439721053
10.5937512154192,4.23534905297804,3.18760687732226,2.80814095294905
5.83427847757091,5.1448124478182,8.38069624889636,3.34053792194671
6.49446035586211,5.0723469730974,6.62723220555759,3.35513049607845
12.7068710713129,5.40683508405557,7.16555623815347,2.2872542866989
6.71734511207979,4.39577594116981,5.40574229115656,3.27729010625682
8.43796799909632,5.28776404772481,4.65983806897726,2.9205869562799
9.59471956240076,5.76806327771023,4.76424399073186,1.95384725645443
14.9289955646034,4.33553618465963,3.39178863822211,2.69480643415508
5.08247972419415,5.45931493180881,16.5856930462906,3.18751082748792
14.6007992502618,5.17032907793014,2.61141613823905,2.35003492485862
22.4521159133738,5.35790545886208,2.86620568864806,2.20560002076937
5.45504280675213,5.46748287465906,20.5999874407563,3.60370767599829
8.2299653018334,7.03898975283995,6.59370668849968,5.88401059123352
9.60100581810217,4.02798263842264,3.64616313362884,1.44554973043926
7.61886413835028,5.5553297491941,5.21150578035049,4.62378278493681
7.84191298331954,5.86959174700747,4.52041529215084,2.67944159377594
8.68306105164006,4.66723778359636,7.23117706647225,2.32048722805006
11.0549035337872,5.70226985213103,4.58725318460151,2.06134188666173
6.94636356403344,5.49540423950836,6.88971528071308,3.01000134692992
15.0530661679797,5.08895272018049,3.85434626858449,3.32307472731683
5.55186253640052,5.2641539825076,10.4947793924676,2.13947460914005
15.0739219867756,6.40535415790107,2.76235488100985,3.13617660881122
7.99979096868267,4.57389035816199,12.1958624056223,2.38232425405095
9.19641110692829,5.71492881345736,10.6578373529539,2.53275838740957
8.86875644243685,5.62243783247485,3.1998446290868,2.7316795877662
10.7110500649569,3.47608440192051,3.78321072021093,2.52641206432227
8.71348207618204,5.14999607466641,3.92307710740426,2.56572395417441
12.4678355612556,4.57661098159056,5.66470077570303,2.72830485272507
9.82161937092601,5.10320833854022,4.54122870763258,2.86025215867293
8.13577770752468,5.15726977646445,12.7358114091757,2.2903923669566
13.8629817538777,4.70454045823844,3.33439465104748,2.09689653029454
9.4481487352,5.18523333644802,3.58310950173226,3.55510346749542
8.79418355492155,4.69995029638269,7.52812460050044,1.46327771878946
15.1260395918614,4.28030005166759,4.02027204646736,3.54312618437786
3.86097899340236,5.55062765435281,7.0416900892994,2.5800277315837
6.56659601557052,6.78536929956541,6.43100686762351,2.3692315835734
9.34725882775171,3.41122559578656,7.62315146260292,2.20190588345223
5.12661011987877,10.361627817592,3.39420930322575,2.86211678446611
9.93978342151698,4.21435151101431,3.20297195940899,1.89390107291199
4.24795409488974,4.76295359886523,8.29113903739218,2.99531214144557
10.4979606138907,4.16287029833935,1.64045239420191,4.16832284244122
7.32273337684167,6.1227072128982,10.1241515109749,2.12792339024795
8.39966311611146,5.05710689427607,6.2679057401546,2.35124512084813
10.7666848527272,5.46843473486513,2.44651775394746,2.56400391613239
8.88913283573729,6.21556139226933,5.38456291224546,3.17282998306908
8.16371835396476,4.65278834513495,6.05622528762607,2.78815788041985
6.80510306858988,5.9195263980932,4.01218152075618,2.79137894217553
12.9996914029953,4.68908827200675,12.4757695601071,2.6979467045097
6.10712355812949,5.28156424022469,4.01874686534815,2.92663380433121
13.645507262011,4.77806506553788,5.598081774078,2.67011927115747
6.77770330972414,6.32402786768059,3.13408548113369,2.94355145647137
10.3917324575874,3.84613944850008,8.97384475974579,3.01016149078034
8.80051482288696,4.12375877600711,4.29821645706154,2.47056765968046
10.152464091911,4.97099304972029,10.2125758807261,2.6594514615523
10.7900772380946,4.63403295052466,4.51978385935971,3.2878811011949
5.60537950563469,4.71880343461002,4.6059187337973,3.24215319534986
8.60674366220472,4.86956573135505,4.16902485908302,1.74840398635118
6.6281260420289,4.53930665298048,4.71342476226901,3.74314733685197
10.4168687926342,5.15117688966623,4.95493774440779,1.86945718336183
10.9223057915478,5.00298038935703,4.42752251686454,2.08109974175429
8.27635767881707,5.34045386898087,6.76607645496667,3.36130496612909
10.4909450390081,5.11537868383494,5.46782424290415,3.64726959276756
7.52779619411817,5.59304441644093,4.4176806399436,2.58939789241159
13.835361637617,5.4165795555136,7.60891365570105,2.84669926010438
20.0713419837559,4.54003857141594,3.82617739485794,3.86665815896298
9.28660519590705,4.95245568618199,10.3649996173682,2.58577048025852
7.20893423798847,5.0597524833946,5.71997999390556,3.02311601454974
10.5100399767918,4.93545442891213,3.57958980594388,2.51853755757871
13.4265297578351,6.00896890383182,3.57111102493654,3.11077495201129
7.28956210383488,5.15357208798983,5.65613155529498,2.37561377976221
9.35854501955192,5.19801102884398,3.59609853738218,2.87203086323206
7.27307677522091,4.3055644387047,3.81662748208014,2.84100184419485
12.5404461142181,5.53219719232718,4.27227965255077,2.6040263182059
4.55785880890323,5.51770294663037,4.66045700646063,3.09696914219608
15.4806098129644,3.87741284265323,6.34877630392197,3.5481258544011
13.6917045537663,4.58111569844363,6.389503471982,3.21494490076368
13.3682390623381,4.15809270014747,5.08823845418369,3.07098877515086
7.25489211680423,5.12350415623271,3.12127389427784,2.44790854102864
7.94612701080736,4.13038956974097,10.0386658184197,3.10427545437632
11.1587239235272,4.68149890558468,5.43647420511347,2.10712926737097
13.2877615190758,5.49951679511072,4.33925276310136,2.68724446083627
12.2266453454737,6.20153355797947,3.79016712141193,2.22395677083401
16.237074591666,4.77672758800439,5.39432081013847,3.01466518924518
5.06999710935846,5.37063905106739,12.4828886274064,2.71513758054747
10.3625540769292,6.49440385378881,4.53618252631614,3.51374355580724
6.85826688133532,3.98363174888227,3.90397306082373,1.82262894719737
14.1930565966282,4.93034779923367,4.02834906743256,2.804597802
10.2934014293723,5.23305801805683,9.85438999945619,2.88438486600646
7.60135514312667,4.73286282317869,2.53816033977162,2.60301617888294
10.2157336091394,5.46406653870029,5.87203051804326,2.54220212421631
7.8763374087021,5.09736446619897,3.99144772102291,2.64437112659386
11.1207469473955,5.14583962425208,1.70539700142588,3.1662670456669
6.86192691876563,4.54717900739527,10.7682123752022,2.20734687929632
7.38751187773857,6.67780479531355,4.85872102017471,2.5121940075718
10.3360841490574,4.53138844598606,3.84918696547913,2.31492976704015
7.08863424521218,5.7428609748098,4.05075480383526,2.67690547770236
11.635697115288,4.27935483658244,9.46594025371097,2.83694336010901
14.903965487815,3.47309012219435,10.4701429524862,1.80397284567056
9.75978653110058,5.3836305655509,8.64648712980524,1.81042876005257
6.14213190260849,4.47243675565306,3.53638973881177,3.89831443862534
9.2192660965149,5.54263740073651,7.14218642639287,3.57408127968127
7.33572704619539,4.74404185363213,8.28773652061768,2.50136528228635
10.5329055826696,7.14584342010692,8.96133160165952,2.10584831240055
7.11918038223542,3.16720567444636,1.94827794831379,2.99890262611885
9.53093750146632,3.64636870020882,2.41135835875158,2.12940037731403
7.02819514047643,5.65730521242419,8.97988923630805,3.65609085316596
6.77822476008282,4.80011616901431,3.24516139649858,2.19015826885167
5.81193789165587,4.15727537313546,9.16349441998428,2.92823136456432
7.40333660452123,5.70150081755508,3.27828798001501,1.90471185453257
7.05297891032092,5.95782150832275,5.42879284407902,2.29327137214116
9.19040684455048,4.14547489809846,3.88250644663876,3.99857942504109
8.84392049463909,5.85558785710978,9.48321048237123,2.35395373618902
8.27126872401883,3.89753380966396,3.06992901005139,2.97354809465733
10.5101310317388,3.81774991111763,13.0671085504803,2.58761809294563
8.43897636964372,5.89165260026147,2.01485399533219,2.91373425707868
12.4281570737304,3.64537312097915,7.4012487979028,3.59546684920404
5.81010958268245,6.15798023592589,3.81172307360191,1.9436120626356
10.4540922529498,3.83115181885395,6.01888186225072,3.43133281297569
8.11775146866385,5.31357520480292,7.41756487583407,1.92966900266327
10.8338664149645,4.99058098349797,5.00799362118822,3.70570516218325
6.14342510611965,5.58669707414478,4.78030803767885,2.4180702097664
10.522179428986,6.09575711979014,9.44428765011135,3.11344350674414
10.3141956249043,5.78085479954212,5.40445662508182,2.14126980135121
10.0483363143132,7.39237565968736,6.3795003524423,1.73646256065935
15.7654104699559,5.55872618087715,7.44131524544192,3.1007270225262
6.64749402041722,5.5610303937093,2.29924396004882,2.76550457141305
16.6035655249678,4.03373455795029,11.6286573420252,2.27853875771692
6.03741060249881,5.7190367266264,2.24944694158087,3.59207003578219
11.5512467017005,4.69536156097437,9.8634865174553,3.37585341671031
7.73489295954142,4.57379490613568,2.86653956817271,2.23118848155914
8.53571905261514,6.83408832483119,7.2968466958912,2.64890677250839
8.81601395687201,3.13156817521139,6.99296008013296,2.24504654554134
10.4753698097065,7.43673211513833,6.35039834903505,3.32639751451049
7.37414286394844,4.79449032582853,3.76922731792319,2.87875924143553
6.68255612826185,5.60520840293953,11.5648240124104,3.23962821538869
9.115547374348,4.41279114379919,5.84849342982532,2.50158564083379
13.5434360802753,6.53919369537333,5.31492479101234,3.12214751268441
7.19055365546336,5.56238179250265,9.38926589919094,2.62233807477622
10.631041754666,4.72516510251482,7.68606592075677,2.76241852405548
9.44999981509452,5.493495263762,4.57151973121005,2.47518219744547
6.85784183084782,5.65697377958174,9.70956478049877,3.34628396647391
10.0104780404125,6.64168534822032,5.38304463853809,2.9584973843166
6.71350585063648,4.74885143917134,8.86665388083153,2.56266674604347
16.6150437014895,5.08805542135048,2.563792507876,2.62853471202844
5.00147599863032,6.56202469209336,7.95868827833348,3.75745635811414
7.88362871881486,4.77432345318644,6.05505857890296,2.91242471405315
6.67737253207465,5.46732941300882,6.19777871225214,2.85590473548069
5.75586516523329,6.13737085579539,7.09575478224938,2.68209787345004
6.51180688876657,5.22367897836159,7.62319322366092,2.83699333445843
11.8820433444828,4.32644564367468,15.2854609856168,2.85688711707342
11.8398265021791,5.02910952166308,5.70061365046395,1.8711764428722
5.551900024003,5.4718744669047,4.51304778037563,3.22092228180089
10.6966318355631,4.89143522826563,5.18287437929743,2.24235593747088
10.7055213149209,3.6344341104899,4.60697301855379,2.54285855431542
8.69579759163118,5.89283981175238,5.24075308736406,2.7337103534863
9.83754730449347,6.82619858596104,7.22476521183566,2.98649840158237
7.03232165536084,3.98493111437629,4.53632302957283,2.2852556987279
5.91438888448934,3.85432115575596,5.10018708653373,2.24393138255561
7.59769328598033,6.3994517937082,6.01101314339673,2.36119430510177
10.6361450202003,5.43604102402567,5.14150361956142,2.1663221247425
6.16811105504471,4.90173463350408,3.63846123804941,3.16377576991125
13.8050627658021,4.29580248867166,6.6412928563546,2.63287106427964
9.0606078847081,4.67928383304634,9.04913377666196,2.24652032954702
7.32316306523335,4.7886698084897,5.81654744615139,2.64056753369542
7.42469700020606,5.06867212346988,5.45257464403298,2.50459302294613
9.58126699522204,4.54805917342861,3.56494842813245,2.86486715150239
7.02751356427914,4.67462189529331,14.6685626212409,2.01187482354812
14.9871989205764,6.4734517782035,3.52234119136623,3.98652197632255
16.081539315006,3.96373990500321,13.7322630722354,2.15921290282279
4.90657376777654,6.17562924839706,3.22277613920149,3.65024232724077
10.8268535748896,4.65028280896695,4.18021282377984,2.74891229406458
11.7367453623142,4.25830652975163,6.23621682766773,2.14987583924978
6.01873913498229,5.45110350045878,4.23354173236187,2.63101648520094
8.47485882465327,4.1869718630119,5.18947720279312,2.09159416135434
9.13701282813813,4.37117075828571,12.3042901184109,2.31167506434243
6.72836204703529,5.08627323516731,2.73593264214477,2.09637897186577
7.52317739176002,4.80927805468862,3.85799071985937,1.75136444669403
15.8115283439569,7.04489658866942,3.130424520124,3.76178429347161
5.28978382303865,4.44906704981944,10.2368816146802,1.90103237648335
8.10593114649958,5.9083107322392,10.8250970992448,2.8212456496885
6.02584409699141,5.73453999856365,9.82488123011258,3.05204530741643
15.1463565916311,7.4799960523064,5.2850107094227,3.55158273683438
5.38797433258552,3.27425787323697,3.56216596807646,2.02742073166175
11.6056452992046,4.37777982306128,3.81506630306047,3.70718092523867
7.15065946343846,4.81959154717658,7.20821947409158,2.30331386888436
8.4836723626611,5.22810874706069,3.66524932144829,2.48893747158825
9.64352479097064,3.55532272657144,4.39961457487514,2.05284750707364
8.30365242377544,4.41264260828644,4.1324220012306,2.18314053356152
10.3638485106623,4.11005392723491,5.72727706891328,2.21512783855051
7.79337919398634,4.53830220732115,3.98807813317191,2.22180527144198
12.3171218965945,5.83559837619141,4.46046434190257,3.24832975733355
7.299342909107,3.2453616051029,4.07463324621488,3.39181894981025
8.19265290041585,4.53080719485025,5.48944878731523,3.22749098742918
7.48746424690824,5.35195700518237,5.84039013322834,2.61680232904204
13.4348824936507,4.26683907580075,10.8789668919035,2.98416979544599
7.18994697306673,7.12519509915628,5.51783866440523,3.11671957820157
7.70246436307501,4.80903170872048,8.8196145763789,2.53931473403373
11.0885448019608,7.32304485009488,13.3824525377783,4.17738852920397
8.16581882523244,3.97626461227171,4.42000165336124,2.01842715618819
9.11128873497032,4.5068242861627,31.0511917324113,2.92218815927618
9.99121897659908,6.83461982953517,12.4109477594481,2.29682348921631
11.1373425719111,3.51321775377286,3.54748263887835,2.07537190713311
7.28371204511683,6.35147317592353,5.92447119298222,2.79606760171982
10.8544385876118,4.22994301731324,6.45139138707154,2.92652044104187
8.81091740803062,4.3708873602176,5.62156676713199,1.64648140904358
8.31153762406666,4.25930554977528,9.03231190000656,1.61687285345968
9.32435155783146,4.87461574806079,2.80198484599809,4.3354793114235
8.00246709308338,4.4360201820042,2.15103337799621,2.82832523807595
15.0276409579278,4.71348388356928,7.8735917826478,3.66023358503379
8.3832421832121,3.89392620376085,2.88892890171923,1.87680722944364
7.77723595813025,6.93602599206294,8.01200361953765,4.47965778856155
8.04496288158753,5.4091956185492,13.6547850847277,3.80466171549596
6.62371731773226,3.74763416556984,4.64487503898166,1.83588561298502
8.76162420299511,4.5692664765965,9.37148468001397,3.82309964639305
7.85774989210558,5.57547948785515,3.49214971272745,2.11428959056882
8.9195622484103,3.98969514892255,3.25081600690655,2.35357304427472
9.40193762415848,4.21006732225519,4.16883275183267,2.41438335640853
10.305900603686,4.57107945453748,3.84820222978323,2.23529646644293
7.54864362080428,5.5509187980455,6.07909590205798,3.94311444941682
7.30648944940565,4.25223475750993,6.38231205511492,2.21272243889867
7.68698296057597,6.334442781137,5.9420105289747,2.88102951921614
8.66522378317623,4.7462393074256,4.0903178208599,3.0285876048525
9.13840538543025,4.30842097466047,5.14977392459064,2.9844983267678
8.95233602868095,5.01436428156821,6.58464728684187,2.44604244665916
8.39825238346782,4.76530365790558,5.83605208816596,2.43684103225321
9.6003599873055,5.06267042019405,7.1210246905443,2.24904802301885
14.1350583976356,6.00380303413516,6.27243237499423,2.73191580910022
9.38582389091107,5.22605641291033,6.43211186496165,3.17492249505172
8.4390353071984,5.44252895318551,4.06789646889337,2.43254970884404
8.32721514762704,4.45813418287354,6.32505125162665,3.32940578207189
10.4405141850888,5.63909237709117,4.59301514949531,1.92800287706648
6.92788738364685,5.080610297195,5.19176945301529,2.5654341841798
6.44430720306395,4.95084074182061,5.22029762982371,2.77957061960451
6.22264502275789,6.10690063430067,3.05691041308492,2.43511099831939
16.5348298312871,3.55372478308836,12.3267454902316,2.67352355041234
5.99141967074251,6.51737906140976,4.0243202425355,2.68912265492756
12.9038409758459,3.66590265663717,4.68103412585516,2.54091562849395
7.21528528508877,5.94996063928078,7.9630799675949,3.60806076999727
10.1551541903185,4.60941733212997,4.5092582513297,2.76544227552359
13.8445890486892,6.39011025752166,4.27613502271505,2.65167055194141
7.3075794181861,4.12487193226155,6.92024074955943,3.1864604365874
9.24032371139998,5.85790919443309,5.77293844163319,2.44338709984464
8.28012553407036,4.25593367750339,6.03685724793824,3.06331733826523
12.0014919370214,5.95125015125749,11.0730891710919,2.01900540275014
7.58411258504502,4.08556006181669,3.37328857192391,2.96576512846603
10.381753463984,5.56160390765681,8.53568363259608,2.55001123574137
8.01755012497124,4.47881076492788,3.1947925477429,2.78034754945813
10.8267952706472,5.78468296395981,4.92414667462613,2.59429157753994
6.59130939805,3.0594045612103,3.5242342419014,2.47053738646666
8.37600621895739,5.76978873437228,14.7902019218917,4.69564550727616
7.85771589398132,4.51143572818246,3.48685388022982,3.38981640502298
10.7362915484913,4.79138237085342,6.12547899573164,2.80805298383545
12.1358419688349,3.39221613066369,3.26497709764133,3.52456860989896
7.10839047160525,8.40763961193576,7.92745188769536,2.60221745454431
7.98455224060541,5.84821827507073,4.34055726659478,1.98285248279907
10.7534673505153,4.14718354251474,9.61844675280753,2.23616169239191
8.08983470951363,5.42881126468632,5.56314325892308,2.95114468180089
10.110955066744,4.22737721418627,5.57303498093872,2.45722481009721
6.31619426594038,5.5946867861156,5.61313965108424,1.9436583258232
8.09761329870755,5.04125181652218,4.43935893788349,2.5830501703253
10.9534690494049,4.03902996978136,4.98950163617207,3.04410058767808
6.08312309632905,5.03572453946248,12.3025337754534,1.97523615013138
11.2752370881614,4.02752302421237,4.03687928067718,3.63975491918515
10.7376797638629,3.79158711155527,3.59487283702115,2.23028195761258
5.5142533855571,4.68401755824402,6.95201642211002,2.45494603212127
13.4336926552844,4.84433306497126,4.25744644168084,2.97189359298227
7.64476674247414,4.25775374992583,6.1507648174992,2.2633052888414
13.0981537259781,4.87381902533434,5.72122312654813,3.08997885145517
6.82707459668183,3.9343332489708,7.53680226586324,2.92387822001796
4.96002778427553,3.97437438380847,8.6370446245038,2.63977233883818
14.6138970562357,5.62097748711305,15.2649708242851,2.73145721049938
7.01015443204731,3.85579270384508,7.12462464186533,2.57234077855245
8.69262492751919,7.71548497925302,7.39544530355649,2.31858866819182
14.4417582629937,6.3853477125671,5.61364581038736,2.17950159325824
6.07859736690093,4.8510558256352,5.73327445166608,2.82519581149138
8.98845273652994,4.54896537658141,9.59790355343197,1.7782290030312
10.6951185370955,6.11639147574409,8.94419885011752,2.78040214282554
11.2133717492488,6.21481381490607,8.9779972780044,2.79841159505212
9.93307966083132,4.14445681732499,2.80675141586419,2.64839250492643
8.22619550161639,7.39746417888087,13.7467176982241,2.45316211826985
7.42388064767988,4.369043657979,5.47421516187792,2.38296363617247
10.8632505119385,5.66817362653373,5.47580341252868,2.97052679266308
11.5724358635114,5.7657498720217,4.54695225443732,2.97082994612944
6.78461493254598,4.96242442779991,5.78586155244374,2.84957140879738
11.713271459029,4.47222395005064,3.50965311211725,2.313622539608
7.68827481738148,6.44249802045291,17.723559309692,3.08273768054817
10.5287882199189,6.79975990177305,18.4321576325512,3.55352933699053
8.35318895328115,4.5353112418322,1.95958222008915,1.90180193639409
9.29726199948626,3.88007534072432,1.98950443995451,2.5581924776994
15.609474238533,6.00215882811364,9.52049604915091,2.99600108896873
10.41653805949,6.07773768106566,7.18369955647289,3.17850491505538
9.27072786519823,4.82253100634528,2.84107479373032,2.12819501534466
14.5172382212899,4.40007258801901,10.6963790641141,3.64182193166889
8.12417219430631,5.110838849503,3.80177350516889,2.88305109297619
7.58574687087509,5.5630480280524,9.52997217779148,2.90188400187066
11.8401825932161,4.47003988883687,4.62132319578058,2.17131289998992
6.42330276377611,4.58697552900728,3.30677809014154,2.26685649574803
8.93536153809698,5.47931111213032,7.99286211166972,2.29695655271778
10.4594351807833,5.2975805523589,2.91852503733746,2.96675817589573
7.92683662754248,5.67666630758674,12.0008840483303,2.34909025321131
7.93560135530996,4.90445953737609,6.83632197483562,2.62385070971635
7.5999350462648,5.74677639549837,4.20240160426606,3.40634152567215
8.87252541488678,7.18070496271396,2.84938272009251,3.78830637507336
7.64083130868766,3.32969890065363,7.98143502634953,2.11889298659232
11.525216354103,8.54776295633243,3.37796794812794,3.01497410086352
9.13394469309648,2.99458775034507,6.36667256137419,1.91593243591475
8.28374087026168,5.24772740279231,7.630841855827,2.682616046894
9.30531796444395,7.11577417585381,4.29597271570304,2.40529559392854
10.9606189462293,3.33042519002256,8.63027386389355,2.44016816392736
7.10006760765651,7.66605255047658,17.0148073047819,3.02610508102955
5.49372875251367,7.11223196589325,11.3758265869583,2.62489629005261
17.4078098578673,4.31595268250985,2.55099045450382,2.76912551104188
17.6220188198152,5.33518161994412,4.61812744235397,2.65542990412905
5.23748880010463,4.61361859047811,4.94009676198702,2.16291331402175
19.2727181214354,4.9967904228849,5.62498158913772,2.31497154307753
12.8410426238151,4.71891591272351,5.69837737776131,2.82906993784379
7.68424571682706,6.1440621805379,5.45723130025391,2.39259956623131
9.63176395695802,7.24031530867517,8.78942566331913,2.11972750172308
7.01232273554136,6.02270598240806,4.31435622855948,2.44175041559176
11.6441979541843,4.73118311469899,6.14373225744863,2.4682488632194
8.65850417396302,6.6957626063028,3.54646378897881,2.85793542780562
9.45009182231841,7.0485692546959,5.73051730073201,2.49481899767053
8.60024847876281,4.56180431007995,11.1973796731416,3.72824440123274
14.356603520925,4.65232625578109,4.55915886537848,2.81979738255604
5.89605959425508,4.4247318956544,4.23397552694422,2.80629620132341
8.31323980137535,5.96586734481513,7.0917246895243,2.90171876672223
11.8043217186145,3.95569558205892,3.88632634622026,3.05902398704877
6.48040952402733,6.99541143386,7.54155527042109,2.47732942131201
9.58372990982036,5.20046075987339,8.74572135822803,3.24155086642812
8.33813069582239,4.79998630394303,7.16275399848569,3.0528696068363
12.6893365075626,5.19549415903522,4.07157508492483,2.91177552058206
4.66341306142226,4.48837617932753,4.27542338012953,2.72653897836219
17.1275052852945,5.58805961086408,6.5526051149314,2.96400510560123
5.67279573934193,4.24830155614627,5.49744336676695,3.17578136716613
8.62741228704911,4.93351003998935,4.53318646377283,2.70867071004823
8.8662764759903,6.48440677428025,5.91778923713131,2.82568622184706
10.7920832547955,3.36432976210216,9.21072253857954,2.27485383899427
8.55202949150263,4.30704919236125,3.94592381486215,2.72423854059677
10.1717219104861,6.15963148788958,7.78369528339367,3.38706334568272
7.61542449694802,7.41417900599881,4.40791024345672,3.90365079003071
6.63888452220983,3.49489268742188,4.20516010556705,2.92300227807806
7.82943212246865,4.88408087062802,2.17345077687167,3.6090619705869
7.42026568643691,4.45634233030602,14.0190436223601,2.37281895377842
11.1878432840356,4.18604597942598,2.33827132100065,3.90755709867782
6.08374653211497,4.19262778100609,10.4714224041926,2.84971130845644
6.77157923726898,4.53364879544259,7.7910782912563,3.35424903127881
7.49679766594973,4.82192898908095,5.76720638667376,2.5344924523603
15.1404010127272,5.02312303364645,4.54154218312713,4.30197431548894
6.85410264796519,4.56030247113777,5.89312861212868,2.895530583154
8.16765911272564,5.41309289965273,2.63865941329429,2.87088460387693
10.068691508007,5.43662927350914,12.3431642229602,3.43273241555786
7.58920053835658,5.01913041370268,3.34469200908738,3.03762860417739
7.38652887985671,4.5313976907987,5.16481268463392,2.59036604486417
10.2855349311049,5.53456075080415,6.85466899395692,2.97066117974036
11.2771854721525,5.61812859958566,5.17103142661515,2.87842916228751
8.32573574530819,4.37993072304272,5.12671162667991,3.34864934373106
5.83134495147706,4.19025729110824,10.3963246850045,2.54025463291213
14.1832565167188,5.99146825312016,3.63006032991022,3.3094029800917
5.03776014679159,4.61043536555821,4.70444144631866,2.16365501277597
9.30256301224311,6.19421839320536,4.60606486845574,2.1160896842916
9.36602711078562,5.8011085642206,4.89117449759569,2.03743647041953
8.43036516315434,4.92775114322075,5.36770084168932,3.84541260249738
10.7048435932823,5.49528218788659,4.5494288340146,4.19788714122309
9.83944693250254,5.81974079767104,4.99332967359,3.95599909823793
7.97735908850501,4.07755102185581,7.59592820006588,2.24520512248365
12.3860645481945,6.26681878937826,4.94712703367754,3.30821573756301
5.9502637619757,3.64095629726294,5.55050586424458,2.19205138588286
12.2876177366026,6.2240693805239,4.6768743235375,2.5022797786134
5.71235848214352,3.76385466289252,5.26223439846865,3.07627996623117
8.76338960735909,5.96315849532598,8.04801688731023,2.70318979625192
9.43679797794878,5.94219599806614,32.9979454353011,4.55077582952517
10.189380322218,4.93023830648089,1.86472153243267,1.96464008741798
11.1226427718222,5.46331253665384,2.54191035448236,2.02659093516658
7.06757018242238,4.17274098194543,9.69888067744103,3.17658835092037
14.6146935304203,4.43246309417131,5.32565889756917,2.17240185412219
9.14775088123204,5.46861945147533,4.101495956873,3.25184749060348
7.29055366384407,5.17022652416915,5.41748301373424,3.20710877041651
12.3889559755487,5.07796708720998,4.61043620219628,2.08669126232406
11.6936973929885,5.30555111116964,6.57813304855507,2.88567830575149
10.91573208322,7.15276119719826,7.83385289942295,2.51057857723313
7.01252867687921,4.45859099700217,3.58477218739162,2.68643278736872
12.9664548872501,5.51797896521562,15.1231666783112,3.4655081037235
10.5236033970471,4.98239728263523,8.11155216330214,3.05436887166442
7.83563663423102,5.37746837175605,3.22268254903975,2.49092927124269
10.2476155319874,4.42473298812442,5.05150013815698,3.04546990433813
9.83093671256246,4.29911536091459,4.67069519800654,2.8476730932611
9.49503749733895,6.4064868832603,3.54816401344074,2.66204762765551
8.15066734883945,4.62733308222401,7.34067881079997,2.78587618470443
8.82152333769681,4.72170427089118,2.08468072819395,4.68515930338735
10.2452321193764,4.69386644604914,9.46972390180546,2.17077376297935
8.27036069541764,4.8812381686992,2.47765985131463,4.33846773120923
7.9560451104299,4.78174951700669,3.40845591515753,2.10368056252483
9.32161299137746,5.58246152553658,5.03314696852745,2.52582506678456
9.1186477027522,5.45582260752551,4.27897525525742,2.70204800730367
8.33073383745399,5.12064088658486,6.73836324343939,2.92768208620749
10.5988830192505,4.79968891065461,5.9336494298649,2.44570647396877
10.0535511315847,5.40136338238737,4.69876675435561,2.61780432217087
10.4317116067684,4.72466722769873,6.55737110543445,2.87011016826366
9.51991431872499,6.3033168633052,8.14075576573055,2.07453180727339
9.58548147445752,5.67990537601581,3.69511116091473,2.32248813707163
16.1381957142548,4.72537530999964,5.83688217419848,2.77834760838639
4.93172400168594,6.58226685455149,5.52583274344546,2.8672635022821
11.3150686844935,4.23856181117971,4.498586343627,2.74625288112647
10.6854735186553,4.56442391206874,3.18757911603586,2.45880198828728
5.27432920103702,5.59215960749766,7.15116024374658,2.97475940217338
8.33299043133016,4.31484482751236,4.43098498356942,2.50578713922868
11.1677348027484,4.21244232332969,6.18401677667351,2.79044365551436
8.48182777363377,6.43833373327348,3.42031894978576,2.62818149304828
7.82271876526187,4.45367439127046,12.1244988677762,3.67902216237733
11.8734925095092,4.63053302368975,6.95320948306596,2.33066649120727
6.06559758943705,5.90534002695699,4.83644444721492,3.14003378226592
13.5971363915627,4.38143105734224,5.71944612453138,2.60311620251556
6.24993571373577,6.41018507496392,3.74864724000158,2.85891315687929
10.3252373586895,5.26075364525658,4.34805740929496,2.46270915207789
9.2568215000572,4.54884674318258,6.24847986620784,2.82032995785064
7.63591344841655,4.08614405790499,4.89024555692666,3.29918633170653
14.9010129951366,5.8454580684442,6.41135582285872,2.44079395349159
9.80556798075897,4.94096880738989,7.7078922693967,2.29581639696052
11.404957367643,5.03763662445024,2.90661848892922,2.79070254417198
7.44275333988083,5.33938922243355,2.14684070864511,2.13637656397639
10.1651837275359,5.05076513497085,7.6395985673675,3.31036182763745
7.62593593063202,5.03507836689001,3.5650998818658,2.39014439813477
10.24187655468,3.70748363269267,4.27850298894522,2.29139486374116
10.6768827846853,4.9761251975842,2.24843002657206,2.53634673064592
9.14131747921629,5.38349012841853,15.2452094152037,3.08679899349305
8.1704019892276,6.63414244548978,2.64254988723154,2.49942141414987
9.96027535637849,7.50763823959624,3.92888529623573,1.98170437528307
9.47832020324174,3.37493545911506,11.2132886520584,3.71605726999789
9.09768858594872,7.98743728236559,3.14525916699324,2.21047351163523
10.1772996814233,4.55221083087948,8.99520788932781,2.82771940236073
9.26814641810315,5.1110553499939,4.68926191717401,4.09495891113317
8.40017212869074,4.71274364835408,10.1218831524498,1.76150351786956
9.06534964601558,5.73674574180815,10.1640614620949,1.50126566340432
5.26501081795557,4.81812921519893,2.24046913717402,4.81228060299062
7.38292651334477,5.74882754610025,3.82200950392402,4.54080605529366
6.25177182852595,4.06758814603006,6.57270881173682,2.72684277781078
12.3077423308747,6.2257333154092,5.27800202652853,2.3194537181773
7.43548935394034,4.95526438780649,5.37557937408751,3.00844530872205
7.55978694573965,5.37137758116464,3.96038776643597,3.17385667735714
9.11916721805366,4.11944374880985,5.01492865787521,2.63135966857875
7.07793706906288,6.2557066284368,12.3947346479188,2.38779018529867
13.48718774103,4.63629296429626,4.5851670033672,2.72364228895784
6.51737152507311,4.51940539411621,5.87009761937079,3.25451666261575
15.1991457625079,6.22729769277317,7.98828968505988,2.93792561157807
11.5412309373079,6.58397605883895,4.70558624398842,3.16749614957376
10.7092129930029,4.08277491832984,6.15248368252991,2.81890192677465
6.96938572190746,6.09436949455259,4.1118557897401,3.06504532983392
11.7538334676052,5.11631051390302,5.82081406238252,3.21118894853848
8.0433565788095,4.90087208459502,6.69198053526568,3.28013556553831
6.30324498497986,5.22937595568325,7.9841103454269,3.61676656334956
7.90909566768655,4.01851433519113,7.51716988512637,4.17365558060349
6.67345466415398,5.77883437448045,3.25809215598589,2.07939180741452
7.66891640537938,4.77540248967211,7.97408875644684,2.47364260768292
6.2039166013167,5.65535652678331,4.30161170474477,3.54451710160901
15.9948650642671,5.83806179302005,3.81654383886727,2.61011891036513
6.41695132611456,4.30815189186882,4.19544859426142,4.03029309601417
12.0584831680283,5.44352842593705,4.65110037440466,2.95487312204491
11.5340423926995,5.70114093764191,6.42964446225301,2.9452949741366
6.30313111774209,4.55648358361963,3.01414534968037,2.67877964985032
10.7818934780448,3.99966474088213,9.27405809782099,2.88052383263383
5.66806532432404,4.2977910039841,7.01143370529693,2.53187151414386
9.80999489541249,3.62002306903058,5.56643611966789,2.30352746591751
8.98339458912126,4.2393655876641,4.74736788205054,2.00267919831195
10.2139245641939,5.31582254043146,4.42025249468493,2.71008386847224
13.8198770813761,3.96358625635044,3.14220756638393,2.21218947199432
14.5098686984613,3.86398045892613,7.18353283197272,2.04275897928806
10.8146249619144,3.53116859044155,4.55413449852031,2.53022279390683
6.65712192218886,5.11738096615457,7.49638486955543,2.77212372428554
14.2089492058161,5.36529814567315,5.85453071779126,1.80073764897662
9.35359234672041,4.2356399417256,7.2462034789985,2.83121527777516
10.5380050705101,5.87107617509545,3.01994673996386,3.36529951620757
15.6548829269075,5.59966606852563,9.42968909089194,2.47815589043078
11.3571608299288,4.52683506442089,3.20072339279176,1.95455256567697
7.96754643068163,5.71489891797493,5.41301502962276,3.33918750380427
11.1090818466745,5.23541779894066,12.1559456588388,1.5026174588859
9.59968115367389,4.69093170745893,11.3839002236315,2.48914216208498
7.92687976736669,4.5361689833451,9.78416591753659,3.1695787170096
7.31011590096288,5.30390190405822,2.38524913109151,1.55384877327327
13.6678501467866,5.76184569210372,15.2592973101434,3.53914670149575
11.3522316434788,4.26233030137907,6.33667437785823,2.1207242028645
7.41081279438135,4.90527397120517,5.79336205689765,2.78464001750595
7.02033820443745,5.12025464529059,6.42530246508964,2.42451408481452
10.1911852518053,5.03823414171845,4.29498045071885,2.87161541516928
9.57062234175559,5.73709381841327,3.5358226812813,3.322036725514
4.69474875721409,6.74406169708638,4.13484973576934,3.57116501039934
11.8997903297937,5.53093351757215,6.3197126974202,2.17527620027464
6.83894574626306,5.65185244905554,3.19840675464214,3.78066205054895
7.77868689805766,4.39663096756725,5.44074636587242,2.55824470720915
17.4010879568892,4.96732090388148,3.62516177329269,3.28135976264993
4.70237530415499,5.55878320938502,8.26803956508032,2.25685974247744
16.720180502946,4.81566511515487,3.42775364001885,2.84498379318286
8.55759807537864,6.81703971155831,9.4090860498317,2.33647389920107
11.9850932459264,6.26711315578805,11.8749185005745,2.46067218383936
9.09439143572002,5.59651720347847,3.31500225250056,3.49520835949932
9.71622828927711,3.85910385970323,8.85613513587519,2.12584094859226
8.86563897069774,3.10536133863905,7.21848486664702,2.14639760468073
8.91768950974204,5.20670932880035,4.30266690199535,4.29527665552397
7.72396052924557,4.58639220509094,4.9730293126102,2.36822528172689
11.1775688611716,4.94557537591012,4.88080799876383,2.87869278074252
6.87625314219162,4.40009017718536,5.11445612500391,2.3222073546492
10.2268337887402,5.8838456143487,4.21829884123782,2.46759414743954
7.34823348004412,5.10382833993846,2.5161641635746,1.97958415994893
9.12929964498357,5.94259859614732,7.23462757820132,2.60447474391556
8.01241509357194,5.71037507501769,6.32961243279292,2.57963416068479
6.49626949213936,5.19605404186114,6.39075501146232,2.51623566303078
7.44078271703695,5.33589076094084,3.85207594088618,2.5040107129247
12.2724779702536,5.90522761624745,6.11599586888352,3.8981735127636
11.8481823112479,6.23145312911362,6.07947654385866,2.99079900654119
13.9212524979328,4.46540392757651,5.99135578066499,1.79645936244336
7.22610385377497,5.44187731307688,3.52391802469189,3.26987094175693
11.9789292127393,6.62525610530597,15.736260582615,2.38308944055214
4.95183397430162,3.79426055075239,2.51408973247359,2.48011325711546
16.470246986814,6.55853813296357,7.39446683759033,2.70489530503759
4.6504774105869,3.50135484261469,2.51731246144495,2.58988156740136
10.1552441497186,6.20819129720861,9.65557760456843,2.57073268368791
7.25420937553069,5.86906043581024,3.2912375935389,3.28159876948204
11.0529576559241,5.47221217210258,6.67997577790685,3.01405222641376
8.18610241134468,4.57346485803525,4.20715657029674,2.30720217357436
9.2976431929048,4.34525733155952,5.2572564275214,3.21208910690288
7.86096474320505,4.3798961108019,5.71602189839732,3.4144889241802
11.4900387393394,5.67262465446946,5.34428927159355,3.2170114712727
8.67599742058453,5.96431798443211,4.51921273939582,2.10238902328465
11.5696258259977,5.02516168907265,3.38115442268125,2.6841306609759
10.4645296122691,5.03932291807237,6.4183309213339,2.68714175908937
10.7372754473167,4.36619373987631,2.79354956181318,2.76470340733509
10.372638968891,6.01055494586207,9.6720050111889,3.26181163456395
7.90219260959739,4.46151435623919,2.1492055131439,2.38334211697383
12.6583752921438,5.19459439964497,11.5882681899416,3.39793472237098
8.13851350096975,5.34844002460129,2.73170377121526,2.57232584060721
9.43223460916054,4.55289215667934,4.06996822648841,4.12016913944379
9.09564298578345,4.98211380832488,4.83254802952119,4.52694575584988
10.1013833133657,4.26558277435569,5.98179482103321,2.28985734644445
8.83409781837717,8.40961827549994,4.48109173996755,2.19949225626456
7.24165452436078,6.10230335880764,6.23455858048572,2.32180924553287
11.5189078841918,5.01328216097234,3.8103792248119,2.48400440184573
6.7600438254519,4.536404005304,5.63101893118161,2.58102845868948
9.72956322303498,7.09120625329149,8.62220091492424,2.39314047121489
7.01271741345804,5.35604864772312,4.72100928613018,2.97810159797344
6.14517499334146,5.33414600706845,4.75536297309181,3.06294193247216
8.31966473340452,4.90212377153691,9.66117647415007,4.6309943546834
7.05853128096186,5.37628680100686,4.03296265244328,3.11420769995886
13.3723410793624,5.60233358604972,5.69121910345281,2.68674551153324
4.79658254265104,4.70555802234338,5.02514044349913,3.19974256193766
11.6334210880037,4.94516718658128,6.43215712068868,2.77035932353398
8.34162650355295,4.27314000608616,3.4949026011568,2.68110813690714
11.4593447569116,5.97910545842958,5.77937681634317,2.71038926863195
4.72510612037395,4.90524798181473,12.2170444317001,3.78972057639815
5.20179455668898,3.87114179357151,17.4421017317364,3.14109105098908
5.48324741602012,3.75991519513206,10.2110898803945,3.30331411827363
6.47776284959462,6.08499612761359,7.0756468769654,2.03055406607685
9.08301963550302,6.0300827447563,10.0700930158016,4.08275081934431
8.17373652434777,3.58953831912003,2.71634617876373,1.87612015182642
7.17285896453146,4.94744860971823,6.02216259542189,3.97272622404216
6.66967717744855,5.17892070380557,4.23775979642563,4.94856086977686
7.64741895135641,3.59650855807825,10.0930765058209,1.64601230299373
8.42919844450929,5.15732658616244,2.82463077747889,3.71788736663805
10.9926783391982,3.81290145836156,13.4732613445245,1.89926985839934
6.81090009820925,4.1690162285079,3.13070623573819,2.05285690126248
12.7537591641681,5.87429278741858,7.05001991090855,2.82553487804219
7.84486278111637,4.57040286737739,4.20718248977051,2.69331023367675
11.4371648780508,6.39618217795323,8.88483630445471,3.3072744292559
10.5981388727144,4.87077371750067,3.31194773461876,2.73668807997093
6.76771441870141,6.7184049798187,9.79933575907815,3.70385357439239
8.71870755944721,6.48276263993429,2.83678620199097,3.1470265888917
4.91565549350196,5.45147530955377,3.29415796608928,3.39937354726362
6.07480747397762,5.46201098926846,5.58281127999853,3.22823183329509
8.95209654464236,4.76697728102935,3.81653017737628,1.64065823459481
9.78178993355354,4.21124073227589,6.01883811280156,2.12990734811796
9.42624555647244,2.90857759519808,3.73220227660977,2.22435717959357
8.92474651130313,7.52779028772691,7.97963991644484,2.76561363054751
9.98039614336404,3.40727789506819,3.77304016453867,2.48513635107284
6.32596315921614,5.53235065867084,7.84868115808569,2.7421473738498
6.35998794128639,5.2797062083043,4.92604167677894,2.83931196623785
9.27408082993918,5.11772260511726,3.1685871586331,2.20873442685059
10.1416958103816,4.8711327527711,9.84895175189422,3.46247709723728
8.51562931444745,4.29275595351443,6.35410777517197,2.82623109008989
6.60886405814625,3.41140645050002,3.84611995925967,2.85881753338289
11.1975381817624,4.85042299643482,4.60814635450561,3.30275583136814
11.1983822175985,5.13209854727358,4.19143919817857,3.59717896592132
11.1346254205897,5.21036350249664,4.06156041692833,3.99078763368561
7.73164160221691,5.5076194778058,6.29411918214033,2.17607144962101
10.3788416400823,5.52129085128717,3.79136571062515,3.88815228960635
7.16248735951392,5.63578245960339,4.00609189694822,2.03950633391138
5.60385686393362,6.90488464430965,2.51096144986396,2.28429600655952
14.2940549243142,4.72164924942549,10.280996536804,3.12937128392672
9.23580261011501,5.65515243267156,3.41934824277191,2.41456646730279
9.50632985210055,4.47613288986563,8.59585656272441,2.42292610617985
7.9810121025788,4.67958873269779,2.99773743034453,1.93390621479931
7.2336292222036,5.16953528489487,8.90560999765022,4.30020876704862
7.28791585350603,4.78029012673837,3.52588591972135,2.70323135597861
7.42838092889655,5.65026507248432,5.89647649366974,3.84083483748578
10.48187373525,5.73934674494016,3.91547314390125,3.82756201760068
6.12590709303384,4.93113523167826,6.75513023034514,2.87747990992703
6.29534638369349,4.82768012568484,6.60472859659291,2.91676223055986
6.23072902410621,4.66981930608852,4.57702960478692,4.03942642879406
18.0378268570551,6.33300265226666,4.7266477815081,1.51298617897593
7.43609002129907,4.21420466256838,4.79948315701144,3.52129259376639
7.44296171576149,5.73810056574349,6.73313794831643,1.86599112612852
8.92619560738702,4.32870878446788,4.02380613343407,4.09210944182287
10.2749597002069,6.18714661902143,6.36425864419263,2.36435234391963
11.4339556451204,6.72624026727532,4.60770234658344,2.6190273217186
10.2414155710493,4.93249613628819,3.68753421764526,2.6607667072387
7.41650202621862,5.27636946040821,5.05890031856691,3.70563860826326
10.4578373379733,4.4720006463727,5.33407481760018,2.37304987366263
6.60611591466208,5.67124604886074,4.42664354558883,2.84015931211086
7.88691282597641,3.45694998038559,5.94169800758435,2.95993662562458
7.16721738528745,6.39323966358421,5.23483819807295,2.64335032723326
10.6359408727402,4.40771733682108,2.50061812025109,2.30823723521548
6.00103177424614,6.56359858252647,12.7320470826521,4.16688382657415
5.51056464724105,5.33622684688726,15.7269237041178,2.97858790111122
8.42815580012018,6.28010159521517,9.03902102809365,2.8422164148263
9.12566244361806,5.07061482145488,2.26179024307034,3.3961331005742
7.47193625362105,4.9258198336301,24.9627571363576,2.2528052242235
7.47857962777344,6.686976562967,2.95963478215186,2.41657350323239
9.43797907252889,3.67857793626191,7.50077574575839,3.4013894582806
8.61616725497167,8.08751308457333,4.77036565491256,2.80401253723564
8.80651903663416,8.93449261335286,6.44301181660788,2.23794911353184
9.12029736344721,3.14009382143381,5.46925258842063,3.69555892075801
8.36722987709251,5.50519974406928,3.05789120980873,3.07346375145501
8.768478540988,5.19253600011255,8.43321949651288,2.79167299278667
8.37618891483073,7.28451773415009,4.13178158647916,3.06437682100702
6.64313046722198,8.36416394237924,5.79604252195931,3.39878818206305
9.19770618238149,6.76374007174448,7.08792481386895,3.18609243615866
6.00577152829131,4.1911749859288,3.77022566892838,2.3647459270408
10.1048749846673,6.89370942161813,3.83205639033653,2.98970348610893
8.84941299667329,4.70652485493828,6.16609319973565,1.85161310030902
11.5550649025798,5.57599259950386,4.57408696986793,3.58442355215286
6.56267340948822,5.61471752818286,9.53980590476277,2.41120753969397
11.4208069353453,4.61836147859772,8.41817588148731,2.88677727900118
7.43746169040238,6.26062472081877,5.02840006852067,2.1680786864997
8.2597993211107,6.0347745563949,9.68021335732884,3.635634064645
9.62711871229388,3.89477014256918,2.47292066403084,2.61690871116151
9.22983772379671,5.27207103944512,8.59212311283691,3.637257916119
9.545698885452,5.95909709408128,4.90938037749874,2.44643968394189
8.93846056486088,7.85755192662361,9.09648246222825,3.20593268501894
8.92200293948917,3.008169341619,2.85080660401153,2.69153271297557
10.7761950850551,7.51262427279285,9.12096863794514,2.10916666404647
6.76138187461395,4.00738349624382,2.74184217838383,2.92580720396304
8.04606310423075,4.67362202023762,6.10057885238806,3.20803413350541
6.14447894267307,8.02670512457096,4.70645620258301,2.05774775488602
7.49713114541601,7.12198064411659,4.36363563610899,2.71863732290601
13.598698186007,4.36963449614545,10.4462712040002,2.32635727160422
5.27528158995368,6.1528788766015,4.34236395449203,2.34361471335429
13.6126854170101,3.9075762450471,4.78897235285315,2.72427335066116
6.86860953133059,7.82224925607306,6.5324186069769,2.73296121802469
7.8992020683405,3.77329077954501,8.65771503923778,2.86754718652692
13.1119155714899,6.3745946085155,4.95558585090916,3.23757316877964
16.0649989005691,3.14662772707364,6.22005213723384,2.97980462653976
11.3627323484821,5.43995634017605,3.76623407897326,2.7474471675746
8.17381606829365,6.02342026060684,4.43858407410966,1.68685676441162
6.72955467084457,6.21281882036972,2.56953129550398,1.83630627071787
6.04096050620235,6.1260682167512,2.16991892696033,1.90972688574087
9.63906148007013,5.17133219734653,19.713535151035,3.06843166131269
9.45139833852068,6.22623519590461,4.04440758640055,2.53741514938285
6.60370924856471,6.72431421660607,5.90543459089001,3.67550982571474
12.3768905794192,3.10931309778831,3.94174327976602,2.60497113101226
8.71656356400669,3.47955269517521,3.81162231325999,2.32695601511465
9.6165272387439,4.87446166969053,10.9252637598554,3.55376522660756
14.9735842940983,4.21514491042359,3.9331299164591,2.74354642785951
11.8164001636411,5.68033400365002,6.99685637464398,3.69578526747809
6.5321566585602,5.0341849885031,4.0972836829496,2.3999727601836
9.60478259312267,6.56541520454531,4.6793505070638,3.63431202592673
11.713043600518,3.69523341478402,5.9937759358658,2.86008386343653
8.40959806334357,6.03375953764562,4.3548174371285,2.64514584167926
6.54162720337915,3.10488541291958,7.05007616487393,2.77812904103257
10.1981100656295,7.87134543623616,7.16358014074303,3.27857806230794
8.86429209188574,4.70762778707182,5.98414775586857,3.06203378055008
11.1929127544556,6.37568004085255,10.4635498441535,2.6253126208807
8.33196855058682,7.37671649980938,10.2126654047285,3.11999742705108
9.89304897884879,4.36374355640682,16.0717171505337,2.73111157876089
9.06178153187105,4.35466582384128,2.85166115849102,3.01994064761746
8.79546507185366,6.0230948135931,8.42564932791545,2.09065015408651
8.81775134999176,6.41244027915561,9.26434055546991,2.57618895100245
13.7909179049492,5.16740898402371,23.9864090060119,3.18625924815715
8.29635544583322,4.5351602687725,2.43019769632411,2.33361702358651
11.3195126033614,6.03433060060305,10.2621317743966,2.91889719347589
7.7815631288155,4.81723894425387,5.29473339515042,2.44997262035535
9.79285236692428,4.9126310541659,6.46515159931637,2.47411927191376
10.7600381803932,4.56686501109706,7.39474604817514,2.83245847116958
11.1955346587516,5.79204566412548,3.04366247585022,2.62259157336397
7.71940092331743,4.54842206656201,6.94364969798253,2.84039506075339
8.62899503951289,4.90484715295231,3.70261747524378,2.96240633585182
8.13109747372828,5.66099071400641,8.09117236215709,2.12556976556971
8.5809662017012,4.89952185665749,6.28508797821606,1.95947322616501
8.01569872417299,5.47346922182562,4.27860702133947,3.89776809248592
9.50175343278624,4.23458169632256,7.79683932029466,2.00297013338454
11.1831836743357,4.96559785013236,6.78422206246956,1.87365506657585
10.5675251438521,4.42531353960503,4.53189040951593,2.98405986392208
7.67131090757011,5.82349135877227,5.15409186187961,2.35689833403995
9.75783612718181,4.69727832260945,6.61135229890256,3.23626221906652
6.70320706912327,5.65242118543163,6.23647835347993,2.06143615219256
9.19449511515272,4.62938172742237,5.36666963610936,2.50954763515822
6.33682740404137,6.91086914561522,2.75466003957041,2.0292601675387
6.32065378131256,8.01707352595801,5.99598390121147,2.32337970670641
11.5123288282239,3.63982488235382,3.66053937734841,2.46663194573024
7.98391830236606,7.38427913374347,10.5513804550082,2.50758832547153
10.7389597094316,5.02472214453453,10.3143870268335,4.2074448654954
10.143668548741,7.00934934882258,3.62400510364408,2.59445952981776
9.4048440930852,4.91227592682587,5.10535375833482,1.86752317444281
8.19319551290256,5.10958142851318,4.43226132758514,3.67451131127307
9.97790141408835,4.31274231114073,5.83719512046077,1.96208711787399
6.42486572961346,4.7957933336096,2.3896541552813,3.2098627852809
8.92590628264503,4.95172475932968,4.82837851624785,3.25449763157601
10.563690860104,5.98615907690197,5.38548567239155,3.41439488586516
13.0299115804283,4.4121890971893,2.83154499675259,2.67909859424775
7.70609415936739,4.94156035360172,4.44924169228166,2.02160999012237
10.6752934617949,4.51490078272291,7.15296799316122,3.87231578686912
10.1341905355265,4.73412291347947,6.00059482562973,2.57733814912857
11.9462146476267,5.65119904261808,5.49657166636535,1.75814220525184
6.54143642021137,5.04126158407047,2.95424794445822,3.34859067592592
10.0603239458845,5.30172294321076,7.99736669982356,2.24874110708857
7.15987744269844,5.37663747224516,2.82810216122997,3.33982109202397
10.9753200200526,4.58652073888441,7.09474538613352,2.56342511449548
7.23391483646398,4.9976238966628,6.49495362448309,3.45509216187935
10.6120195817396,5.02722140157794,4.0682280908695,2.44884982241334
12.2211080788423,4.93042006450878,3.41942478435781,2.41806886602337
9.88044421044465,5.60922552569047,6.12962448506386,3.71615636466401
8.25256041375775,4.17218996752854,3.40119375276534,3.47610004297906
8.24822568005637,4.62930218776684,7.89460286403756,2.52545202327147
12.4026836167379,4.0678349240254,7.76536866262327,2.66247761384881
5.73961582466326,5.71869373704445,3.79263352239318,3.4255199471401
10.9390021411207,4.34286485588933,9.09885208235789,2.19351006182349
7.20137045538508,6.25592237166489,3.45035267426563,2.92681876213009
11.825688347413,4.72585580287105,7.18477102394585,2.4344286341117
10.5730450053518,4.93755566030556,4.28463865212131,2.42698983634585
9.76992315044808,6.13823983334922,6.08408254278956,3.8124377318955
10.3604209667084,4.89910370735914,3.97692184671986,1.85650741138473
8.56728785906355,5.21443287244858,5.11288995725601,2.48418961869179
6.71746441849871,6.51195337381838,4.32437480826816,3.71036544664249
12.985681053781,4.70826414546638,5.23819156757662,2.6672021667285
12.7703782209798,6.82353120931292,1.98705815229897,2.32979556495484
11.8583521153796,4.77660836026138,5.68623163663148,4.33834516922229
5.43556187534153,4.28451210009819,7.18403878135681,1.86334074635967
15.5316764964639,5.646880721735,3.08242620884384,4.11276975315531
5.28987512184473,5.35118125143654,9.98364288936158,2.12236422611221
11.0301870975319,4.8819973471383,2.56102529924674,2.4870917763678
9.85712501438165,4.34374164106937,13.2373889175272,2.62724264295115
14.4135461506004,5.86194299650282,4.90479578377619,3.01515940716946
4.99967617472335,5.14114163863292,3.90375012027501,2.93347461762521
11.3394568743826,4.55513463874834,6.28155132762783,2.77579879277908
6.50235335245349,6.47831704593619,5.29766932540578,2.73096778337327
11.9022975117774,5.01776329833762,12.0064330662422,2.20119177784142
5.54144337460702,4.47679827915934,5.32380258716902,2.13285591601444
6.58634284224418,4.7630729690608,5.65596757694611,3.06562732377345
9.95782747369217,5.28002036944037,2.84357810502458,2.92369472464732
16.0863439202205,5.76332201553379,8.2746679240321,2.16627146155272
9.01729282856008,5.87237940012166,3.45165753828017,1.7760668747386
8.9877854753243,3.65074167634959,12.7458392846749,4.04153080866374
7.41500418665328,7.51602645458056,5.12723202152665,3.21118561093498
12.7528714074292,4.68962099787822,7.24322536641515,2.56029350018905
11.0467754523136,4.82225739605753,5.27821220264128,2.95634916919197
9.4368049924644,4.94856584507601,4.80337961259621,2.69694115007042
8.23631135420516,6.38331548324195,4.70997805035917,3.13678078897389
6.21256668091845,6.602810208016,5.30915461914373,3.01977670136141
7.89041806284527,7.48311294915802,3.64086038517955,3.0766148306778
8.70600301150596,7.37790230997428,4.73536232707164,3.8007743587893
8.33662658333283,4.41038591681288,5.54365566749107,2.6423261454345
12.2600700661013,5.80849685573787,5.00038365003935,2.19233640507596
7.89026737368366,4.28725742713104,3.81946078075693,3.36388100353731
7.19024558070747,5.63998531729074,4.69102563723699,2.52770499292249
6.26591368246953,6.41271201328464,6.19266595708715,2.73149282032692
13.3044021465418,5.69570420514822,5.45940968262537,4.56061261335453
8.17070913779431,3.78157829277664,3.9799707240529,2.49244558521641
12.2373573730647,6.15836305991966,10.6562396812808,3.53926260773605
9.41515430997131,4.98257372245773,8.46729473818377,2.24339376876662
8.68588505321751,4.54377574462139,8.98169339530325,2.36288474256756
9.55158230631943,6.19766012984973,2.9370474551116,2.91908069259678
6.13854998117226,4.76381410095431,4.38100000192199,3.25713907097133
13.2510915857614,4.48729661703943,10.8459115862361,1.97076028085518
10.6259920107234,4.27679191958674,4.92791439374913,2.48084233714761
6.94779265838402,5.48281743887268,5.95036303522004,3.44491231155568
11.2406507422243,5.48978949149991,5.82366788843167,2.89591580324903
8.29529005528733,4.74148606767725,5.75571230501609,2.99375541596648
13.9869625498152,6.02443602354542,4.81574402600213,2.86766818057869
13.887847810411,5.08419482464291,4.14552074723023,2.54005455832824
6.19270144511295,3.13644717087487,3.76048994922882,2.62706636246503
13.7301982807421,8.36628800147692,12.3033898811089,3.56898887935914
6.21708226742446,3.80607890586189,5.15247359190706,2.31792571760449
7.04241997124094,4.62828176430306,3.88664116649041,2.81358658060316
7.44317734547052,7.21157796990742,4.90418948873236,3.24250063079308
7.33532391672915,6.00730468783536,7.91998378515741,2.82831850047618
8.14412013859218,4.43178715537104,6.05797991988773,2.90507589869395
9.20289678165742,3.94838975436884,6.43481718512458,2.6066668917251
7.38654876469219,6.48231801121993,4.80445989710874,3.4800952738314
7.31988991085485,5.61652391981259,3.82047050319689,2.20480051930903
8.48925297486729,4.68355485862535,15.7075663288008,3.11437055231979
12.0596048798882,4.6715639222668,3.46274613863424,3.08234393013026
16.8547002270514,4.48995999169208,3.65789814487452,2.78323095060465
5.7084258288107,4.43754594029703,4.4198138122551,2.64300458206516
9.1480457995945,4.76820482173815,4.93497484178305,3.30175903633117
11.0755570233606,6.07961003296342,3.61664878169495,2.63712009058971
14.7897204429207,4.71327387737503,7.13786468416828,3.19175236702066
8.44500555023664,3.98152884062616,6.2766609946595,3.16419743562079
9.95257066585234,6.52141115917689,5.79483744981936,2.29968545040018
6.71621554873945,4.40656657934038,4.58253623710049,3.33448104663236
7.79773358774401,5.70452924994859,3.76402479791945,3.56817237145168
7.38677693295065,4.15441649320751,6.62936353273827,3.39503251559717
9.19379563862891,7.0762316576765,4.48750708775347,2.76197020450504
9.12816853402633,6.95712514706957,4.18597926949732,2.40944882314356
11.1255422172881,4.14523169618374,6.82313153701529,3.15365776650459
6.44009948922978,7.15265196949796,5.01062022884243,2.88591182274503
11.1631708688391,4.19209536642582,6.28442750121469,2.86543394443098
12.8302128525658,4.23590419238625,5.22560737305595,2.17591897377736
6.14569297182242,5.70720904568977,4.5454116831004,2.97361622983684
12.0459743830139,5.7588871545898,4.56179552897564,2.45552278785606
5.49112759160638,5.21105616311799,5.22292560316688,3.14903242449805
14.8840080522508,5.20175398053562,9.01860389170104,2.67061634267762
6.979437621663,5.26735919904252,2.34969695344569,2.67741230144022
9.97914430783768,4.45183307965746,6.3727748859749,3.3221958748317
11.184737154515,4.86926712553343,5.52974721500672,2.01350863584768
6.62586141226635,5.26642351123136,2.92839474606996,4.19415026266075
9.07228523355101,5.15076580207629,6.91577882816159,3.21921425638977
9.51447230110821,4.61556513334965,6.09090546168613,3.11357267854162
7.08774058971237,5.7954295344781,5.88215363568621,3.96214808129112
13.5070164956714,4.55424070275612,2.65658154087951,1.75728252440703
12.0957145531425,4.2837492934669,5.82213107318949,3.81944451560795
6.41714180941475,5.83001529516427,4.88625580985274,2.21284610861152
12.4609688245855,4.55741031991106,6.96319574305049,4.30535164063781
13.1916170579795,4.91266765123196,5.11534788873221,4.57851041224942
12.3621434298469,6.2150762796941,2.49223123038319,3.79867011652643
13.881976048759,5.5317204182966,6.18561283687226,2.65097092744474
12.544462356857,4.33556044534027,2.10638148444621,3.3142269562413
5.35544257375748,5.76498638401404,11.0075246621339,4.38074875896363
5.14309285099511,7.01665296364767,11.9254390079348,4.95448446433593
17.5420040525813,4.67946345807949,3.04728728912718,2.0009888557639
7.54575661611072,5.12968511450071,8.02790386528224,3.01126495324301
9.35601506127889,5.10842067527773,4.15645578557577,2.21442269270625
7.53922547471039,4.37068148257682,5.68735839135496,3.03566937096667
10.5664244896542,7.42749020055867,9.24844905210246,2.54264422999921
11.2951214275348,4.14472890746763,19.7486615401413,2.77997502808642
9.70670654839553,7.73921441998372,1.64249671748179,2.62457298560874
9.94467006423216,6.39202229371302,2.01515214156777,2.86696945966704
8.96279965645775,4.95131997201604,17.8652634000463,2.94188184632676
9.19071169787423,4.89260171479179,16.6845622048278,2.8250713577105
6.92503656359784,6.97717279917987,4.69423776581797,3.53337981599559
7.81158773685204,7.92958719186627,4.55182385846432,2.61611615773886
6.71478524975255,7.51997482442248,5.35384861838605,3.43363935057732
7.80905929557654,6.59600027045343,5.44518022341631,2.18960271411947
5.06049977153455,5.7452400085177,4.86126548957856,2.35215461339376
6.90538801145517,5.27296626257808,2.78792617486327,3.25412361686675
10.5932347026009,5.12382396443188,7.68698807743525,2.16903232787172
6.75230932269115,6.16625585020226,4.48426136916931,2.90561751504873
10.5824369960749,4.77984350790253,5.07914696971959,3.59454814979559
9.84428730578184,5.83646751395216,6.26485088093002,2.09951622815188
8.73620471832372,4.92920725416678,2.28255145321867,2.41064663395852
9.1381871573946,4.76516130293607,13.3441514787287,2.9759835257084
9.00550606954003,4.95455055947406,5.10471451885089,2.6685261985255
11.9704576557374,4.26189430490101,5.88394347938183,2.68010598695847
12.9928771943505,4.25414237866934,6.24834586057145,2.53728096937061
7.20107387010732,7.29999268080656,4.45396796596955,2.61250123200145
9.08072407272108,3.69132752863174,4.06174263382509,2.58826644104174
9.45529357194502,6.68954121766409,7.93570293509896,2.39209902131497
8.26746391731833,6.38103150881592,3.55473457092891,2.79808349636357
8.63276508145776,3.96141205932467,8.28463869492842,2.70231391869899
9.47944643116128,5.72963776850633,4.97667216771929,2.95275339772573
7.42027015020919,4.0357771642728,3.83128790968989,2.36382888124653
12.9861574144875,6.29146760505312,6.22741332096509,3.80009688602882
7.60220197567431,4.79636271670233,8.571990550922,2.43952271822287
8.00725372739123,5.15621313028916,7.35422415534977,2.50142302320868
10.24956139835,3.35008604470352,3.90907851499087,3.96661918463309
9.85197521916666,8.84145486851315,4.76383245245575,1.91826149058957
9.00047568142777,3.30370826306333,5.93900830883933,3.18761944958661
9.33351800067119,3.23203213826719,6.31626040876321,3.17518944665582
11.121477442464,6.13938379937269,3.19431878290907,2.3013323682429
8.07034557350853,3.79766608791082,8.62588016039708,2.78964386016498
12.8762998386117,6.7993310392486,3.36866922782855,2.82454886587159
7.71790075063289,3.9533148644007,9.15571510085202,3.03021715121052
6.50734607423166,6.69527381958767,2.4544605710996,3.33454393823339
15.8160088593372,4.55074939485296,4.24501456699321,3.07513247698176
5.21402510099643,5.69456014761013,3.3499812940158,1.41784764890342
11.0582669676631,4.83107066089373,18.0092063403976,3.19705112842923
8.85389544316097,6.13616605997251,11.4245218059295,2.97714631220418
7.948433432851,6.6896375003946,6.83692109302857,2.73238992494234
7.57140185946714,7.14588360781776,7.81296403200502,2.54986651319752
10.2995119655024,3.90591469756021,3.72900615048872,2.39862228136734
7.09084650592743,7.10755612743878,6.29821464293184,2.47830039924334
11.9602681518612,4.57056379047823,3.18307135368478,2.24452398529043
9.25022290444908,4.88114618812848,10.1170333556105,3.01049934705095
9.7706477719334,4.45913551398206,6.39139015089163,2.78987401443626
10.8174779981039,3.50263711864745,4.89396955009228,3.44499758049942
7.12922459066315,7.51025835040545,10.1237802655856,1.80335920461638
12.0218140968852,4.56369471408966,3.22903777142505,3.96466879372674
11.0895881023647,6.03591255074472,9.01953751207777,2.06850530360782
7.04202372591964,4.84663621726042,6.31275009329944,2.9355255141286
12.6825020345824,4.23785227478995,6.66330949969513,2.8966444730557
7.92124472960796,5.00502069735529,3.90840173767091,2.49789196100852
11.1669231752091,5.65833261666152,5.23765170413587,3.40630154596372
7.34130215426131,4.64635144961421,2.046061041492,2.89447434924577
9.84530014436249,4.86838265096637,16.8958721628227,2.15036122802669
8.68661211739214,4.57059312169716,2.0205986531241,2.1197823015298
9.33450619521169,5.92414594494107,10.7933503792178,2.91494148964189
8.39906593308318,5.00242579464034,2.08808465070018,2.35757330104212
8.45203918771312,4.42681377203482,4.7827966492957,2.46182049679325
10.9936419267733,5.51270058360648,3.5677626264374,2.22950180303049
7.50933856440165,5.28636713401516,8.30456984447611,2.21326449479145
12.614196610597,4.96517655191226,10.2315641524417,2.74669848179624
10.0151315557924,5.08730015337775,13.8880391479635,2.49923460606946
10.2565238720853,4.09877723179574,5.42103629542056,3.25465012349519
11.366192374057,7.13695885248574,4.14437419041221,2.62420204279004
14.9676123284513,3.68102609299902,8.6980864626764,2.80017898741689
5.2048366868516,6.23821310575895,8.83823329465631,1.7967386884887
13.1221018835729,4.30183371335315,3.26466502274251,4.2198264214317
4.8459403712496,6.67837915162337,8.82437991882753,2.23537466555769
8.2510799212799,6.47654193516242,11.0069921656771,2.67539475311948
8.53187090977557,7.01040272062966,4.54659075592844,2.42735900979401
11.6289919702459,4.80640486196977,7.42969061574543,2.25516444636481
8.06844273974874,6.190299785081,7.17492551467428,3.22101976670678
6.17774945935345,7.18624266122115,5.40580193739875,2.5873926770983
15.2413401909029,2.93449817335858,2.6458031613235,3.89618275574088
7.15200676699956,7.56942046873965,10.1699365756884,2.04956891222655
5.72806283182988,7.5642312357787,12.7122089268843,3.12324852660399
7.55887074607713,7.19066263476018,10.2066693795793,2.96461938421596
8.53836623525183,3.54662149641756,2.17869228932794,2.54046836010425
8.41560200506992,3.67591490610545,4.24548754835815,3.12273495087383
7.87454957075427,4.66753680902442,2.49868994419748,3.70037572819631
7.99528878640621,4.40021226469444,9.00588626029366,4.23292674528734
8.25589115217717,6.73326042468672,2.52536935382916,1.82743837831049
5.8780018549726,4.62262526689971,3.82160398558716,2.02003969041767
12.7674993209883,5.40236025878085,3.30940689396345,3.02919305958157
7.60111297485597,5.31386147464538,5.4724619331262,3.00399135600444
9.63419255199071,4.22991443083866,2.63987140971561,3.12125021150233
7.83989964542024,5.08142751183072,4.09228760241518,3.46719152173454
11.9428316097012,5.76086735128671,9.29239281646531,2.51403027931288
9.09568909426117,5.43761409213394,4.32356109349123,3.33718584721543
11.3363392421857,4.88856144283576,4.38747607862867,2.48586878271905
7.16105732793801,4.97989268728766,5.69009563115009,3.60568711646089
14.1585281026127,5.27692894854294,4.93717019502504,2.32342987108842
10.6681155524826,5.2764901846949,4.47411885615692,2.6769371999935
7.70745073988854,5.02867887671213,4.68089936983109,2.48500208007538
5.63461227398144,5.57708943229234,9.85502870641037,3.18178709396017
11.7236400068203,4.76183092272406,5.35377188920881,2.2803663737248
7.87027933122423,5.59369719994849,13.1524895097219,2.58883792175976
12.3606933748363,4.05497239726736,4.28428063858235,2.14227143125756
7.5512299994021,5.87302790531135,6.59465309981551,2.9317905739965
7.95168082610703,4.98014217133859,6.82106045092743,2.23861253886508
10.9961714102483,5.10300892846305,5.22479218893458,1.79816482704185
14.3774992141193,5.40550503094695,3.638916137403,3.62733394502575
5.94064618891177,4.84645944924723,5.47691292185102,1.80721498241259
5.92906551539533,4.77728239652907,5.33827491238166,2.03930263802186
6.70979883888003,5.27239022626141,4.98968848497604,3.83806085760273
6.42870252913755,4.81830317324669,6.28194618282598,3.46377028535604
13.6226261983006,5.05402305722409,5.48511034038367,2.1826616608976
6.49786704145777,5.74321498937649,4.84793139039263,2.3027646547713
11.8620264656579,7.6832941032258,4.35004040635673,2.31366249020496
6.21451379879669,3.6739831773514,4.93063340648451,2.14228247613215
7.73776404292658,4.50154619146493,5.32973919558862,1.97471736940595
9.85816853543611,5.74176394668508,14.496954563402,3.30021892720779
9.31703834587644,5.27208479789478,7.40399903255123,2.96176391200032
8.59398204367767,3.94851431979895,4.35040141054072,2.75117887245975
7.77983038306131,6.71427757258032,6.60640094409009,2.49959782104892
7.61614396711003,7.09416671866231,6.29997462452631,2.48509082041156
6.16953572396818,7.75072400221672,5.76775603338446,2.16947868757537
6.4191381471083,4.76503847382458,5.98952366631565,3.18768482702577
6.94724258567421,6.87217890697724,9.00475065658313,1.79569493401975
5.30443380780877,4.03187265190843,6.61411845824992,4.15865338095129
13.0346101138724,8.18854655122187,3.71727894239186,1.57028514488832
10.6367448964434,4.77780166088299,4.61721969018634,3.26369752842203
9.55422663700302,5.70601697023813,3.74423194911335,2.81108451486412
18.8812223498239,4.66708906746976,5.89194618129738,2.27076383986209
5.12833480636909,5.29146403900464,7.0054201676981,2.82984378293114
15.4815977240071,4.94744854605056,4.01025733545399,3.34604650262376
10.5867670324804,5.41179815372785,3.87650718893312,3.10718191894048
8.77463235805202,5.48281909290265,8.26447123618391,3.21449690662403
7.52052868730193,5.40126877002151,4.71948722342401,2.65823447951619
11.8564581430314,4.88842300952182,10.7743877833201,2.75970208147637
7.35151553134444,5.95149555060094,4.10422169528999,3.3629402801636
11.2802606069836,3.43804268515018,11.8317461749077,2.44868368679625
8.84634457939522,3.7385200740659,11.7040062501803,3.11358582661515
6.31980168855356,6.82867152082125,5.6767823380447,3.11442334733636
7.60886341975829,3.53988593855634,4.84420763976762,2.27597720493437
11.3240867164193,8.24574143701693,6.10617222347065,3.30019102399909
10.5348305505023,7.18811004805866,6.02418829657372,2.97747636223958
7.75916371058312,5.69749852666826,3.53303179069906,1.89620381509047
8.02322506188938,5.94183771766567,8.98942411365082,2.59519250050143
8.55689038333579,7.08264691493727,8.19580615250457,3.36092384277009
7.6044959702014,6.68536694511853,6.52571902448165,2.68962125969063
8.85357370854774,3.10641985906779,4.29161783208439,2.56389511225763
11.0757385381937,6.41883350747692,4.89243709826642,2.64854086004772
7.23275991005892,3.74722726971385,7.36460094576685,2.47549150902966
8.27260870967669,6.75211045243962,5.30209699363365,2.57658184482907
7.56615299374591,6.14766706274195,6.57865793397584,3.15954862824007
7.57782194642913,6.13238770657253,7.16667131540756,3.08107986322032
9.67502640785023,4.24033775751485,4.10397655976905,2.21845618420042
8.70164610386451,5.9891628914746,7.97676103000257,3.42260827862041
10.1265926815241,4.00902471393354,4.14791508372966,2.55809211890317
11.6200276239574,5.13029602408603,5.35815123198001,2.19638005915519
8.39333030107287,4.92515452642755,6.51219983215762,2.01118234014049
7.97448907036641,5.1374654951884,4.01725481534171,3.74234853872177
8.89098155854801,5.57663339630615,8.58052529767474,1.92538747882276
8.48080441525271,6.48542774394084,7.76626602630423,1.96952536951258
7.15312408649456,5.9680746218162,2.6378693380777,2.64743937549603
5.02740795096722,5.18247348730719,4.66355570371761,2.34178731991915
17.2303051405162,5.71766172073332,5.85091135850408,2.54857141230182
7.49065873165363,6.94917146327012,5.07587317240494,2.96866930426968
8.31181059441236,4.33607993910543,4.5813169071402,2.73719809838965
9.93886091294211,7.08094131063911,4.23506297957973,3.04814302070973
7.70379693721391,4.75484197627311,6.9736261521274,3.34407148638482
11.7558156237807,6.15636687616349,3.6595809040681,1.95923235779469
9.79981869065491,6.73745153660818,5.23963756825895,2.4777466450096
7.25093173422985,4.76180146742526,10.1528873277069,2.29947483586608
7.14960286371484,5.31723816255153,2.6334481138534,1.96776972692579
13.658158279328,4.80333804162325,16.4841521235538,3.27529386156631
7.16848426699397,5.60651925578932,2.08291146244832,2.22460230577382
9.96873540703231,5.48621198803851,21.3493343594065,4.2206622647694
8.68433974270803,5.86559083911294,2.92959028525944,3.26141160629723
13.7243658446163,4.93192919284771,9.56362094131827,2.32809458505018
4.81247800470291,4.56515734359368,4.6789921885746,3.33973961118119
19.6826025215094,5.58627823318669,5.88810526002259,2.64608736059055
14.3276083552964,6.70832325687651,13.7606458061557,2.25286545089938
6.90336569389831,4.29584739796508,2.08695529225316,2.90538375894079
8.34665903718492,7.81351976088443,18.258467392479,3.05678952127764
6.48703632258133,4.7569379498622,1.86729366024409,2.55377063170911
12.5805587944467,5.31008302010189,11.1453738483235,3.13322223582316
8.32007556013121,5.2729095839063,4.21051297218817,2.31380474658081
8.96636066572488,5.34915372795837,3.99278707724074,2.79980052819449
9.11522460226483,6.27908419797552,5.79094874658507,2.49015098753681
10.8536827566971,4.91427841041714,5.66477571190847,2.59268190375588
8.56079324274341,5.18251911941484,5.53305450729108,2.04791426957499
7.16251116239202,4.09088138062501,4.80595293398882,2.48291473551004
7.0318751884824,5.16862938686925,6.76429581817567,3.41548648925294
11.7378470624928,7.87869980927037,4.69161000742745,1.41696505623181
7.13426816537187,3.53515983408816,7.39298955036227,4.02552153311674
13.1105718835673,5.47228104808005,4.29401670576575,2.34654048531262
9.45772151558352,5.17763836706396,4.86571299430145,2.14825571174141
13.1647383806246,5.90169749477334,8.0362322072247,3.53109643811882
15.7296326712155,5.60514111950578,5.87705383136228,2.72663469713949
5.75898750876886,5.08714946112136,2.53886623046792,2.50213152616544
7.17887683342703,5.06958082699666,2.93328377550531,3.18209964869162
8.27101789859658,7.08569850187563,4.48409077154025,3.16829161449404
8.13304699681743,7.03169900310289,4.40260706087644,3.24101728987734
10.5435248556903,4.33724372723371,5.56718971236123,2.4724033528096
6.77750400906565,5.42050790844208,4.7536508269613,2.33110159402697
14.0533866454864,5.68020578949839,3.29613599928899,2.97078573678048
7.42754705317507,3.57950916865444,5.9155183416169,2.19162166158012
7.13336175404589,4.63364960229402,8.81906004857106,2.96865928527017
7.88800433370474,4.69060165742991,4.12412163862212,2.61070467355854
7.96092626149863,5.36208442078845,3.1159013239304,3.05376052248926
9.99433169346683,4.81083611044622,6.60393068997311,1.69619716013404
10.9836485798865,4.09341953537426,4.04763765850157,3.03491221279912
7.28429354515057,5.57624527105734,5.92105208513722,2.31005396799924
10.4871229093939,4.98984386506504,6.70070985494741,2.52308041392037
6.19527325893349,3.4669674582746,3.50963507233119,4.39387943156616
10.5701283419649,7.76279896440183,6.51277015907884,2.82920142479694
11.560740355267,4.21769293594315,5.88019718241428,2.25278295270533
11.446880714587,5.10396252599275,6.82793914742585,3.00889103167528
6.47727677769462,4.80047967572041,5.37830704154845,1.82893669884112
7.70883929237311,4.45070017594226,4.44982891820323,2.73128184824908
8.01788384983541,5.0646799913384,6.80327433674393,2.70614857788884
8.82160058899456,5.80895764989664,3.58282859222852,2.65202789564286
9.63085349348509,4.5426599152166,6.7282401375075,2.54794291839997
6.7898303188648,5.99145679932543,3.57405045528668,2.38480123938052
12.2549707177091,4.83102396414735,5.08051005636785,3.32222184792884
22.5113130683718,4.00105589082954,5.56523971998781,2.15841323730667
6.12200911487502,4.121370784786,4.14803035225418,2.77810056649425
6.93476551975574,4.8472306336238,3.83919676032449,2.41939341768555
10.1871636357317,4.56451485240235,6.28983850162454,3.0138372192748
4.71970295420963,5.40968262542058,4.93432837646913,2.47876801045316
8.81123149898894,5.05709322948225,6.44917277344099,2.21858990567977
8.11142354059757,4.35949204851021,6.42087513414365,2.02223556255838
9.55682968627836,5.68276374041601,4.5373431292985,2.86448349160079
5.68724535673542,4.1214812814764,6.63331027570189,2.18021290011033
12.6578457051119,5.97876034328555,4.6688607403657,3.35167055819103
10.5891822943949,4.84670009594798,4.52952498772291,3.71824354943679
8.51915789368502,3.67766892833928,5.43861306200075,3.03638514474158
6.93416296458122,5.38345713066043,3.99978093622957,2.78781836363214
14.6601811966028,4.88672297608661,4.75655784075664,2.41230255138521
9.29245557171547,5.08182661614734,3.62051938324592,2.1099913277957
9.07395933525881,6.19719507262921,4.85715979819695,2.82307129357362
16.8540052635412,5.45903543143035,4.37986997695274,2.49199205156033
7.93945859537585,5.01503187586671,9.2578943471043,1.68254074852185
14.4941238577058,5.96365348848645,2.76697073490091,4.12260474005557
7.97039696654237,4.90786031279955,13.3343764056051,2.75570370197171
17.4026834373339,3.52331470855518,2.78084066588726,3.78985137295048
28.273095587205,4.26322942708324,11.6730534790889,3.33507352484717
12.3310388816972,4.48284565175315,6.78998659200356,3.63909640613817
6.33520814443576,4.98992250308742,9.7569119243104,2.92546650043097
13.0253309836085,5.23141672013115,4.64109304833292,2.78144234784764
8.08990066740784,4.72092086778451,7.89153588110571,2.7015841785939
10.3666149515811,3.74219488807735,5.37578966520189,2.19519427908692
6.73347586991236,4.02392699134588,4.53789681831739,1.98784956571259
11.9780929132469,6.67034911276115,8.84484674570357,2.93706516422273
8.03291716444924,4.14661425518564,4.44076800203689,2.45694333451113
8.21380465990622,4.02599955599604,4.81974685772113,2.54194673884701
9.16563023389867,5.53940046595928,9.38469403536315,1.96808487510741
8.4994244210976,6.8153283660862,6.96317017582633,2.18186737414654
9.05072921060194,3.94779126501319,4.71081354337989,3.30779086887112
9.55471579807542,4.29671228831567,3.78160825039142,3.39671358507775
10.1449103555311,4.27320957658955,3.7859822402517,3.37112382403023
9.66810797726074,7.75426938321774,6.049311012581,4.22907293016814
6.33909188385243,5.28450269020335,4.79736210158687,2.51746629933517
7.12844650958443,4.701615066146,3.09059483829805,2.80356169372005
9.0051722843679,3.62298434284663,5.86961728624094,2.75634758717741
9.12256843043451,4.29846878864197,2.5039973645492,4.18300712011589
9.25581280506997,5.50089994119355,10.5503423455678,1.57342150924779
8.07129236856214,5.70925361397828,2.1461785020008,2.92195946724667
7.72553181935391,5.7573323491745,2.2476226755398,2.92479076315618
8.4043894458337,6.22738174143248,3.96254369574227,2.93137544672527
10.1048297586422,4.31738774438351,7.66852511678952,2.67532004687971
5.6462357292365,5.69558405480621,2.93524926428144,2.65157996065453
11.0551429724595,5.53379017693708,8.55651915459015,3.03899493127022
7.64013380832289,4.00774340084495,3.20820968754336,2.40686937132768
10.7220427566291,5.33083168989863,14.1877564611829,2.61387443085394
6.3466071887134,6.60186518342526,10.7807837075837,4.16847344778348
8.7222333908885,3.25646819139816,10.1877576181256,1.87938007633047
9.53409016534804,5.3888841833191,7.21034670232761,2.46489779416754
8.32695367214994,4.68575959344252,3.50374448160124,2.98728205049019
8.55718357257521,6.1728064885673,5.34985014892651,2.25892128524731
6.86593740059885,3.90830613645288,7.48567295045654,1.68934132952746
8.86551849249798,6.20851897858492,3.33919508225638,4.34397750220675
9.70208708555886,5.06166789641744,3.74226033594573,4.46638624287541
8.68685093237012,5.52710742132675,6.6163569852028,2.02926075481341
8.56109497817036,5.50719148513629,3.70894721744554,3.88797216008812
14.6613208045829,4.81285916137372,6.11884257711452,2.53011134126528
6.39861472977197,6.80269673593503,2.9173772722035,2.64022945470893
6.13025388629327,9.28852222390719,2.6997340774137,3.30116375120097
7.94222429025554,6.80695508598284,5.54273403484981,4.32034714516224
10.5813716049121,4.2869801007706,6.95079113511198,2.03807005822359
4.9582737022986,6.28013655985302,5.1767802474895,3.79084468351541
10.0583672623541,3.62969812707476,4.23347700218023,4.16616692334036
6.01414953583187,6.46681473973099,4.1812168641627,1.96962082753701
12.5993229811501,3.67024267936795,3.40692041534611,2.7966874254673
8.3432551154994,6.30679740709438,10.0374171463475,2.33972664152801
7.11914774712153,4.18814015273768,2.98643211165386,3.98414598885825
10.9951442542474,5.93575911189833,8.05422635278657,2.17904563798007
8.30167101870964,4.30663063184446,3.2576593389193,3.14584516053489
9.21344349684824,4.15134798693659,5.0186369565844,3.1705663477573
9.50566337809153,6.50371601066759,4.36775539959966,2.15233231096406
16.2425616257751,5.08552370808231,3.39511502910775,2.69963365798774
5.08210519484527,5.44587832940707,7.8951907509758,3.20937230363172
12.9536614527965,5.2872193711334,2.8912817282782,2.26987063698469
5.06369944091414,5.07471002135014,8.96001655008694,2.10642119868301
13.9086428581122,4.80817527074306,3.87393967496774,2.89660405743178
7.04602507525743,4.11575545107087,7.17027940129534,3.65407196265517
12.2474657104337,7.03298837183049,3.92394964350568,2.33938059393269
6.93627119675553,4.31659856661732,7.19860379557002,3.09072358479129
5.56351208789194,4.19474531396206,10.6197114861778,3.07467526687142
6.29993062382308,4.11529367476388,10.1309402303604,2.97826341045063
8.67447819299681,4.77542049219247,4.40798439369275,4.00197217111284
5.99774464078011,5.45453306436753,4.64104149922151,2.44796338455606
8.7921960042575,6.02865546672053,5.64120192208707,2.90552844673734
5.68873116939368,4.7047568600775,4.53679632852917,2.55822644265133
6.29035951146613,6.15174371915459,6.57908484885139,2.64233432288347
12.8948318502375,4.10040008232899,3.5238633893851,2.53603542458228
19.6210555499843,4.28577634281334,5.27211481797494,2.08832049851698
5.47023377751016,7.62529859689218,4.14212943270794,3.08126453319396
14.7819705665522,4.08021073333273,6.89207215170486,2.60982033536429
7.48596001871468,7.26066373027355,4.37067485565403,2.71086973324538
11.6780287159596,4.69550576923917,7.23884348664274,3.75255867404371
11.2354238463179,4.92371741762779,7.02384362745757,3.91471475420848
7.40227208588749,5.80878393039159,4.465303351352,1.73125856379287
9.7657043261547,5.53814736011017,5.25605796888267,3.31826258286778
6.33673410202343,4.42542634683241,5.03166497545982,2.32579376415227
8.34815822388453,4.71259898812184,4.11023643003279,2.61526338558562
10.2799562925948,5.97306994085608,4.71626446574347,2.28030530862306
7.77702387970202,6.32852323725485,4.88535873747071,3.27288064444795
8.54957430087246,5.81606089400086,2.87649361984601,3.40634748879263
8.74641229744158,6.01489380124916,3.08975639054819,3.73171022207576
16.1844681793508,5.51271754184349,5.83701976063961,2.80804696936895
7.91715550002577,4.79202793291683,3.01370109831995,3.39840727063362
8.68868841468563,5.26239763744538,7.0666137998982,2.31967940338367
9.81724464660766,5.5777077659764,2.84197096744778,3.06328513472955
7.96048651707705,4.67630000859124,8.25483000520546,2.47965832050186
8.27474288107325,7.16579348148416,2.52830153472966,4.49075485542065
8.77511000068624,4.10668282442569,8.31969602582265,2.19991012351348
9.39905885467676,6.69838191884565,5.58114396583763,3.55095423708433
8.22594109966355,5.62590526539764,3.49679783415656,2.11203559792408
9.41696471597694,6.21538425964637,2.60969251079023,2.21960566755744
7.66704938752135,3.75465190837415,7.42649577379097,3.21367462409475
7.86534780295323,6.82669693039649,4.13965509730121,2.54373318209626
5.22089798843484,5.16492212677675,5.28540534716945,2.23951731612925
15.7846527995402,5.70066189796041,6.63162031712598,2.35948320555435
5.58638548341806,5.73027617526583,9.59016795917879,2.29223627704974
6.45075610406753,5.68824430152248,6.31087679311465,2.44862544249259
10.7007107220605,4.58770618760457,7.49899280561222,2.13917439321932
9.18937620506868,4.80518692295843,7.13135225420555,2.3451788844888
10.885845916458,5.61892901672778,5.15477592697896,3.53340882263816
10.2011937392124,6.15580933041277,5.46558383061724,2.93486574644866
15.5856663439992,4.16282051043132,12.6439577510325,2.61629485043499
5.96003302826563,5.84200316734921,4.10324453431877,2.92689962038034
9.41098298678822,3.94963065400018,4.63246708839714,2.3432624190229
7.48206411416398,8.98536964405553,3.46833980948708,3.22199163164531
7.14918079195485,7.95347641200103,5.83936319228135,2.22851234842561
10.4095879674983,4.43077091937392,3.32764823863437,4.05931643924479
6.68270496707378,7.01092414698194,5.45284207236061,2.01701805466132
14.2142600733728,6.69613469321098,4.62274602572801,2.47097148988948
5.65945593203094,4.52666237776219,8.80115153579206,2.39599669466652
12.431595746668,6.06428098956846,4.89065256670112,2.44533584597879
5.41201672917215,5.11208901144476,9.17956674645617,1.95497710787875
15.6059264873813,5.85356750207586,4.1017471160333,3.9025190021691
7.79356145414717,4.89283499282883,5.2686717464283,3.11768285146128
19.3201796584271,5.19950826634377,6.23154925670089,2.16896905903694
12.750043482009,5.17725014983424,5.73215471220505,2.31005144523388
6.47738874815166,5.57305650614977,3.70004717556721,2.75644309175193
10.6363815304229,5.24961281868354,7.44376908870828,2.57888878944736
7.36045611439722,5.13008906040618,3.2478792449814,3.12304510402232
8.03597827306427,5.2711414713132,3.70287483367404,3.38955003609021
7.73762044678655,4.51818641497176,8.13542888752605,2.34993363197732
11.3700147138021,5.55775027508215,3.08102527159625,4.46510441949386
9.29337535916206,7.74586580489058,5.78246246961624,4.50148138767185
6.46216513852308,5.41566528732106,7.69610487516315,2.19454159157447
8.89312840933464,5.61783144889429,5.84897290675888,2.77116785308099
8.20867189359824,6.01600192714245,7.03028246633117,2.75932842236496
10.4613002210728,4.04285435589844,3.88151267719287,2.90463570788204
9.22180667834439,4.35723544708974,4.06337357664583,3.67253756178448
11.0255388367952,6.41397540929246,2.58688911131115,3.84452170659854
7.49255321715818,3.8894898680199,11.1325567979461,2.21202638871326
8.0364857216341,5.08467641816238,8.69508289250471,2.38169124096178
8.34420804988363,6.58160115449951,4.21577848155048,1.94478368495875
11.7270962135042,4.04422106485751,8.95750307601504,4.29618598710505
8.49629213923062,5.91599693210273,4.08725671087941,1.5824171756212
11.5323321034783,4.72361289484741,10.2294967634252,4.95525802584951
8.37805447142716,5.18301972104093,2.65584959620178,1.58110830989103
9.8656014298441,5.10618692910257,9.88926017349299,3.98823816304092
8.68569660434043,4.94471777193161,3.68067374676141,2.11863333303155
15.9406139850258,3.91935018105712,3.82939121747666,2.32072568361778
6.17114709911143,6.99362697581549,7.09168383738069,2.53259514153113
7.77083311135747,4.34716026318328,3.02078894738348,3.41962164610183
11.9177587959188,5.696823870016,8.05761064177511,2.01429470893864
11.1358772461053,5.65046817690558,3.62812325222673,1.93346876061303
7.28486015222311,4.95557987454018,5.74025497192125,3.07044178369667
6.94166867886277,6.39752738803322,3.3347642125538,2.5311528709302
7.08845722240773,6.15824894169186,4.0180386937972,1.8354539004256
11.1596470799916,4.52671293773,7.08870422904081,4.412402871393
16.1384404566798,4.96806592212479,9.624369634682,4.16468956453596
5.36299243336563,5.01178146457204,5.52497203966891,1.93774360614717
12.3587860616628,5.7570186115644,4.95429345564011,3.23104698718578
6.73092103182282,5.61884223808017,3.80942054614043,3.55447113872686
17.5535512944232,4.74853147230027,7.7757397075429,3.18931719301164
19.3841057366234,4.47927521383207,6.94221947439531,3.16327343968277
11.8747559831852,4.22285249279248,11.5215797767618,3.69293850030564
7.45313348756915,5.54787666348107,4.96882766631771,2.39019357365304
10.2099281099258,4.98955234001025,14.5961505975646,2.08364790635302
6.7242432652913,4.91788494006325,7.00055705557441,2.12306718424388
8.50895343589066,5.86437363235309,4.06117207574616,4.41831076697267
7.84325320947964,4.7160539900403,4.13296123732004,1.93129184980299
8.05203225747678,5.32992370900734,4.17921034979204,3.18301024029894
7.47695091820724,5.05371610202501,5.6443639156333,2.67939280276206
8.80007285517986,4.29775440895892,5.21432503435758,3.03333098035772
8.50455304756238,6.05942371384911,6.8727860634533,2.69002206160902
9.32630191846387,5.06360374479244,7.74062690849145,2.8605101123733
11.2434001114224,5.30596799297614,3.9218948718712,2.90381844587017
7.1883810086172,3.82794212044502,7.09276156676935,2.87490525613779
7.50398776627276,5.39082416368697,3.98784277542519,2.97926172259608
5.53312010208483,4.2306381356911,4.81888990747868,2.50126907925212
8.65775287911883,5.91562390501102,3.87949337671748,2.1074047175308
7.49137716497038,4.09946571665232,12.4583784076317,3.77233945691392
10.5879216655968,7.05639918181447,2.84286750946986,2.71184267778744
8.14260181065467,5.25403356509609,17.1978418785886,3.18286664985167
8.23646402578325,4.91696589897992,2.93739981362235,2.52126484619745
7.39609472039286,6.41356968402035,8.71254279563086,3.18021138011341
9.77181757570661,4.31557268603951,5.57054139360113,3.80603255577307
9.38896966418528,6.00185865940567,8.62867406693174,2.22443218156039
8.16416143644157,5.42999174270695,9.3160471978419,2.97214427447557
10.090956918787,4.6368582024157,2.71159527909482,3.05597086035382
8.08135320791071,6.7294670730917,11.932696066224,2.86270115782012
7.6640661272746,6.77624694112163,11.1318618116815,2.57864441798392
9.3465948678002,5.04527252107719,4.65336480345602,2.22517270243988
7.44569108090651,4.92885652036103,5.74755871286338,2.74861861463848
6.4393503285686,4.52362639372779,5.1396528508309,2.70417091998473
6.28528889603774,4.82317876114153,4.71001234555456,2.66965336262906
13.0107232840638,5.97067582006695,6.02244454054671,2.85356530160693
8.37206973613785,7.06080698503725,4.394741402126,2.25486292500141
11.8408824629553,4.25713295196455,5.42937461190661,2.8196048501036
13.5747991330486,5.51660034262346,7.15101311683212,2.16943667453537
14.0117170186694,7.8172164946798,6.50356010170606,2.58015282709667
13.4584972456556,5.10188040442493,4.6248546173633,3.50340107661925
13.8751508248426,4.84280993809229,5.17615946577044,2.62975486822932
4.76272235092563,7.4628247377797,6.38510015633132,1.95705004819068
17.1566030389184,4.64560036156285,3.54464631587447,3.16164796110141
10.1155851339757,5.10367627005245,5.40474045932856,2.15795744387441
9.2575664676051,6.5352590872119,5.53457265726904,2.83506792264571
5.17357893930522,4.62989587402932,8.08732849557088,3.4442931986935
16.7665471251554,4.55703215231113,6.28512193371465,2.45946235271465
7.46940909250997,4.88091778621178,3.69361049135236,2.39832251646568
9.36262119513228,5.45791999387033,4.18684132469446,2.78258939510032
9.39145225090743,3.98406687258837,6.18016427193245,2.82984483939257
11.2742577995404,4.52126087385034,3.81396505145748,2.98980759744731
6.3231185966741,3.58708488741364,4.1900871627289,2.3613431036466
12.6150412811291,5.51949525105929,4.13112833980647,3.05757126124531
6.26265262833817,3.77901324275915,5.30382128814866,3.05760048465446
16.1898306502912,4.6450722336831,2.79160104661887,2.58438817110926
6.51502850734411,6.30168382389913,7.17592739650808,3.45154078918757
12.5347206204525,3.89951103437979,4.18988297383812,2.38222351978194
6.50436773907963,6.69519062584116,6.2658187664084,3.71344737667592
12.0775347968898,4.3838138676351,4.19960759945514,2.72840275127949
9.99038315368852,6.48028917296148,8.62940260846833,2.15242158700613
18.0997912232419,3.51880524057272,8.26226864753439,4.64682187579202
12.3413063886822,6.52595514196385,6.31862206188048,2.68596711775452
6.43489070451719,4.46294102136849,2.51959313547669,3.36292989527207
10.9591973170655,6.51808474961861,7.26090165460087,1.89957120425869
9.10578669502813,3.52822546084614,10.7082595111264,2.02302669262941
8.2583276806946,6.36514146512558,4.41514741407686,3.83085610460008
8.01469240804375,4.55289614130726,8.19139948199071,2.02539757849625
9.4784596150065,4.18586608312864,4.50617336099945,3.64281014408269
7.08952442393305,6.17943504908171,5.11434539383744,2.74386165221003
10.9797949113755,4.26549192032601,6.77243713836595,3.62754683585835
8.53586893449211,6.54625672221896,3.85306806790453,2.92901013361232
9.60639278486496,4.71304824439148,5.9825619657124,2.43014943118601
6.91714214080915,5.10609373340073,3.54579665707901,3.14963793692358
11.750510021431,5.59583946343481,2.68160353925757,3.23681827057184
7.51983361374406,4.66792986744788,9.44177953672272,2.4975785959009
6.90138967789119,5.25927934815521,2.99064568955527,3.32388731349797
8.665696889001,5.68157942060507,5.07878761929332,2.58391913142661
7.24437342920123,7.22411472461914,4.30344497381996,2.29294868009489
13.5734923513338,4.78163175258995,4.05743306709906,2.63558490475061
9.13246519303662,3.78228566593786,5.11639686445782,2.6450510501364
11.3151015619835,7.60758311836866,6.86396631242288,2.74606291710941
12.4344455019416,5.71588679659691,6.24251518773873,1.63346275953859
8.32121113262852,3.3259782633182,5.87279232810558,2.75702115963615
5.65339265795107,3.67625305825057,5.36306029047659,2.20463874868891
12.4672253554971,5.71582723305417,9.53058834062532,2.12195288497125
9.25801568696127,4.88043717629982,4.58682167688269,2.66360210481327
7.09565906366612,4.85127497217248,14.116472687259,3.42251930810591
8.6818379779868,5.34589945817008,2.91581863634426,2.1521533373157
8.60297367028341,4.95852916680167,7.17936252327671,1.89460296998513
8.05085767936411,5.51674714722862,7.75457214496485,1.85824741429512
6.29531701418539,6.43265463037409,10.2887375802798,1.96229931883638
12.8289495745756,3.56495011631663,3.12727070222619,3.30017662392891
8.72248580078083,6.11174079395585,8.12440373212842,2.34488516014233
15.1204466279549,3.98836057349924,5.10397370390174,3.30999170090738
6.18659056188601,6.50844000412638,6.49330257435556,2.13656158661589
5.48687305472221,6.15011003165368,7.81778279392722,1.83569833061544
16.3711846638051,3.94220929627905,3.05993854508038,3.7893855140803
5.12469604532721,5.01987877383006,7.62299417531055,1.99817601033725
9.98353616712395,4.40353077560978,2.74689933411723,3.96303733069043
8.7410487697383,3.95573225614477,5.17726182108311,2.06390153036551
3.92122253327325,5.47203946521505,5.01467384696283,2.81199793081015
12.0346163517225,6.44594723473265,6.46513686685889,2.19568112882708
12.8508099765279,7.89462537726924,5.95003855535113,3.41048848934343
10.7189352116105,3.44313409276855,5.15730410457805,2.96673989824548
6.93936944517756,3.07742380402955,5.95983219495917,2.56698237524758
11.2525038797173,4.69115564187858,2.82915276974404,2.65068109849061
6.72662418282101,5.97224610799383,9.33768052399592,3.41024426139332
14.5503328190726,4.46195111101161,2.96624391141062,2.4540920250136
6.00953982256335,5.10836200078119,7.87099612495715,3.04791137399437
6.9368062650436,5.13833655055573,4.1866454140195,1.97167803149583
4.80513808021227,3.04048363253023,8.4004063105751,3.32942729218259
25.4666691392601,9.58638094716489,4.07013316943579,2.81513265328769
4.57984365428012,3.07614563244931,7.78953800864605,2.82511851454344
6.79779908568553,4.28713164128125,9.21646324361281,2.48359697009831
12.0803287911442,9.01099712079631,3.87580189268461,2.40362216774739
6.30820132900414,3.29729701085616,6.77392077529713,3.39913369382319
7.24849215277255,8.50622457462825,5.59420408736208,2.59429999966554
9.40328210726503,3.24082687800647,4.55908643285732,2.75489423195198
8.9479392309265,6.26174622807633,6.22524812679272,2.60614860358651
7.69623698601578,3.42432531818422,3.66183153236218,2.4114875019899
6.73419297070914,3.83327912838563,2.8768901907639,3.36373941999187
6.65076683060079,5.35156621057594,5.79748261654582,2.20241480644984
10.9969182683889,4.31609216637756,5.55781143236525,3.67414258363353
10.713346067098,6.09277880267146,4.75337790996514,3.37073812477829
13.7866313028937,4.9445654561128,5.63821122529699,3.29711076047517
7.76683742951437,4.98484551710467,4.74705226493616,2.34620828939802
10.2918966345928,4.46595845253971,5.93539982226627,3.90671781804918
8.58753805797159,6.04670132167959,6.87117088903781,2.11169099462537
8.8461173075829,5.16307941935508,2.7370982989206,1.33090748975307
12.1525146870195,4.7487722425,16.4115331651419,3.36405085556318
9.02342336061846,6.11916462284486,2.77144295273648,2.32633509525298
6.10700828766302,4.07259518486525,8.4507634678059,2.92386035307796
11.6780459846663,4.04344927710317,8.14533215210631,2.2864897024643
5.89516221997564,4.37416701924697,3.36853911177969,3.29188762967768
6.4179068020263,4.6977715061938,5.66211440227513,3.10998414095529
7.14168001451808,6.90129487884833,21.2682187379696,3.10190014875994
8.32442151268753,6.20871025812864,2.68595085570987,3.59079444753635
8.3312168354824,3.89027914577438,13.4909829005384,2.10255878206828
9.64314690172913,4.80731901384424,2.20294774411619,2.284610786625
7.18900444839921,6.28533492513757,7.97022284152544,3.56731019216108
13.2957121101832,4.82524322077127,3.70047357522488,3.87747892342978
13.4495561864731,4.7192203032459,3.78016707526812,4.3275935312264
4.05633532770198,7.08293040944643,6.8550757939208,1.45777618305328
4.99567879683949,6.50581465371379,8.26645395933005,2.20083448496179
5.25316270739588,6.35079387424171,7.15180768796291,2.2626069849838
7.30263367292669,5.31853894316081,4.70037123248779,2.09248269424302
11.1669369540814,6.39363017315982,4.67714938168413,2.6352939654529
11.4117169875507,7.00820328690735,5.34324725915486,2.59940302778963
9.35053391655099,3.63276978374425,5.98612203651237,3.06485187674628
9.53173933639506,6.50496778497499,4.98362412156326,3.24171432076612
10.1144157284007,3.62314020606762,4.88165232963638,2.64635438867608
8.66302685633963,4.53975328744693,4.54877713964907,2.34959157921043
7.98683986608053,5.55859730006987,6.05538488897493,2.83508099600903
7.64425596615457,4.33553463062202,2.91306990445294,3.04380602697429
6.23659151252948,7.23277127099898,8.86918144567999,2.52773683508901
8.35448142754296,5.05378557401866,4.75009136060664,2.3650608508645
10.5399984255242,6.1946574298482,5.94252905470403,2.8794110863849
6.43325995264673,3.76477945088196,5.09118789178376,1.97724513666136
9.62047056542843,4.59318303110879,5.24461294200825,1.89162090184436
11.0970210375677,5.41029716219068,5.75131532829319,2.17240294897478
10.8212056911515,5.50724914100105,5.82610793416273,2.47811221042125
7.77338647441235,4.23741244170755,8.0686054053419,2.50550423741736
12.767099825471,5.80727572953013,3.2667513182568,3.11061195141224
6.12581649900704,4.63969728844004,6.02077686409667,2.56854048543638
8.85620623492145,6.58837590604687,6.24325038580713,2.73472394756357
8.51804599319394,4.50353696621569,4.69699583712398,2.83892723423847
9.83936599780743,5.72349971162494,5.01396586044076,2.34294979849842
7.42519036533939,4.44610732040493,5.02442249737448,2.44434258586794
6.57676180579596,5.04946746502098,4.50374280995107,2.30279321179526
11.7599884056212,6.19253407319058,15.2989114491427,2.80301624150849
6.77294460756782,4.74162985419638,4.10151719780765,2.8357735951591
9.17673464145414,4.84800307147226,2.99258104295041,3.12913368378528
9.25524600582943,4.59920072175154,3.31784558321534,2.71727171434929
10.1868595232742,6.2698944851122,7.04230621706762,3.07468061359066
4.9321279712178,5.23846898929462,5.75251541460241,2.29704627453265
13.593006237767,5.02707165448544,4.16454315648034,2.97712436266605
6.9503966207262,5.70293816556579,4.94259963866585,2.25658077915115
14.8245999642351,4.70511850870801,4.75807408584234,3.78595496570677
6.04542109733029,5.58182994961951,6.40419940813828,2.46351350905371
17.7004964716501,4.83848132082892,4.10286672431071,3.60984200500276
5.89780891994709,5.96738058578089,8.58198078222322,2.13053607255669
5.7866488873009,5.36319017779076,15.1500058727131,2.80973786908227
14.9038108259147,4.89766565710931,2.95210159534685,2.86914311119704
12.1446064631733,4.07115944564371,7.62312068625839,2.26904800157317
7.14701178918654,6.09407893408046,3.70972096238028,2.80560558060833
9.65847413524705,5.0887846968015,8.79125892670799,2.23006474582165
8.95372345135568,6.00230782221728,8.75808732905334,2.03174257223256
10.338771717136,4.76251651640377,2.99493191284854,3.45430157570784
10.1204009967276,6.35228487299597,13.6418411648365,2.21442333657515
5.88908685533713,4.54301740296043,2.91352401413123,2.25728620083125
10.571252486191,4.7845904729014,5.52578212894668,2.06259797002943
8.157719349915,6.29025921133345,6.22397492532366,4.02023712533182
13.0933567271461,4.54793663212989,6.37638150400725,1.66133550226144
4.77447086248547,5.88796216391336,3.96932663113006,4.22746815243287
10.83974513781,4.99725409316271,3.94153588990108,3.59569470831918
8.88625640355534,5.56629388443005,6.94646020797928,2.35066260953963
8.37962544027984,3.01193419449295,3.99359842275243,3.57564393664113
8.85917871118302,4.26601626928737,2.92060150390945,2.45663801089196
6.3766345473447,6.17224878346691,5.3485500095729,3.60623094160991
11.1393623578475,3.63344828026807,5.15648281804662,1.76290891361869
9.53059015961482,8.65837400710901,5.01949075435119,3.97350683590739
9.44845926025988,3.39482302177808,4.80465115477995,1.54622778902368
11.6534646591807,8.04499742961906,4.47807065948106,3.7535212383595
8.53110237532534,3.54203178825997,5.06403615767881,2.23707181052464
6.54241210155611,4.4838522353169,4.36756863203982,2.5819084752132
12.6101141577514,5.98178997405553,4.4184195214835,3.20492470911687
6.58073852837483,5.31674799276711,6.88747741874634,2.41326077704505
8.5643232381243,5.12109791881658,8.70742955122881,3.23752639848351
9.96293265885451,5.68365366919569,7.38563218621492,2.84423643117996
10.5907354692225,4.75992158873693,5.51015629700879,1.97491099299859
9.64100870680141,7.30787901988547,4.99767836216395,2.25236690791758
14.6889150138844,3.37361865527833,7.25868101640917,2.39972646667851
6.47302676432006,7.81923783589482,5.09246351449824,3.43522868649947
14.4917846972913,3.2583559490539,5.2429636606838,2.25081985815714
6.35651263148689,5.49964538337065,4.5147961691809,2.96783973540806
10.6960908277847,4.37232979090389,7.42246692867099,2.0200050400099
8.63948751586612,5.28530638507983,4.09478287664012,4.17699294877143
8.99313965916757,4.6621957533444,6.5780262174283,2.13348498351213
9.72458779865015,4.60989754286327,2.62506760365891,2.64822855505491
8.46423055193562,7.53701732743622,4.00455612804557,3.05337157068768
14.2654393294719,3.5184654473461,6.58579438287634,2.66512590136934
13.4687617338476,4.08379158138679,2.85569437268106,3.10446400713345
5.81023512949242,6.52790711400794,15.060432713714,2.76300628803187
11.9609697591015,5.33959792104482,5.23344421612184,2.39920745201795
4.66686539619482,5.90668863500297,5.20679433051141,4.40807707477097
10.3281574617673,4.84741345006191,4.24843504199423,2.53306948018711
7.61825419619948,5.86700725545687,6.1654802240432,2.94704953112977
8.33479625379874,3.24950895594576,4.80615121100253,2.44919359511569
10.2370332381619,6.13540667738757,4.77064017596509,2.53404778937434
12.6966250811021,4.42014819299403,5.05771890846717,2.30992540275446
10.478592182128,3.86189083192265,3.71792550367804,2.59664164980185
8.42235180884855,5.07410395853628,2.38179478801113,2.9292504344808
12.3939571150912,5.0467891860608,19.3934432508951,3.0584690019419
8.10494759825298,4.6070787826489,2.07752641231379,2.89501189980345
9.45905773314273,6.12076544810514,9.13135174572331,3.1011407626317
8.11137626948317,3.8186833690482,4.5415042692791,2.75578978832268
7.00855722945512,4.62665630711684,6.45167691050097,2.76320731682774
8.81058876146403,6.13079272236276,7.04575510034486,2.41528687602735
6.65513831870467,3.91937552553457,4.09244520897434,2.89981918523963
12.3178146804218,5.80649825077537,8.07860569417731,2.76087791465036
5.94288404597021,5.88089393994245,2.84415149169555,2.41173684139708
6.7615889947057,4.94722096634382,7.3270580919561,3.24378611381884
10.1339220661333,6.04607390463781,7.92983401524481,2.14973431289571
7.61986883747419,4.25302938815728,4.22354650709479,2.49216897642255
12.6596524172324,4.88078305002226,8.43955316603743,3.82730832794082
10.986252354794,5.10646804518579,2.19412292165881,3.12331909595037
11.4993586639186,4.0982569322515,5.88688227960066,2.37932525328807
8.38257166593816,5.88412855306866,16.5280919103946,4.0802975107626
9.2458769413327,5.27695711095258,4.75126363011348,2.73814814232282
7.59708739839746,5.08962571874904,4.63938099032742,3.27930681078491
9.60513826987444,4.80719539050287,5.94417639495838,2.93422216364545
10.7561733475256,5.46309469934841,3.45817428476111,2.70587080403007
6.98245873980127,4.07721311264536,3.91705160795924,1.88992458757806
11.6715107266643,6.62724058387444,16.6496625526926,3.52315215753819
24.0336055872394,5.65949031473534,7.02723505878605,3.32298056604081
6.02511467474234,4.53843960834002,3.40282545965526,2.27151680345509
14.2175007007145,5.34782477594345,8.63509295695844,2.54207194338991
6.56951139815075,3.98075610158094,3.7870083855931,3.29347262804699
6.61922071465489,4.4361876377973,3.01543487668442,2.19779826893163
14.8277668695481,5.56667731410905,5.29125762382558,3.0609831040362
15.7854761388237,6.05904316615308,6.10652135705785,3.41069778288218
3.96877917515395,3.50657971161313,6.94511411915632,2.3545605846053
5.20906327166396,6.25203244767549,6.16791619811779,2.54176571375961
15.6936030334655,3.83390295939806,4.79497569712784,2.4998306736442
6.20655560924577,6.4371970125374,3.48863549258713,2.39365814392441
10.9138529042162,6.20918547508585,4.70319131843284,1.96425275884369
11.0941814124858,5.25424563006833,3.52667303759074,1.70988744109352
8.66460418508362,4.25278722139017,3.42642309692002,1.92735722397198
10.9653654241517,4.75337058943162,3.59158189448502,2.3430153796834
6.9731330734229,5.87578765510398,3.45160484046327,2.88864777507984
9.53640469325148,4.09068252570938,3.83724355285972,2.50649672300035
9.74980127254116,6.66742823103981,5.21857337788049,2.55740405753984
7.49500443213505,4.48649835474777,4.21173438985455,2.18187405060854
9.78717759348645,6.07488520299028,5.74410379232667,2.14903578153099
6.38670451506855,5.13100979876339,5.66339257025723,2.48737996229571
9.60852140090344,5.2773277607125,4.25789262303913,1.87046696571011
7.93838823783159,4.44008569632039,5.19302657667804,2.65872510513363
8.3637635591014,5.63952983248964,4.98941259357277,2.14614559948003
9.37260362995862,4.20813718172737,9.85943381244445,3.23357601418495
6.06295171093999,6.1866770633694,2.69988570699893,1.95808773711787
8.5531312803674,4.21664698189483,4.04620767213024,1.99014130834184
6.59415240285912,4.21632799644026,7.56500466069632,3.23468330451715
9.8873328065008,6.17482766706072,3.14937227532489,3.02162407694359
6.15245645422275,7.02062923877686,5.4113681778644,2.47509057942496
6.58323030084442,3.13806419269424,10.545263166143,2.92806319653988
7.45242441473772,6.58804145912854,2.93412686213356,3.24904592022338
5.48935244316297,6.35077001302733,3.86208940652101,3.34042516707517
12.5011719465738,3.79752936611176,5.84023941995525,1.85892934812833
5.75514614487766,6.4285816585388,4.48978829672135,3.37036088532077
14.0391298020643,3.42503575576187,7.58329419782041,3.40538911991622
10.7537489262628,4.89182770702554,10.4537860029548,3.1512076519024
6.24653651488364,6.39484755057118,8.71858369795888,2.17132011774036
10.3188343078234,3.39081319602691,2.98225216744908,3.73894034039516
10.1818473439498,5.74963524850323,5.8425351768151,2.95142287430308
15.5811322904743,3.55421916330949,4.60961653782634,3.93715093146183
6.16373890477307,5.84848696125742,4.44225735733165,1.66569346395708
8.50878214997523,4.00140539620312,3.51634458952758,2.752451290564
28.0582892675336,6.13330485320009,9.28395929046975,1.69528136951992
4.94741760891698,4.85537215705031,2.37237408343384,3.41693945072739
15.6382892375616,5.35354327958647,8.90370402995233,2.27826462012556
4.18861412764308,3.7903828843564,6.73413948502119,2.92334039510941
9.49486028299048,7.30238458606857,6.24272720508994,3.75910918761505
7.79163137035426,3.41753864679433,5.45121197838037,2.89841516436298
8.26013908359037,3.61283827719656,4.8407288845437,3.03666030505338
6.49811152888529,5.65423535613686,2.9884838944507,2.80183789711889
9.33321058931256,3.95398710356415,5.16147457627738,2.62458489618402
7.33855698410718,4.80263638130346,3.01628116468041,3.57935035122528
11.3155482952879,5.15719837473383,6.74260821230111,2.29730436536772
8.03996477194269,5.58085931212816,8.52005949796935,2.39793327989846
8.53135125720681,5.62302402729066,3.63556333107822,3.42235090731602
7.93875457572652,6.21004651765489,7.81779913807645,3.22706403494073
11.0061230614835,5.21563506595735,3.7033901496017,3.07990817024372
6.73132440824395,3.09779032644228,5.51251891936311,3.1440388190842
11.1987957728431,9.01562546531742,5.2578255838933,2.60999345040066
7.68358910292957,3.60834165239654,3.64527216198461,2.9778402059662
8.68525701437533,4.24632307566672,4.25457723657911,2.787604566991
7.90096260254433,3.72667317310628,4.36061040420765,3.21188018213608
8.14728364999556,5.98025221556258,3.03612915628209,2.49154529238328
10.6043176303245,3.88596308954502,11.3289879980077,2.05854806827196
9.29291620863687,4.35750229207677,8.30635944470868,1.96943076299655
6.52063321651278,5.18805191647347,11.9874704638297,2.92006869034583
6.08330773415476,5.77827411238334,11.6904158137318,2.60182387224222
9.37142952669729,4.80479943400805,6.15195439785825,2.80192132249795
9.12324092987985,4.92649007265048,4.98889378301513,2.99245577017876
6.81731328450343,5.63667566634834,6.23088147207011,2.845691134784
13.719130504387,3.14254894968129,3.98806742975391,2.35541728004151
10.5213768898771,3.74246123226907,4.13511695741734,2.29227371578476
7.8094490665312,4.3248484538163,5.33460603260426,2.56754837159218
8.84632031441636,5.22331237239846,5.17593017008484,2.51350150595268
8.54834308677647,4.42756122730481,7.83758142559696,2.77099667755847
6.57123525328044,5.88985619261111,4.00631992547802,3.24390818194758
9.83653511220363,4.76007267526145,5.49830104613952,1.92892393387031
6.37742639942107,6.2142920122144,4.6868056471674,3.51734369304439
6.51755883335619,5.08501059979551,7.71769218075682,3.92949734091845
11.8743933924911,4.45792855051709,6.93168809329643,2.08755640122036
5.71061789425084,5.05203651049391,4.93396155752716,3.59834730231312
11.5228928935482,4.84188483098731,5.34068334002418,2.50425857564862
11.0343295108896,5.00774825797705,5.74847837672517,2.42149575588653
10.1347768731515,5.37265888892455,7.4450334445126,2.13869834815826
10.10542383776,6.00738961018649,8.41587444747618,3.08054532302029
8.37532473609406,4.05009379468879,4.00285960995835,2.51908701487522
9.87757923593402,5.762366919767,2.97082826012235,3.29619761445458
9.73456538963474,4.70285799503986,11.1814207365916,2.16033794717413
5.61107498930308,4.79906824387724,4.41080996180234,2.71092948460654
18.2608156044323,6.21406459405879,5.24352107881127,3.67642189878235
5.42513928045878,4.26491021206675,4.1368842989499,2.45907615200541
11.4073507885405,5.30610489568887,5.3515537633766,2.43163595572601
11.5955151267697,5.29890083790556,5.88133851974569,2.3818075641633
8.10688687023639,5.5861598678111,6.82392808050091,1.92711408050838
10.18859201576,5.09441162603271,4.51896338397289,3.75221069494964
6.85844383337989,6.40174413986822,4.60604109796463,2.06641187324336
8.76255046387795,6.61674721152791,3.60658424422287,2.04963760472492
9.47756476773877,4.21347749672381,3.44422595105381,2.74982498188487
8.68086274216859,4.89242548006281,14.7514614193352,3.07732401751362
8.9905153770572,5.68120962962319,2.02795257619512,2.64452199513537
10.4589386364715,5.00627639145217,9.96900577798269,2.77743710978676
6.66495802661917,5.13168726604312,3.57641258036317,2.65208161766262
8.17243998651106,7.40582300601092,4.27604831604453,2.43097640726894
6.25292597103024,4.16158109426159,4.22330850817742,3.80036382943911
8.63668974950715,4.44010702208997,3.11636090925271,3.03604249520762
10.6180356413601,6.99751222009698,4.26667167764175,2.46039527106147
9.22305214984031,4.241538136975,6.50859611760721,3.15507527411865
9.36120513229888,5.75629414452384,5.07167646520389,2.30895393403253
5.96991968772906,6.1946410974932,4.9346913657443,2.31966255564515
7.36645970906966,5.38301891371316,7.49072483357397,2.59505666728029
8.50282792303841,4.2437101765926,3.79791203987946,2.62442004795306
13.8924276092963,6.56410573911431,8.48021423543793,2.91532581417474
6.42671786349268,3.29371839772631,2.94079751933648,4.08053880886313
6.74500931524623,5.16041672686678,8.65373349078528,3.34543482771042
7.30619517744418,5.6394595795437,15.9116746902499,2.57920961386596
8.95714412366239,5.29266753972874,10.5422613084105,2.17614332589372
8.24984718287426,4.93581651122309,4.07520424729669,2.82097163183049
9.22221715699851,4.77765952341107,9.09013440814002,3.763326237295
10.4938960569902,5.35392718393244,2.9440779189499,2.39953231758969
8.77729415587205,4.37618897633338,2.87131804944181,2.9793437724256
9.97580110903641,5.38447942006187,6.73553343406466,2.12107133784297
7.62814122479389,4.91349350213353,6.40039032225796,2.94577792215996
14.0452177624638,4.96801183277501,5.56152928946875,3.47483098474248
8.49962368995817,6.24614729628747,4.40458983494709,2.94690663892183
8.51520481969178,4.99973665144318,4.64075306052982,2.58385824733264
7.81492604045858,5.11383859130723,7.52989279830638,2.84238525026209
8.351181652706,6.10216032840777,10.5966065906674,3.24292721915493
9.23058703127873,6.17367165681072,11.7829700465072,3.08910258644959
17.2780662755126,3.72264158615242,6.90919745055215,2.94593330245497
8.10987207471415,5.56136623151431,4.2650679005922,2.24196309669614
19.6079964404768,2.94639988947287,8.2799425687657,3.2250381071483
12.6900828751059,3.08692684501583,11.9757623130926,1.71426852799007
12.1535410664584,3.17853999405184,12.7434460709322,1.59387600536366
7.0104640600746,4.82839913848449,5.97773004582645,3.6696230922986
8.98278623103551,5.0585491697413,6.41419044021405,3.27240638579855
8.87629893637282,5.74113232164899,6.32527130193062,2.35695267194139
10.2701373803223,5.59644146278108,6.93132462587281,2.80442191153083
9.90227674611983,5.49714143774169,7.04766753383799,2.88393819293682
6.78738089924991,4.3770819402357,4.6605183494848,2.13932176092581
12.7606770172325,7.34110757970253,6.69834339085787,3.57884506202731
8.75478286843344,5.47142899112171,8.61190732797842,2.98370061251876
8.63069806315169,5.18387231911252,7.28245201915581,2.95630166356692
8.1890210611222,5.93119588664688,4.16811604742486,2.93953392090771
11.158710603812,4.61508579322876,4.43837537455035,2.25784479696488
6.37637497665711,6.5235790423028,9.15551908323349,3.02860114479095
5.90399366330659,7.64939492944765,4.335224135269,3.09130542726949
6.38051995345214,7.31630906779555,5.51861376714686,3.0395846605024
15.3957784455405,3.96916117180872,3.45514861475727,3.4208210857606
10.4267568947387,4.27353710970927,5.6007957338384,2.55068402713383
8.02947384752113,5.89339904328314,5.54231264133318,3.13973636939217
14.1565479542835,6.27189676552459,7.26876723514759,2.17692458081333
6.21371221437505,4.77930569610085,5.81829110293806,3.04755757229065
7.62331168927822,4.15603168585115,2.98310696875552,3.52694787290086
11.0365433486284,6.71845147746621,6.13628417837307,2.031210791908
10.8806749063539,4.81911738049575,2.81231839212849,2.49497714676374
9.54798342171264,5.38992689298514,10.8764926930493,3.47745177032571
9.55048478157332,4.71144813294596,9.54258789152132,3.1891957978042
10.1714526546151,6.58499190414273,4.70567119755432,2.65652991912613
9.30791725538475,4.17359461088817,3.87777452196094,2.9395482263428
9.89469431016802,4.96919263175418,5.26339776771989,2.46552626274406
9.16399960137305,6.04959906034337,8.13768167394312,2.66009553426312
8.06587034356726,4.3820124446262,3.29177297093749,2.30401428281084
8.35317495337728,5.16469938958828,10.4352834145064,2.81566302904135
9.07701634400865,5.85623187833395,3.44224927778524,3.58306853621993
7.9053325066517,5.2271613714461,6.21034454236066,2.70838247961321
14.255494938049,5.75849319502135,4.59826991256781,2.44147143767262
4.99505354173901,5.36056236954485,5.7241258737022,2.75183291519606
24.8791229553476,5.26687088225173,6.65624926612785,3.62302853647518
17.7320580255862,4.6550042605205,3.10841789386218,3.01027205510997
4.88616337852799,4.02089942634019,11.16572155018,2.70855779318652
8.46591378409806,5.69612144337334,11.3690689703508,2.85549817606626
6.38539988237459,4.75731009674736,4.32453510940063,2.33475790354039
13.6773383271625,6.64974409605609,5.28556826617874,3.57657940274613
6.7175203225159,4.7530275257282,6.02065018790897,2.34078006165899
10.8238314081149,5.00201815984859,4.1001257679671,3.2448561068272
10.3176322901992,4.89374558432511,4.26101793293714,5.5515524844616
17.9066798134145,7.43178354546329,4.51315915705006,3.35446184120019
6.21182574499837,3.77027137293913,4.84052911319435,2.76307591082724
11.1518466392105,5.91031160154679,5.13646345664843,3.36442257348823
8.10865892097466,4.20754787369579,7.16608430892594,2.63198095221862
8.69858381782534,6.44035177443145,3.30563752639185,2.51167224140177
6.80050910764412,4.99483824658286,11.6615758933825,3.09552634685225
8.79272957979821,4.05487646230069,2.84116484799406,2.56508994784477
9.84859602960987,5.62247663167533,9.51843103313644,3.14508123586301
7.44962508102316,5.40610664784709,4.57228209152489,2.76668459366758
9.68455035914138,6.52249921934771,6.33888238827206,2.57987278363595
5.38015927380543,5.71153221790268,6.06925218245864,2.68781611012149
9.25185281960495,4.37090374463371,11.5455985047712,2.94107123793437
8.0399357159013,3.46769410136317,5.86742410385639,3.62001215460456
7.23099220847603,6.30840537418956,6.38240219958176,2.57847319420804
8.07422710931325,4.15746072369789,4.33807631576515,2.8155073887496
8.31264971531222,8.54819764173313,5.28891829405965,3.07582422325297
8.49113266716974,8.96868469593607,2.70271785238944,3.4074887116822
6.72031425265488,3.34098424617237,8.88580692536407,2.38927292228759
11.5023854098835,9.56452498060029,2.10308421120294,3.42260726647286
8.65415201160815,3.63924680745524,13.282610509774,2.53374241030034
11.3903561223214,6.1013814314874,2.03071526770129,2.96393624169051
6.99892428706464,4.56503432904622,9.94411906220091,2.71645466697627
8.64671477815387,5.54566563901611,5.2587286004421,2.96410099684612
9.89950036977362,5.41985486032336,3.10547378747995,2.68453187680035
9.07753203935602,5.83900413969523,3.23005718918027,2.72633862102266
8.46609934367893,5.2860072556959,3.02666848527319,2.59817424050735
7.88128102725769,5.0732600961782,7.48844909831513,2.40994079331059
7.58106378097971,5.74579453374699,7.75489565853667,2.71359668060638
8.11370335424947,4.12559152648954,7.47843679606361,3.21274314049716
11.7651604312616,7.57471948145198,5.88025808965979,2.32024325503669
8.30722943734995,5.44122958102786,4.41199866238901,2.6541504246606
12.1886085758243,4.49436413939726,5.53651561295785,3.23319959348735
6.77544943894983,6.16217554309986,4.59439409565448,2.52846947489817
8.77634171568893,4.65190027518693,3.50247938498626,2.81584088025951
11.0982621910572,5.36586131914321,5.83907753174832,2.48653668781537
11.7747443860014,5.3580807454872,5.05325833707492,2.27044587272739
8.64894692285511,3.63492206929835,5.16179139519817,3.35616187718184
8.79482717115309,5.45395840562406,5.86203778000942,2.43941143866749
10.4059069123094,3.92922710261564,3.87424966946262,2.51681721075923
5.67611478180744,6.6275669650211,7.34770290937476,2.79352037197472
12.2522858415009,4.3677802800966,3.76157409599348,2.97544025521831
6.15294960160848,7.17389426487363,5.07142088359667,2.39928264035852
9.73592360060655,6.62887710422293,3.55036285427479,2.50029533338829
8.68438564741457,4.74873903166254,6.33099611947631,3.0332371885136
7.12607454039218,5.8583044376503,6.04168614890022,3.62825493727604
12.1178392474617,4.01160935016577,3.75621307292664,2.36881132738356
7.51500344139036,4.75370234532839,4.94638755538179,2.69642485329845
9.50805355601715,4.44142491402277,6.38138395034748,2.03311605326082
9.37826954829601,7.27929279201779,5.23492732098742,3.85859716686868
16.1662328684973,7.71465265120876,7.40590320230205,4.0916330825829
5.3678102395699,4.77038693627503,4.12144538995493,2.02914516320198
12.2179339226648,5.0355258499266,7.77281625419611,3.67786040655374
9.49430144257202,7.12854202331983,7.26259222591229,3.14189473801142
6.51022236267201,5.84752947073875,9.21790592945561,2.47502613032724
12.2706495844056,5.40288576992068,15.2022115051677,2.47828334720388
5.3654076258066,3.97503126342389,2.94720405705611,2.91230988990934
18.9619374289083,7.34460571318476,9.37440890627425,2.3442426777772
9.92356830470207,5.53271631261868,4.11882450357199,1.90700448638359
6.00192281533162,4.57569706950908,2.31682962937932,4.72958191050256
8.01024969255264,4.38518713141323,4.27414981244164,2.2858607896211
8.85449123028197,4.08545438675797,4.40681014407832,2.38163351915723
10.6202196426633,5.22948434453393,4.10401749638837,3.31534716289034
7.99561542955039,4.61401612369098,6.16725433738593,2.6638662217752
7.77767873140661,5.66476115805965,10.7878782547821,1.81299127988538
9.68716116461182,4.56689698195776,6.00950069021917,4.25179374553938
4.4218992271134,6.04907977464995,13.2785026105497,3.50966593810661
8.10519202294012,4.41948215115626,5.57962479598293,3.364430801945
7.44691928737458,4.75620260621235,6.5616794626245,3.35220464323429
10.5317269691477,6.59842758629424,5.87890096837213,2.78163160642442
8.5407279072914,4.99546163553413,7.25856912060893,2.10075597368666
6.53918211614867,5.77997453080482,7.37236305908235,1.92792556510143
11.2971556965898,5.82257528121366,3.3859196595955,2.94847906164511
8.77715831728373,4.25216036942895,8.85111608441597,2.47042145714129
8.24135119243962,5.67877096317368,5.0840193089844,2.77032546954096
6.73500085974984,6.06184740022156,3.42091172476374,2.58488298678681
7.77142074160661,4.60161227864787,3.68674816053463,2.91559715506632
8.78516731433383,4.42841803551868,3.54518961619365,2.94152110083122
8.89127062270994,6.16940699749557,6.93304771185643,2.51278161519198
17.5873426283068,4.38729114411485,3.77296248229193,2.86879630320275
5.45175392647285,5.62695084236489,8.03291054692729,2.48995691883142
11.6182922400347,5.5282606054335,4.17168682161325,3.11261433843749
8.06946577220525,6.07027502892124,3.23326417916313,3.58483529552137
9.48727573867355,6.27352589051594,4.52298003232665,2.31286858126333
6.76790663269106,4.55203157911073,6.42069501699479,3.06089236671712
7.86733642793588,5.36743905865893,3.21186946070273,2.72791619988998
7.57048822136529,5.2687669880329,7.37812110192189,2.51224135272375
8.92985655881226,4.21170483763666,4.44997839518363,3.61927613302291
7.62321004286513,6.97318482729382,4.18339428697581,3.87725274489216
8.22399037464722,4.26257309108388,5.94717049293014,2.40024226450813
6.44217238677041,7.4147329963635,4.52110160165797,2.69235576071213
11.3709297837983,5.0866484811274,9.05716790168543,2.84500378976982
6.53339352903698,4.85841433482321,15.4788612857644,3.06967449463734
6.07267858561664,7.31846433902137,7.60640905212758,2.95017877027164
6.41997645322539,5.47381767563452,9.29710183054263,2.69414067785384
7.64018851479563,5.65364279366598,15.8212706460935,2.614918206582
8.90970304788524,3.79498330506045,4.333267835598,2.58345185538419
10.8520411101967,7.09474422524337,5.0420093444302,2.95842304184742
9.00073622198883,3.24763858605094,9.22400096292305,3.09945349074736
10.5849548335248,6.07401232799175,8.21672240949852,3.25195541803401
10.0211229352621,5.80458620401279,5.3442895480853,2.96573299374574
8.92722740480678,4.62967668657099,4.17778839713348,2.31131356302629
9.98262390435592,3.91494149191454,2.08498070209655,2.66876268382088
8.55536276934169,6.07912970196821,19.6118988286975,2.48975378868376
7.30950979081875,6.35004292555186,9.35809260866679,2.24877378710098
11.7999344825527,4.62764212318845,3.46337727146108,1.85049329462967
10.9367154547708,5.28572357684792,5.01148534212672,4.07939885956509
9.13375312172468,6.71502142607907,5.95518202239186,2.9612219521426
7.99072339238252,4.11446512291873,5.5557052248122,2.81826434205116
10.3494632374588,5.19108785710425,6.92334476487354,3.01976061410565
9.56156387253476,5.5057427752276,4.7297617111135,2.56224424110608
6.44901384799435,5.32331100802001,6.36650043046828,3.41379681571621
9.24137336261627,5.02335851604815,4.12183637406697,2.73574723377918
5.66018801551017,4.78637834872538,3.58195665330457,1.84247059811694
11.2818697521878,4.06764231310418,5.55466754578061,4.64246170367624
7.03202743138156,4.89796364530288,3.66257046708502,2.5317071647479
11.8803878263711,5.42985746955464,8.10343106167577,2.02889744237412
11.274420906291,5.92346445403164,2.37483417267399,2.58735637834499
8.11586042142832,4.35286896042336,2.2602448487705,3.00344841560894
9.44288653069425,4.83585440394032,5.63312137070043,2.52819996416906
8.74535336217574,4.75534911305663,6.17783173888698,2.45491713896691
12.186349834199,4.04904368617411,5.77744126602985,2.82066750018043
11.6827654630658,4.39652526424445,7.84712047355344,3.02071679610339
8.72259250383995,5.92889745205125,2.92051157597962,3.08856451395868
11.6751395591921,6.39099015990342,10.0879374159855,2.71541517543858
8.49796580097806,4.55753737767956,3.16999096151492,2.52521416553504
7.84113557851737,4.29199732254808,3.44236819453384,3.69202754428706
6.94614531777582,4.26190621859041,10.1434465419471,2.34668675130365
9.77498805683602,8.00921885215118,2.70828516992211,3.29305692875591
7.46936688660341,3.26402240413629,8.93544316406495,3.3076394566318
10.578003198846,8.19875014931913,1.65196827846446,2.20048322007218
9.80965033053227,4.31420175467803,3.6709648765969,3.95530626006491
10.1200117869297,7.08039555535826,7.18737659044114,2.24216652526264
5.65367656730758,5.3022745395071,4.02660533680827,3.36731839711446
5.25686131716266,5.20787915573986,3.66642012338117,3.56816181521328
9.37547203155913,3.54684932578609,6.19227881304198,2.48332907482057
11.1285424319789,3.69014890496972,8.86068214722665,2.26120432742553
8.3460498084733,6.70827425289436,3.50753317816749,2.72021658318079
9.38161290289572,4.36511882433179,7.2739582175836,2.82326273135352
8.72583001063683,6.57991463468351,3.11098366908083,2.52853467074267
11.7921869423182,5.59410232841243,9.7464210167882,2.80356436194067
5.99035651366302,4.99641732365276,3.8575095499697,2.72904963117593
9.64821264680878,6.17052941774859,6.75979809245312,3.22904476881477
6.36280061282196,5.54599904555969,7.99010394629829,2.96934270507959
13.6268644596007,4.3265140953731,5.33683466587382,2.70878300237691
8.93447566939332,6.07535733287573,6.22006972589155,3.86211045902993
6.28735743993573,5.41623793041006,5.08235677087504,3.73579926916109
8.5948034737363,5.40796449036338,8.58163951665244,2.45490861453259
12.8067320827378,5.01951891178644,2.62044193923966,2.27531597015875
5.84282614177254,4.75617237397978,4.04416987348448,2.39740998229589
6.32475180096979,4.77390251371012,4.87889362372301,2.45388222110849
8.24953548031899,6.56744766380745,3.33516281149705,3.27349678763294
10.4471107524821,6.59091427559809,8.72957780253229,3.11580727812144
12.4083437129675,4.48019353763821,7.03669854731906,2.26532258331145
5.33031301394417,4.72687867382586,14.0287182360159,3.04710123910002
10.7085941189685,6.12162517793955,2.24123991468389,2.82387970393183
5.21108344725438,4.70046609521472,15.7760364769314,2.95923588233906
10.6512369768287,7.04425255134327,5.44272701820111,2.56208967074126
9.39675493056205,8.37835922710404,8.1733126316739,3.17923959006372
7.19158751825199,3.15202214764984,3.45291267328268,2.27775283781345
7.68782842480269,8.09996116915053,4.52338000866674,2.31165614782739
7.30827260856854,6.4082337178748,3.56019455924742,2.9877367135341
9.27277414275582,4.51562121702134,6.10205243273408,2.62869983107334
7.29272129431257,7.61468201592266,4.37994469693332,4.32445230030755
7.70290288882218,6.74837548803175,3.33209515142778,2.83919815941901
6.01447781539772,4.45412337277776,4.0053326631737,2.52063352101144
12.8637031212072,5.05763629817335,6.49696206203491,2.61051240791542
5.29054056103301,4.92631207913229,4.21675535144979,3.56399894102219
13.7860550756136,6.75602698604544,4.28807226290726,3.97924583126768
9.38888897457704,5.1595936388431,4.29825120999167,2.93971627513414
8.33931021387032,4.50140452213652,3.22311041111431,2.60811668800539
8.05068303360078,6.69415851111808,3.61452186789646,2.41787553638984
9.41323187248335,3.97201338923283,8.92988969202576,3.25044682503982
7.44248530630183,5.71586118175384,5.35478719787635,2.11263576556969
11.7801171754144,4.69469658528593,5.73680322205368,3.74841341982357
9.93315352806838,4.84605190232827,5.65291891722198,3.51666237471959
7.13046881703762,5.8325874069003,9.45619646474132,3.30018868319002
7.38661793224989,5.12530830810878,7.53305030230046,1.85965544461706
10.7169031591106,5.04051304203656,3.80969264853182,3.08454683398448
6.52246874624144,4.65739715273108,6.4796117019368,2.11104307295953
13.8858987514023,4.14896223769275,2.64518569264016,3.19329875687161
6.01870972398722,6.84263791224212,18.7327467692769,2.50713363618359
10.8222009199046,4.13151973059934,5.67671314840867,2.80753453478018
16.2061494036192,3.89971917819798,3.91423551348931,2.48189834733942
6.06131980104208,4.11047702739328,10.8101079325802,1.80535525008475
9.62324308266167,4.77356094570263,1.81295611623736,3.50468909182645
5.37608474155772,5.12610055593672,6.39808940252791,3.06725538332877
18.1137566475938,4.44362712852157,6.61694504668221,2.65942281241102
14.0626067210055,3.90326238716946,5.5034822930847,1.91059249468885
11.8635951541708,5.69201724038768,16.6141984689551,3.66347542516598
8.12354169901703,6.13893260640757,36.9128086528938,3.60150135876967
6.69475134662866,5.10879913511447,14.9669131936193,3.28101525292557
7.62546112273304,5.23061111304669,15.1511891562259,2.92496519767409
7.32592460717709,5.41413576985727,1.99454922682501,1.78954825987789
8.7609667052062,6.21633923825689,2.99927320973639,2.51525611994386
7.81761053050547,3.5488427751702,7.91995219638158,2.99302228273538
7.46370669846157,4.15061927260518,5.34762436182544,2.85870212807089
8.34094231347384,4.1209560816692,5.17950941203849,2.79742243066655
9.69177495517288,4.09957670745664,5.261714678707,3.21908946551298
9.18819183513979,4.30875948991472,3.17610860330519,3.05469662025219
13.2393821999142,4.47929489635911,2.78218638110538,3.80583351481494
6.839632307831,5.82788762755813,8.20808359285463,2.20501794224544
6.05768139898808,6.01297884032084,9.92821326340576,1.83102079894181
9.26553355206635,5.27419864956599,2.18196456912312,3.00133485220252
8.83568176887443,5.45327091004931,6.62570307581895,2.52195432617855
9.49624807697859,4.71236711965418,4.80461880899825,3.06078948091586
6.74414359689113,4.17609971535299,3.45121851797691,2.19617923659471
9.99942109796518,5.42488499028822,4.6216029079369,2.7462841965464
12.3247781277579,4.66883762699005,7.63068204521099,2.79789121257764
7.08172141289626,3.99339240707625,3.41453886988317,2.93349599427621
7.49619213675744,6.34155586213012,12.2824681722383,2.72401964103745
12.9060283814427,4.02876556091015,2.10484397943482,3.91203021300717
6.02129427384467,5.89899341586689,8.50239542120088,2.89187559780656
13.8349400158981,5.07352353638235,3.86000175993415,2.65113578120072
8.03585529228939,6.58949926382824,4.14995849083668,5.1739881342199
12.1124802169062,5.21706928238526,8.25193121124873,1.78875363648975
7.24307317617595,5.1948304432522,3.51370712363276,4.34559202829637
7.16905542780079,3.95429050561033,2.69003693300492,4.49295197058431
9.65768101795592,6.35750894696583,6.91349683054317,2.42412827490994
7.42648560805989,4.69001178138711,3.88521636248957,2.36100523491532
11.0087942423177,3.61777579331044,5.44367506385525,2.31668511541397
9.92741013233996,6.33645751723133,3.06623139578923,1.79472546239705
7.91095835798646,5.65940882662189,9.49586863064626,3.25474391408407
11.4579379459716,5.33568537011276,10.1847210603996,2.21485351239292
6.44308731482818,4.91442391852881,3.79443034989072,3.0061260304236
6.50408910496246,5.20777202408024,4.33564454570989,2.57990858467071
9.5294664201929,7.91331755438897,3.30385003304276,2.2043939460088
10.4031693937629,3.93344237697202,5.18940451937107,2.76710996586454
7.46855247864606,6.07205670360761,5.49264184436828,2.94353197665863
8.9797101315071,4.14427723324923,4.28985983539232,3.0624094730896
6.53463773274355,5.32588231641447,5.51915438572518,2.14986146694685
12.5735445493318,4.27991569831348,3.06222423600945,3.85609662592595
16.4993801772202,3.77114179404014,7.75850753964468,2.79138278068907
8.23488173224642,3.78494260219319,7.21451775206728,3.69373048762446
5.54971721480487,5.39112352441387,3.79454211671105,3.4218412908526
9.2536510224108,5.88991523750752,6.79312628604829,3.3262881944078
7.29074394635252,7.24873508334309,4.65526158805066,2.27763418180015
11.1699608969419,4.82693929669063,4.94119289580421,3.10151710366428
6.43639228116028,6.10174081659918,7.09323980010387,3.41980538071621
10.7818054212513,4.86713034349728,5.5333196461137,1.94830784292157
7.43889312217191,5.09347099956663,3.86161729539614,3.36862413607609
14.4786121685067,5.13555266568022,4.4334233287432,3.03251931567913
13.9025285232761,4.47354678633118,3.97946809654542,3.06832357841485
8.93345118213723,4.67452375011672,4.86011149726276,2.77482502508282
9.77336495466588,5.90277082168815,6.48254567111234,2.49886395159749
6.79078333478959,5.39987391487477,15.1843031436198,3.38225943437795
10.9964155166018,6.8788955034109,20.2797473935937,3.03425344420382
8.32865977529036,5.67316068998834,42.0043377928275,3.15103460857711
10.8969421351534,5.80676534233674,9.19144006965356,3.05092514171515
5.93766560824439,4.99136714185284,2.58498274861853,3.35927549123396
8.13518125357627,4.13277312601305,7.42662320910705,1.88814431271859
10.5976179091299,6.55374181033129,3.45431921975072,2.97096127311171
10.4899929572601,6.1216461732337,3.11573106784353,2.89135143566991
7.83221602665805,4.42974497180291,7.31227653878845,4.09480635700577
6.94977663950402,5.07087892190453,2.95748817515205,5.28592584806972
8.04429843089753,4.60448010402835,8.58681719532815,1.87479344446881
5.48496740762245,5.0489447682632,7.73765875123533,2.29247078088679
7.05926243741807,3.72501547120901,10.25791297978,2.99950845864445
8.15336769612711,7.51167653455523,6.17231811535211,2.05509423619289
13.7154198665542,6.96999392811469,7.8529963899645,2.50751113041647
9.63182322999877,6.56222100296183,2.81973821693605,2.32633362504658
6.96613953526855,3.90409233054019,7.18416669258779,2.6567900918109
10.2799608339052,6.52983845945767,4.87703774712242,2.34738904188328
6.77307278112184,5.25604272333478,5.81843027031735,2.98775680229179
9.12147760392672,5.36097958758826,5.35428635044388,2.72894914328673
10.6361324519037,4.73000768036232,3.57915944511914,2.131435301085
13.6399556551955,5.07902271823749,12.6247658564441,2.70432898927295
5.35523863956443,7.15224793902767,8.16845587411151,2.0187475631669
9.048660752121,5.78672378104463,6.72676256810999,2.34347688464334
6.96940634125789,4.00473538801017,3.65135903631264,1.79541450236455
13.9343208494075,5.05710092080042,7.81674079729654,1.97589699864305
7.46411831396161,5.67687864451979,3.4207397555406,3.40068126117159
7.44313770709554,5.86299983504118,2.860341041186,3.46387093751363
10.636281720485,3.70833275392919,9.94057037043503,2.77578361270578
9.42611140864292,7.84627483299652,3.75572093335206,2.07828596537621
9.35073207122727,3.87250057593229,6.20243714895538,3.23941733642367
6.74515296615413,4.76630750517567,4.80430375877993,3.69605651821351
13.1085100359977,6.65151524651626,4.80271776219731,2.13548732478453
5.91160772432072,3.90987100575611,5.95398889740267,3.76130913683351
12.949609839078,5.47572308060789,3.6172752551642,2.06670222013072
13.1464024873086,5.22502175734328,4.39078425767461,2.05901198045881
12.5571520630357,4.65530319791729,4.49411657149459,1.59026907778167
6.2116850575986,5.54923345271721,4.34991229223904,3.6965751416719
11.5336214358276,4.19227302153908,5.45551829720116,2.2045988073809
9.27125685521421,5.19517107822088,5.32033989071326,2.56615279682043
8.80402739321677,4.30728188372887,7.48569077034251,2.57588914475986
9.69727072104941,3.08360166250502,8.28347618278184,2.97554318962262
9.13907154788249,5.39350410668314,5.00560441279298,2.63917487957947
21.8023215889366,4.31365444614831,3.13496391578621,2.26808436881192
6.86920988432164,5.49792121613578,6.56063199365078,3.03534279334576
8.16847814261956,6.85997758081338,4.98635989066642,3.5826114146351
8.73378391063851,4.54087339148621,8.67811650693728,2.43264808672017
8.022058475513,5.65508321990245,7.5658679365388,2.95530133274301
7.77700539270882,4.8728126494415,6.99024616779761,2.75230921248628
7.32287148595215,4.80986213450338,4.1090234532407,3.22374869727193
6.85153235670482,6.23046713549724,2.69496512737213,2.88915854035182
10.9041333022382,5.46482709395184,8.9664589099093,2.92560236810701
9.29911357988285,6.7151170423815,4.58610803895745,2.95133010336102
6.08309844901855,4.55938959280054,5.52362144799389,2.04525196769204
14.6926814976597,4.3453439995204,4.68170594085582,2.72858226667551
6.1026314979498,4.95655215578025,4.13819441217612,2.82147904241291
7.71274263292702,6.3416475791209,4.7740334285874,2.67648724954918
10.7028668375866,4.89482648133595,5.66727408765581,3.22509866063927
11.5542519843711,4.97714407865669,5.26311690605276,3.82579901703475
8.49378925804476,4.85634908865224,3.52274375795646,1.94533064470346
8.14595069518543,5.18375765946651,5.96381355619656,2.91723655106695
9.29181368789448,5.09911905625657,5.32442265887267,2.6814300588561
16.4539993951314,5.36496934201083,6.52590917695568,2.66496356502599
5.66870186244529,4.78722827513903,4.12554758021369,2.56895527746912
14.6218263992569,5.17020214146126,5.802730812111,3.0616597482169
13.522019811716,4.77052875218598,10.5798497406375,3.11590562710222
5.37744617825041,4.27455672360509,4.03002833734267,2.41990356996237
17.7536008846288,5.98063338074187,5.01174031559562,2.56272888663524
5.3833720170489,4.02302791321377,4.85347103021732,2.38696171849676
6.98575994033915,3.68544007220373,7.16734436137551,2.56212856289693
14.0463369638579,4.56744891746906,7.10475127871137,2.1831956697653
8.31187426047181,3.59373282851238,7.73140599131578,3.11088247199346
16.2348790238364,6.88995375372288,3.06961359934825,2.79879900825864
9.39473958595739,3.0358969257656,5.75384485516815,1.85341641012772
5.31778427912133,5.48302926862226,2.52198759437736,3.4783317730014
4.17289100482622,4.65935207614518,5.72896204622152,2.9153057819201
4.81156473527202,3.84110000431355,5.37307586875024,3.54490060118241
22.6251730414303,7.03431235038519,7.32924597503879,2.3437225633559
7.93643893201643,3.71217058741549,4.65353408429183,3.1701268019173
11.8104315709307,5.103657131851,2.89692884524362,2.36002176837579
14.0008230547875,4.45553320160832,6.13879801649665,2.04054548321288
6.0672839056595,5.05784021454546,3.48842782779244,3.39720898121383
11.644927709655,4.81575504260891,10.6480626545147,2.97051331090008
16.0900555310852,3.13413958757509,6.9099244298514,4.09772736640932
6.77638328465451,8.27789334231693,4.01877039897953,1.96611635266601
9.950237851615,3.28350326147952,5.85139417479776,3.02245301298126
9.65756389868779,8.44298271053603,3.67775441453209,2.12038004405151
7.02158320049637,2.89941570981428,6.54729167270492,4.25798119861656
9.21007070507389,6.74515179501304,2.30796888701096,2.69618312273165
9.59560439239131,6.38942332781342,5.38421165977393,3.36910059738406
8.80759140109231,3.85239461567317,2.571137660836,2.46495864967132
12.0766761951316,6.8262383549003,10.3340028194656,2.61737753953211
5.48803282101134,4.19936240635777,4.03462392968422,2.67416031484758
9.66066444098812,6.31204979735871,5.81353536079609,2.42427698882734
8.82810580413337,6.00673864554527,7.33166198281841,1.90243182587589
9.69672138942233,4.76160510688518,8.0182346284955,3.33174127299122
7.37688894717518,5.37890794604766,6.28856865624281,4.45385098890359
12.0310694464523,4.65306038804103,5.13408897358153,2.00256967154426
10.2030195800624,5.00230141332282,5.81806937017333,3.07778792046187
10.2813178010762,5.49867317785252,4.90421793820613,2.76759940053361
6.76607977236861,6.09748778239472,7.39464671841849,2.92093021937313
11.058409711793,4.87512981658155,4.23557463116255,3.05171766641329
9.63003850278867,6.976473564114,4.55407375989429,3.08147941833708
11.0199727143384,4.16687481022359,4.72460420377936,3.05861140352044
16.6010707853568,4.79028312316866,4.62125136033959,3.13985635763434
7.42853956825873,5.91076739156343,10.034238319165,3.26862707903866
7.12707423315682,3.68445419648918,4.23720982247023,2.14062029000949
10.4787540526715,5.07692713933073,3.50081591735943,3.23962563250204
7.38478694305516,5.40997287524096,8.22119059170671,2.63149106563396
7.25794161170964,4.69140295808776,2.59204727210825,4.00880111403637
8.03737992406252,4.91373751071408,3.38421737573118,3.04188652669026
9.5515233380496,3.74479846380302,4.60820050352116,2.7086592404211
7.40854009102206,7.13144832597276,4.98344884707901,2.78364335404172
11.9331729220478,4.52151199791315,4.00767403890165,2.78458860498302
10.1195199316774,5.41747505896832,4.7050796303451,3.26256261766455
6.57475503624243,5.02216450371958,7.06685863792907,2.55956459992396
10.0176065975811,5.79452876364139,5.95891646805164,2.41657658494143
10.0342068555221,5.2048991699021,6.81544762665735,2.8095877951761
12.4337025501834,5.42157045878338,12.1846232822577,2.48449525135279
5.84269798881073,4.92255988208114,3.34509785940328,2.31932962526902
6.33003536974139,4.98595764180979,2.64901527373469,2.50749858012247
11.0500290134427,5.38215399824515,6.93466459638475,2.28120564038735
12.2760058244527,4.76142939712043,2.87660151547215,5.81848033693752
12.0368830319266,4.88696405423053,2.73079006844321,3.78801777804819
5.33309604775299,4.22338425964763,13.9937535980067,2.31011615761973
12.1182687146811,5.23149431865942,4.6529842682977,3.02216270524277
7.22123887799297,5.19893859581557,5.31309216020683,2.6019849620566
8.745378608848,6.40446334956639,5.19732156540497,2.99069717299118
8.33826324001246,8.62118258028267,4.69060082307556,3.75649471718424
10.1003403931037,4.59745495291963,4.29910658337028,2.69609778160125
15.3150114976045,7.1289162055171,4.08877744753789,2.61397938766564
8.0139970207551,5.5248985570396,5.73988869458501,2.86871790210252
12.2729730274942,4.86912950930523,3.88342700552569,3.24984632325351
12.4934599329531,5.0079632943813,4.65612210093562,3.46088040508732
6.59850557754938,8.16181522419217,3.73519358048087,2.03054495656475
10.3313713864389,3.37900260897174,9.34453965366127,2.33405446598759
6.8049064833782,9.58126134091074,2.87458971677724,3.10045429345154
11.031781118716,2.88835563274391,6.72752488681143,1.95961887191106
8.9847459958829,4.4384948085823,5.71763473914154,1.97203322397769
4.55060374818415,4.98289801902052,6.51660533346047,1.98879355691916
20.0549531490901,5.63961724292741,5.475395156809,2.94273887600981
6.00674463168135,3.93580895180208,4.35141731706253,2.19826950464443
7.75395098707968,2.74636409760501,7.13096411506636,2.36880464331917
13.1949490847792,8.05790870509755,3.9070789037971,2.26606479464603
12.6024262866033,5.69564692636309,4.09538896065601,2.42929307792531
13.7172888229851,6.47597348027742,5.00512015274335,3.79498379603729
4.26821038939093,5.1157691805924,7.33833675438714,2.42972251692111
21.2385043813554,4.60764394948992,6.81492754973812,2.27396522690459
7.38870697068151,5.51084808820964,5.4430556085599,3.1309572888575
9.70624260832236,4.34365544138144,6.81298511121384,2.9569637366846
7.44089930865249,5.6642093810368,3.79340423403412,2.54273802511809
6.37842710827995,4.65674934163817,4.4041413805504,2.52950821564874
10.4488105084155,4.84472624157834,5.05898537304908,3.40793477782133
11.1401319085636,3.49874360019086,5.03230179557786,2.75242780072258
6.77591706238281,4.36835538331822,4.00006918994629,2.96933243462287
11.8424786879351,6.52577454478269,4.10457350405232,3.51764711981034
7.89669035965407,3.99899843668819,4.75300838400465,3.03717830345008
10.955876701951,6.77194221175143,5.71926330931272,3.25008527678226
6.88228453709925,4.43290927541278,4.5976477715161,3.09513819856484
10.5832073400913,5.42062869898875,4.45308645155931,4.47460527570079
7.0049678332751,5.67524262334513,6.20147109683865,2.32555408528147
11.4586437202034,4.72509663993733,2.74050190949157,3.08765650217542
7.8343043329718,6.04859254483223,8.67249559355278,2.14394184806325
6.78575804645706,5.28907876704324,6.71904642251081,2.27828839605717
10.7817172736509,6.07545114972003,2.70856364727766,3.61296762902837
6.90817834328745,5.1549245729171,9.76535516154736,2.44443753084638
10.6560018063906,5.83014572814505,3.96423478021908,3.05689857871786
6.25546423163822,4.87039096062352,7.60118602826739,2.38113479565932
9.12927549470602,5.91904140635713,3.61780615410471,2.40769985028415
5.65007767010058,6.08036983723426,5.46425400225936,2.11116801101698
10.5791965355568,3.63060388566011,6.13438970152474,3.12570146907262
6.66710883835006,5.75366574673772,5.33144234250249,2.87079018150737
6.79993977815955,5.53700024994157,6.12035501894549,2.69984823284291
12.4791450509149,5.7354668671056,4.54650032132687,2.39352090985858
6.70859252679,5.34841911156171,8.0457148267932,3.35136118992444
9.81366403875219,3.75982348763642,5.82084617060227,3.3230026997847
7.06358138437316,6.8323133067849,3.88020755810948,2.44990331382112
8.81623251957927,4.05290007090175,3.61359955198395,2.45262234047767
16.5325269681589,4.93004205812007,3.41459503015506,2.18664734231177
6.77190519965909,5.93596047749371,3.7624516347215,3.78518150611488
11.6055141593311,6.20943234332477,3.72326201329148,2.6968243577094
5.10231737191883,4.2173747091272,3.50518555112437,2.48284057010738
14.289729477216,4.86630366253668,6.24629062380495,2.39381931895707
5.22117403280877,4.44899666187714,4.01566653153268,3.63519253862904
5.97087772125316,4.55758591157203,8.1771010205405,2.99326085845757
4.47393928371763,5.67819561725882,3.62881203705832,2.80323180435193
15.1463306330896,4.44755442533077,3.42367693741317,2.72960951989208
5.73396588700568,6.1110108087791,5.52641918183399,2.99476038790149
9.47521242971549,6.47614987056693,4.02036833495127,3.04935890665775
6.62901717959403,5.70716469566509,4.56063867437366,2.01176715260273
13.8663086892754,5.39300524305104,3.46674531479984,3.04487947518611
6.9668316232829,4.98696069849313,6.93729622580105,2.03701157082702
12.4975575517041,5.57425939080453,5.40645214027767,4.09075080900232
6.47536414448669,4.53914628538243,6.51178978794554,1.94033588525045
9.68846265403807,5.13918037098388,6.85499183747234,2.29990485975014
16.231721762458,5.52231792716062,6.14342214455833,2.83929484155891
6.19289038306451,4.650098051238,4.69483967874713,3.00715607630695
15.5432093313096,6.28594205264039,15.0966338047073,2.73335104498136
4.58469638196203,4.42986682312855,2.66449979242663,2.7067371996512
15.0682848053696,4.69616333176278,9.3251888719627,2.66646330485386
5.1938411879211,4.60004252128249,3.70796953851089,2.48251268058271
13.9681892076944,5.25574416447595,4.92278959248591,3.383368623168
7.0630739763659,4.72371854339944,7.78034599401081,2.18720542549552
8.57829944364306,6.42492563756007,5.54363997796713,3.04812576939169
8.31768599268571,4.28821469211483,3.401745125204,1.89459890184419
15.2327457433081,5.03037338651967,6.15583218826975,2.87443724631584
10.6095816726555,4.83050431546507,4.14755161021235,2.18619635859532
7.48947806125172,4.60865581819366,6.85325888136787,2.44409360337293
9.39344927825297,5.22438007222601,3.66494310509597,3.26648690171033
12.8272067029019,3.81376218144889,6.3589244119842,2.40682049972397
11.5626757619189,4.63599530186134,4.373228908798,2.49619763187011
8.84758059409785,5.1210756859442,5.57566800781602,2.67458288277591
6.74677313126227,4.56050167294729,6.8422404606611,2.45346028804101
6.81821838508222,4.86174500344055,2.80183000728334,2.52803099825176
12.7574672373999,4.68692144849259,9.78848951192871,3.16728326119713
7.33951398852393,5.8323317175051,2.62912225420251,2.21306208013428
9.9887879328955,6.41168876304767,1.81539988587189,2.52634221855378
10.1439687939424,4.17787890242428,4.78186711443633,2.50892333173212
9.90975844958729,6.16134452409656,7.83603513515546,2.87554666508756
7.57104968509571,6.05692047921384,3.53458453644927,3.66313872583833
12.4875630467175,4.94150207066254,6.77698675821482,2.72029634470743
10.0313089587925,4.4049809600899,2.7245177814949,2.70890736720488
10.0674135480745,5.11510729668546,6.85845321609119,2.3912254548067
9.98683985144932,4.73173581895029,5.69812234919867,2.52626774498452
7.27121323101468,4.09360448049066,4.71349476865065,3.72556832920391
15.6037733518167,5.55700388086539,7.98159837230477,2.25399040239415
7.50696089189321,4.70279325330696,3.55521156869271,3.50120409002461
5.97883169264085,4.22175698087391,7.99051713163815,3.41400435317406
12.1372096884948,6.34942173960734,4.89289431003717,2.73550065443065
7.59632764675742,3.87487524172286,6.2727002543181,3.30537061144701
8.20077972594271,3.89332008789695,4.23846573383669,3.04445129121384
6.90640688066202,7.40349462871708,4.29529076245754,2.70093451865569
9.05503735514742,6.31622379793251,9.38045746933997,3.04291554245833
13.3070200746435,4.57739650954272,3.87211941977113,2.90709822385417
6.45256498038137,5.16442009737259,4.03266390680555,2.60118526084677
10.6620909855919,4.80028291257799,3.36433041245476,2.27617704273716
6.33092047415066,4.844980190098,6.30077650163383,3.08721785230982
11.08418997438,4.40694597173492,4.38680806764737,2.62677391014079
12.8850789241054,4.02217535806428,10.2025752682366,2.66856193569162
10.1519099734392,4.4438445662671,10.7578512981728,3.26166355277613
16.0042395416246,4.90758611573201,13.8142759693262,3.14625230642988
4.44185129960831,5.76600285688869,2.59713340419128,2.08534657533162
19.2901867518637,4.65772647494129,8.19299738208061,3.00853450274783
4.98724522601383,6.16935225761012,2.68214129189782,2.62584690050602
5.97344507881542,5.05666359823715,5.90982024241856,2.91394192788575
11.825977169023,6.04435524649003,7.2662111463206,2.70603355633294
5.64433018750246,4.4395248646901,2.93433142554577,2.535947484228
11.0731189871304,6.31166508509661,7.81166362272637,3.24118970593642
8.00018989696305,3.58678423039198,4.10066595350712,2.11872745913098
11.6987959272975,7.67067498631567,2.85909292988924,2.86141652123345
7.70856232109391,3.5506873385526,7.41969673899843,2.76797802259334
6.22929514354108,3.67814869330823,8.34633040947792,2.28504288962537
13.9770612019838,6.61929876844072,4.61812910670425,3.42527066448016
7.59544459413715,5.57346175839896,5.14028115227937,2.54063880167478
10.5910929607577,5.4907927329748,4.83932053056838,3.20333361376011
9.362803325429,6.52132878930118,8.99401102260751,3.01409861402955
9.17184397014539,4.75671101769419,7.4601529043623,2.80381250229213
8.25783287204371,5.64516363672053,10.1267791705479,2.2581576026867
7.69766462469192,6.08641504515552,10.7527359219397,2.18557473052293
11.1308536225469,4.15091647804469,9.87747388038532,3.5030915756056
7.6534770812908,6.80951357904826,3.77659597948085,2.26537638027207
5.88681487534737,6.26152269340168,4.49252325593011,4.34282076811875
6.48367653276017,5.15598312120814,6.43124664352223,2.74635075705181
7.735821937176,5.68278431760276,3.97697147891537,2.89409530476854
13.3872182442766,4.32094729963747,5.72416145151207,2.40394954953208
9.5134371788409,4.45183433426987,8.45846663712101,3.37865373649052
7.34633113141664,5.42552317927649,7.31795206317789,4.05065037238337
9.61689048847115,3.55251779402813,3.32098420404339,1.84356730865609
5.72553428474494,5.07540639491622,2.38742260351595,3.05255350338903
15.3122995405919,5.17133478185589,9.47781740966414,2.6335230300151
10.8530511850248,4.26213529832582,6.1916468045372,3.29189859544658
9.6560061363483,5.94838013279138,7.15245347365201,2.02885013782302
8.85169468143491,4.5344221461732,3.81261423897228,4.44300386283572
6.96523917843391,5.43751551043583,6.0769911061498,3.1066316926835
8.39713975947214,5.84983234070223,6.7773910138449,3.2319601758467
12.606892351882,4.74992333478251,2.7001236142371,4.13771417434788
7.99121818619858,4.49956918808467,3.4246614652334,3.78387673137931
5.49851721349158,3.56007330635263,5.82219342552206,2.35456389796932
12.7874778698595,4.05983624748719,11.1001141510733,4.00737683243852
10.1165569940966,8.38284329474108,3.42948524381751,3.49293284924429
8.13740332474328,3.71655941689374,9.74738585424447,3.26720165163469
9.82392801648888,6.44414743843874,3.1018232523534,2.62517139602367
7.61209479260094,3.59555756123042,5.52536249887051,2.67966779002139
10.940591010911,7.62570009035416,5.62903424066182,3.50970522422981
5.64281174284055,3.80120319447516,6.93560830838221,2.53096340520681
10.3059250376205,4.61049511365083,4.98507503644486,3.05216321736015
8.2288680455447,5.18607857322325,6.23837209430351,2.43193503173622
8.23755156175521,4.14484507311063,3.11978100049724,3.06480132350636
15.1161028313615,7.00920502231222,3.58560587619001,2.43812466672561
7.46709145230865,3.13951857148269,6.05026394357564,3.67802303283074
14.1874784092251,8.19550032234542,6.42976496311117,2.42636539988387
11.2584245705226,5.54616409481288,7.55598039524897,3.16554793538035
11.6148383800923,4.89581238878712,10.1265413558931,2.4751768692661
9.7072476827162,3.88462544011358,1.95745281397743,3.00947379760437
8.57499234210776,7.55122332523142,13.5878422572317,3.35290727795013
9.37543747279335,7.87332843752592,14.6449046531478,2.75735146200826
8.50172003008339,4.11700741210328,5.94489416242293,2.36603194656585
7.97724136766244,6.41010530004801,5.26469258390412,2.62608359645372
4.21655493193035,5.370150103451,5.0997200464921,2.78924795137017
16.720409492281,3.75146811541044,5.30680426572041,2.81594604454992
11.0674919184554,3.50788754183334,4.64013374635557,2.73899554369206
7.26351321887861,7.95792473299119,4.4858553950255,3.01838334188536
13.6913092792892,3.36002251591726,4.91733216178893,2.08378795068638
6.29338518958533,6.58723552433874,7.4930594512762,3.51734614929609
9.62067465628744,4.21231314029087,2.18861563756688,2.75521885002703
8.03446787204751,5.89497676266357,14.2629469070361,3.27860303767646
9.26263286590425,3.64196197577895,2.7841552830852,2.66362850474469
10.2466812006694,8.82200572697977,7.07866699498618,3.47174235833007
8.63552210141547,3.52149954438066,13.1858885840829,2.3308151238423
10.8453561758086,8.42207765833175,3.1380443766354,2.49982095635779
8.97963142772668,8.4941388540057,2.88184210528305,2.83975258793466
12.9709573169102,3.34962679171816,5.74916578663913,2.83604746049357
5.41055232227301,5.9792407777096,3.89210584302191,2.62653109435153
20.2045329913224,5.01648658188655,3.9808313817596,3.49801493340756
11.6909458679906,6.22146497550518,2.88585152785217,2.94532405952316
7.62855109417352,4.85257864767179,6.80680818826521,3.58847250474271
10.311809166262,6.46074147685805,3.37098904831749,2.27486141430523
6.63321750929139,5.09002105681912,8.66252412634112,3.33737728247918
7.55816239824613,5.48631965803101,13.6215040491549,3.81022524077867
10.8420290287438,4.42671239764956,4.01237675164664,2.52794643529079
7.01243433163083,6.84297941416057,2.81946241518462,2.4708493988812
8.97568941606174,5.98765603034446,8.57277442544145,2.54108935933272
13.3079709319673,6.15529355594075,7.82059166228652,2.19323082669948
9.52409196214201,6.29473763413379,3.13397086867772,2.80731001171422
6.41181077378876,4.75406420893178,5.63250283944862,3.46439929411244
13.5584496500681,5.87850745540657,4.49418334741016,2.19113045402745
7.34627254767931,5.32958753078141,6.92082941971026,3.40629021387376
8.30637730508584,5.63071608124773,5.54388257907298,3.33547166276094
10.9915651626327,4.18761664319698,5.86319911972004,2.19834986405086
8.67396921510066,5.50847871149521,3.78684883344414,2.64455532679616
10.1386438635877,4.11290657319994,11.3552213159636,2.58080248704472
8.68948068778933,7.03351307978285,2.81831771689476,2.53269257595113
13.1359765978003,3.06009961874597,2.70567269031193,3.46071611608364
7.63061671011385,8.91325098411935,5.32757406420513,2.92011629222191
7.76755787090367,4.55089364475494,4.9130397514764,2.80427355981099
7.37735750909693,4.34418770893813,4.38985062678957,2.93370981048867
12.5889145835834,7.56516793404486,4.93816808906358,3.73417171843149
7.58091781502911,3.40559975603713,6.55457464852861,2.48910008614183
6.58837096278781,4.0023809991007,8.53247824400758,1.96860960023884
8.27114327040924,5.6509220202045,7.23441771038404,2.76406012601987
7.5376783537958,4.24121266648222,2.5567281669525,2.91994558718995
8.81077770131871,4.92341202474791,7.70382365341209,3.27881792118805
5.55523725192526,5.69368572132995,9.36540238835166,3.33673128391444
9.09838045410404,5.67422276740021,6.51225748236662,2.14060415904785
8.32978781631519,6.09977594562576,6.7146273664572,1.9186927485338
9.46423680779165,4.55624394228554,4.32716871776368,2.9404273806178
11.689953115778,7.22555375661442,5.68710759782669,2.97458141507057
7.22937696411397,3.87949888694587,3.2409584290176,1.86330959417751
8.00738749042644,6.34408654242987,6.10401156908544,2.98135600341763
5.32148890085321,5.96903363004268,3.94897333987105,2.85420006469478
5.39235628456371,4.78725454618541,4.17757590468341,2.40128599768584
13.2371940183093,4.64203125598865,6.0787122310636,2.32741853512579
19.7900302578544,5.61595165237723,4.69876181271002,2.47272335585195
17.1037945615406,4.042252679738,1.94170051389153,3.8327736912546
8.37117183046349,6.84005886370351,4.32721588779781,2.9744427374033
9.19103979405534,6.89838112593853,4.75850592673047,2.84327473029775
8.52414121287391,3.43466816034197,3.55121702365973,1.99463704663238
8.3518219019221,3.92726447234237,2.58963797857296,2.59959604682738
6.60715450171579,4.86739175230361,5.93459312686044,2.50530066764869
11.4322365314339,5.36871229448953,3.14767204703278,2.93602798934489
14.5962854796215,6.29308479626686,7.87913694501427,3.51868277846932
5.99016182954849,4.20027183334966,3.56328513038822,2.33710109179656
14.5388662245293,4.28033984118182,8.65660458278695,3.88122225933112
14.5910203683096,5.61749103395907,12.9066430477285,3.53205385082753
6.83475841855476,4.48022014431672,2.97311671388114,2.29046568694619
10.0023441757841,6.53706779105581,4.93515777834519,2.26256764084637
8.17182329879471,4.2796079835875,6.73144047076565,3.43589595082774
6.01926163796815,5.58214937768672,6.25832380914628,3.07560553685289
6.6579801851381,5.54101900320165,5.080923861255,3.53562773872784
11.2877036191349,4.27203204647924,5.0670695555409,2.10073071137481
8.69985766582797,7.95990614833384,7.00234051950783,3.94089081181544
20.6066437395387,5.42824627822146,3.14238344487486,2.86061548349767
3.89378995243516,4.35561842957462,9.38124988570611,2.87047811832715
11.0068804849443,4.50004199225205,1.99131917129297,2.16206885575038
8.05036122535417,5.21202830746291,15.2646982026815,2.26139383007353
12.8671795972649,4.84393534602872,2.36139447081558,3.50974099090289
6.18108322689615,6.68981338188426,12.4248582325342,2.24888124956745
14.0578634591276,4.65002557199134,4.08389460418634,3.21488022921235
12.3272378812012,5.94320465520497,4.16241778255371,2.93960320948504
16.5089927361261,6.16470102540656,5.78575241351816,3.04874328700334
15.1148417575859,6.33929283719052,5.92748097544963,2.73096057971528
5.31339797040468,4.34863048632177,3.59336035377807,3.71443186878845
7.06639944963537,4.11191234602402,3.35024196072816,3.55787732132379
7.11596412024671,5.1200310026879,7.8631707718467,2.03458483587731
4.81497060188418,3.51408704869748,6.83228302987924,1.87929072357952
14.7570929393162,5.24693537431465,4.2963049325497,3.90643552647176
5.33203694695224,4.79954118029963,5.04616962756666,2.04582335573012
12.5979374135236,6.17603641405781,4.24079393464857,4.58782805789799
9.11098853897201,5.2813456033746,4.1190765843335,4.09734661268776
10.1110165994318,6.00948469570506,4.35931732287024,1.89651512864881
12.1195438029322,4.68447176011778,8.27533984811016,3.21081205007418
9.46935847168082,5.5251637946691,3.94711783534572,2.10845722145864
16.5573528113711,6.46364243165015,11.8668229930688,2.72213183043566
7.00302566993966,4.5603940793993,2.23331608443228,2.59738994607369
9.61283153686166,5.05711900060747,6.67543028357108,1.91188093499963
8.25377982612025,5.89127829437237,6.28358264562665,4.19135536086851
9.36898007038384,4.53000301634884,2.9471739604887,2.78068173808068
11.4263254723241,4.92612902348586,3.72601636200179,2.546911242327
8.0034815624459,4.83757405112159,4.34265040369549,2.98032072975727
9.68326798144702,5.22843430399693,5.37005416410008,2.47767957292071
9.49328027449338,4.34009931919812,5.27916640662068,2.29930685316416
9.58370897029758,5.94710670237713,6.46152106599507,2.58636988910871
8.12126434416644,4.78834182379404,3.42046905320617,2.76735439013095
9.2649584774842,4.44351135579373,7.41737418422688,2.22789659361032
9.57594678635206,6.76942395121697,6.33634713726277,3.34157249093903
9.45592029418487,5.33436967272211,5.68053791756812,2.53861740010868
8.8338494191277,5.17431318368794,5.81660951234108,3.1701269158001
10.8536875264035,4.83035268491798,6.64124008546759,2.38051188462058
7.30210873180154,5.92871260141201,5.56370901975951,2.80957371341352
10.5662965040558,4.24388536541848,8.65484358574168,2.58270278551253
9.2248818362109,3.85520330786884,3.82482061079082,2.96740122737351
6.31741087282886,5.93679353880234,6.20920120387421,2.12572285412072
12.105077877475,4.85119548582664,6.89162858030681,3.91153911617906
7.56767678155601,5.29731725229574,4.59847465652038,2.00335476422664
12.7804074677211,4.35577209083158,6.35764424242314,4.01854066538803
10.4727888497256,5.21257244457443,6.18965832145766,3.09110725861956
7.29026792724242,7.56668395874678,4.54765380214694,3.38709032978898
12.7185633621564,3.57004415128157,6.19487491362548,2.44515071715734
8.61329076186904,8.68311088959018,6.90178566529091,2.46214729935566
11.4990649670459,4.39371052314485,2.4820010908742,2.89735294950366
6.53856101454024,6.22281226803116,18.0488906575883,3.12627101782012
5.34782211119581,5.58162731916806,9.51910776154966,2.8965923790536
9.82788517362515,5.28798153124368,2.07610622357049,3.17411771690721
6.61098767241313,5.24694577504514,4.02460827488153,2.10492614030427
8.38380372750918,4.03641969344683,4.978882219495,3.57253258420678
8.96717457000584,6.1418941851182,3.77774359692329,2.17179397784426
6.42005230652882,3.71310215360731,11.2428489434206,3.21734143281086
13.0468519678843,8.71198123166777,10.1307247232108,2.72857171637551
9.66749751799214,6.42735770763399,5.57460748257585,2.46345218766625
9.29067694530209,6.93827978484145,9.21801795861204,2.12735497382693
11.8347209938117,4.15372072445797,6.39336621457788,2.69454136260815
13.8941589276042,4.87866396206845,6.47459831139205,2.73006446089015
12.223613238187,6.30092831152255,8.0045496704097,2.50538903614646
11.1771396937748,3.87770505453991,3.54587465815603,2.79500891289936
7.0912641310213,7.14549279268685,11.9863024862847,2.92176226953651
7.64252288328636,4.59005703700089,11.6503503033799,2.69384380220031
7.85774675591955,5.68183600656292,5.05477128226117,4.15261053229055
9.27787306402328,5.66722096401359,10.4765364242503,2.3010736716473
12.039740589604,5.22956671571827,5.10849841361374,2.9680196635358
10.2020164504092,4.84914106725542,5.19417759700779,2.94406838923578
8.724123208548,5.90709835441155,5.36853775378147,3.4459889729604
8.53796399332558,4.31555999965457,5.30402843733982,2.49772395365331
7.77992498622932,5.87557652404176,6.33765063585748,2.80110468688272
11.0299349635442,5.53274993851823,7.40233659125157,3.19818078572493
7.30723733417898,4.24800928009799,5.88562932872641,2.74987141211533
11.2667419543655,5.21038455955052,4.93237433863213,2.50741969258054
6.78288263385612,5.32788712595874,7.35241842769297,4.7859701946312
11.7979874715863,6.05719344096278,4.47090571327724,1.64604161850805
9.74461599832279,4.97026584609406,6.65085453439935,4.26053009152192
8.19402703301475,4.61738423325075,3.4117657307769,4.32282995477285
9.51210571399414,6.49611241553956,5.11301818491481,3.49144254799895
8.97256325565641,4.44168080588903,3.04860691289177,2.6818331844556
10.3667347123178,4.87658198089506,6.44168105486446,2.60393189834074
5.99883196595538,5.19987997052137,2.41250989065961,3.36765559711268
6.84108793963784,5.35419881741593,3.87056088118149,2.45681839298961
16.9846434376378,6.30813898988161,5.32676473636365,2.67705254750068
4.97048685786535,4.66932601521478,5.97246414052872,3.32100758775141
15.7957366317307,4.83548554195715,4.43311307124771,2.16906800744493
5.00539478157221,3.70301249166049,5.71659439099056,2.74527453816938
5.69155663904762,3.98269083484081,4.08841218324662,2.96689221831767
11.2082670828126,6.2808199874853,6.7474763939036,2.09939112992347
7.0268938177558,4.98077425556305,6.03343774706932,2.32354255802957
9.74453850518788,5.67040515892525,4.18568862917059,2.51986624637021
11.1248863287165,3.78789634487584,5.91072495849223,2.75649939762729
8.12413202120506,4.7853230666734,4.92783660701503,2.82247401815209
8.81079500325517,5.50375219837585,5.76452703471937,2.51599668569737
15.143915830225,5.79241928822334,11.028385437074,2.60881969358177
8.66699839032782,4.07227423305182,1.98748742302223,3.33170316507238
11.6281836268056,4.7138045087435,5.55132986988654,2.21613698354899
11.5487764058413,5.62719987703402,7.25180640742642,2.27646859363023
6.53117814404214,4.54352315284525,4.38924886986429,3.3182717086737
13.5357932258203,4.19440192214009,9.51485869611775,3.28732029204829
6.95293850990929,4.71610921145537,3.02719180142208,2.24454788502455
11.9013556940978,4.96399737631168,8.27304030260361,3.61038266012214
8.29948120775016,5.22699884371439,2.56231448419598,4.26142670413584
8.29018554801071,4.72820784631087,12.7729674354969,1.65663820449594
8.12835160907152,4.13155541593954,3.1710181708745,2.25218048404911
5.38285754149766,5.26711356634081,5.48547379788115,2.45204053537937
12.5955329124323,4.06287111492938,3.35581702700146,3.42329237139176
8.22077756532127,3.99278258121624,2.79558025022964,3.02097855581374
5.21095885382123,3.37281101670491,4.35196854204347,3.1516234088138
12.0857946808683,6.28801834116549,4.38446411140649,3.19876344944987
5.41733201055749,5.88938938486228,4.39230181579192,2.26226803486906
7.94751566846229,8.09273505808783,3.78950844938171,3.28607552812532
6.46407296924954,3.19286860406637,5.76647747983223,2.40270793032915
8.09046199607575,3.38667505930563,6.05311808622172,2.23887558452093
4.61421485571639,3.7355114461635,4.848629457904,2.22642413970642
13.5032575748959,6.39544831171583,4.52477525246621,2.28966777233281
6.83970800247309,4.60329158379665,5.32590426716508,2.4943295222884
11.3047356660858,5.31640219354317,4.72205996932487,2.29143366516659
8.47949767762479,4.56473290498961,4.59949754094293,2.46020818104468
10.722095700579,6.56187376805782,6.91212445274818,1.95638307906726
8.735330403028,4.7591916077116,4.57126624318426,2.61237724915654
7.86328526221124,4.27353559505796,13.2346573624734,2.29372172210629
8.57605210560042,6.10292529363064,11.5490644074585,2.22440073404844
7.99239067642833,4.61652627016865,4.23043124872434,4.2433071141246
10.1883239652741,6.28649960381219,7.09790270663184,1.87494589410424
8.566446401147,5.90673215348555,4.26370563092113,2.00927186953446
6.49517662475652,6.14065945842195,4.50858970986773,2.92280987880936
9.29759691827853,3.86741373513109,6.301787533875,3.49851294257223
9.8794398561929,4.63065072683942,4.94951265773795,3.07358688163987
6.51038662645257,4.85788412971777,4.90511512316737,2.11225249539581
7.24592121845321,5.68152833021527,3.47110414585635,2.86049351475524
10.5901680150107,4.90281135692368,9.64839383611933,2.68870511234329
6.70466998635371,4.95315490020465,3.50036493291154,2.95014839490338
10.8401245518207,5.61033775483836,5.66044150699674,2.56435821808854
7.35600378354936,4.35539067427631,6.31598473979352,2.84785134636979
12.027319971226,5.45543935321398,7.13951792074485,2.41155624799409
6.4922965867944,4.6456154137033,7.96101967672992,3.53137629557887
5.30244259294481,5.71750088825364,6.33379418016192,1.93040696889614
5.56728708423017,5.89878296353661,5.07844715888163,1.95777591634043
12.9221030257727,4.68016729263249,4.87144371719882,3.67236250173565
6.45599955379641,5.68955235419815,5.73025619733242,2.59377528307499
12.1432379114382,4.77012682771278,5.16629992197822,2.75299944974412
7.02245521642067,5.70872047899701,7.08024108986312,2.54509086150532
11.1871788544794,4.56371334960321,7.5485281647019,2.90470141747037
12.7535934131732,4.63781096742961,8.54416316037944,3.17123132190567
10.1964681819495,4.61728666640385,5.81145892232451,2.11773410652552
9.6149952617112,6.07303192035216,5.97554892649221,2.60248233369829
9.26808387158403,5.42162587439887,6.81042624940555,2.66214150618377
8.17722138167689,6.86034139104454,6.94339119357025,2.7327184061285
5.97751019615036,5.22248901311912,2.39591611776738,1.97259983764657
11.9589115232607,4.18939652165178,15.6575136775137,3.27898308922588
8.43162324611688,6.9897744305615,4.16185463808661,2.68026309102805
10.8479331968417,5.8171523333778,6.60759023717669,3.45902340233791
10.4870367894486,4.66918791947021,2.992368897876,2.58325292179524
8.23786250541224,5.73176802611206,5.16011008100501,3.25957996621966
6.92763358713772,5.04625957507425,8.35965316816322,4.11638757664179
15.2158083690094,5.26299122326449,8.78208762059713,3.92913434318903
5.49952124013819,5.37693786440798,8.48000536571428,2.233612809602
10.0968389797853,4.53491675099835,4.32300756412014,2.29293786261697
7.71742087068499,5.29925403523333,5.34494188765016,3.73207728267497
10.1733699589481,3.8767719791752,6.81626327193843,2.1223677000975
9.18557344995798,6.3027172396811,4.72332663066222,3.98726250010432
7.8701604767038,5.41077768286032,3.51181984312317,2.01293548516744
11.5721448346191,4.600847943999,5.11136288218232,4.55742868179392
7.23382522615682,3.53329142537762,4.34039288745766,3.42991934670516
10.9164998883581,4.9339535018159,7.34400343114561,3.47773370526835
7.44621959797843,5.2180397892371,3.69811478952858,3.48796656163378
11.7401522712614,5.91426781516603,10.4810605981756,2.28552545755687
12.4781614313086,5.24232738148296,10.1451211667939,2.2165208707265
8.50016916449831,5.39767256986893,4.2177745817805,3.40597416569029
10.3603157579043,3.01408856007299,6.98282068952536,2.24640070083252
8.45182830579069,7.59625322037359,4.34879396409607,3.75009586651342
9.46760774555518,3.92958289997834,5.36426083913013,3.00749555948127
10.1063692535794,4.91124022570996,3.00084368823085,2.35676962217668
7.79318120662717,3.64900047062051,6.75544692276935,3.46665764881378
6.90025427350175,4.72604418266261,4.57193560166311,3.62027033443729
12.4133152273206,6.08179728013185,5.81820673917185,1.70625259977181
13.9464963929574,5.95650420939523,7.54305756188614,4.51724750297417
8.27145971470012,7.38488650393655,12.5740711653021,3.80204924804654
6.86457133910136,5.4681501627543,4.35224385641028,3.90620582846203
12.8990889948828,5.98589903866059,4.50758926333493,2.08299619677087
7.25214567026426,5.41053246455553,7.05490058573084,4.60094922862054
8.32225524761298,5.89927236292706,2.75099446342217,2.58808367675346
9.49707049973512,4.27950979102351,7.27010269280539,2.51572539940023
6.20915104706947,5.82311797688468,3.40819177071332,3.51376323012289
12.7068561725729,5.38764090160576,7.79528765161045,2.39577587742543
6.3395869405313,5.75130156629814,7.79851946717095,3.25316698939491
17.6507688524804,4.85539039013463,4.04890066546698,2.375897497336
5.80528390223762,5.19203698765061,7.5759404419225,3.4196916166156
12.5811966929576,4.96976039969246,6.03992845307083,2.72398491408697
10.409478616904,5.33258697166279,4.67506137783605,2.45151177370513
10.8313061229751,4.50135054290253,3.2656565436172,2.31255723159783
7.69266533905896,6.12141172798248,11.8767582040464,2.97674103361025
7.85849956308889,6.85610810595561,10.7928309197377,2.94053878399687
10.1046354522068,5.58553619378203,4.8767915612224,3.45625359535167
6.87394673427341,4.35396605547047,4.44855104253703,2.88068226021492
9.34055140782077,6.49949911359469,4.4490615031596,2.24941003612593
10.8913429792238,5.25791685550212,5.84366279549839,2.28818348272817
7.48052222046419,5.44398985708674,3.41692752774541,2.62397080509463
7.60810931267306,5.53924552991247,3.22389788845763,2.6931294807945
14.2234302923827,5.04518591842155,7.93653623196457,2.95491412136401
6.78045733318769,5.43876157639053,3.14946017207733,2.07500596479205
11.5507249111137,4.62729505971377,10.9202075626271,4.49986253596786
5.6409658940385,6.13792974328992,3.264906464743,2.07292465043515
8.909304855389,4.59600120026803,4.82717794227762,4.18824786007449
10.9587752886405,6.03435063395228,8.21742015823435,2.33056329681599
11.0651889307977,6.92942194922734,8.61831966853536,3.37558519332851
13.5215975301588,6.20733722218463,4.36883190053082,1.9272869792563
10.5684419253079,3.88372221715057,6.40052242582411,3.8174863644297
11.8648508034288,4.61551052987085,6.52187030155921,1.7050393299535
17.6019138897908,4.65060335720612,8.2792371010768,1.94583196063938
6.34331808670817,6.06061003290913,5.5730852441633,3.23214277036574
12.1149498921821,5.4577760176373,9.31625224547106,1.98965561767308
5.12821820266318,5.25769317145064,4.86036865034631,3.82569359325921
12.8400445092631,5.97267569034428,5.91898227636299,1.85361620145591
4.8222864359873,3.73822971029747,5.42341001680904,4.81025429652451
6.44930148132057,5.23913507091133,4.92659711939184,3.35309277664371
6.79024483541588,5.08665877930645,4.48655737032718,3.29372321305657
9.29682692419526,7.13768786483553,7.06816886200432,2.80692003172804
7.73751819563379,3.66690518251952,3.40178667305955,2.53253174023575
7.92253510180145,7.63015616579633,4.50632171417694,2.54615853842405
8.266960141528,5.91945894435096,3.13569010527943,2.42609199188093
6.94300532796716,4.70740426146489,5.04038978720977,2.83635954016606
8.25670700815816,5.63151675642262,4.64212440496964,2.67938528216191
10.5702943190784,4.5794775744022,3.82809533484881,2.0380105481224
5.0609944344969,4.83255970202997,6.88495761945043,2.93489646256981
12.643974498505,5.47029211486101,2.23700781276601,2.33967998445892
11.1111843382536,5.82931167446498,14.5308347120314,2.72199257946312
7.91736566257628,4.53539282271887,4.37063653649541,4.14762525872047
11.6675531024648,4.14925726482853,3.36449202029613,3.48749433761676
7.19011323437587,5.41007629381971,9.73529747415776,2.05408681137329
5.41731841886565,5.7408052102283,3.31830406110161,2.72323816497533
11.215747457839,3.12444138735535,7.63609562480134,3.32685257686011
10.9393531772801,3.79736803540215,9.06094215322027,2.83980022487427
15.0344381098972,3.63905571128879,10.2481829118371,4.29464175460092
12.5501892636505,4.20818911422925,5.80962781179457,2.9670285740118
10.595906098296,4.03831252579248,8.45661246145638,3.05184934388403
7.53754965913059,6.04380511663233,1.78961814223677,2.00631803635137
8.54204587987717,5.34669238541621,7.67132252745949,3.07669660275308
9.37135434939558,5.38855636343501,2.53188398726116,4.26522156810784
13.1402766271209,6.85551757393194,6.49848212138801,2.67586468642557
10.9090847588763,5.04561751226724,7.96772098577024,2.68422290791157
15.1484678347035,3.77267362645687,10.2332268234671,2.33284748140102
5.79380787367742,6.97311001565222,3.13787793845763,2.97814013672527
14.9479305639577,4.47164400998722,4.66793793887396,2.54558081951179
12.1699855852965,5.05578910478841,4.15686069322017,3.0080713630228
10.3787885899876,4.41166552517278,4.7740494896656,3.20125175145278
7.6726519099284,5.15901952127055,6.27887884862737,2.12818040723955
10.1380602426052,5.4830738701784,6.24326271789023,3.41111999591376
11.4510264212519,4.69990643829945,3.14933186645737,3.12341762626496
12.0490159851302,4.44223735721235,4.56465736964037,2.37144371398814
11.6849147751395,4.46161493439653,2.68625688335738,1.86076294194627
9.39372627367169,6.48569245936577,4.39468474027665,5.53887806986239
10.9087557764461,5.94289679605924,3.08143914252088,5.7746608542593
7.91045465373388,5.09254234154429,6.75029222039107,1.61123056894812
8.70476015633412,5.37037090743916,6.55731042776576,1.68760005250226
7.55330509093194,5.48236756067381,5.86439949897792,2.2494554035041
10.2754879702866,5.54895717237507,2.31339568925992,3.1719525433112
8.55381905806091,4.51422693123633,11.8500513813436,2.85503676091667
7.39545292822356,5.30899912185307,5.16752277365645,3.08703673837179
10.0742681333822,5.54024053309,4.59527769640135,2.04018973245973
9.10314384965766,4.07602408791364,3.44954655531953,2.99449076052933
11.8028540518591,5.89518165135338,9.13131772864067,3.32177678176502
11.6029987881642,5.51569599096344,5.33287733997154,3.22332099894044
6.92310577846781,4.42573799174262,5.99500767229451,2.39179344717436
17.7486128926235,6.14221724683939,9.09805462798545,2.93052561712954
5.57044794287259,3.80689270798315,2.84477413429952,3.4533402906032
9.40005415660599,5.9588677958062,12.937325171424,3.33938587071531
6.23114717169168,4.93865561869716,4.61398365905436,2.44812882436425
6.47228724252475,4.90059759737516,4.57745767303992,2.41930340597387
8.31121134064005,5.52794945149438,3.41447056894465,3.01277757252067
8.20943741093854,6.02786273974059,8.55922875407156,2.26030003855242
11.9046305808288,6.87584181528723,9.99325861739286,3.12766723105767
8.19130582268087,4.33113686199008,4.01269112165875,2.98758260014378
14.0259359507794,7.34821585832399,3.3122954775649,2.9256398878536
8.01736139514106,4.19095394149396,7.74005899862166,2.95693054051841
8.86132336168968,4.70398586207889,2.2776602480724,2.71101031958821
10.0790101766625,5.83790391700577,13.6119752448815,3.08534965318801
7.28247955281146,4.00094209811543,2.68878651500672,2.77957937413178
12.1762508422996,5.72054918632316,7.9985260180828,3.16042604769146
6.26148025380816,4.01469280086019,3.39152817246684,2.93350204449309
12.0033895352989,6.18553315317794,3.88317593159875,2.08294924515828
8.52328567886958,6.40035196834581,4.81557057925296,3.05983619322686
7.4767459669305,4.58789507675082,4.60731263310949,4.79504497594258
9.8173924136532,4.83780254851205,2.29538584701318,2.79977635474275
13.4190985774266,4.74037420782627,9.50824932137513,3.40915741510759
11.9889743939744,4.08600372358411,10.6434515969642,1.68905415162745
10.0351326815073,5.40438265861771,9.30772529536133,2.30250634204557
8.39399765341991,5.47658185767502,4.73576702738797,2.57551635777428
15.4073631038321,4.10683821390075,7.50858608096027,2.63922155280691
5.99641967732666,8.09438364111872,3.68949877054168,2.31358601979885
7.32745371415407,4.64949294440543,3.79971947576269,2.4422665237937
9.20517164371256,4.83855097559915,3.75847456451845,2.80438847135074
10.6611278465072,4.94450867813663,5.77631616613218,2.70492390901865
7.77251649564809,7.12696217757943,5.13525453859872,3.79294879362556
11.8599034239915,4.6803301109172,8.16368400792408,2.16850035579387
7.72303017002696,6.19440875413431,3.02118583704249,3.54168482942061
8.13308230992999,4.88840862731577,5.99511324757893,2.02704187359164
10.5982958300684,6.21509470587665,5.47924507046088,4.57726096807761
7.33706403590409,5.40663132739904,15.8172165851443,2.81092768605882
9.28343838082425,5.01440718775287,2.009768529698,2.65886615683792
12.8190206979576,6.46543627796958,4.46689986941221,3.70575507341962
8.35340934972423,4.41612110299164,5.28271434824683,2.5012208309484
8.56468970108183,5.39239937382896,10.1050146061382,2.48590171980131
11.1275175917778,6.3982209611768,13.1913687793189,2.53890946438598
7.95359939061994,5.11194648599473,3.70691554077225,3.96853088527715
12.4972252986678,5.71779738907996,6.6382573750141,3.48847199180898
8.2791402764004,4.60593764649875,5.12196737517001,2.3533760357069
13.3683538027231,7.69053431470987,4.45430747033328,2.17619897775566
7.27564193359386,3.59133556932334,7.06277491347485,2.53386934825555
9.09565417222892,5.69637930174386,3.59133242395423,2.09215370449889
7.10451341899942,5.45549155604126,5.05255727132595,3.71529701699322
11.4612886286819,6.81332208840367,6.5990872306371,2.85525220197571
6.19904658838337,4.37289252915366,4.23799335604645,2.46063843498646
8.32072204082721,8.05939200680665,5.02243468973459,3.38883589738047
10.0407078115372,3.56226922253275,3.92527020356781,2.23733794191101
13.1503363898225,6.70814670097509,6.22609171722684,3.35787945964074
6.92459309487349,4.35969200959225,3.02972633022457,2.0056244631794
8.17254449525857,3.80393306362939,7.70343892010806,1.78429327080358
8.88055025803508,5.86116914978926,3.10357564257922,3.2199193702594
11.1576694241788,4.92033196068734,2.25223073227435,3.3047253491969
5.56632251733807,6.7657841468949,9.58381611840833,2.80338370175843
7.37038311646967,3.64712261246265,4.448017899476,2.53278782882678
5.72987820234469,7.86689753883639,3.98632154347071,3.51338092032206
15.7319005453066,3.09956801500205,7.71907100382977,2.89664717634289
13.1274390155562,3.95073974577196,6.1645954770479,3.03497691254311
9.47802548949799,3.33259789659048,9.84325256884482,4.37987072128994
10.6321113417856,2.5651554363259,10.0058020425061,4.27934288332817
11.9012557807297,4.17887158191519,17.1259694915437,2.90767842202536
10.5206110843241,4.44892772182334,5.47317013107044,2.97995753325169
9.75134350171481,4.74262999711537,5.52771765307143,2.78791689753338
8.94298166563564,6.03449002024107,3.6457288775605,3.33456607412458
4.1032198294331,4.75918628077729,6.28588491774804,2.60986601538235
24.3200275572264,5.00843080352484,5.26621830395779,3.32644179216267
4.17000031580189,4.66635430935896,5.07521057475657,2.34847704189095
6.70702744438031,4.08495679157594,4.13753164755729,2.87768153624672
9.44503574647644,5.76578586775894,5.8195211188457,3.67460349772343
9.19109058817298,5.21820396686782,4.73200360604915,3.12584744208497
5.93432364568436,3.15261689222339,3.65224132224178,3.66268677382166
14.1303338625732,7.06381358951169,8.42057424985819,2.10439562465388
5.94335005774192,4.25370840820262,4.84515455615468,3.19839201252687
11.3046928523734,5.80912873490188,3.00186675884364,2.19885467428299
7.94338280111412,4.1356638208488,7.10318542671389,3.65553666969816
9.68679892515016,5.49465928145606,3.14443721352644,2.41656859776439
8.36252678441154,5.34411671603667,8.93648893085484,3.02796044768499
6.42990664521832,4.98524994550924,6.20673305498136,2.74743390471138
10.5825605836037,6.13259100956443,5.08210684106015,2.86622481863031
6.75079539913744,4.25935254752466,4.99387435990088,2.58395490141854
8.0549219484373,4.56446885022909,6.82961003304644,1.94691276563082
8.71073159039626,5.2929123006908,4.67445253238966,2.83026360925309
10.91258552361,4.12600240474915,4.56456759167608,2.31666105539467
8.0431803851813,7.43801531422631,9.0505546721577,3.44521933464554
12.8319181476428,5.89155099783449,2.94644292179268,3.99267175224456
9.71293676096739,4.68246678659563,6.37427265384534,2.52378621379438
16.6856077587049,5.09139231386693,8.85820533044356,3.0074084476723
6.03159808935035,5.07646651281588,2.46775103674564,3.10313882077925
11.6450072485005,5.37088166947738,9.02589731014262,2.3381998850913
8.43971078221985,6.70142688630985,10.4082419367581,2.58454450366165
12.0315872093049,4.75529406422383,4.63348138767646,3.64819584449817
9.3723655774909,4.5093976614335,6.38187683312348,1.96820023474319
8.59198160633304,7.04191380840979,5.22317999286575,4.33531608741274
9.13017355176856,4.48278885215122,5.24201580978941,3.21497444335129
8.15344771179065,4.92079694219676,5.2981260555778,3.87449913684487
8.39911309291396,5.5694221746495,6.60098500903793,4.11632462691213
12.1338227202036,6.38281827623471,7.08782684857788,1.69786436763178
9.6336800993882,5.75033454570311,13.3412077863845,4.13230474905583
13.4563031844066,5.59193361986964,5.10585026593822,1.9778459692143
7.82393611051059,5.75989686409863,4.65877362202682,3.412837381475
6.98119510259652,4.35259756277856,5.37121731138852,3.51503567915868
7.30723576789834,6.35055251579353,2.76987886840799,3.95090903733119
13.1503505334019,5.33263061056784,4.11012871051472,2.29414076422944
13.9137530380263,5.13023931263626,4.83425750397679,2.24946794848258
5.75113840062592,5.16837979722647,3.39851102010423,3.38455537889918
10.2934514303641,4.56946213664563,5.78771866467903,2.55429515787001
6.25083359952193,5.36845741828315,3.53283702659323,3.29366085033388
12.754269735523,4.37262744942139,5.88977533445757,2.38310440250714
7.81313776151352,3.41058756172796,5.65709912892081,2.81832832039239
9.54301852640144,4.67544121876405,8.19648648466806,2.4800428277971
10.4619696144356,4.36141473976074,8.69765608056489,2.57430006292775
6.07642262951633,4.70092911153512,5.11801290070748,2.54834112627144
5.33014844719166,5.31726384280763,4.24881069743915,2.9347702980913
11.410545290646,3.97487766504455,4.11442251913755,3.22653583476838
11.981709578857,3.52337181654199,4.47723331946604,3.07044780230329
13.4526633575076,4.89406781706146,3.83899563151129,2.92661620518681
8.25065886971437,6.02849120991126,8.9466763286772,2.91513615272534
6.3241729969395,4.31190392996909,3.25248361606093,2.09988244829491
8.59010541688395,4.01057080374444,9.01250482219673,2.68958106031716
9.17688859104152,7.73230990836346,4.74722077828537,2.55697712342507
7.9333098408254,3.90086535335198,5.87377744017621,3.07702159514927
11.345546419536,7.17257990032043,5.21216721492144,2.34469355532331
6.75757013500724,3.69641715231014,4.24894664247162,2.83971492748472
9.71066168765911,5.42711541061519,6.99742497620723,2.57648590629279
9.20760451849869,5.58400945602669,5.39423759051208,3.33521922524114
7.7708367310354,3.50198897253594,7.72065846433525,1.89150047459572
6.25345622482503,5.0518121139771,3.42514351784945,3.1287702614475
9.12028903746295,4.92160807173441,5.00557388059274,2.16186066812745
9.97845071105609,5.21242528409726,8.51173821374775,2.79866102279245
12.3999979624281,4.96723254088985,4.11046910487524,2.15779791771638
6.69277054744949,4.29960898129058,3.92240052135109,2.25637607030806
8.16443646926654,4.26036112944404,4.76596655435705,1.95030727943515
6.38451293198454,4.28284716048854,3.80901937262119,3.02772281611522
16.2527293989978,6.35255160340354,9.53357507844659,2.03024073343823
7.37218253691931,4.67914765001308,8.51599552273142,2.21083653460485
11.7875834316436,5.88208046681903,3.83855427459249,2.48894968304321
11.660716186381,9.76314277050268,5.28562416158606,2.78801234293869
8.72331374470104,3.57638032518099,5.35384332286809,2.13902991677125
9.04979498582974,7.58921587227611,3.55081967786589,2.58190431787841
11.4880616310241,3.00407103373523,4.81105235597016,2.46663265210746
7.19260358294305,7.6766481074374,9.65094447713079,3.42404944392246
10.0734610801153,2.74086988843155,4.87339927193888,2.23626550154497
9.81257293944576,6.29426225608585,3.78635690588348,2.96211246086261
9.39609800167121,3.70722475649767,7.90166951840286,2.79575833085104
10.2781770161957,5.62938099653659,12.4128743039328,2.90703002266637
9.1135151692172,5.39787774605664,19.0654518776133,3.36573615438239
8.16624344254143,4.99023265729797,18.4787325034432,4.01857616438434
9.74429373870011,5.77311617871954,1.91760812466422,2.71494693850241
14.9059553838157,4.91670300748849,4.94389301562381,3.30965274763483
8.04222093809595,4.86183418157619,4.63764970310452,2.22729179130701
12.7331554286147,5.69580663722533,6.46138388932084,2.15910648615921
8.34422890961877,4.589837203596,6.5895723736574,2.80564468904014
7.79292761865247,5.06764743386084,9.8118437861154,3.38748770678623
6.48289288787827,6.1511780454962,4.17798849006338,3.66907529609602
9.54765271872484,5.22552729507969,6.17503925249305,2.5133303058131
6.76237425092803,5.96750327791642,5.47680793160235,2.93873582592748
13.2352505914865,4.25683328267258,4.56102454589639,2.12529622868619
13.857744439187,3.95194787769117,4.5778226703158,2.22010000168455
10.2394154523082,3.89257692412486,4.49848862725919,2.82078213896269
10.6052109788312,3.75464121474773,5.24085621844815,2.88262715245837
10.8041109209229,5.09932423860876,6.3224741290974,2.44026961913713
7.18028695529385,4.28804264761265,3.09878988490206,2.26614728399963
8.64339836453353,3.98865648556867,4.77974157438971,2.25360312185319
10.1964447413959,3.55975574421755,3.83188542380125,2.5513322116877
8.26314100152539,4.92843938967262,3.63552485544503,2.78354244586562
7.98302399328485,5.86598347247916,7.18930051783447,2.13637567667777
14.5110318625851,4.94714113371305,4.51734337282301,2.81185122881771
5.18240382241152,6.14579957865926,10.0103714233643,2.87945800548622
12.6094891465976,6.98428563628385,5.78420070320671,3.29195972680314
14.6777066014936,5.27860120693072,5.65573057809847,3.19662457759495
15.3964241764024,4.40400955275173,3.27587260484759,3.50929850573763
5.01420352369006,4.33048644702976,4.85233498913897,1.79516223677218
4.75119104941983,4.22709917327303,3.61209422337119,1.98653820587827
8.52437339659931,5.40599579417303,5.84924673557107,1.78691196463341
5.08664128190386,4.97114959382416,2.62832657249269,3.42376547916091
14.887572157598,5.61009554152654,11.4246755860638,2.16645290898566
10.4884007330754,3.37539878299098,7.07521331671721,3.39733664717181
12.665910050026,3.95894502894793,3.79240984960401,3.45740792514954
10.298270798409,4.99426716122617,5.47849821369076,2.31127868228961
14.6752689582193,5.18998246098034,4.83393611655921,2.47206340035284
7.38625918718367,5.25397936273693,6.35223140042204,2.75332351585076
10.5049298190058,5.57430591650975,4.85375046525825,2.9299285008973
9.88160114965587,5.32685117468188,5.47598134268741,2.15853598814209
8.67654544270888,5.21077742490098,6.30750986176233,1.95013682273801
13.8515420596748,4.24403076879675,4.5885494229055,3.43020902031073
7.64641588622005,5.94622167528607,4.13778932488267,2.47577416934462
14.5747421379815,4.88714751806852,3.21764525255763,2.29587739898577
14.8817848932948,5.96423477444179,2.87152111849036,2.41223834642111
12.7614654881623,4.33414988258334,6.86373834111495,1.76778928297747
8.57144947784502,6.37897245710005,6.76258233242004,1.94530074225264
8.76649619486089,5.50974903102065,5.30227050665047,1.89202125771455
10.98739895174,3.45233836886909,4.71649438687888,1.9769600395873
6.7225196137038,6.70513477669647,7.17724006926555,3.03083623381185
7.58201685097814,3.3937290201956,3.99091157245655,3.66011489601631
4.62802595086244,5.08833263764112,4.70339329639619,2.12307150363539
14.0506846632198,5.16576186557684,4.40535810640988,2.27487843772024
5.28189129498886,6.75291096624486,4.08140843577152,2.80511908060421
4.99190775783803,5.80518313017318,4.5679707090199,2.469520276374
11.4062333144141,4.92207786794795,4.68425190534912,2.81464625235172
16.3216931701412,5.5279137782525,4.94864552043233,2.706370858509
6.98445984243567,4.74684017152568,4.30270855703034,1.87625513562187
12.6959133385157,4.61512749822647,4.10239817956933,4.68982868249541
8.65626168869368,5.10513549082111,9.93459707851072,1.76258677127297
15.9400613426034,4.73099021140577,4.26218912749579,2.57640356679169
14.4799692123122,4.1119471083022,2.54006918035938,2.49944431770201
9.57816582031891,6.0913850291341,12.2703130958996,2.6366910523158
12.5989675470773,4.16103197910114,2.43109546709662,3.17199865182021
8.24157751760609,6.80019484511468,13.3820467775083,2.47035713147439
11.8732903288418,4.70517153242031,2.54681110135118,2.76174425384255
5.81037534216007,6.70744970052406,10.4237473779607,2.06703536528375
5.37330529465028,7.33453745370891,7.97531148896131,1.88848663970504
7.93240786356392,6.63668060136487,13.0181405799416,1.94516529129207
8.88833127701519,5.6391392582851,3.28726231479068,3.16253353565392
8.31311455988381,5.75914076725179,7.51513817787072,2.42666791276483
6.99098061129072,6.05450021283491,4.24176035989266,3.42088594580059
9.36843917951794,5.50823718763591,4.8762240012831,1.72246123418343
9.69020827342981,3.9601175564201,7.0823431047177,3.86262670297455
11.6336100620268,5.25603705318845,4.04414348521375,3.53635947940709
6.29254218761365,5.13376395066824,17.8946826414521,2.47232209877964
8.09065659145351,5.15490267305814,16.7488664286415,2.72365774947474
12.1287773308792,4.61832141369825,2.33714532053152,2.09073994715161
8.55073949847549,5.41728736466198,7.84597704211717,2.69247810853176
9.77213681125651,5.31009590964354,4.42556337862904,2.55002260108654
8.43396038869638,4.94813455151748,7.02993425947205,2.4221635050928
13.2365761506323,5.23158621908152,6.26893016583882,1.82619081375327
5.15474325974873,5.55935953856311,3.16009312436539,3.62648006351741
15.5971009525676,4.52879052818226,5.6646175505817,2.6293662411002
12.7558604004235,6.0637292960301,4.65721554104937,2.27256432778639
7.97177903342858,4.4996622461164,4.08780475091853,2.63809875573305
10.1393346066824,6.2526755358097,8.1496150033152,2.18982536394147
6.75461680761866,3.51950396016679,4.03933788163657,2.11788401481305
9.88108641330043,4.75824160861901,6.12792344672906,3.63813388058631
12.4580867553273,4.67924749689192,5.48147341504765,2.22661197290107
9.78894455866734,4.27373349791842,6.40666378403456,3.12519744665115
9.04244661329806,4.88325275631964,4.94876578514879,2.86301913433242
8.05296431100038,5.26778631711336,5.56838767967948,3.37576648853266
9.02589963663806,5.41208508273717,4.91293680052961,2.26980345857518
7.52742970182281,5.25046388599184,3.56198089769318,4.14852432444213
7.22396148992277,4.32806193793013,3.53600325533612,2.946835042729
8.06296991823661,4.49820115479829,3.1738038652744,2.70269825778184
12.4454818012617,5.04731767490544,6.97521903421734,2.76866331666212
10.3958692823534,5.38194399439214,6.3153253659711,2.87857836008861
9.52539802094583,6.27044539464654,5.75250915786006,2.67035032846419
11.602792401385,7.41671004223928,4.08748251089669,2.78028822703589
6.80886284433234,3.65925300430972,10.6171732094291,3.99645987216888
7.56038834572343,4.28449823785839,12.5691513254086,3.39049882013707
13.140733272789,5.56210543741394,4.94282359846492,2.31884171726688
8.02797681527632,4.59384695615668,4.20083642663953,3.1927649623823
8.88143681698917,5.32046568225325,10.1922323674549,3.52870305835848
8.95883870712007,7.53960764621013,4.69702472088576,2.48115298258475
7.15877663512285,3.42825855197765,6.81326193730516,2.67854081149922
7.85368094315756,3.95125246415514,3.96798481629159,2.39516248733002
10.870607488994,5.84769762473515,4.54108675482367,2.57400218173518
6.89728508028721,5.74315891290654,6.20998194681755,2.67362969040857
7.62168558524889,5.55063020839074,10.1947310337147,2.67457094876956
9.67481779711908,5.48587587788711,2.62079641469297,2.88768993675337
7.43651167849144,4.26232657594373,18.5661347665439,2.17505611482579
8.8233544550193,4.21021505528719,10.0297728772033,2.85807009969352
7.93799983874455,5.40332122079674,5.94111258254675,2.65219920523269
10.9667750083843,5.15244809459543,6.83724270349968,3.19838909313249
9.98701946250986,4.85969008357807,6.31383432898478,2.43385346431133
9.19387909502371,4.38945873739658,4.01017741763524,3.09517872715907
9.01431929963984,4.59288257707794,4.34615745721356,2.9348093156775
11.6074955219382,4.86039136274183,2.01621101860864,3.29068966895589
7.56229881132722,7.03583572865297,6.72882651481764,3.73228720506926
16.5055016291819,4.17210717550323,3.58625099338311,2.17114354446929
6.72629882928298,5.88045812351282,5.88088361980278,3.36917647719271
9.75132333180864,5.0128541911928,3.87040476370472,2.9436116928182
7.28122503852423,6.83429933384768,8.21693725173023,1.97940644561921
6.2615153119226,5.56428202192929,2.68981260873369,3.1094563241868
10.1519093219226,4.77601697785449,3.70838874091035,2.64282989071379
6.47785585197529,5.559095999652,6.65426376843977,2.17697445355639
12.0563014142883,4.96926783659736,3.94661422656341,2.11057807944717
6.63566345287032,4.67278864709398,5.66962472011952,2.56890048865756
9.46214801090655,4.86796863318475,5.66619810230923,2.80187933738178
5.08704926722118,4.43414582179576,3.71519650966897,3.8000923565182
9.52551266262474,5.62991867996678,3.9616561831887,3.66367590047393
9.32859038202224,4.59078356034007,7.67279521209141,2.01948717495282
7.22310997554186,3.89208629263371,9.97049001763244,1.60665998917115
8.51210556912596,6.21516297069185,1.95502184510816,3.26174456972024
9.97856335057238,8.78645087152107,2.23245925129182,3.28220874697573
13.1560908486016,3.35891344141427,7.67319563549959,2.46264371264285
15.9892015869986,5.16742433118353,3.79249347454173,2.40911903592262
5.56360592670822,5.64213667153425,4.63869391279484,2.40036799549528
13.8940931592274,4.75313493956091,5.37212942321342,3.71064990118366
14.5503360248615,5.2742432077647,6.67526700945198,4.01934463558423
14.1569704168008,5.74097977318659,5.14893443821357,4.44834630967537
10.4550460931007,4.6500568679779,4.59617191205522,4.33313090402429
10.4638254685693,4.67217327592914,4.80657025422737,4.31534288005575
9.59962215409006,3.39598207833996,4.9302042541991,3.20406392319135
10.5032079150546,5.16661843155083,6.58184910202738,3.92391880868992
9.8113503566123,6.64305340367192,7.63524669224897,2.11496632180115
11.5292475520229,4.66906518289092,5.95228207273877,3.1415543294446
8.12162296002782,6.31902294064578,5.83842760080854,2.2519781246796
8.83184679779166,3.67398208408892,4.32975705088671,3.7453529784373
7.57005965753487,7.25034591551479,6.05537931705015,3.41678299763547
6.38425362425125,7.41144660529406,6.78612341909868,3.53354648989908
6.78221779990674,5.1569036912633,3.23432962216583,2.44793890463594
8.29799094499737,3.6337869734628,4.83118779138449,3.10267907380766
6.92349250862252,6.08968912920035,8.41240220241869,2.79758815307922
7.65503070668877,6.04673340494437,5.90004580989454,2.81108550480605
8.47353956689038,4.79975401047967,5.73110229670233,3.05823993082041
7.31434743859282,5.92451825931837,6.11445737901361,2.21760614190239
5.36536444397495,6.5491298908471,3.57744891172051,1.94106917816123
13.2300160190298,4.35753242941317,14.0773989365881,4.09831886979591
5.59902769465134,5.18165422512516,10.5015550607887,1.91848087300326
18.2978092331594,5.33140480912438,12.7707516513237,3.23429444817973
15.2606356378103,4.64398460061688,10.5748417730502,2.8456418162249
8.26888173482534,6.02337510224248,7.42957461834831,2.76948823542178
9.0783670491653,3.89952978670207,3.15955187728143,2.3548794987037
8.04477665295367,5.83660105939945,9.70493156373115,3.72211198177893
6.978389732556,4.57447836614902,5.07038028910138,2.14227920409152
10.7378466700594,6.06832761857883,9.66921296319869,3.11173033254374
5.66171571792668,3.47003377885779,4.32349681132293,2.54189913756316
14.1890595004297,7.56367544290341,6.47430679062062,3.03269852963041
7.21241515142345,4.11682686155364,3.48465137056793,3.79845868610083
5.58749208734382,3.27159640146488,8.18329349131906,2.33673112545907
19.5023289785716,8.20293649338807,3.88550525128643,3.14043765924233
14.3117699682345,9.03653030314783,5.51982891912275,3.07063661199998
16.2354835284223,3.93902997672945,5.81226361277352,3.31205022974969
11.0575197594159,6.76967448411452,5.24298190990063,2.31201609037598
8.37496910949393,4.29065893942755,6.47548355652321,3.90530743961595
8.7734870459798,6.639759781933,5.19842788444411,1.81617834148244
9.21401905475321,4.39844212523216,5.1527675235636,3.99796255585127
11.8398064679909,4.32928811267755,5.77761477424452,3.92905799919908
8.20487649789993,4.74128280688206,4.24952968696359,2.50401677928629
11.9929960151383,6.66207661815695,6.87888825491258,3.26475434238984
5.2646948240751,5.25905497377598,9.37009120116367,3.81967919047493
17.0689123978242,5.53259089273596,2.5746354892981,2.97220379116569
4.31157007425474,6.31291325677228,11.0489064909875,2.22822525831999
27.6145503953072,4.57328172186149,2.91472860814894,4.07851906327349
14.7906073931504,5.89150080777793,7.05137516659034,2.41276920175037
8.27272117696588,5.09603550772555,5.66856430258138,2.25559401990986
5.8023509825839,4.00172614978411,7.11130004551183,3.83906448461033
12.621094997555,7.10428819781312,5.09233910988311,1.83921405796181
11.4592992417129,6.21785714372164,3.0493150852783,2.60418403278601
10.5741667997499,3.60537334007624,8.83600412813901,2.65907288827471
11.2091838952029,3.73894584051604,13.6914755338263,2.35294622367078
6.47882767687103,6.97752861193058,3.92619381409646,2.28036511128278
6.4386325613217,6.7965586630021,4.09273572753934,2.41853940903083
11.7730312504998,4.82769858955402,5.10402931491717,3.54860009571427
7.91341980037363,7.20749523626214,7.86898391088413,2.35482618876476
11.3942595656809,3.6130967352519,8.19688657572947,2.87599992143952
8.19948653086681,8.7456118603699,5.11195034281002,2.97460714201868
11.6146789099479,2.93972012608413,5.95151796808799,2.63659971683239
13.6551933585031,3.97302285324397,5.68639519503702,2.46472681230034
12.0933142669126,3.95314364939488,4.57741929462579,3.69533048864954
8.51814681128482,9.03049504467904,1.61535410025178,1.8891831793361
9.4225023970795,3.11500210670364,15.9637428898395,3.27418669823721
9.63653746649005,8.97966344762154,3.13654396327263,2.0307221107074
9.90229848947666,6.40634552963211,4.93572564289912,5.11567965007955
9.20864696521835,3.84097269272784,3.95459518657837,1.70802018261878
8.01601949379643,6.8908229247468,5.51187840510679,4.49919796480753
8.0168144993162,3.84176946488145,2.7785172922597,1.90093989846267
7.2308639920361,4.9093030237846,5.17923430211872,3.2662213432658
10.5520629374084,6.07471548516215,6.59935567853518,2.3309217592375
11.1590043780816,5.77571493476134,7.16119058628063,2.10036389863472
6.92187991585388,3.98452599874285,4.91540657111876,4.77921501259117
11.5154151944953,6.46501766742268,5.2529657701041,1.6796876563786
5.20095552013618,5.86294690891411,2.87809263306462,2.06031557209576
14.309465352637,4.76507847445283,4.85694174819279,3.77190193359876
6.00406750574171,5.70042496024351,4.88005968135063,2.09223403325347
10.8643330767824,4.83568740633069,4.29606551075669,3.67449983330244
7.53246417854597,5.67560856151838,7.44188147387535,3.19315447786995
8.35034650454135,6.95033525773535,2.82015287455872,3.71574359535783
7.19477279535619,3.75947104706028,5.19344796459202,2.08484823709816
9.37023015235764,3.97774509245389,4.97607607226,2.1725803858708
7.18883689165735,6.17005110936091,5.18727549341163,4.47894654011932
8.12519306589252,5.83672767355624,4.75861460905959,3.82197866519682
14.2513186473542,3.94341327192145,3.25090595181071,2.04597802118645
5.47636873985048,7.8691089042951,6.57347718465089,3.22281187598042
14.2758551837922,3.97299757558726,4.80426082503514,2.52747927107048
11.0958728145969,6.72485721052914,7.65200811556405,1.77931987379534
6.13921982865702,3.39197906095676,2.94450132648806,4.21458319702054
6.22910174840068,3.33510362709236,3.0541570359305,4.51540270085209
9.3184139952686,6.97197714848797,4.51139512929612,1.99240764194634
11.5213405375634,3.62489618050188,5.71970931238909,2.51989575055345
13.7615965992988,7.11805116342391,5.6259591351857,2.98229920191075
12.1944688352436,7.00094164632291,3.24763500058414,3.22428501575712
7.02502789090858,3.80325762704763,8.03793823088748,2.33749127605252
8.65096058854564,5.33243076184275,5.18287202807297,4.51655968465491
10.1295951496424,4.8322175886018,6.13685305496717,1.79587554788456
10.9087700129716,4.66761553848332,5.27103207150613,2.90448771810816
13.7017700944053,5.38235808562518,5.85279550176262,3.98836287609282
10.3789267556869,7.07667372534966,4.13290588626565,3.65190228271088
12.0869655173318,3.47494872837407,4.62240283482039,1.95629672799547
8.78777815505916,6.95134309803493,6.77441621123594,3.49697916538868
8.78819050066758,3.51092904536501,4.36584020431933,2.39817910941526
8.80314091818155,6.17904628189235,6.1157252858079,3.36489472073116
5.20577026402895,3.86309081929779,4.13101255874547,2.03893245314302
11.8163906142373,7.12861796080632,6.28050972813208,3.91583771442962
7.69751881329085,5.648443134307,7.64800905648272,3.84394315662915
11.543877548752,5.39552066193622,3.03411600281464,1.97928385857756
9.98283162763836,6.05261072762522,2.76412460256727,2.2829181814255
11.0274010353774,5.78928072879299,8.23520974945779,3.84910459436688
10.5391321081884,6.05381278027876,6.18531661416571,2.62568437169319
9.77549981500892,4.60602191780201,5.49086223800316,3.14918784538392
9.44650567628106,4.30801957195998,4.34051781240565,2.7946895897067
9.51955679024655,6.90316860923314,10.462447117911,3.34106592965521
5.47420410526818,5.2045780799116,5.88366603971553,2.4518786145402
12.7253921494356,5.09809853846989,4.75282305032194,2.9299347361925
12.2299855267014,5.43024894186421,5.42919916016249,3.01709622486926
5.38639036769844,5.65487954193052,6.71420162401393,2.97872530632473
16.7965995370541,6.39198495239453,7.58780346259816,2.73070680538207
6.13221432054004,5.5945658376581,3.79419017647372,2.42905147567382
6.54048218474913,4.70656170286356,4.93514788713937,2.75744921361012
9.16723051144295,5.21618410699797,4.25196373497756,2.46308932568649
8.43328925851379,3.3486774872802,3.60967343379185,3.26508068034596
7.91505237101754,5.75239567242892,4.68290379011189,2.78562542352971
11.8532310586793,5.44621081369959,5.89657191785856,2.66342473334146
7.57934800804252,5.43127598462841,2.94060747441361,3.28248495706604
9.94302435876409,5.64314614639335,11.4461554173742,3.17631095929865
12.5339382862222,5.65235264589639,3.8913373279311,2.59124821137839
10.4591194576558,4.41186198651265,7.25549332267085,2.79543813746408
9.63894093127073,6.54611749755843,4.3524651151085,2.69479317858768
10.468687764836,3.46946431306503,4.0767970152122,3.30867553918284
7.77678436798714,4.88770117760197,3.39314192435405,3.04812096529922
11.6510676536154,7.13499246470529,6.3042950745357,3.19508011527738
6.28166552928397,4.19126917035137,6.68609641671838,1.80396609367485
11.7523966177577,5.81921986351957,4.37921941688806,3.69345414315189
12.1995927431137,5.06962241635678,8.49621848800023,2.95463413072546
9.79467177141557,5.21512977917681,12.241999707649,2.60164992727896
11.4008607363673,4.85597105594616,2.72892486803861,3.11494164819219
6.72074121990359,4.54810867090555,16.1482211313461,2.52918037722002
13.6418296356624,4.3614476402726,3.13664926442573,2.83328496013607
9.10755659903077,4.06379664347506,5.95608537603415,2.316508243251
5.70459292906061,5.15118166953684,10.1009527350135,2.23537955617511
13.5546023780751,3.28830603025362,5.14214772742169,3.35992877442217
13.8013477839225,3.35367292802936,6.15600846716905,2.61361476752062
5.68198747880955,8.12675740285929,6.01094031853738,3.43963118052825
12.0171791968636,3.35057077267286,5.92398429269036,2.56783619195529
9.40154530880197,6.13246980664343,3.93047766003682,2.42818023590645
11.8190419441548,5.48975370474258,3.57060639731508,2.76074071076741
7.93486340930984,4.49087815232531,6.62631387029309,2.81803036704678
9.31496469596614,4.41373497140619,3.74019656080353,3.13015797654163
8.44164020127523,4.27515016711428,6.37467153720615,3.9176981909248
7.46310637770256,4.5889481574626,2.89134641962164,3.32871996619966
5.90696006949621,4.78266640738739,6.84470267553449,2.83923052630949
8.60548649289321,4.17952575084325,8.64258662579284,3.00339994904778
8.8706996743457,5.05292207483505,6.37708788212412,2.42706762562909
7.71849101947832,4.63803450435604,3.6765388865804,2.82716321365666
9.25062854922909,5.91801326842939,3.5504238548053,2.9807347159115
9.76714063485963,6.12623928544333,3.35238234684878,2.09956818257926
13.5988962332475,5.30443512671085,6.53087620052354,2.89739484417053
4.99421765927996,4.64643054910377,4.44802494448145,2.53818984227652
13.1922074179011,6.51457187487118,6.13410850089855,2.89377637491237
4.83074447885206,4.89565072354523,4.46618373396935,2.72607010997252
6.53546642626185,6.29641300688288,3.07097315638577,2.63471021907761
8.07718040807527,6.73641999028659,6.17290585011958,2.54850604933941
8.75127954213057,4.65982280616681,4.47368518348899,2.32354809297968
9.76073335510676,5.61810803979151,6.16170841254852,2.32865199544351
5.41310112800435,6.93446176342935,3.10051336078741,1.87075850516307
13.3464429948479,3.82316960935335,8.46387479797966,3.77589151111604
6.4225897458734,5.91489748139992,4.24662029353239,2.24777587025827
9.48128980818905,5.79795318466637,4.77399814343816,3.13011523916335
7.63048323828852,3.99602479418411,3.41094354045866,2.40794565971608
7.86480258165901,3.79426515867981,4.22954044163046,2.19225303826764
7.21825173139029,6.33418359060359,6.40258380177284,2.06869658147385
12.9706008684189,4.69521739382113,5.17430074142531,2.63605884403927
9.26311286385055,4.90632378810704,3.50979883349082,2.76149216420391
7.70357489489712,3.60110512735189,2.82240600041979,3.4385399582528
7.91070304649073,3.84871766065383,5.32750092410172,3.57231420472375
9.01610080680269,3.57835239493063,4.99857067640942,4.30442139870831
17.8868765325812,4.74807884789333,2.75260920063039,3.42617544140863
5.04113272701226,5.67660237654691,8.42915820194243,2.73108405082622
11.1730018453878,4.44687118296647,4.30976282369121,2.99604129392865
5.51743020268996,4.58869254680714,4.94878683567895,2.71967623790899
7.54572226049301,5.42425050962723,11.7089958368607,3.30591011437502
10.0933522868758,5.67495595941397,3.12706793753128,2.0555344901114
8.61789947727357,5.42477477099807,9.13959600147489,2.9064964562064
10.4435082922479,4.05789609435761,11.1865183292983,2.41471709479787
12.4418276961222,4.59106799893295,6.57521226099712,2.38885895080849
8.09532386208744,6.28192031790609,7.96961356029495,2.36783781037027
11.1643692995095,4.63262908458405,4.52855563537698,2.94691854415512
5.97419381867678,5.66571261771538,4.37592643466715,2.75917771676786
15.4402721006813,4.92075281501238,4.20321737716171,2.57438522192983
8.09558284421557,4.84247273221437,5.0813105522877,2.58341925578338
8.1970095026734,4.78126596474848,9.03131136601757,2.38143755614017
10.5087032837892,5.23610225737595,2.51132494739643,2.36129051409011
5.1775192024249,5.80007221211398,4.61699362148407,2.36966869394353
16.9338945805113,6.96029748529824,1.92486366973159,3.21954033877594
8.09974173532536,4.34942330769995,12.7381623493444,2.30292343058634
9.48567953783589,5.700635740839,3.13053664966762,3.09492852632175
10.1619714374051,4.52822148929119,4.87490389715205,1.93613487276194
9.70948308913935,6.28554483411996,6.14299993900439,2.98831579834119
9.73489593380624,4.95551834116369,4.3129118410789,2.47339054852802
10.6171490867957,4.77181013437172,4.61276241294206,2.00624220144418
17.3295191602149,4.9391489197402,5.22527661675966,2.56394650176031
12.90539848342,6.36884534375608,9.99519271092677,2.69547690041564
8.28462388468461,3.87017242609413,4.44667786596765,3.93707601799459
7.67650889432467,4.81040115846547,4.8636519387291,4.04483494818869
10.8390743613792,6.56972754845628,5.95819807611628,3.30056923981167
11.9553394693155,4.59441695046816,5.15132446993141,2.46278923747847
16.8068866442851,5.99077017430006,4.9837321730754,2.46718022359437
6.3010557793709,5.79879548636545,8.74445448058582,2.68117616567355
10.8654539618185,4.10403326347139,2.59603347968347,3.01062686046561
8.78117881574492,5.52746307673933,9.67174219673713,3.625450271277
9.47355481069866,6.65590128985717,5.57602652571707,3.12578545019579
12.8930687375696,4.33168711678078,5.95312776296699,2.80466283168141
9.03217567464775,5.48526637291371,3.64177329783004,2.85368220353889
7.72314593188992,5.42026950791047,7.77282985303778,2.69427164212213
5.51406567185862,5.22404074372526,13.6704178053519,3.13507123843815
11.1584016931426,4.45702541348029,9.85593061590859,2.9413687781268
9.54515159931955,4.77028454413939,6.05382478052422,3.13833810228611
10.5514209384506,4.01130230271436,4.10781956272557,2.12240310949142
8.39165249807088,7.17187220594116,6.55480784243415,2.97609347455092
13.6729811161963,5.41321312826668,4.47563247968369,3.18099785311
9.3584645219442,7.70137668966663,7.52925642005396,3.04783474423075
8.48438145709247,8.26296587522503,7.75574568215653,3.4004686133645
8.31457937439104,3.7373942725738,4.2562639933537,2.19495283959465
9.55602682275604,6.63537315765597,4.09901856049459,2.34987234656838
6.70235930707474,3.80390324555436,11.5295577821426,3.08652980522027
11.0034474022598,7.78647880304041,2.92437006149918,1.88682063313087
8.72471544617737,5.21051841698753,11.8317774491632,4.46318128079135
7.86692048075992,5.10923453258308,7.70929031960004,4.95573621502553
11.4483605554975,4.74819940258921,4.28736124476792,1.73407893871988
11.9179100509047,4.67311952129373,8.87935741850645,3.03859763073275
6.87289628144214,6.76963824826666,6.76391802812795,1.98509841372919
15.5967710828718,3.70533271375216,6.1215774443986,3.35918384259039
4.74118104063722,5.99015481992662,4.87199948890365,1.78612767856261
6.28710503998076,6.30797928904118,6.00536580868579,1.87279839852568
5.60594185527084,6.74596922342517,7.31110928345839,1.7375397061629
10.0043253941373,3.39198372233071,3.95488983660852,3.74251110750917
6.97869585587422,7.14933466458638,7.11247880567223,2.40209667943351
8.35674915562757,5.49799193140793,6.32638880720843,3.05419143852534
8.05192127176166,3.5671295631846,2.97517663813371,2.39732986620943
8.39094816488716,6.77422745633545,4.4099185297552,2.72268564063772
4.38043711720074,3.989816444978,4.89713577132585,2.7645576747021
13.8113748112227,4.3919731743176,3.81794764353297,2.40743999167795
6.62177206852545,4.21666274125386,4.9432749554582,2.31857649960375
11.8228649324312,9.34217866122215,6.45323198514495,2.75964941293002
6.48707586728539,3.55200475186584,4.40418803729254,2.48748654705193
5.710598201983,4.55527771953646,4.0494153624131,2.80330225473437
8.13716949437407,6.38327450213866,4.88253148676915,2.98725119123669
8.07381999232285,5.10063155018353,2.66230412539061,3.25068409942017
7.10058194851229,6.22781032083133,8.96975300317752,2.49161530249595
8.64148701259805,4.17700569096277,7.39673853104693,1.98211693570587
8.65834904947841,6.75157244438839,3.960202922474,3.35606965661247
7.43426791841824,5.03949694127178,4.65500901512903,3.31382897934226
13.0909355561287,4.54632997418346,7.01306358857599,2.24120112570596
9.07798404850252,5.11960059277416,4.01907678315144,3.51414614947451
9.81200385832009,5.37941793201402,2.97206164808511,2.61881181970643
11.6679361632036,5.59738419384938,3.70980180738163,2.80937873257538
6.82837988292352,5.65700271537298,6.17857317008594,2.52434102252661
10.7210257410268,4.79929352663777,6.26068431905459,2.78153603852807
5.45174683821285,4.59084017209973,3.58840735104414,2.45071342516482
12.3118279774443,4.21798114857577,5.59430100942083,2.59088007089485
6.9042035190339,4.72178984918342,7.47537477207451,2.1754426933026
10.7017758547382,5.37935126854704,2.79889884925652,2.8436071686556
9.99988780222976,4.82593140451238,3.60138823039194,2.0607566815272
8.91768894081914,5.63124556551242,8.02817877486387,2.969133055225
6.98845591181446,4.61225460692085,2.32988648584534,1.69719491569788
10.1196106714802,6.16272388558091,10.3776527917451,2.83817435913322
6.61681881251843,4.53415774430568,4.73406092008851,2.79608203329007
9.75107963438245,6.16873427329542,6.61130862654899,2.57192221974336
8.8170473664292,3.73516760285727,4.452664516029,2.69236330951087
8.62706083247001,4.04038668880423,4.93503356655288,3.16454427050789
9.72848167441064,5.13595316755573,3.35974237600516,2.81693605221631
9.89634745886202,5.06729328280079,6.14609110542798,2.70608117131329
8.72503854785127,5.83260298248111,5.45146566344909,2.63031606880026
8.37618563193453,4.69879834178052,2.5728089147289,2.16250236599313
7.49112808335658,4.86214786566302,2.55453220476882,2.72705887294947
9.27571944652315,6.03212239508453,10.8501271003606,2.14606482971958
7.63052750343618,4.57923877146856,3.95834337190947,2.22211389306481
7.48165801740049,6.3096070235228,4.92991433610983,3.67470919814664
9.81562965207589,3.90173166074051,8.68937694897132,4.01152224842814
10.2005998494805,5.23415570992882,3.02527303265493,3.38655306951679
8.46508109111563,6.08370008272075,4.62935684944404,3.14528799417983
7.55855072026007,4.30503308109955,5.28349555409121,2.27413694016344
7.48853136133317,3.93321788868464,6.9968984682084,2.68768619859287
12.892103082485,7.27971829523341,4.82941733179205,2.21596496961417
15.374295556596,4.67702833730957,2.37279127429305,3.23578300455963
4.40677273233728,6.01671853659916,12.0870603133249,2.61188376612366
17.2772168591899,4.17773536370655,3.55264406316203,2.4741560994384
7.44682562119556,5.23859217797025,3.59280139291782,2.23005546905659
6.55543160887388,5.86137203889266,3.8902896303049,2.04957518566839
21.6922237651572,5.78629351150586,6.33128628065852,3.82522308036967
8.7351589494668,4.53058679035669,3.1945212522026,2.56572419017337
10.294769497257,5.40718648647402,8.33026938051732,2.24103643503161
6.21747155713001,5.14037438562635,3.16414348874852,2.89100598760264
6.01367144195941,4.92153699558679,4.04864967909455,2.94132516561228
7.78221579283179,5.17699747918404,3.30170193681104,2.17312198748709
13.0971011865777,7.43213621963456,3.34002927141864,2.75409076214724
7.18268152655345,4.6274434008199,6.5105090538542,2.71616300449442
7.87511261783686,6.50462988169489,5.7672066221231,2.6193943742871
9.0564922486036,6.76630771915725,3.80268944412531,1.32911046705883
11.4144743997889,4.47228990808798,7.31004927999278,2.80587544527571
9.36338520829669,4.8397058453866,4.64229141668575,2.02267301046278
7.74648575530177,5.93817543187221,5.57292837301422,3.92341268167799
6.48405767155748,4.35289731475972,5.9702159176447,3.64552659155829
5.54144587706586,3.83761952217726,4.96701505089445,2.84486249816642
5.52670510663921,3.89483673115749,4.58485348625508,2.54507954757158
5.81880117869292,3.81078582497233,4.43951765169143,2.60995259146378
16.1882360495281,5.00595478207916,5.51536110354798,2.95840066221399
6.86878051850137,5.02699292706418,6.04090889215762,3.72945877199546
6.4296368046956,5.45490909475879,12.8359760016315,1.97762940386991
7.32189057571014,4.72908047565307,13.2267025089445,2.8864340778105
10.7316323358199,5.48166772176758,3.87488642416925,2.79552577175803
7.46185160483535,5.43921025397906,2.77014880052974,2.84566146798128
10.1753533552351,4.8742306502593,12.4900488081479,2.70884383199577
6.76184946282917,5.04350518424943,2.71968196385774,2.09909945274186
9.75264632651035,4.40450518824304,8.89210315650397,3.00975719355365
6.3843393247762,4.62971860150141,5.22630475356883,1.90166120213868
7.9853925555556,6.46161092738556,8.2120470916129,2.44213778961036
5.16343314436447,4.03829731019605,9.05120014076183,2.01065167982811
12.5103214270431,4.46624747968942,4.63219524282741,3.74278435177224
10.3084080699296,4.14289575561199,10.587266598161,3.63087217554758
12.80795534637,3.23007721926416,5.04236979317582,2.84639446469653
7.97073426285731,9.01284852475576,3.62257730363538,3.06773405493073
8.90087095466594,3.29304548450037,4.46200222338442,3.61515004113593
6.4394271827891,6.44615824302267,3.2735427022775,2.55437140337395
7.36974259701442,3.92275983314522,3.29937962057227,2.71029595740005
8.49814394664329,7.28795251978955,5.99647273059601,3.39533333859483
8.42316596428102,5.04834526338915,5.87461154983359,3.21420115645229
7.73599064260587,5.74249227699617,5.06691436895763,2.59226287259108
11.7917436971011,3.97660087945959,6.77104982461323,2.59442461461185
6.97788591806055,7.14195829110102,5.6518506553078,2.33986663288599
6.84266772000997,6.20627249901658,2.66467581849123,2.38256706255869
12.4401396891725,4.80836271919615,19.2636704964074,2.91568845446733
8.05538816631396,5.10545032175484,7.42100550775315,2.56720201778986
10.4993160423994,4.36390986218164,3.40821866894326,3.64696136341627
6.80016806620962,5.31339227325884,6.44052251114219,2.20472651609654
8.5195602015846,3.4332680584063,9.6659411755437,1.76313747328314
10.1932409392994,8.39007133765157,2.70690864656094,4.03211856342785
8.20688507214847,3.49596825356476,12.2631082141729,1.96623076623175
14.0004468509818,4.79762896098445,9.32374895768227,3.74052086704194
5.7143303000783,5.26909053489329,3.33365138538305,2.29682828316749
9.9425592755782,4.52127634044481,6.36064413391117,2.61974066949126
7.67059407065432,5.5991255680873,5.17019937686698,2.54221827043537
9.6683375842354,4.85652020923624,4.36439150141788,1.99084121185075
7.16823343925311,5.38831184018385,6.54414973811332,3.92144687978133
10.7161775902453,4.56784981763874,5.26863506471493,2.33165085532775
8.37314280225469,7.28128228087426,4.07810114358157,4.05540211876376
9.81921777788537,3.92366440566227,5.84374589147251,1.7815445016503
7.65814328387231,6.53873070132956,4.37711300145476,2.73407751376077
9.37316070518825,4.06499099426721,4.64505954262978,2.44500875004173
7.56354067458078,5.75572144157209,6.29687547583339,3.85497108193461
6.70451114812106,3.84583015628133,6.17143985157806,3.45852933260648
10.5380642440781,6.31857766518276,3.59762905060758,2.46012464271653
5.6625140948063,5.65189933297887,5.08044614352526,3.2577220976036
9.13821220720312,5.34377775540353,4.84794304611447,1.66450590688792
7.58650936118536,4.59257785667529,11.6040126591825,2.57498523332641
9.72131716983087,4.75091344211498,3.3899362597443,2.58237822976432
11.2667721264584,3.41196659771235,2.92006733007454,4.09577856995834
5.58980440177367,5.65112095466916,6.79358562635287,2.63822842477348
13.177666894279,4.95763552979533,4.91295249385537,3.28205450411194
8.45922124139018,7.86007034049392,4.48520152161318,2.4939188474022
9.99139231066589,4.02536415158938,8.56492079371732,3.13279073894524
8.64679335465771,6.36551693768635,5.52133340002937,2.45288296818607
8.15222217360346,4.44689989655223,4.09442218844427,2.96096487051674
8.86408642130463,6.67747541867806,3.04445765826472,2.14246833694222
7.38121950471703,4.74646466332714,8.89264303151564,2.28370525564718
12.8034868920914,5.19638504929532,7.8436377158932,3.34893858239522
6.74260059311349,5.82992783922776,4.5692682345857,2.34359438559229
6.02897790995326,5.40839964634473,9.53666149051076,2.57958604715948
6.61083027916362,4.00101124742752,5.53717857227498,2.1632659443304
6.27576184609976,6.75454957989769,6.41720032836774,2.14042618119939
7.49567017794453,4.95136726830235,13.544764360709,1.83252808408142
9.32424415275255,4.88745178337578,8.33119765178051,2.69082989129432
10.0163818158993,5.18462531914929,5.25789694041562,2.62925500263611
6.16817382737103,5.39231675082642,4.70911520786523,3.35389171450746
14.2528808284465,4.62876135321842,10.6207880951187,1.85702256714679
16.7769344091573,6.22207657608895,4.17597174530674,1.95198682979661
8.09632320334488,5.31847561551668,4.33008989096116,2.75321516518866
10.4820750712996,5.82032276567813,3.6013252792056,2.26358209485409
7.45486890516315,4.66346413282721,8.02217168150355,2.68331981940961
7.36323079105113,5.39716831946667,5.11365335103521,1.91710907723585
9.35774056654324,3.46165500316334,4.57902689550482,1.95050903041216
10.7400578955122,6.0654817969655,5.42817933364261,1.7806788944609
9.14937011187805,5.30313584295649,6.94352319863567,3.87967770292222
7.99291668377905,5.02219336018947,11.6757107208282,1.82737868974618
9.85118810714513,5.19510471437629,2.95849591826693,2.94874562733074
10.047951180749,5.57960198210673,5.50766306320569,3.10991463754941
9.10226412576972,4.01448725421277,4.57330096507932,2.27350334254514
12.5806384848651,4.61808454065285,4.054127676282,3.30993997956211
7.94887221903848,6.79104333333133,4.58014993120148,2.42429324481661
12.1523732536271,3.39168840172665,4.365422082549,2.90888641691643
7.53368176607031,3.32349744357441,5.68576736873898,2.33333039481146
7.88047566231345,6.39858330264178,5.4290608376685,2.68657764843404
9.80420955385187,4.39599200368299,4.3886734241468,2.80763271575305
7.669900052204,4.34762506206322,5.87715170831243,2.33631103228054
7.46104566767656,5.03397271971239,5.63415236189531,2.44783548223794
10.8576834253826,5.84325616677192,4.90248591426222,2.80872860460114
10.43436885928,4.08993394716964,5.35660884856208,2.76718338961706
8.11460291589814,7.4846838075019,3.41365601115289,2.28691299719318
13.0477068244191,6.21509320682146,6.47623550770523,2.15712856098383
11.5144405013668,6.25717850209627,3.55753766669579,2.53006925551534
9.13224973072651,6.64387270771042,6.01504301155497,3.00414105523206
22.2273456855065,4.68992153592815,4.79465348360654,3.20842737958982
9.78226582019604,5.57168417063835,14.369026147993,2.44379398831714
10.3328026861484,6.06180705835928,1.66240166270331,2.90540391773001
9.15493001601287,5.64578303331187,11.8210105513306,3.24236887551787
5.66553748259738,4.36990231432326,7.09387631700642,2.79755853074847
10.5887872276452,5.63488768672988,8.98537577530764,1.90034089754888
7.68806365688842,4.69230468732553,3.86534485914956,3.54380055543093
9.32322068793037,4.83311848571786,7.45016904125154,2.87281551575323
9.27729307863683,3.8818243896348,2.69887396594758,2.93652497307956
7.4351280392395,5.91610761169932,13.4301511355753,2.62043689227764
11.6694538899512,4.20298127719928,2.33467889645316,2.77245219294716
6.85671393591439,4.43920214449417,12.0786622883911,2.07442290898332
10.5172503510429,5.20129044394282,14.6343694050425,3.15464150861791
7.43768169815937,5.31519228658774,2.37283688288231,2.38549731994049
9.19414206065026,4.58222782271949,15.1929104018828,2.2723667222233
10.7389818893487,4.75085651777862,4.70947842073987,3.0085619709436
7.77744723449936,5.54762617261344,4.36456524369361,2.05808458509921
11.4768432967307,4.31101622301199,4.7302254259023,3.49252911905517
11.3388907362263,3.88475334707399,4.65146573983,3.44216782622488
7.85203099959401,5.45531046682395,4.66923154278958,2.59306874720627
11.690847596926,6.07190899617874,9.5836725692237,2.24924100693026
8.91602379930248,4.68145299702984,3.33720789469144,3.49955097593883
13.3011238772966,5.90404614365077,4.52620163698379,2.3844593670258
7.48021711493694,3.94333654230256,4.16074832483068,3.32665534012741
12.2985232326259,7.58325353306106,7.52750535892105,2.48719625323417
6.90234994527979,3.88940419384503,4.37298573936508,3.74905202707111
11.799500101691,7.65760176611174,5.54249810714232,2.70617470474954
10.8380272408775,4.47313254511931,4.98901670435563,2.53559895609103
7.48362490808227,4.07847207660383,6.21120114262466,2.85361120094111
20.3024475521769,7.3420629406661,9.66638290910015,2.78242634182869
8.83816122301361,5.43332640828458,4.52397544532525,3.12122369838052
8.38788608576418,5.92190996517609,6.26471332599618,2.10666907564612
6.97199612085104,6.14083861221749,9.06731387162417,2.30955194644247
7.38174124147178,4.59310847719956,8.45354188414261,4.59600745314303
8.71014779288735,5.71544186537071,2.90308943766498,1.86076638517967
10.7258445388595,4.90694930469243,13.9084710184842,4.51642837139703
7.14807852224257,4.31879037798486,3.08000617521327,2.04270185624409
9.82011792282801,3.75643340825621,7.67128828108346,3.65698063258506
8.62516401790359,7.44355888189175,7.52636683689481,1.63544732774883
14.0865529718667,3.83412795414999,3.04176093319404,2.57513846167479
7.66547623530486,6.22436686329372,11.6687807666758,2.21943137923447
8.42607315177203,6.84705327961662,9.9799127483254,2.01873792224025
9.97517146670355,5.0268717490175,3.85518024714907,3.7811477245986
8.18155867652248,4.66721219930115,4.14081600913027,1.78504750758416
12.1150827132056,4.37551828471587,6.07568421941503,3.60249645891361
6.75952766284262,6.60167595774361,5.26768546172932,3.46660109353996
9.03337816746978,4.32474640221566,4.15274056227948,3.43529030582924
9.24363310901464,8.33587720270088,4.01214905760643,2.32759328730249
12.9259724033297,5.2874038642038,4.32751514632474,3.0530100098376
14.0071512731735,5.85720106801111,7.00426840208478,2.83917059236574
6.40970446122416,4.82388894204602,2.76089264415383,2.3350166883965
10.8818671167724,4.85898639268165,7.48586898417557,3.04106838163707
6.08868650161231,5.45135999316398,4.10899383464575,2.17843753617006
9.52261908863477,5.85120893412166,5.41845396928068,2.80454642111004
7.58196318310695,4.45244156877169,5.78483175969266,3.18118300491876
9.18150268752198,4.98630121745813,5.21350928950693,2.31352974422534
11.3737418838147,6.33786023546795,9.05754087885942,2.98119242961623
8.75925027223704,4.19832679410451,3.20253999362252,2.4170154177844
12.5984081190173,5.6183890310127,26.2389297682947,3.23891900180929
9.58606813063998,4.49974624233736,15.198442341843,2.92017247754899
8.66742998754024,4.22222696507063,12.064874862047,3.12353707392431
8.54143685797679,6.00909413762669,5.23609904407483,3.48657811432859
11.0918024815212,5.09418026825233,5.32137225872968,2.3051089552623
8.22256887545433,5.44645473609798,7.53321371214493,2.49372183320362
6.09123035776119,4.99147036960654,6.56395651430001,3.33974003968983
11.3850465485112,4.1849749592732,4.72827989072609,2.87144710066266
7.70268374007163,5.03716036441214,7.30444681798013,2.12854530936206
9.78217533123054,4.95453263787214,9.37753206993695,4.66515612387061
7.38072039328506,4.82380310945911,8.25278782194325,1.57686509849993
12.8138472649411,4.32793444720316,3.31626196946272,3.97619278931418
9.27346372861666,5.64640539888027,8.85820307225284,2.42057558553642
8.88925992122305,4.9727826733,3.36963783224762,3.3380315354707
9.17952946867414,5.86662490496807,8.73029547704482,2.22668370853941
5.94840253207309,5.4488335299907,4.48191446394902,2.98911863268811
10.3136854302801,5.93367891646192,4.88309689758412,2.20679146935213
8.674262930836,5.36623580589008,5.31388025531508,2.70643866135183
9.37153682791509,4.29638734677373,5.15556909901436,2.98111368746192
5.94431057655502,6.02441039173563,5.59165757439876,1.93736237779732
10.5752421654833,5.32711943396818,5.56808420521203,4.42570515733092
7.26427458523353,4.03437042277353,4.2458615142865,1.91946286056425
7.6934172931722,5.24079817256814,5.40212347124839,3.99048750934189
9.24082812050082,5.0400176706999,5.88786473544785,3.20584816983991
9.11753987805969,4.85150754091656,4.63678605790941,2.45106212430431
11.6367887255221,4.69877639056395,7.10039384651714,3.14261993046902
6.22917088758318,4.38661980162901,17.0389237279865,2.93627015264469
11.6227646646493,4.8247695044948,3.2230415923952,2.85534679850651
4.90740247805195,4.8293084816565,4.67098651510765,2.30485417936765
8.914601389791,4.79805436087663,5.82900919090493,2.87602484321184
5.89160493152742,7.07178090555492,3.93904887874972,2.55509195397867
16.2462922676908,3.47887976705974,4.24558615574183,1.78488674841067
8.64361608285117,4.2418431256522,9.98472517061854,2.99856171174961
8.05336105390342,5.01985759824242,10.1201538009445,2.69648988817148
9.0522243703597,5.12120180487236,2.4093846202734,2.91183847937818
7.94582201018671,5.60967921951184,8.55895343389612,1.93647691420985
7.66900187247299,4.05068370155228,2.35296544110945,3.63781391458857
7.40039186907514,5.73124881093194,3.72523014891363,3.05617871470499
6.07835887569041,5.3096718024677,5.99622306659633,3.46933198958223
9.81999925647505,4.63382312020771,2.77208475157339,1.87535875136591
7.94539545839445,5.2059600349362,12.0769128184645,2.24738540140745
11.694357256616,4.80721112010478,13.8619017318075,2.78187671951042
9.66125648699044,3.47756901693251,14.5236439141823,2.31775477024198
8.67605448523753,6.9013162054151,3.21564084294224,2.42402909552453
8.58062948740146,4.22057499090353,9.09232695685629,2.91065374992538
9.76384204697468,4.41709004889718,4.04721261452691,1.92720313228509
9.29239265556243,4.02774321419651,7.03050162497496,2.79024826749145
8.10057355438164,5.65834078319024,4.67223600481273,2.41979011887725
8.26953373142659,5.04096198160711,8.88338989495324,2.56013101702684
5.76403172968742,3.81606081156773,4.80820628736526,2.45251885829779
13.0322246889867,6.10955028371869,7.05404755243013,2.7176311297852
6.38775223812417,3.73178975975312,10.3779769933642,3.20576349122965
11.7271981046645,6.0939130669838,3.14727117625583,2.41171342775132
5.90792434981504,4.79104386546479,7.18271535095152,2.4331422974989
11.5257910975472,5.5868145514049,2.05740883651983,3.1479611884697
10.8309291615385,5.16313468046212,10.7040896913376,2.43255246526204
12.9785473861383,5.33514964248665,8.18627650300199,2.80659571188408
8.76358236951453,5.43487589410279,7.18508554359422,2.87815996660645
10.7412578149649,4.99742148371935,6.14755250958552,2.48015511393843
6.54004175191259,6.70258978212055,5.7337430093399,2.47638386444606
8.07003171263445,4.91423996849806,4.93275444289301,2.24641390761272
15.9165175267544,3.91924759221355,4.70726517023186,2.89387770195172
6.2765167394463,7.3433937140352,15.7281390142189,2.08839432974845
6.06163596806583,6.44268680896665,14.9734294995566,2.05235890473467
8.7527920487946,7.10584889644634,7.25206366562956,3.42695546633036
9.21301185110239,5.76805399359774,5.60582091222279,2.25292748195604
13.7237855999364,4.02715219208515,5.22880530999638,2.78889657813667
6.23704971764963,7.80104246838822,5.82453801427114,3.15106570779838
10.6833081977085,4.93810759582628,8.02669012135935,2.91049673258822
11.5610078175675,4.19723542902397,5.51435466534894,2.80805436172571
7.34682898873509,6.49922171806781,4.34628160514849,2.54429914484661
9.4134419156328,5.09449970116743,9.31292301231187,2.6906428847198
8.75221496111929,4.46544346079541,7.91124136881564,2.80901812475163
9.91600052607716,6.66676629037726,3.97087052293586,2.71303353798229
11.4603657306594,4.28285286134402,5.03676285489632,3.07409641567817
5.70038204707789,4.44685391975451,3.21793920863691,2.85364335241364
11.6362518175855,4.50875866262165,3.34585457319288,2.53431948069536
11.1294446111887,4.2159707868641,13.2823750953625,3.27024686836844
7.00081578653169,6.24379108697811,1.57696464930397,2.74240759024038
10.4340382875167,5.2666602443959,9.05779437998941,2.99744783107948
8.11210777374841,4.89073869623405,2.1168959692905,2.14709352543815
9.22454124214274,5.25298147428215,5.54217757188206,3.8537992105871
10.1479985824996,5.3207931123508,3.65525922316814,2.05982706731945
9.09035102771025,5.41074597280081,12.203653627087,3.03650244901559
7.02458979611891,5.99337312997015,5.41286295731178,2.21981142686242
5.87830865696951,4.45999434886312,5.51697990696479,2.32982686827769
5.20130262665558,4.80717737133224,6.2009691404173,2.26969984799264
16.0299358884455,4.64962642484156,3.06064580016335,2.49106861712064
4.60294233614242,4.97535716914504,7.50663447471128,2.6648568946169
5.05036595863447,5.26516506430134,7.99843004621672,2.65112674314322
11.8969530657562,5.24112637471588,4.82530497186494,2.47412781088155
6.92938252529938,4.84157598483891,2.82119111930376,2.35617748562863
14.9469818412172,4.73684566648348,8.86266355797017,2.73410393468725
8.73264065968703,6.42383408456431,29.695490312488,1.44234637051016
11.8742899005576,4.91063659077146,2.63581045258859,3.65161840262149
7.91685979623398,4.22239560386093,4.34031729025453,2.12849398056841
13.8465261569416,4.84911724925145,7.25120197772323,2.65421440757995
5.43791312194633,5.35786286264159,5.39662138270756,2.51297973347452
12.3581762984695,3.05013722932961,4.55848186396455,2.14286404806137
7.38827054011284,6.61321625547106,5.25762786524662,3.54170107741609
6.17413466836202,5.53695808562035,2.67650335707713,2.27847915855295
12.3826508237126,4.69235155040115,12.0037194271702,2.81575513991816
6.99393830546583,6.2653128191407,2.75934495748038,1.95018693502842
7.18146530589068,5.279204119799,4.5210752605381,3.64674215657072
6.49724654299682,4.94970722527667,5.18907409704007,3.13748818515926
13.2000919866231,6.0706147104507,4.91702162295673,2.39805654679929
8.93487387364868,4.64051473953774,7.33420935292517,3.62832892824388
8.975288974599,5.51967817994671,5.01503728683825,2.33622096319285
6.91750993978598,5.0919381880721,4.31099192941471,3.42950256699489
11.9194625878515,5.99585638293586,7.03361923453411,2.65912938050045
10.5521511443461,5.99454789782316,10.0443238771727,3.01244832037528
6.12196154947624,4.47826773824034,3.39863914405363,2.40681407524674
12.3955411306933,8.21033829102611,4.28665060176701,4.40301451604813
5.96209798382693,3.43464126902566,7.69129016791827,1.66172043381281
6.24856183739572,9.18420226173353,5.24605805807507,3.14727792767445
7.64715860549383,3.26943980601642,5.34003888700919,3.76303720306142
7.37501481995843,5.88434833941149,4.78297300889238,2.30574803328452
9.42400277682489,5.92066536080502,4.90802402477654,3.31000233221518
5.36005497372158,6.14918347854398,4.81643152226883,2.44888888254732
7.81930142618888,4.52094371216461,6.45914628146419,3.44868326048387
7.26951160280461,6.41379263830465,4.34574931322737,2.03722568669541
6.49043535688382,6.62588756341043,4.81020536952655,3.10657589732547
8.19475536230295,6.1503182423372,4.48463978019668,2.89421200856225
8.60410161439431,4.86584054590439,6.48111611382207,2.36112350546604
7.62361917795211,5.58245899380664,3.2323242294789,3.72672718385814
12.0266683148054,3.83866445368154,10.7044924391868,3.0905659675262
7.22297046431448,7.66153732607241,3.01633831617501,2.41065931440101
6.99557910207329,4.75619186670248,1.69487223828945,2.59306425141729
8.41643486204907,6.03973187954742,24.3569554959908,2.78989708350035
8.74890846888657,3.95964083819741,2.66371446247064,2.57844796757562
8.31366721569217,7.61125340656222,7.24878163987379,2.85154847594642
8.81362771248446,7.17380683932875,4.83491851541718,3.05762064798622
8.5047330846902,3.53135536496515,3.17608449802875,2.53697001114361
10.7619860604676,7.99066258872081,9.34979132677669,3.28276952441141
12.0617079388368,3.76542016516863,5.84123341092578,1.78686228280407
7.74696871442247,5.67386288636497,3.67069594671785,3.22064622292782
9.0508167781107,4.7026800598343,8.19802208156115,2.52859267277508
7.40708775863613,5.46468546297953,2.54986324795974,2.75664516797432
14.5926691953906,5.97214100762028,11.2673371833017,3.1224447363468
10.6005239525808,5.35674714076125,6.22883458284481,3.26072678917051
8.31152661356425,3.88772895305703,3.83215008769284,2.64831483208283
10.7491935728652,5.85203402099308,4.64912590747323,3.13277494441473
9.9132687859083,4.58526842161895,2.69233871185968,2.4717947530534
13.493799173553,4.34621775653259,8.63357923311047,2.56542210451046
12.0397941659215,4.86513459169821,3.15576306146035,3.75945255179061
5.95150584698824,9.99420853507424,8.23972024896116,1.92156985519942
7.6698780358991,5.29419403040428,3.42053482964171,2.94557389505412
11.3883517146384,5.3608597070346,6.29105766555397,2.18105870769916
6.52713843038505,4.40217299440493,5.29500640292182,2.72616214461967
9.60342851057891,7.04364561390461,10.2528496921623,2.55891745119671
10.2128312161,5.71192794239457,6.8515114158429,3.11848168728173
11.0790519569543,6.84774060226978,7.34007822856179,3.96067687792117
10.8304288424165,7.24248121665025,8.4546102597123,4.79573309512042
10.2587794825754,4.7776885972665,8.60689526558401,3.69226132430937
8.15945341008201,5.73564394725957,3.68478265797581,2.01413382735634
6.81935400545973,5.35092773433299,7.35493642681043,4.15641405587148
4.60583900376886,4.53878982950848,9.58003601287029,3.63375056397043
4.27651737284837,4.78731253431103,3.13957564837022,3.86330587939442
4.38523090156281,4.52179313363394,3.11018874569364,3.60263232530838
5.40997838728243,5.74068001824231,5.51425755975906,2.53947183425442
11.9193061212694,3.54238520159763,6.81815647994016,2.88117844887757
7.80709013185443,6.71691413464473,4.42934262161441,3.51857855580707
8.9959605813867,5.61764236701169,8.56182572765049,1.69633654849613
7.22987453265677,5.02463702209171,8.27820119286083,2.51285016927552
10.2107526126927,4.76642121355728,4.04390096624701,2.93146899825889
8.10018450854699,5.92789219765784,6.71347976271632,2.46568396954606
11.9911843345745,4.68001002554482,3.36549384347511,2.50669814582796
6.91267659282331,4.10547124941481,5.99721913377192,2.36816048976732
9.32696503040301,4.80952193198398,3.68808927542919,2.48030790943383
7.56457630896686,5.5503937468028,18.6928189900979,3.57768697060041
7.73118699159807,4.57475381315044,11.0313847561576,4.09698275142075
9.26853100028316,5.10187184603988,2.74533855359794,1.90888985084866
10.157754748937,4.69398491305997,20.5901621508203,4.62309516399736
9.20813749552682,5.34863925610188,2.84602642104331,2.3305970765512
12.2843679626733,6.45536751652654,6.16631045575841,2.9861386827838
9.70359969395217,5.00575809791874,5.37102355190287,2.46165013675761
13.6431419971503,7.32484837868869,6.74046181485369,3.04523390163188
7.30574958497225,4.65174083705038,7.22634126648173,3.2393307602463
8.10705352660383,6.96858852647243,3.54123339805733,2.73322675634625
7.11124497971608,5.77043299930856,4.10629422296425,2.8529311256006
11.4881832942451,5.91445490931876,7.29498599425866,3.15878869406542
8.49213605694996,4.77165570501411,4.44343400915421,2.82732532371268
14.8221162430744,6.40158709456428,5.73557539869012,2.51947989864777
12.7414357055267,4.96617322513873,13.821422488448,2.33293792062385
10.2057096562142,5.01435068660102,2.87854573443812,3.1541208773362
6.96105767504084,3.8419803981825,7.29915428924589,3.29258501654852
7.70275270722162,7.25147198388674,2.95610756569955,2.20384351209908
11.4203376984562,3.48703274255247,8.74886532720537,3.39818450520131
6.61489379505876,6.4238359032555,8.60589801664089,2.28230330708353
14.9783301297545,4.62928116336031,3.53044997377673,4.2379459141155
7.85514685385458,5.03291668982299,3.59359288056705,2.38875535264317
10.3151595932674,6.04939295959798,6.32094165198899,5.18063945739291
9.93314011394216,4.17247775782581,4.93969223207878,3.17076986944562
8.64760112690301,5.82740468675519,4.77522956035194,2.15772924934547
6.55752299948456,4.41624990023712,3.6841445426547,3.18396059549189
14.9914156604096,4.62295182157512,3.18787568994212,2.8517836099794
6.32224562829438,5.479506744099,8.73209563626773,2.72913814338652
9.25359562193577,4.84822585176279,8.11946364161126,2.84397360523171
13.2317918591882,4.59372893661829,8.62337834843687,2.33930252228974
5.34061842506823,3.98968966597169,3.80303922777435,4.04120695167847
12.2262486082286,6.82437255241366,6.65770726795565,2.08938532228814
11.4071094851484,5.61669201492978,6.33673889381022,1.89858197035405
7.09474896020815,4.67639511921212,8.90969175045761,4.01746320315985
10.8265086161085,5.59961332698947,5.1387878316834,1.57915093649281
7.17977719981794,5.41051132155283,8.83249102049677,2.32000175075234
6.65464810200851,6.62247632150333,3.95039736535149,3.91879196915807
12.763789695613,4.65695186007691,6.71682011761386,2.03893172674555
16.9309934836918,4.22789793242577,5.20475477995388,2.49988282338416
16.8263346081055,3.52452949470452,7.75204184607065,2.65215649849002
7.59041090656917,8.4218634179863,2.86717158026037,2.20293434219308
9.54209775969836,3.17258998976743,10.2000478211636,3.94074899498367
7.48411962850837,6.36061958959094,5.7074645177774,1.93332262458655
5.79435936279973,5.7905733835808,4.15704949704648,1.91257296712927
6.66038241647625,6.01520670754052,4.50022392613339,1.95938641726968
7.3357842610728,6.30089167761501,5.95922601263748,2.47036267290331
9.2438439830991,4.17870364926647,4.8441473426418,2.53591317923352
8.70507046302595,3.79765706735378,4.37100523334702,2.63334496059557
6.0430010231027,7.55667225726397,3.09068613240649,2.00597970450164
11.7082753743517,5.168157904739,6.18653965997692,2.39485224854279
16.9528499087982,4.44186992139015,2.16655424815741,1.85546885915436
3.77570846802715,4.54593652872256,8.0513226857462,3.34979060683269
34.4307326243913,5.08739540784927,2.96027505132511,2.2676743648999
9.70739404668481,5.06250303663138,8.60913238309116,2.79237814668555
7.31742024096962,5.20575040699608,4.30344589643416,2.77412224203505
7.26646164705255,4.85096707667093,4.18977765221827,2.80054982039772
7.49204108674377,4.83113805275429,4.09257548510893,3.23429232273421
17.8196978970044,7.53177985105341,12.6952172714246,3.09266539562632
13.9645798042642,6.66631644798051,4.26053525875484,2.78559255734693
11.1577350660332,5.63792872838057,3.09429307634312,2.70077807404418
7.51994655576946,5.25361183306796,9.75913125854915,2.8881531396583
10.075909300805,5.40273611637791,2.68865579122832,2.10503851460861
8.69558701040463,5.55646920583339,2.09722138498263,2.26664794495822
18.2365025738483,5.73565730972831,8.30177306649283,3.71947661383847
5.74630380713193,5.47434439200111,3.32024405468778,3.12125506746538
13.9683477591359,5.17517039579184,6.96611196674266,2.38276383448575
7.42198096001065,4.88380768496299,6.09963208386197,2.44296305432184
9.04638196088395,4.68513492622476,3.6499601015652,2.74461392444194
8.99013717157176,5.88599089914376,7.24583830568238,2.36662516128288
9.42384991569575,3.16851231806952,3.72274431745026,2.59993934884868
8.62693523999587,5.98308447076387,5.93047870978499,2.99572296509822
5.70545988004682,7.19413426648854,7.96543124616274,2.6944717274821
7.06475723590132,5.52682744713902,11.2456878372529,3.37580520673326
11.4758259242194,3.56152322868968,3.81970879311527,2.77262745234564
11.8515175516155,6.79617198771922,10.6763527414987,2.58428435659745
5.91639750196316,4.0929549857623,2.93960017528935,3.10594357115056
10.8902415511007,5.16474539632248,9.71107432628075,2.79990040775841
9.97475777829963,3.54630132369844,7.41095844440462,3.07731704420991
6.94702278885806,7.06183784861674,6.47802111678551,2.0114544873736
9.15675376423329,4.74543948526881,7.61498471592553,2.0786391187561
8.96391993144332,6.97118460223251,4.13348764579456,4.18335949615162
5.27338549750028,4.97156019315257,5.73548490512357,2.3152555909789
13.5243836626487,5.25849489022811,6.10136727531146,2.65790662907086
7.5626516462841,5.12332538109558,4.68818127144123,3.29413211903058
13.3612910533711,5.3929837980016,9.39913496448013,2.60935842984756
6.08462566531337,5.20094980294696,8.59843640529189,2.0163182150361
7.30843221933261,5.88847294996123,5.18960178753159,3.02982793489106
4.59211100775862,6.11566257850524,6.52047869798649,2.59182427375243
13.4036105073802,4.5395174688707,2.51507321277582,2.36297596869349
4.03240208971307,5.23203922190014,8.20474144646179,2.33545085439045
8.69456703394943,5.06921394814171,2.38053243288997,2.12100888331676
6.57666921330098,4.799667899102,5.96514384906037,2.68892014337087
11.7432737930003,6.71981001373878,7.45153678205279,2.59348311949031
7.22438954480311,3.85862607217832,3.48997528337736,2.64571186421986
9.63824949439168,8.90548220230199,4.99985299184977,2.72039422281859
9.17773773017672,3.52385518279534,4.37531522217291,2.16184822659559
10.1153911734183,7.63143588840015,6.61635040385194,2.54684412566116
5.93508698107591,3.52554052424412,4.08400534790699,3.28829243171162
12.0872122057709,6.80307050647679,7.9650335091772,2.15991964328738
11.6308096747215,3.81976081145894,2.60962622621757,2.04475736226204
4.80674259792995,7.03521480574603,9.79867665303498,2.422700525177
20.883757079732,4.1271923423045,3.91783808535702,2.21458448594029
5.75204781230498,5.6495573281671,12.4443054855807,2.7666512353417
14.2783253901013,5.3936341057348,2.9469065883859,2.10036240421838
7.08606654063039,7.94440216756013,6.48287276063899,2.99877774175788
9.28570495033283,3.04904933286933,4.79727199915419,2.75693279388557
7.13704573977141,5.88925483083988,6.97534685111026,3.10588653793774
7.34421113943664,6.15526401583984,3.64106283206537,2.68061082236002
6.99747556657019,5.55772443752054,9.55061992379785,1.75877624084035
10.2274123707924,5.59348137757186,6.93820619559941,2.42867285479795
7.29770584883665,3.88361140428525,3.91052681060455,2.79287423881044
12.8444846397956,5.98077282207452,7.63582868313133,2.61549019824121
6.90686087774833,4.47514647111433,4.87352292151195,3.09163432234811
10.1642810924841,4.56701681244217,4.20870405909383,2.43281471246666
9.11973619904409,5.42309525345011,3.98312233111274,2.6159525211385
11.2828691028512,4.36961249676552,5.98150884725789,3.33103100181772
8.25862725190611,4.69056890096686,4.46436053383996,2.2837993504046
9.32337889461209,6.86880310480932,7.68156484189129,3.24659055494693
10.2042964447163,3.25731055925525,3.89476599392611,2.68771377468315
7.11988719364368,3.9260189327605,8.98557857364465,2.23747564342774
13.2369196579904,7.85188741629436,5.45892930534465,4.20638155314168
15.1024770474492,5.71775434016147,6.80608867699253,2.28541453800791
9.85861635620819,5.29345101837866,12.022882386332,2.89774938916399
7.07653357764936,6.10342582507686,8.6595324066207,3.28691316183871
9.50254550142915,5.83436918618452,7.38017583168658,4.0547756135066
12.7201849647573,4.76721413374256,5.31907673186211,2.22142491614353
6.77457870647071,5.06762288580331,4.65287154967172,3.22541841065766
5.37585915585055,7.83788012780339,4.3775720543693,2.70857016185654
13.8532045585347,4.11004712060756,6.33420553777249,2.7206880245932
5.42135500981497,8.00464373950878,5.41958953394333,3.19218919458196
17.4610425278371,3.7344974110242,5.08194785083911,2.80969077726189
5.35677127516047,7.54353895766983,9.37758254446691,2.76047165459625
9.49264408266502,3.21672236258277,3.03605214797898,2.64121366107766
7.02751256127139,9.20758037115708,10.2629432113998,2.79561080345378
11.9554330495275,6.12520938087864,16.239876398589,3.77450070478202
10.2694395241325,4.39611101985233,2.48881623838184,2.00533749522502
6.33992833281822,5.77710883923191,11.4056109095831,3.8588374668726
10.2336823472503,4.84050053480981,3.03613291668773,1.86912220353601
10.218287187839,3.24320798744558,3.54603131368005,2.70656972253313
8.2694711057452,5.75537101596016,5.57073347391442,2.51595784494913
5.79345157604508,4.64569652917394,4.75076318978416,2.84125828758689
17.7379993797377,5.52993864029245,5.71481306690801,2.35255638298636
9.07650095954943,5.41212854246608,5.3553789916656,3.60701365578917
10.0884067469826,4.72279135752811,4.18749032251822,2.35415271955954
9.09622493790881,4.49113189481129,7.24911126560306,3.16046060175717
10.1208219042361,4.92206458467453,5.29335788578567,2.36277858829357
8.00147666266007,6.39298354515371,5.51390841291845,3.57133798497955
9.65670038677324,4.46125992446808,2.50691620302767,3.01100936387957
8.67255119521731,5.72679135196153,14.7493527761834,2.92504884294175
6.97604915967702,4.23601933451541,2.61434260109543,2.44657803792395
7.47830787364897,4.61196543055484,5.96101166363498,3.39891474561718
8.1661742957459,7.11723969114442,9.03967795400999,2.42469895046623
11.4766547833992,4.533416347123,3.03211712733149,3.42293959389835
9.28402549023681,4.55105702628647,5.58304391118976,2.40202792191825
13.963547155989,6.33836581228138,7.36443395631615,3.66417855102461
6.71344279964965,4.15151362512521,3.47962027883236,2.58759326708966
12.3827199162877,7.2795937769621,5.34593553600699,2.99801499536476
9.75931587389074,3.22096504817036,3.45391561202762,2.41688516541517
8.86719885065821,9.52043655511927,11.3997961632533,3.0076812350503
6.77178253296769,3.09719990471593,2.74236009227047,3.02582513686974
10.7617859357901,7.79919553041033,12.6322042958906,2.47350743115518
11.2560278994225,7.83912266747663,13.7740929919154,3.04689545335647
7.23854582270428,3.95240336267651,4.01273351385417,2.54303763635769
7.39898567523249,4.76211947221387,5.38652907237193,2.84765763642612
12.6936358120526,5.80157437547362,7.09759448666801,2.69406233363743
7.01543545913649,5.81479776222688,2.73682028613782,2.58217192176065
9.41508469857625,6.63498100620466,3.39438716003674,3.08874133897032
15.2306182547151,4.23824495422949,7.58128869943975,3.30671227871972
9.22678515649232,5.2280800986051,3.54614196180299,1.92937357082714
8.89335896711133,4.60189906721142,9.63913321703971,3.17702786692754
9.07510002131935,6.73471032061049,3.05842969024242,2.25321165302343
10.4459503304689,4.23249992532577,6.80008344917761,3.21056405713643
7.18342819453526,6.80658138204301,4.00479494538377,2.20249396647457
9.66358625404776,4.30596257616409,5.51943307503695,3.33631259306752
7.38843044392422,5.19296956352134,7.21399111485507,2.54691943410135
8.28821111963363,5.13859818225262,2.64149652934098,2.66919845956573
8.57847362837962,5.44127759477304,9.40210384955139,3.23853590055525
11.2602344472774,5.90015922105767,6.51298572844857,3.45478741543007
6.41888493905537,4.92732711610498,2.93181864577918,2.88121709757069
11.8386656059953,4.27197601158384,6.3721564856127,2.44516425920954
7.40687142536805,6.13936230474486,4.15418788074376,2.81602181629738
11.2958543487681,3.94608166884269,8.48759764517682,2.39087149605358
7.62942756591232,5.66482283459951,3.22195772190142,3.29261068712109
9.87446568006268,4.47823752288493,4.95863505805849,3.09112723984696
8.08212195767039,4.40865762887063,5.8142248515584,2.64093184248275
9.14695903040032,5.91456930999502,3.9093020012784,2.75911013646822
9.8991803332569,6.36148445329899,3.94193626346269,2.45126170224093
9.31229443020996,4.92180573473467,4.55583623227765,2.92007810839009
9.03051714192993,5.01310992951156,4.44588837103079,2.9407532599466
5.50215585343966,6.20406813007785,4.84146993825273,1.87320999284738
15.2931255291828,4.55416722641775,5.90158627714373,3.18855957721502
7.53030185747555,4.99869321794016,7.57134667503749,3.13993376965977
11.5478358733966,6.04183573715345,4.10657018947338,2.79215908591392
7.94269236244728,5.01259454715579,7.1738165342267,3.26355187625889
8.45768566321948,5.0738776624411,8.74486853979188,3.28502238029655
11.9123153776499,4.024149119335,7.80794031163162,2.53793885227501
8.03016519217144,6.78854626345416,4.29893585471333,2.91160355392365
12.7066424476488,4.35282077981635,5.51002178822026,2.6041960081045
7.63847882107349,5.74690142810834,5.36853764904465,3.01995560735783
9.09130754554191,4.97738220041177,4.11996453391702,2.37385708275128
8.96802072292228,4.45590961582581,4.68645832939212,2.74189043993327
10.9696753193382,8.08344744680699,6.09432699148912,2.50647476857413
10.2550610317639,5.51400501343534,12.2671122972105,3.35504540752185
9.08746581504147,4.83724314127519,3.27632609171666,2.3230603556267
10.2288304947138,5.2972763593091,8.05751654230948,2.84114422104692
6.87407556311096,4.39410604347464,2.55258532182305,2.47225347386762
7.95492107783468,5.16279575675852,7.93848424362292,3.58132062940546
5.82027332975478,4.02615506786068,3.93923840216238,2.20870096289792
7.24226686474468,5.08154084074962,2.92695144549436,2.30264023863727
11.6721258168593,5.85111268358029,3.7754960365881,1.96936864663544
8.28101346254144,4.88954553932655,6.69247192544773,3.89753204460629
7.5273791252799,4.6831374218902,9.32842504830506,1.8676962389698
7.31818112539954,3.97130882319628,8.04290420750334,2.39945454274009
6.46167267717633,6.35822109313611,4.65900516933387,2.94214650290948
10.2107307216088,3.46525554573067,4.14345472455711,2.56110529684232
6.41182939631602,3.60796288199488,10.6735195866568,2.94809423899908
8.78649582989374,5.02370863416674,11.1134489899502,2.84289460751726
9.39896541869111,4.38723091892082,3.07424015898061,2.42196218903619
7.5429945828757,6.40028392452525,8.30657638231176,2.43397562535353
9.21164248206009,4.14282182636357,4.75739164857034,2.54579869752448
6.82140666357295,4.97599105221734,10.4153080783533,2.3014828018984
10.0017813711592,5.35963369670332,5.23429736089187,3.13151220399438
8.43459291843033,5.60660683420083,6.56791874288041,3.22296188848346
8.64645515449416,4.4371551953813,6.39292073205815,2.5021551389671
8.84675625086181,6.5446325164159,6.62554896642734,2.69976239108775
8.43069752858633,7.15874847290075,6.70382103843677,3.81497209581695
11.1451885754345,6.78811125281327,5.26832981237636,2.25283378714742
5.38323850212473,3.26420331916112,9.00202522754511,3.17647073306215
7.04202460142354,5.80862082012968,10.0823725537673,2.31086846269651
9.70384327242446,4.94975940765016,9.83027599793342,2.77007254259115
9.29951255683152,5.01871916449717,3.63176934942584,2.40210943262214
12.5373142796201,4.85509227778967,8.06367028746472,3.54851205882593
4.43753747740699,5.37387538246929,3.96899885432855,1.68951787994395
10.4930280713757,4.52945559443357,6.70811334765276,3.29827517722779
5.79955515062075,5.72591872192382,3.65778048551119,2.37473703607872
9.5201868847917,4.65409932000831,5.0252584494333,3.47394232914333
8.82879041256169,4.94941882445057,6.05029944525617,2.36897440432013
7.82233537508866,4.42890174496852,5.054709905911,3.17643553413721
8.46308801612276,6.46843860395928,3.82481956088009,2.13622714595486
12.1091087866561,5.83256634575914,9.14813925912776,2.50831567325038
10.746889406578,5.02147438541,10.8415374353329,2.76659959981454
7.25978276864954,5.9406014991418,4.2124236677213,2.44722976487931
8.94871847341871,5.09920062564307,7.13329906178954,2.07730729469706
10.7183272456665,4.96808520256669,5.43955678507815,3.21869363056632
8.81507345846333,5.36168014694361,6.48138968863951,2.9010885757776
9.17358107342696,5.89575819260131,5.3054264982557,2.48328215033116
9.32962635120616,5.59843375731392,4.46538045756101,3.62011642224038
7.03380579606605,4.38850993045671,6.49960224217444,2.5932485889059
6.55481949964553,4.86518359840265,8.77410244248427,2.45630391160628
8.77227397965415,4.13128881019423,3.77226108323277,3.09365148647359
8.30798843131469,6.37526193182399,7.03929251723637,2.08900570614105
8.87600982769731,3.89470533706053,6.20330310296642,3.15123785261512
7.96971744838477,6.06454842764273,3.58172297023922,2.85272161419806
12.1159478098483,6.21343530721232,6.97962487923648,2.13864825111707
7.13754935287166,5.22354000225398,3.89797890946134,2.79871801864832
10.3890742181171,5.04447979377951,8.87258751116883,2.17535475383332
9.98964894256829,4.77318990444973,2.2367756665947,3.06222281126461
8.06992164231611,5.76359728256921,10.4494448286885,1.84410769227009
9.57689899747886,4.95850252657455,3.22957100085508,3.70160845648017
8.61279303412221,6.69150323349604,5.13693099517937,2.33688176615702
8.05943147287385,4.13595215565328,4.92636776082465,2.35227241643728
10.2774562184497,8.14715400546482,9.32852798630193,2.73384534912677
6.49698740647936,4.70446503145527,12.0796453428358,2.59045281345585
7.19000064828449,5.35266727084098,9.29350145192755,2.37879249136515
9.7316832973487,4.34231790692496,4.01855751267073,3.31881303333112
9.40006965649323,4.63210850849513,6.10967141742066,2.99430108510396
6.8796542172975,6.46004859898241,5.89712262760333,2.51400230338562
7.324117701073,4.92524685123421,3.97339276026966,3.14787241465278
9.45263300639895,6.75673852192159,7.04911578621216,2.09194517738022
8.50043523381242,3.54917868603653,3.3521233962402,3.10040910563184
8.99076853493892,6.41335108457631,3.95987186524462,3.21931015433844
7.48721839434926,4.32415823237353,10.102861371831,3.14267339102418
10.050021072801,2.876372204651,2.97879711198966,2.76445456287984
5.57263815342134,5.45776193153968,10.1120356836268,4.1004836883412
12.132548702557,6.52733116312459,6.70535807916723,3.37280301974318
6.89433866203851,4.07324154882058,4.39503707668216,4.5740772021208
5.60823257508004,4.45044986948681,3.7644776974294,3.76094427086443
10.2783430250076,4.73474940586621,12.7565319227974,2.20931861824386
9.0952037133256,5.23529768778935,12.8683497614844,3.22489430371916
7.98507400470704,4.9298747872072,4.26344912128712,2.32837026585189
6.37935785870562,4.4363252270893,9.38812451505399,2.73343742909454
14.0316831769412,4.79932053848356,17.5519320448307,2.95527826141781
6.76445560715464,4.55441970231803,3.00752441872535,2.75555484362544
11.2342946395768,5.3121246090317,12.7851773260375,3.44569045585608
7.92737332509789,4.56797923344811,3.17239295127922,1.92484904296914
8.52809337404605,6.96565102444395,5.86393067292683,3.95035958984959
10.9514356168353,4.13282660450184,2.3026455291568,2.09475825172286
10.0445840306897,7.35735803648796,13.3510974592525,3.75046413890135
7.751369672211,5.04896893640972,2.77772624516826,2.3818847135612
13.451618820546,5.3641780081921,7.39187153604363,3.11614717243373
6.79795219123884,4.90746535279912,4.07721558751867,3.03805402639185
7.58336707303676,7.15655973182594,3.31484491738851,2.43921991445784
11.2552776228274,3.46371770083039,7.70338180107098,2.83298866604167
11.5404674425035,7.11273045427803,9.25439870946481,2.11977239083231
8.80943880344018,8.27632737191576,11.8742111741171,2.01539702085468
9.07929496326164,4.85302204400604,11.0637624918327,2.69880873528697
8.58192383163479,5.14226000754904,7.06546290133411,2.95893699019372
8.68390022357415,5.81682732225271,4.58293981608541,2.87851710805219
10.8670590531841,3.82172325770284,4.99910900212096,2.21294060413922
7.99212044290241,6.28459822052134,7.02254417999542,3.68235612425586
8.45507231276259,6.88372583057125,7.27942241900442,3.12197807717636
7.01373470990674,4.80099827421929,4.77311363842411,2.12014829283091
8.88636570061262,5.27087329697297,5.71894217967925,3.05481786345567
9.65131101065053,4.79377008658169,7.06447076609038,3.22229542323146
7.1939386683763,5.69554053146891,3.66867132686081,1.99008938078068
9.23717532767797,4.75554596481506,13.7272585560875,3.89209186065663
5.58368719644527,3.36373584006118,2.75980181188139,2.31203840934303
6.40205689867931,3.04376853937306,5.16507954341852,2.9229043545971
9.53229592698827,7.04764920692289,3.98614243312341,2.12968466243055
9.24300124058932,4.39122292848623,5.62419086845519,3.6906111874849
6.54967263023832,6.13656029788467,3.38801348175137,2.37492567080041
6.8510795573506,4.21408252258035,7.95105241315067,2.26032571239526
11.4485514273785,3.48877264191149,3.36224009733574,2.94327434672995
7.97415226204797,3.87188366924565,2.8696799423034,2.54528778390058
9.09499740732473,6.85628908543222,5.19399444959488,2.93198858053927
4.95587609977707,5.27456173728587,6.45141293454126,3.24418685270008
10.7376483656247,4.17667589352115,6.12880876434702,2.0385291013775
6.68064715953894,7.03607435680957,3.10664887195905,2.87344057809751
12.7799292061088,3.4582288505327,5.32700339250374,2.32713546010242
5.95837189401995,5.08442505230432,4.05459874092922,3.09452228839854
8.73801915346407,5.23997938261969,3.87978160874374,2.03813392470002
7.51071124444078,4.83128091714304,8.09713235332219,3.29696597289516
7.71846257287044,4.90490840158791,7.14224304182423,3.4780581058477
8.9145834835865,3.6147066695735,2.57215355083571,2.76071518897743
8.41237343235835,5.77067397308619,4.23266393770523,2.74552155097165
9.55562744830972,3.84316722465548,7.06558315409619,2.32465179906582
6.25877257741943,6.78811751558934,5.0397905363659,2.1905771433872
13.0181835293085,3.84845642365739,3.96581749558998,3.11683450640948
13.0045996292824,3.70899248555786,4.89162713257918,3.07364277843882
6.96671843355884,7.88709281852006,3.74171562095741,2.1823102591272
6.51155133490793,7.88768744081377,5.38058725378226,2.32993219276611
9.54055608234111,3.79129782526512,4.24500379091804,3.80803709093786
9.24865382420303,6.36464653302784,5.87717874177238,1.97560947760431
7.77941757899101,4.29670842403584,4.24419826477193,2.60793438629481
11.5559366843613,7.04922696294228,8.8212079851438,2.57164570821583
7.28764716312524,4.34194470072641,3.70106885849947,2.41655410383515
8.79965134351727,6.80016792383999,5.85553599876748,2.2670240029511
9.33338020243192,3.83878601078991,5.51982234726059,3.50319653400788
10.0928964308649,7.21290517817182,5.5829717990678,2.05575937863018
9.83747741597536,6.17224154364646,6.5182074271712,2.38069736677611
7.72818344190705,5.58060526617274,3.24518710943542,3.33641314450134
8.31645103504352,5.53927529402091,4.37908751422288,3.05625637753365
11.6337286511406,4.56687140792073,10.9298889863066,2.39732185481004
11.2945281965216,5.40478025318945,4.62131567698311,2.97919491179912
6.88329500773633,5.7450070709371,5.27218712612217,2.85976877431921
6.96525442725005,4.95276684998658,4.85767812740487,1.94747743268017
13.6764308389565,5.86997389384175,6.94743974003125,4.17182064857045
8.75397289784258,5.78571359545821,3.56558005648671,2.87648222397896
6.51202841648285,5.8143324304029,6.33405083039907,3.12984761505166
10.43789645939,3.97776038116378,3.62554886029023,2.44309307306366
8.10417647669945,5.05963355062041,4.62497349302395,2.8646710631674
11.1111045684199,5.75228302823469,5.03379056191693,2.59215596852999
8.04593837361464,3.96324973994984,4.09589632993508,2.36732479668066
10.0326624476663,5.65839165063673,5.66499771813166,2.16157474688491
11.3272738629951,4.90445393092836,5.25635798371334,3.37548651822373
8.75525386556172,6.05336954356111,5.05992131318969,2.31926630809458
8.48094916328802,4.72434085463555,8.23687172631907,2.89893434501086
6.90439960672488,4.81432116129423,6.88591170278418,2.27755477054257
15.3372668986569,5.4542073038359,4.81636736324942,3.03159359411325
7.84262868744249,4.07096825062543,5.6424087308071,2.04098967596359
13.2564383525315,6.03019398430727,5.8848024745736,3.04548102796731
9.01461494784775,4.31300012091897,12.2672320843096,3.80149658810741
7.47334787335091,6.19123271062624,2.19760309670065,1.95597013012069
12.8433584053982,4.02593217727499,7.76454921410175,4.61976695665661
7.95681914902945,4.61827185219227,2.83383315514193,2.55685515688502
7.26174865152826,5.27112427106035,10.7546395485604,3.32826985759018
9.31204339733543,6.30402391625095,2.65256434606375,2.04189222954752
11.1718746020658,4.57259820058677,12.3425155983451,3.52796502968003
6.34682723248831,6.5243859027244,1.92935219384588,1.83120381484849
12.9240171065591,4.29451732031193,6.48564066508714,4.24642092551161
6.74594577556344,6.86208645027975,3.34472138357411,1.74174843784543
6.29395441675698,4.1071819360809,6.80610247670601,4.87473198637578
9.43989928791435,5.16472469372528,3.09886338334931,2.73157788733193
8.41999061013326,5.41060155693704,8.37243438760982,2.35302469006364
8.49363654131344,5.25700291199557,7.81965578142542,2.41832722779407
9.83203048421389,4.84249456109613,5.35846682329538,2.12827712077396
11.0732566687952,3.86720851101534,2.76648768745465,3.57486174535548
4.55386681237393,6.01346826186926,3.95897611858957,2.15062103877511
5.54273764045333,4.83895073539486,3.27628981123861,1.90264739936885
11.3119858029228,5.31283013690899,9.83052201158085,2.88015712240156
6.34169373049358,5.17118552805322,2.31253036021209,2.54305136784621
13.4524918916836,4.74265024585979,7.23207716932219,2.83805976028047
6.77396189628469,6.10744735755277,6.25532452336242,3.1644353686533
10.1838649312613,6.19660263477366,5.90508789646944,2.5018574274926
9.73469889696891,4.76489205344769,3.29186066730871,2.51299114783574
10.7930571113337,6.55144003371422,4.24315734066791,2.79377359975449
9.39516741213772,4.78779987454215,3.33807800629564,2.8421350609381
8.28174590273242,3.60881482453914,4.45691799678603,3.54816253355216
6.66391544143228,9.47620514865991,5.72969618639105,2.20647838533579
7.912072843527,6.16946674789371,2.75283636390771,2.37611060338032
7.39931329650509,5.48590280176505,4.80597109008112,2.48847494434427
6.32949235571851,4.60089470470003,8.47954194990903,2.38011757892616
7.8786796514206,4.7420005857705,5.6063304869641,2.16708510321411
6.49147209423252,4.43506494559293,5.92412078595804,2.38557192174872
9.52907726882928,4.92124581751045,4.33024846856634,2.37129278023737
11.5233791977612,5.06542483866701,9.18619536964992,2.70772108868486
5.27481261139381,4.39381982154425,5.40006884977546,3.43640010749258
10.6951612879986,5.87055955329816,5.24507728039041,2.2091228533179
9.17625569354604,6.89483544055851,4.92833583082129,3.74713435943693
7.64736661094398,4.28474866994523,4.65700421793997,1.66891761262221
11.9621886311711,5.21287265901444,4.53117425994077,2.03843549343233
7.35582280256757,4.43151710986561,5.85692060068449,3.64597332057503
8.73783477285913,3.70160362710162,7.59990127480245,2.50357291061986
11.5912227486884,3.79004957929441,4.31528606135185,2.17049404969396
8.13658162218708,5.28872399266985,4.83119858376839,2.24985458365422
9.79241722200927,4.18690643995317,6.05857415289085,2.43240249837234
4.75222549378118,5.5861480710007,4.36748706282698,2.65908606034431
8.04337917775633,4.81366909180583,2.6176878484252,2.35312166104355
9.01965003215689,4.26830580855859,8.8517353336573,2.81349834985303
11.7280470273831,3.92697473159327,9.41436496052283,3.4726410895699
6.81406252076748,4.80573525954957,3.55735865600182,2.23963887855371
6.04345687859785,5.51873112057401,7.06173052305081,2.95394751561822
13.7007550573275,4.82707272093439,3.00669040441974,2.86943087874418
5.42227120979485,5.65294234315866,7.09685885003922,2.69629333937427
9.32119303996663,5.59617394265494,3.06065176530546,2.39261468763129
10.3788695686059,6.18947042372595,3.85627323447535,2.53494274995973
7.37314592299403,4.26117028126587,4.01667621765622,2.50696929831959
7.2920408962887,6.80022742183696,5.83815054406494,2.32056482375325
8.73298587375792,3.38421592770521,4.62359044941085,3.44600278801204
14.0119627088949,4.6132591918356,4.65363134715901,1.97963333363568
6.69404421971995,4.57435744624276,10.6035715501628,4.15163904982635
19.1987712249763,3.51222679813097,5.23062294116279,2.90118513990254
5.3976827416995,6.25823675554717,4.13548791020344,2.13180517244758
17.2489441305063,4.76192700970914,4.96154995501113,3.87368905119908
5.15689178863887,5.63869195565521,3.91167510697531,1.97125653378562
16.642079425894,5.50266958598959,4.80548929202877,3.27630635504672
6.49234441513298,4.88699299071931,4.89521984471487,2.84091327031126
9.73187915160784,5.46586049516298,8.6881584964513,3.1739849014733
12.7921029002141,5.1801359769107,6.92720620920166,4.08676769147124
13.4361799191174,5.11730981789341,5.67656322719052,1.79274201949986
8.00124357275632,5.31414905647109,5.35582154029142,4.56809205312858
7.39726499123171,5.99376359668237,4.95038703415605,3.97827987222549
8.80243868369041,4.9032300886382,5.60054798667104,3.04637551244162
10.8964443794426,5.07884102115581,4.02428028827291,2.7662987983741
6.25613875481593,4.64194042747962,5.11836003963199,2.35172971354842
12.8827780497129,4.65022942411212,5.54363644024988,2.522251889878
8.60661209774676,5.48596552738618,5.23896091967785,3.28912416246121
10.7456483858162,4.5212294655503,3.74175494317094,2.60558586259463
4.80548357733515,3.9200669262724,5.89649640640445,3.83987612684582
8.36936269251956,4.62724060066401,6.9339927392642,2.53788090113263
6.37738218474534,5.84603001754569,7.02106211413952,3.67205834769243
12.3452481732518,4.32666659224012,4.64295649189451,2.41899709371247
4.65318088451799,5.91434052374944,6.38748030880326,2.65965138425663
5.3362760342483,5.87782443416756,3.86060272357504,3.13415881731268
13.3629360530012,5.44727470878617,9.72108240066038,2.18789716695318
7.18876633490377,3.62388180472889,3.139936014136,2.73976760651809
13.605894016787,5.71339208544456,8.16786695912081,3.53158945807727
16.0700636670485,4.67572032121353,7.86825507443948,3.31027360461906
10.9620008225629,6.15239039222433,4.20871854354175,3.80692720439584
6.47397474621275,3.77919627770356,3.39196630567115,2.03615426111283
8.89686205316437,6.4829263524906,4.07862637724104,2.94286670437804
9.83349150800588,4.68234658163347,4.91330574324933,2.9140215807896
6.81326155451615,6.60216553138344,12.5304119061536,2.51192115986672
10.0500251799567,4.52114175569479,2.53842765334511,3.236512336207
5.34281960994656,4.82692832417056,4.62904983732887,2.2760703046694
11.4750012662194,4.88791126978708,2.63197673147274,1.97922951502365
8.09214689470894,5.13628288473057,3.36275018083526,1.98060544571983
8.00351391281095,3.8895497048493,4.0384367895703,2.26762463049354
10.2384353576159,7.74505783594243,8.98261103740847,3.69113996344715
9.24938021466771,6.03014727822821,3.47994738185236,2.23726107755731
10.7782753656363,7.23862094803853,7.09367611703223,2.57565032699421
8.83793115107667,4.41992215068312,5.89656643692547,2.71509674095117
9.00109545514444,6.99455826553722,9.84928760762636,1.78704555189762
20.1338708563876,6.29489506330048,17.2640908838585,3.35155977014884
6.42484484325517,4.94990189370135,2.44875485993566,2.88989298655197
10.3058758952381,5.48175522704192,14.2567112731872,1.80034580453902
8.83339584815871,4.69103029370466,3.47110016886524,2.69792577081479
10.1808567958745,5.2268346142451,10.3186201965606,2.43873222759603
10.1330720374417,6.01390502662187,3.20022285182928,3.15218213663494
6.15265165746501,4.58738554064284,29.2809294734449,2.40575866701807
9.50902268756979,5.23895283144237,2.02939495239464,3.36884939794888
11.0590854581149,4.50199083997081,4.38793104882953,2.27847477466459
7.74818702361995,5.59624975464834,4.37387216378556,2.06081318877575
12.2518275536411,5.36793419847129,5.7842395994866,2.17753193379996
12.096840527323,6.10836721531136,7.93468967456468,2.29573604102239
12.7018191007202,6.2377899844345,8.55234519973082,2.48941795360927
8.19897460441461,6.30770587410496,3.07906758093694,3.37884430701276
11.3514213413588,4.78755488593061,15.1294447127343,2.10422302393359
8.69808786385738,5.9225900870628,2.86253104046785,3.8069694567977
9.32614293944897,4.20456115037247,5.94631154354075,2.15203164009341
7.12520167300169,5.46807130195799,7.25660616391069,3.41334879382385
7.41122166657093,5.35350162030081,4.04653132268305,2.13456573946439
10.1301281095317,5.44120517540059,5.0869173120488,3.04783824135022
10.1584741446166,4.36181127703742,5.94347569657614,2.85119362140467
13.1760118548236,4.3737323190917,3.5374684185914,2.19424396460244
10.1618121638207,4.92061989096365,4.29083802875182,4.30503986453071
8.07717158807754,4.30032293609385,5.30388448900125,1.71487472303063
5.53247502187401,4.4236528224264,2.86378448188547,2.61593757596171
7.31877868242283,6.15327443006177,13.0007748104889,2.91691976887707
7.53265545127656,4.89282870140443,9.65120407886099,2.79711668491394
7.23183309133452,5.25501194272274,8.47303818600851,2.42066546351933
9.87096181704728,4.68375787552477,8.65574093946616,3.45961040878808
5.19425115366699,4.95162009354469,2.20138094382345,2.34417623792738
9.05417379714697,5.44140587480381,8.45046998588599,2.57887975495697
11.5820841500055,4.72300390271409,5.66900917442943,4.37392338675637
10.9365768268718,5.45823510909228,6.63508546647986,3.85768871944007
8.60591349791729,5.79998517677222,3.58346893247465,3.58531812075266
7.60078558035567,4.73846590768121,5.84424966714049,2.03949399658098
8.30524377023311,5.28222389668566,3.46319591484622,2.79075914593319
8.53456954070929,3.88620268979028,8.08643526740905,2.4397727915157
11.5497421137361,5.87912055532296,5.70596367981262,2.33520851234143
10.8901248664986,5.16943760244972,5.15167524045401,3.55211789164257
6.57097333147249,4.22969050913262,5.47046616462803,3.24192528560672
7.51766701434522,4.11973527718393,6.21489120910801,3.07784909301211
11.1098996468389,3.81034830843808,4.80552441241176,2.46845377019904
7.16589047324116,4.68825443431047,4.49744169292246,2.81324654715434
6.86311252783408,6.41098529638455,4.18110716666512,4.13784262135433
12.0545721576132,3.73106595887917,3.80109039996862,1.99656486054341
9.77216756631474,5.39679811736694,4.46594858906085,2.08287850109704
9.74246174764411,3.99191591214076,3.48944544808471,3.55546682558532
12.2789762364688,4.74017543965368,4.49839288757299,2.33544602785128
6.19940490814497,5.48543086250219,5.78590189725684,2.30474410532057
7.50175837405241,6.47282835007398,4.5226488464049,2.30833703204624
8.63710136990847,5.49048817712051,3.88560947860699,3.7213936327669
10.2497078079962,4.80215880185698,2.84307456725682,2.67113577042377
8.25271106649945,4.785046538768,6.40885161394135,3.76634084582624
9.20784443757291,6.61413920656819,4.49643415107681,2.61233582141272
6.18410642426635,3.78183894156766,4.73355188763392,2.59047101967139
6.36880116855304,3.54435903871022,4.69698923769898,2.60975920316141
16.0875186290322,4.52748067580474,7.78066631816206,3.08014671816372
6.8389830410763,5.37434583801946,7.69515949489519,2.53056025068221
8.55698590143526,5.08959898637151,4.88065807417227,2.13675157979155
13.2814269682383,5.28846268942659,3.12664936195353,1.96726528532662
12.0253573577243,6.08239953625644,4.04335963372719,2.70242855783375
9.20751627428097,4.43944967317112,6.27945833427712,2.74086192609696
8.6246323471354,6.80385366948125,9.60682406788498,3.47409415013716
9.81516656052707,4.58578879866793,9.86832024700301,2.35360915611662
8.10533253310619,6.06809988143315,2.66352204822393,4.22400323473335
7.8427899425832,4.07183281797181,9.874215253274,1.84097692963498
8.66231320811581,8.1678625829084,2.8190150325357,3.50633600203892
4.96126997935886,6.88427492606956,6.14685024350062,3.13761700866801
6.68573418702055,6.158772134834,7.36393519420984,4.05394266134044
6.80058621037593,4.48945667001129,7.62668057513439,3.50103451373931
11.6704628800969,6.18345459462386,3.37371769837831,2.44128513611094
5.80058258374932,4.07464828528741,6.31237618039909,3.29575920355428
15.0383577372528,4.88157086433737,6.66270824691198,1.68588460856944
9.87058530137544,7.22391560613806,4.33886545271331,4.23686208566689
8.09862468391325,3.51507188088516,6.66881335629843,2.30631996467869
7.11054547708808,7.57791856837037,4.35179648274655,3.23421584072263
9.21233137009038,4.54969384394547,4.9605528120256,2.70046039760771
7.21486819093656,2.56108302798158,5.75283335983729,2.30401744697591
9.97279495333938,6.56052767320009,11.0531047445472,3.61975737834337
10.3901381656916,3.85617390437346,11.7926200278534,3.2866339876836
14.2183941495297,5.18880968912311,9.15639497654862,3.01600661091854
7.09209442520934,5.87752808049188,14.4792900808961,2.53614035686145
13.0471683299204,3.77710392582201,6.74178330886042,2.11347666828578
7.63412294279669,4.29089175167942,5.49614062100295,3.50400419236263
12.4067948703235,6.44282338139296,10.7967390668999,3.10256532160814
5.48632761210947,4.1602780454937,3.3862219231714,1.9460744052262
10.3715475174402,6.3273697141211,9.30202248322923,3.63113095925361
11.3355182202061,4.96798165599272,2.6550950159603,2.70639711804404
6.12566815228784,5.81887521063055,7.42095193801166,2.86607404985729
10.0216896558377,4.47736895014726,4.92572038206615,3.00008353995707
10.9547456997281,5.56576625915844,8.04121003612497,2.3716177079331
9.58145796274618,4.17356014566789,2.47481302063202,3.80489280908248
6.94866004495328,5.315178378385,6.8494196124552,2.88739026610458
6.46696656001925,5.41066007045282,5.4813475896196,3.02966239584847
14.1998168816321,5.86124955799403,3.88876209236797,2.59316324425817
10.7587036728809,4.7480969606171,5.02111467841574,3.04635014480555
11.6208511898248,6.18725208576021,4.06717853424487,2.4071765928226
9.0832199564245,4.44052449115504,3.61202408786132,2.46958392787173
10.0940464023837,7.07759206833979,4.40044110047009,2.52230661914899
7.75247753722742,4.16817527865081,5.19107268526797,2.41290995627092
6.28768741447733,5.8848109534663,3.77815457318604,1.80091863761474
11.61430476425,4.53602187695901,16.0206537049775,3.90359244655982
9.86892183700373,5.63348521003279,2.50199917285833,2.37850178430771
9.5500100718321,5.11956176759365,11.643532614402,2.72667235914846
10.9253430310816,5.68423659339944,3.59423094193922,2.43244643082671
8.99228810514638,4.32116420103066,6.45791779677244,2.99081696838599
8.52754883928806,4.67559478978541,4.49397411968137,2.64433047559411
8.33755180000953,4.73234713310303,10.6338261675759,3.9257861394875
13.1154449029979,3.78848794602668,4.22962847311655,2.17833907782373
6.22912507490616,5.96107938816946,7.41441151595967,3.53669718610284
14.2617258155908,4.03178171749944,4.16918968148891,2.23372300260477
5.8907428509136,3.90403831800368,8.70544174971654,2.86502032235259
5.9415433275129,3.89515108150214,6.30982869372064,2.35538461109602
15.2825610526259,5.42928073184558,6.28734268039875,3.46667682205824
8.80317261971212,5.94202450980028,5.25261453880379,2.69670813438347
8.7906806189997,4.39796679103378,3.72120792584489,3.34341584472136
7.31400706299573,4.81735709656105,8.73560979316095,2.50941956215006
10.9619704864255,5.18601529131328,3.26266158920268,3.16087216738292
7.79967880445989,4.82573329032361,5.06895672104645,2.10199804073815
10.6301746988661,7.23503999939623,3.18616136328428,3.53136390535382
6.7404254133345,3.56870174961479,10.2135260416327,1.68282202399067
4.93400960662889,3.67464160998372,7.8300876371896,2.07690150393892
5.25011024130179,3.68790192667483,7.6092299467644,2.11760439620659
4.79806444802978,4.4040373621183,5.50886475306116,2.71216112792438
15.7816986668162,5.85569740793753,5.06747209128647,2.63064088098194
7.16482051341278,6.45221700327756,3.3166535353345,2.42153346950108
8.8182729157395,4.87984119236786,8.10051886754558,2.78789280187672
8.35397984168268,4.91430513852735,3.5094489587847,1.92606410531756
11.5440434745626,5.78268369512475,8.01661278194408,4.12282340453921
5.99469938295834,4.47313316868638,3.64240543408472,2.41630351676143
6.24256128668989,4.54687710888802,4.26026710791622,2.68060768119033
9.75107207612356,4.37415857854264,5.03425565161651,3.09349149273609
10.0327946299292,5.05955674412103,4.95342170808336,2.04180682374672
18.1631650912826,7.01917879182764,6.24422617508062,2.44869335882534
16.5317049031967,7.71457003834354,7.62241395334842,2.43499831378173
5.57426486006975,4.21211360999822,4.52371199174728,3.045328904175
11.1848413884617,6.04203888926801,5.55427889063604,2.44384969218346
7.87029548512753,4.37580079771705,8.04039922643119,2.30391080851536
8.7237850199903,5.97173611920258,2.09434244308915,3.75237285118375
9.21835184894366,5.51830368678287,12.387693949073,1.83326055314695
6.4798072401622,4.37236068534545,2.52399640288248,4.02875120874909
7.97514887235405,5.50060984856764,8.49155234011245,3.29224311185479
9.24060290904439,5.65993314404165,5.82155348162932,2.36680653752021
8.79756044315686,4.73897517899837,3.2779934498898,3.15920648142156
7.51976776410302,5.73058182955209,2.85096497127049,3.91619140997028
10.9407039432083,4.67898844971815,12.41235090442,1.7402682775134
5.86833239647022,6.22803116771887,14.0538047092045,2.02664246161507
8.0313959248071,5.37555623586154,14.7330739913334,2.16041828015934
10.3399619416982,4.38060178798542,7.65816107504946,2.1666814522371
6.91372194841893,6.03338228939964,4.28037014927124,3.08626920325532
8.34011128510861,4.35862817574194,9.11493400595676,2.25189415095381
8.2570097456978,8.74962352404919,2.61203742413806,2.2515597201429
12.0642489978073,3.41039923347011,8.79361086854239,2.63562111795441
12.9648524680232,6.20791834170787,3.45213264627222,1.98280112711659
7.72957548641596,6.68859734193106,5.40030567158857,1.98585953256798
13.0835342714647,6.91903235475208,4.56406587899086,2.14757724440258
6.06345563708597,3.83503321625426,6.06236181501866,3.5357212167927
7.6784836394645,4.62352092181302,4.04859577201043,3.13138280911837
11.874743530351,5.2090109035381,5.09437679182057,2.03970469048556
11.9179419134228,4.90479678508809,5.92655215379438,3.98326091563049
10.237465748273,6.86778727441271,8.94525712564044,2.90470943785552
13.0408646594663,6.48300040893358,10.5900373191794,3.2078472448483
5.81923851998153,4.5956795667538,2.29214519575997,2.25748211136252
11.690420741545,4.79987339967958,4.0908149924331,3.58691099825832
8.16783934505879,7.10203412706297,4.34711745853867,2.6998909005758
9.31276254717753,3.51280557794515,6.2267547925675,2.64972828456418
7.0513332853565,5.4549298070769,4.72170976510155,2.8299901637418
9.37258435260314,6.56516708656124,4.45098026602879,2.49709998186172
9.48885785445008,4.59961089819627,4.15927637274826,2.79342795159534
10.3876152024557,4.43940601747952,4.98215189842323,2.95981206199267
13.4331435478545,7.9218071793546,4.2393411430103,3.05197212571563
7.59993197569064,4.11478509905891,6.2988928001465,2.69592346654987
8.37670963095878,7.7346717393854,3.26040264694389,2.5227434445669
8.61568861694642,4.07991932241212,4.7959558485711,3.89728486168227
7.47428969993534,3.81716952779592,6.19863144325472,2.09959950599679
15.203398340531,3.94397963990249,5.20453858084546,4.93385302818864
5.73998575752752,6.31708901361142,4.75471619689942,1.79897494852425
16.942927375215,6.16853495832042,3.90974170283124,2.95191295677639
7.81274357821098,4.05698405189719,6.71893142638632,2.46758400721786
10.6997201978244,5.91100516870476,6.01718570886088,4.89286941759744
7.16070089567192,3.995503931908,3.6915961102693,1.6537184557097
9.53790826751722,5.76380752184912,4.19279123753347,3.8698795926204
9.36754422231418,5.3583207826728,7.75859067759922,2.79907084106513
8.04618644028053,3.73399530580217,4.76111477520419,2.60745765150547
7.27509470074635,5.90736197369778,4.81123629377757,2.86652183841861
8.83097783373789,5.62032418657558,4.57661973108987,3.02558565281885
7.43419072787943,5.84834818571365,5.506919487314,2.48335598218679
11.4440715569021,5.07375308216013,7.49553874735828,3.27560614429479
6.71268690521044,5.58202163489811,3.67913156877259,2.53270658565228
10.7872995606959,4.35395822126599,5.5900796368355,3.17803681715791
9.03936582067081,4.22524558297843,4.10685552258691,2.50318129757859
8.63424942950523,4.15628803430709,5.32162466623525,2.47325337286965
8.83631639467081,5.9581606786967,3.77796054035681,2.88374691605541
10.8787423571203,7.83344933117466,3.61048630047224,2.50930347819256
10.1524836726602,8.0190170993817,3.76101068205402,2.66146098780935
9.50491752134465,7.31612078407263,3.94228065717553,3.09182256374008
10.8728645725209,3.71725042774938,7.79213878688916,2.49174667892247
8.99997200490375,5.27336912137417,2.32270157557013,2.96851819352415
8.23634653523013,5.05067246956698,9.1253623020974,2.25674258051384
7.75047356156363,5.46445379661743,3.40464271972367,2.81565181694679
8.52231568231882,4.15679691912954,4.85127648570344,3.24688604377126
10.0122271995261,5.89623829861114,6.69732023723999,2.36942567060757
12.6268735064416,4.86760450871193,9.54701927950014,2.59097509524537
7.32052483583599,4.81766837963285,5.29836268166305,2.73295890261637
10.4417051525328,5.08500113316003,6.32655960809178,4.07252894400817
11.5549693895631,5.03613529262072,3.09421239565786,1.92242072989417
8.33820657690258,3.96657181579701,8.94422529345842,4.07304100957581
6.88520466408691,4.37995868158524,10.9592467879345,3.43403875080895
9.37712148131702,6.21483978644046,5.20645656244908,2.95401402491081
8.52737972960023,4.33868852862476,6.8087789882623,3.11820190178276
5.96646295217066,5.68638240717433,3.15575887771274,2.55450540067969
6.75938253065414,7.2335181286301,4.56173727871568,3.15703312354383
11.5390793626939,3.85480848256595,5.21153304017607,2.78499637623159
6.64135887627209,6.9110301446161,11.7236301889345,3.00803865184889
8.12614765547179,5.56959451505438,4.3333439930571,2.77103210136932
7.87750385255736,6.11741731498652,15.4620526024959,2.73405241373519
13.1744999880257,6.11749998584991,9.80352194680473,2.59056751259894
7.35338081842466,6.13506869495506,14.6146921451587,3.54940258598618
9.28581960799122,3.87253175252096,2.66354587974364,2.18184145368778
10.2854376993322,4.96351263897137,6.89962873137396,2.75984068314656
7.70829562955039,5.07276480749856,7.37611550963013,2.27401931317156
9.93721302847686,5.98724297525189,3.0399049902264,2.84795689753212
6.33310284878546,4.34832621339006,8.04466861015829,3.12089968435712
16.3411168571837,5.86843532511061,4.20751154637428,2.69882015669757
5.36443988611624,4.68737943758258,4.95963387964214,2.64913465779396
14.1209274341221,6.02943665525463,5.4496920079666,2.47493282976078
7.16011820022687,4.46705296953899,5.42551305641001,3.26082618970324
14.4016138264351,5.01481076877172,3.90410645813308,2.86287080021289
7.12292633706116,4.13152756249053,3.9615434279984,3.05875500608981
13.5134688206711,5.15876846642707,6.66886772504238,2.67400912690813
8.78505592865196,5.54580675064831,7.15682794867661,2.82377254642495
9.94032309339581,3.99576235889476,4.07488615162226,3.02942235491991
8.12121814536606,6.04834901081817,5.5288764032015,3.84508890557844
8.98050066895211,4.32765688759521,5.82287429396274,3.21081265958522
8.7181957935856,4.12995287808318,3.05092297638531,3.39173689983215
18.9032191541346,5.95197626203644,4.51354535497354,2.33147610871804
12.7167427281696,6.00876979980327,10.8326784527178,1.79841457873253
5.35111798225116,4.08467078427892,4.00910275156234,3.88240595776306
11.1239057115316,5.63442347941488,6.12131229579399,2.13463512442678
9.56089046710963,6.09351961031082,5.59412071350459,3.16535417327452
8.94438749909152,4.30759786611385,6.81945192864204,2.33586029886345
6.67342208589527,5.45731511154629,5.87087497728335,2.42511217899194
9.42042744101492,4.09461956678719,16.7947705680528,3.13172211976879
8.60670724492847,6.64717299579943,2.20552758252247,2.36975511671224
9.60036518021664,5.52522021660712,3.29018253751811,3.10890574461174
8.09336108196017,5.17598407722423,9.67522454905893,2.73378949158349
9.20540571904633,4.39575818801982,5.29947359430492,2.12714158695067
6.74351336900747,6.32641579998024,3.99464473773716,2.86749195563426
13.3424389831838,4.89954158493439,12.0800532395714,2.83724713333775
9.97350257408961,4.92156491787632,9.15901531668544,3.18217490785703
8.44220431784514,3.89097526052166,6.47086188919634,3.07128484749575
11.6038116261064,7.15458763663246,5.72371479677249,2.36737616316158
10.113165692064,4.44807727039619,5.22290386461725,2.90415582378332
7.36135480041293,7.07493404152268,5.06831032932896,2.73430987915617
11.4081616094294,5.24364984853363,5.89535260326526,2.54277837953464
9.45630307033243,4.84044964646741,9.61442948781204,2.0902184290857
7.96589302467374,4.93488752594292,4.22019402993782,2.98865234544691
13.5679717025972,5.86433068464259,5.6130865423036,2.06412134627437
6.19238856333753,4.14950589617405,6.13210759500171,3.25611280161131
12.5716287790795,5.56620900566456,6.84156324418617,2.97718370334861
8.09919882986506,4.93390711080758,4.51828009936665,2.19144625382313
8.89451404169218,5.09108610691283,5.24713928045596,2.12601604343403
9.87966217888642,4.03855032225503,4.03569773875884,3.57893542896341
9.07241718159928,7.57185710353901,4.00501360274748,2.43572908027982
8.19240087023997,3.24341353036733,11.3864043184306,2.05591833306744
9.5853974855689,3.66706122158751,3.37761342467522,2.74729728757635
8.01889629420282,5.56359851609434,5.06430741687122,2.25832502597113
9.24713620654646,5.48255542647806,6.91067146932999,3.51387048832152
7.14920105815514,7.80796430601355,8.11839132504576,3.10136184490562
10.9967704307303,5.12465063878172,3.35152776490993,2.94987379268078
9.84432316672662,5.96456312247639,4.22826931662476,4.3092180990325
8.16701462378362,5.94842868944319,4.63969310344628,2.48293616289994
10.5733280151611,6.64712574563849,4.07288942422457,3.70678261983866
9.7845239156552,7.07940804744003,5.10924044401631,3.66190771323766
7.81020792967729,3.32105876177288,6.67473170882395,2.22473673783848
10.538051898967,7.37130384077093,3.19169966683437,3.4871782542908
8.22058683623004,8.25919405766546,5.83750461108442,3.66624995181241
8.82119366887396,3.85884390457999,4.76934843314994,2.18295083204511
13.3542261833461,6.32530096804451,4.63157369847934,2.90401160453672
6.64062219920173,4.21891117742833,5.73899522798438,2.2668975030449
12.069910935678,4.78758920697985,6.8924131464883,2.70751760188789
14.0855175944473,4.44837829763614,3.30692024599983,3.52770947617913
5.31971733636608,7.30928079452197,8.47127464207284,1.69423899710728
10.3819774635514,4.66299566159463,3.00937105481596,4.24572486133443
10.2754215367527,4.85643640597953,3.56959898531015,4.58468378260468
13.3921137346941,4.29895688593824,6.44144810998794,1.9878331362004
8.63402364749583,4.68381088245898,4.79319840570268,3.72435415789641
9.56061814122368,5.66516643350805,2.60662132601741,2.474858194888
9.35433982462473,4.5781499882046,3.48445265685015,2.41578714395618
7.11654325428488,4.41172015499322,7.00921437187728,2.82572592538141
12.3881359173553,4.25258012755192,6.96295887940027,3.38998505823413
6.70646329414204,7.4676361011171,7.14153108924983,2.73859799597705
7.17636764455398,6.49779482533387,7.95225078381484,2.45339700812937
8.24067045492005,5.21174023428339,2.99802551354826,3.93980062697304
12.5664581224004,5.55397362772229,5.69484533422511,2.55433554543314
6.93636012110958,4.13278462129265,7.7676388489217,2.02214542098742
9.61281814280157,5.18907545362588,3.79051707160199,3.53361268394591
18.8756687937548,5.26771270819681,3.87032617857168,4.00144588117498
5.29081202590756,4.481709716961,7.75616075169025,1.84073221090346
24.5006170049624,6.08649972858038,3.11019220208767,3.68590853169848
4.88114953484084,4.17901129304813,7.18849159866271,2.15137274057871
5.94159550932837,5.25759478070288,8.61837438542538,1.86398062232026
5.81226154806261,5.42757595678726,3.76686519303811,2.59824686334315
9.35368070589405,6.94068492376458,5.94517786762276,2.56600694948169
7.66844671789543,4.5796877560993,3.829695863981,2.23407369901011
8.32278993770489,4.63613462835171,6.81574361222486,2.768947811255
6.39744833395788,5.6498176444843,4.91228571959605,2.59153889208889
9.11438184679891,5.95239571524804,2.77166031069765,2.46136940034869
8.8498399221134,4.11739149146337,5.57898189651617,2.9328116456674
10.1674550476653,4.46201830678758,2.70487699226998,2.29805607421109
5.45144669203949,5.70807824779863,4.09998541680651,3.663185854064
8.42221165993524,4.84549884177746,6.50458466780085,2.70579671249534
5.58580471248243,5.80810206795188,3.13565087328321,2.63107451937181
6.8428221701665,4.49628889878795,4.62500694741227,3.25755051152883
13.9614336058666,6.09161536863896,8.06720230395872,2.32874983800831
5.67332792541796,3.90085960708194,5.2115077741738,4.12722792254083
14.5906484898113,4.59796452271042,3.63720028185835,2.92077273476587
11.219956941673,7.34786461793054,5.7295902310528,3.44007164861636
11.2161461578377,7.27560957347872,6.10143939142738,3.60396332965306
7.0819003915971,3.51674191394906,4.72570174233564,2.0084750523539
10.5740768907789,5.73854637117465,5.33445225209342,2.04478403469801
7.27124138544178,5.50017483143485,6.84204285535262,2.8922442303543
7.23764513082637,5.81762583562841,3.07463965515679,2.50145394390012
6.66007514680054,5.04285550652861,4.11690080637421,2.82740680365798
5.81144333052259,5.65154428292023,7.98449879681234,2.75441188811899
8.11423072387789,4.35579951539272,4.90118945973951,2.8184155674848
8.16685166455391,5.09709447124408,5.12925598951264,2.54429015133465
8.29350233459807,4.51033175096914,3.91936872677504,2.69593939889915
8.9468404334225,4.99177859259615,4.6771929000659,3.48783297807966
9.6233381714205,5.40384386974312,8.04482836624078,3.13743253097729
8.54373723319598,5.0818852950487,3.04008564811556,2.41676777742203
19.4094035643224,5.42176321428069,5.09299318470369,2.370248838194
5.3184529094244,4.46412959335452,5.64160479181953,3.47613105482808
9.65449340486491,3.66982300536067,6.4305800007682,2.31084716934873
7.75126973920354,5.78060006739733,4.2339391953571,3.099060235058
6.59264734410269,4.39589854531929,5.79319865124645,2.87595324312444
11.3607185824275,4.11257121715823,2.20551979915377,2.54619942207903
8.95501399317881,5.12323889509663,13.9672880123688,2.53555992817119
10.0930284867255,6.33463382231564,12.5561782246809,2.67106623672026
7.01516957609871,4.47601409205204,3.08990621260343,2.59161941810189
7.02641139042127,6.35847284384926,5.42199351217835,1.97667984555293
7.67115036473067,4.70334082400398,4.93135724269048,3.42654386527258
7.35271223948149,4.73250253550148,6.69239783854507,2.09281820421169
9.71728424269519,6.54665347956406,5.13922061866371,3.09483706174143
6.84458130669489,4.73744651424342,4.81738476124796,2.52871056153575
11.0783984560243,4.96138867076837,5.2144720013481,3.71966346732821
5.35434836163858,4.13084736132143,3.72988874744096,3.45587560856212
16.8850037856915,5.42224832540238,5.91385450598696,2.5877869005386
5.72194624986598,4.82562751188257,4.12040824115205,3.11970054556668
11.6477528758419,5.02819757431833,6.86559528493099,2.84285264059245
7.19335322908672,4.22080409983022,7.71838459385564,2.42075280495338
8.23969418057712,7.56434349676491,3.71390131336343,3.21728500992906
13.5180016810133,4.55359840563563,8.13249129334701,2.79709153415878
6.87038692668833,6.5799579040961,4.81257551065481,2.93621208988879
8.91636058911599,4.60087961801055,6.37134051298233,2.63903979451312
6.74004862457289,5.869523525557,2.45872524230994,3.16634021846316
16.3678285110214,5.11376034417159,11.332308700095,2.96157532609163
10.2082375092078,4.97463719456567,2.58492197793767,2.98815096649232
8.0401000209054,5.06896375641467,14.761224882694,2.44525481079406
7.63324740065841,6.54019768641909,2.91979169474618,2.20727304385908
10.5213573689153,4.04455032964885,12.2406038726525,3.49136273511627
7.21690540266775,6.19557687433451,2.68096682661922,2.20895159812536
11.2880133355882,3.71425761271588,8.46805722635554,3.48577501695667
6.56180530044556,8.22216063213668,4.13245009242449,2.46333948444591
11.0911641279476,4.48470555577819,4.73409076990489,3.03517194450081
8.08085749632608,5.16061287323098,5.88802590557069,2.76097335074055
7.37704698965527,4.83455937011268,10.5608322258346,2.23552627956862
11.1082900854137,5.7510532939751,3.42691400228731,3.34438033075807
8.70083182680143,4.7576191927359,11.2329030865378,2.16298366482043
13.543355845449,4.62781796308604,6.9826594993795,2.50914179370326
6.83313293770313,6.1347708711964,4.06133185020003,2.93247075641962
7.93366984279143,6.95421464423839,7.50868258727651,3.63515518404684
10.1805408010676,8.87781874144113,5.61071376848496,3.92978210948379
7.68945008163677,3.4645223752853,3.64751522080988,2.22644561716158
10.0049693698237,6.85936525830659,7.50671031891785,4.12014487105937
8.35598592166918,4.09863090196095,4.18774839048982,2.0522536327936
7.63825653505629,5.94738269537169,5.75501746062608,4.38997566740342
8.56195301391508,6.60627213969246,5.47266693305462,5.73001675523173
7.58461220077618,5.42312870848401,14.4160365643296,3.23716330959731
12.2515224694254,5.25879550401763,2.80670066138042,3.13710175626827
14.6245175754208,4.75859640341035,3.39219560442245,4.0173412424854
17.4583549392974,4.8784608664912,2.75400707592574,3.78610906696259
11.9266433239253,3.42110920555023,7.32479082496847,3.4423244274751
8.42944330239666,7.05425766032587,3.68500088304348,2.56074218578313
8.60797789622943,3.44592447222266,12.202066050987,3.00911615625972
8.84469244593444,4.81943581002751,3.10838619450435,2.96205067594541
10.6478613375474,4.59338902465668,9.44508564303526,3.36109321215435
6.88361650104691,4.92992592558119,2.46472294824077,3.10877288714226
6.83769632633356,5.11685336949623,4.58020489436286,2.85389545906092
11.1556371615287,4.9019029886526,3.75471401130877,2.25331392950645
7.11994080869365,5.51952492626189,6.09554265387388,3.85396443939545
10.2141706339221,4.99777266028926,5.72487917752915,2.40638552486086
7.88251653259985,6.91831473330279,6.91104556045882,3.89149991792842
10.9825831533929,7.71299432113105,9.16946095688437,3.5534878532368
5.89981338032588,3.70344624067378,2.92041319625408,2.47502838645912
6.06799755402297,4.82625972239717,3.53048695576102,1.68086074972264
13.7514890765926,5.23899096034526,8.49527906973285,4.8129607079743
14.5527220202754,5.04302491588747,7.88274238229826,4.07909969036715
9.75763878793517,6.09915361865775,3.71430156427032,2.76203239445686
5.89518258507696,4.4074286988267,2.82967050914423,3.0994172715435
8.80766433681784,5.10713236252229,4.10406393395243,2.50038048583113
10.4973128058925,5.70744038988922,6.72626435132098,2.63352474886501
5.77908357626571,5.85160402156597,3.33360476010552,3.19506872470447
11.6185317560367,6.78174171254901,4.97589811163251,3.13602121345925
8.18651931267424,4.50089735414761,5.47367113908678,2.5159807199916
11.3799203090785,6.2890607513395,6.22575752928753,3.03006068519381
7.11339820093501,4.32589224471261,5.42039534664051,2.71750396763402
9.83461683669815,6.74148627067225,4.40452401772747,3.05126984172639
7.56579253766868,5.73133520414861,3.45034299700026,4.43136250728272
12.8949465221417,5.11921868864648,7.71698426497272,2.32337844621763
11.7404566156292,4.61667507874771,4.31841431788431,2.11536527385686
7.49463340139256,5.25728030885564,6.06906224257042,3.13044352375933
8.88078992789438,5.27759439321118,3.67129290003157,1.98742669389902
8.66495620372159,4.66635075596134,6.69843522299669,3.65361997576585
10.563012300395,6.4354060069688,2.85567229368213,2.33804081263797
8.12653827918782,4.53615667185142,5.87789784798624,2.52265578035634
9.83113563121204,4.55008929653791,6.82984683280457,2.87793530626042
12.0605325320234,6.43033730189785,6.30429227985768,3.49321262363801
11.556732955797,7.22653356908054,4.49393627938077,3.46101081101653
8.65296293832556,5.47319425523543,3.64545559430056,2.4878938701943
7.75976461340619,5.72022681785149,4.96947279924569,2.49444193523905
9.57385063207948,5.43805625108071,5.03409409542788,2.18068519781944
12.0555890145901,5.29047396595041,4.99447806876893,2.72602094328717
12.9091690964097,5.60438985914052,3.23265336342522,2.87781912743517
7.80307802838369,4.72050141126029,6.49763870159966,2.41967895997059
11.5954598837358,5.16273945371112,5.59634370568208,2.64854451185221
7.6819208230825,5.54501263077216,4.55101746171729,2.28650159580314
9.51443020623278,5.32142005833845,6.79156271869096,2.76322552393279
10.8720629716946,4.33859609827608,3.62477675849126,2.63571447550591
11.6991714225009,6.68372114539444,5.04104329509,2.89425061863822
6.17684979421026,4.36790885546214,5.05809868036147,3.22939682512841
17.5791008133488,5.88875362012823,5.22466393136007,3.03643254448987
5.09382780078721,4.78123212535539,5.8603947228879,2.82659326846462
11.5291591192912,4.35463351067412,4.61310756257695,2.68026526541515
14.3197613726041,3.91767687257321,4.04670352450479,2.81052084492986
13.0330627970647,4.73707215757161,7.19499332083314,3.8660937247389
10.5429237393225,5.58815934510745,5.07602675226857,3.53044577523861
8.49248478644106,5.26490532534751,4.76776794473427,2.85792670732773
7.23325034225015,4.33310797163884,8.42589224174286,2.15343448811064
7.46216382288523,6.70443556730287,7.80594338639046,2.36986111297944
7.64635637992739,6.39105738995827,7.7979432810038,2.16631857156945
18.9109708766194,5.66049694159128,8.11020315443243,2.97436385089242
4.7053429275768,4.22143803552549,6.47071265731622,3.12390010930357
17.3912867834432,6.28348483518022,5.01052282703828,2.53674412715245
6.32204416086933,4.64754431258454,4.75830615982874,2.52537909823612
8.85440141088729,5.47156991793304,4.49351433571985,2.84756449738988
15.8929784355132,4.50723245886997,3.55518463482838,2.51711686715183
9.26479976985967,4.43276835170212,2.88931494400569,2.84988201190012
8.44047438307842,4.89793657495329,7.56282001861022,3.06935640818732
10.2705107219492,6.26399277449569,5.80028755526539,2.03481166481212
8.24784736149035,5.92167577174573,8.1140377245937,3.19028752104276
11.0275969049517,5.15481737968734,4.37172979430643,2.26394462823457
6.92772936865485,4.94049523562858,5.61926064114501,2.78813645111302
6.99644853462108,4.37958340358987,5.83395879659261,3.14509861490174
7.28834191857861,5.85288882224032,5.42151517110723,2.40465319821802
9.41769294968688,3.95725896204102,4.60378209589565,3.27747442129777
8.88691447447099,5.68027677583175,5.61170819270689,2.55718913912259
7.02506737660422,4.50722243978602,5.12716725502474,2.34744247509904
12.0137836769651,5.01006811443079,7.23861038100671,2.9585708824453
12.3678616338529,6.85062701546166,3.76601508404042,4.44690106492217
14.4475867637598,6.13611753352438,7.65341326163099,3.41942270092907
6.41606633357821,4.65895431704149,3.84356902536062,2.11816998395822
9.45034501642644,5.10745640210011,4.30271678670684,2.25836469639802
8.54387381949739,4.64135915767839,6.61742461498342,2.57341540905659
11.0541186960332,3.52201764801541,4.11835380149395,1.9360765001971
6.90937049608308,5.36254214660523,5.70082936745144,3.55734368873448
5.53541269993441,5.15549219026598,3.06739625084905,2.27562024417246
6.76250567808766,5.94667884347704,5.58373444594087,3.21217320765125
11.3928806151291,4.16961799779309,4.27245257961396,3.14480325696494
6.05319995486553,7.56044861243447,4.64329880964318,2.76798599607999
6.81747596197864,5.94582252341732,4.27203551918346,2.40450583226432
11.3089159466553,5.75074264734684,3.7588121425224,3.34008990040997
11.5704565068983,5.40507238186745,4.16576479685065,2.45349462951711
9.42063185589867,5.99990957759533,4.54907086784696,2.78777465567981
9.85921242358479,4.73691651698796,6.00857883163736,2.4388318810485
7.86880593567868,6.12575352507182,4.65175152103581,3.42012279017465
7.3935402149619,4.53664461731538,9.72845518738476,2.57284088489045
7.84959997613117,4.70869223398044,8.25622514382325,3.10168567001393
8.92017943139638,5.36999317436532,3.25669697903089,2.62500341025411
10.4164417592216,5.32533495415069,6.4911720586529,3.02003024163712
7.56517170237394,4.65561940548016,5.75351625499231,2.54526056468858
12.5849336500425,6.62577903621906,8.85855679091602,3.43835248509995
7.20737163929813,4.28708166295082,3.3724530173455,2.85091010968331
16.8161764874935,4.92066996354151,7.34029950237116,1.89045475444447
10.1692126631182,5.94762114921224,3.88153362335221,2.51807902981304
12.1585624763594,6.483700286416,4.28580875431807,2.64930783953824
8.52677343437219,3.62781780152936,5.13934882410688,2.43245124181996
9.68090620950434,6.58535182756821,3.68522571863497,3.54108533885816
6.84445906963784,4.98367220212767,7.00654317489602,1.99240787813325
8.21964218378449,6.97387599485375,8.62414991471634,2.00221827171613
8.27895930374938,4.87990325716725,6.10229107290174,2.55098198124111
9.28729654552824,6.58926912108233,4.74476983048371,2.71588759847725
10.4412304505913,8.48557770157286,11.9289022854703,2.59675349466039
8.80603111485406,3.29177176778646,4.12264390472461,2.87016439744109
8.19377212154908,6.22457942569072,5.40253016113829,2.54151379480009
8.71911468055232,5.18675162738623,6.6849391420622,1.81897109411752
7.76325848846451,4.38788143329482,5.4529050890394,2.72638404004093
9.5971171999547,6.59127559702083,4.1191548037661,2.09733020354098
12.7015381643895,5.19421547830667,7.34849025595874,2.26703847040742
10.1266505419413,4.65225321029744,11.9723157300034,3.1194702680514
6.03920522261859,4.91067302615186,15.9746249031965,3.56840867694143
11.5986024304917,5.28094206178848,2.46171546772812,2.14045475655724
6.37841683542796,6.39740590107876,2.76062017572697,2.85375201670584
12.9606946950183,3.65621698141027,8.78511293178746,1.94314229840024
6.97264397990855,6.33341726935633,11.2629787677685,4.75453344558542
8.88452167794625,5.10954112006437,6.86416160801178,3.29505709707433
8.30423328064115,4.38942935422878,8.58512548655728,4.47026174194438
8.87201103998016,6.90149492107433,4.04309970049926,2.28472361032056
7.87478660577013,4.36020965986341,23.2074474689625,4.50447417895968
6.83037191079067,6.24449848208075,3.89146701892295,2.21132702362624
13.0595154713006,4.41548875466902,5.54724039097609,3.22243580549045
6.66847308456418,7.83421053420933,4.24674325991721,2.00024695827476
9.79913229371169,3.94746830467135,7.17831288619081,3.30959844098509
8.8275340452283,7.83519130657488,13.6803065720723,2.30055012264164
11.5062480094722,5.48026669829347,4.73648780434609,3.42235877943061
11.6507842837616,6.59218344019913,4.47358000794422,3.33212423734101
13.1858708173713,7.24087861764291,3.60163468373222,3.29035994584509
7.84757132645958,3.51196112299581,4.86374908634551,3.43018417977878
8.4712582306062,9.40040668427515,5.91201915613209,2.36336320463069
5.59165263896122,3.3381454040113,3.31396731377357,4.08025093955179
8.94559231431865,7.04974959530789,5.04738312702759,1.91088379658243
8.04885758917488,2.62374516117178,1.8043490989626,2.92811276664554
8.30715030778765,2.58091116232328,1.82716494856019,2.95340771944692
11.790325402575,7.1644759802003,10.0982201042455,2.44249061853681
7.05177312367557,4.21183021275065,2.64553021032064,2.70668149784473
12.6227982185602,4.79628067234189,11.6523309938791,3.02279035185845
5.4256050345713,4.95057538374386,4.02450269291827,2.54169693736849
6.84316812235127,6.64671046689581,5.00777818361276,2.95254479059707
9.48846465177019,3.55360825450814,3.52471002629659,2.54904751104343
9.13810088695734,7.54708782495265,8.2711238953162,2.46307052025169
10.3209365464297,3.0701001993691,2.99765117041002,2.53836678913324
10.1695340020277,6.4653642365742,8.29495538255284,3.15379822456761
10.6196850586858,5.58309013076741,7.84424251267787,3.11662194176249
9.29182181289876,5.3277093851552,4.53933206702834,2.59572606741277
7.78566613011719,7.30140295528373,3.27206552380284,1.99796714976053
12.9310839058179,4.0000783188804,9.04536667304115,4.0818941583199
6.70213866754308,5.7258602812903,3.50853312968215,2.1295826446523
7.99516545553049,5.22616461832458,6.02026352880838,3.33044238359891
6.80862178830497,4.85383254954335,3.59600797433898,2.04768932896978
10.938867793986,6.19260940193879,13.0065844284445,3.3147364891296
8.55119926326839,4.29261577639789,5.07361936039541,2.12057622661038
10.1393015956042,5.16177821708972,4.66137357797809,2.8854759444004
12.7546562587337,6.24040434645519,8.19158348714304,2.62599106241049
7.43621646236246,4.73171920860396,3.61031206360561,2.89196556245354
9.38158500986196,5.11593888798277,6.89554174205823,2.50816545649949
8.58228624149594,5.38588240659524,5.53878964635546,4.0727809464518
8.18609513814864,4.11812771422797,2.487335695913,2.36964909142872
9.05553931514303,6.93235324690347,12.4193282516822,3.11585179779385
8.848471340827,4.0635298321471,2.55558059082022,2.33572554994933
4.48857960993956,4.96093470265476,2.38305064906541,2.33813016510495
12.4148777962964,5.24914675500732,16.4281997748425,3.30328534829078
7.82801063685997,5.88449916113433,12.784694476442,4.37666739289622
10.1108839062221,4.23209843745488,2.85997838428887,2.17750562034504
6.61869462541497,6.77685162811715,9.83220886582902,5.28207610434432
7.76103765024984,6.00105681060708,4.68638547630301,3.56589281984784
7.41040107758711,4.57558024869596,4.89755672107606,2.08739641767823
8.10500922095115,4.25872793335857,5.71929635092904,2.30477126433989
11.0870440759297,6.20231041359997,6.42647016004299,3.31721075662449
8.41108480759769,4.16032491437812,6.15398276743509,1.95659451679797
8.81835280438151,3.65107599057031,4.42777577517843,2.24036733603974
10.0223661212226,7.13267356705854,5.61094465574238,2.72120408046855
12.3298251518315,5.96347791705029,3.49489405865064,3.73590459063212
6.25477718682817,4.07824196523774,5.74670221428554,2.05219813219765
13.5135794988948,5.6623604779454,5.32225504321096,2.64760242912674
5.85335995411937,4.14718635984528,3.98964944597615,2.01955922222931
11.4118551798739,4.2728385735021,2.54782539775937,2.60530470321282
7.54144562088129,5.12461826644998,3.20920766328357,2.15157630657252
10.5334077950245,5.52865489105798,3.2044196042969,3.44099033888829
6.92844738462521,4.79081875635484,5.82471254967727,2.25004563746934
7.39279354844745,5.65566943300181,8.76243183085628,1.80394170155624
10.0529654792007,4.51979253596014,5.36033395929447,3.61127739092431
7.6931185805927,6.22586656151962,5.96728752324885,2.04687862184614
9.42090231094624,4.62862458970008,5.8679409424864,2.70856763365365
8.74175918802775,4.76954179298051,5.70502677984569,2.40392760421777
8.81524300718207,6.25650177486472,4.84683600746232,3.08123080642025
9.38387392446294,3.94706662100958,7.70336458871486,2.75133006509454
6.75525368826356,7.06457595871341,3.21725067248058,3.27776202918806
10.915238294018,4.38573146923425,7.98960461000097,2.68323925808695
6.45330335496699,7.21858821910387,4.75358348310063,3.80877520138869
10.1351100073319,5.65356073163034,5.67714181558433,2.70291404999411
5.54396663175403,5.02910753129512,8.10370720602174,3.92180286383297
9.2809877753318,5.09045219290037,4.47666341478601,2.37615968901976
8.14882531271581,4.74054088740898,4.86642279006533,2.38821028787293
7.89848955639062,5.44713944018444,6.35559050172613,2.27880815620579
10.9864971538773,4.1615445229528,6.00119472503122,1.97688769432498
6.6219054125235,5.1819937697433,7.49911511989349,2.80039213570613
10.5427605923956,6.54140282506545,3.1541241182955,2.47670520140873
6.57898791010074,3.41163269965706,9.28139322255433,3.27399562365795
7.04384193845933,5.12714361826052,6.5619008719726,2.82391873414117
10.6466366181948,5.15828581284526,3.3268658317866,2.26498414548369
10.8702255048688,7.17974807684676,4.80413586548169,2.38843581884518
8.99578448433188,4.4037888239231,4.84647686832682,3.0774942055197
9.55776364330179,5.32245346746215,5.00774278886228,2.16649140001385
17.2483886293543,5.10836454156294,2.91194568750449,1.60524420651275
4.4794096346782,5.68525732189388,13.6768451267865,3.83246559029195
5.35302987597257,4.78540683071337,3.40993759163687,2.24162615623423
12.4275881368949,5.51928447085592,6.93861918766403,3.60975718267612
5.38522966695861,5.32359181966128,4.87375670273601,1.82189913457286
7.80083776139524,7.30144801069029,3.12970036812419,1.84773918128483
13.9749307763452,4.40230959586689,9.91802816540067,3.44469431247654
5.78026581451601,5.55490288404941,2.71282261306864,2.62647357803172
9.36506255907995,4.65419955622963,8.08248938710907,3.84314966907731
5.59651544161476,5.50467070697795,4.30462397109671,2.17149740686278
14.2396067622926,4.89581331558667,7.532034883352,3.08837664464083
5.7962792193992,5.75190353098799,4.63841658839751,2.30887785513016
6.47372818641464,5.91883195922083,4.25710142043538,2.60478141315771
6.37879617119544,5.77424249569719,4.47312226482541,2.65321768116732
12.740103439525,5.11868181732111,6.18404178798822,2.31120737080973
6.18332670269203,4.47791217197162,4.68399079920005,2.93215163788857
11.2004168837533,4.79147059436481,3.30519606121121,2.58761522709618
8.19013901915308,5.50374432425053,4.56881332846763,2.72449090358936
7.94482253770991,5.49602603059694,9.3008868982622,3.37944698600745
7.43093420674241,5.88717915731082,2.03167875799365,1.87350394869328
15.225575132893,4.53839774800963,14.6207295041431,3.59822178076833
5.29300633558194,5.32827920154918,3.97222336579998,3.16492160421231
14.3857246786883,4.54156621888361,6.50573805301999,1.99868199854043
4.89836180758596,5.12839827225047,6.77786960391199,3.89321643680548
12.0510481374953,6.59799437414892,3.71810883482764,1.81927356785039
15.0539202432941,5.23758603711723,5.30508832222668,2.46841717289257
6.48101320006827,4.47098478521311,6.2178308773081,2.00649069881448
7.97508993993133,6.4597365543538,3.20569388744464,3.10784746411816
10.4296473517322,3.96413027306588,9.18876055612694,2.84545457968238
7.30220154552471,3.2910925935113,6.81857290228346,2.01679886500504
6.14328709038037,6.58728236228185,4.36244126055304,2.82729048975006
10.5360347411466,5.19080422155501,4.65025891258799,2.58854058296358
9.08828087929795,4.34018655536511,8.38369197630528,2.64759450858185
6.63816891525743,3.14322851751938,5.48015244681166,3.9011065865164
6.37243499958335,3.80002932288784,7.44686186054623,4.29078458081359
12.4646880475755,5.69648843517259,2.77434879165386,1.5537491219093
8.77345408323289,3.86226808835003,6.43727907813924,4.42361789390792
9.83038456125353,3.93417943517693,3.79764464631355,4.19841417792008
7.58109158531712,6.38008889994049,12.7161492734884,1.44181244959905
9.70577407889608,4.80830750671879,2.27702401571374,5.11519404862829
9.32404876634077,4.86295072212521,2.23363059209887,4.49994119440589
9.70397599186492,5.55163533779703,13.0162125497891,2.15067267723388
8.61720837617106,4.9627079463198,2.58912336957099,3.02990514266496
10.0596974248258,7.31984702623976,5.85259324985024,2.21040069992929
7.09428114947429,3.79959894050675,3.72237553813901,3.22455256818297
14.7773122594461,6.0840373793541,7.59844792128636,2.58294389489552
11.0076607042805,7.58027703694314,13.1237702254257,3.29606197809764
13.3136594772029,3.54284505207428,3.3624160503205,1.97650453356347
10.044547510415,4.64393386217454,6.16972106266751,1.71207846248953
14.042876951909,5.14617120695405,5.08543926330527,2.28486198030878
7.18866376699024,6.43615340561508,6.7841558141447,3.25974893057152
6.55653369544225,6.48427228209178,8.91614581565017,2.26222633341658
12.941865812421,4.15293682299073,3.32927811441323,3.29903853663017
15.6350781414648,4.5711415486415,7.20323306532922,2.00274369252836
7.23599580787576,3.40672404823434,3.30848860283387,3.14511210211978
8.94853463001465,5.37101636352008,4.52887015857068,2.45881492064255
8.1610172284634,4.99380820362158,6.01822696599472,3.88937292923726
6.82058672098659,5.78647577807322,7.33045276713996,2.24251137252305
10.1907722532063,4.39842687052121,4.38352279291694,3.96170289581621
12.0844686709381,6.80010927874109,8.40153917505603,2.37333456953486
11.2816244036729,6.2680129858103,5.7597075822561,2.29857096597786
6.14415012705165,5.15952693826167,6.53239524379215,2.28612668743945
16.1734479979801,3.91486208476426,3.05044218543505,2.55724133166516
5.6399603327599,7.33446896091561,8.39840016381884,2.62816044591875
6.85969234137774,5.72118915349691,8.20910524631943,2.87953680831346
8.48561814145726,5.28377450008732,6.20204008725202,2.61983013474483
14.5121743925793,4.6582685097463,4.17964948090575,1.90216771806184
8.6558779656207,4.90983600957257,7.40086728815613,3.79924011024767
7.75213462431327,6.03096413642105,3.29388827403768,2.92751724079383
13.2513313826081,5.0188480786783,7.63878969021001,2.11453357410781
14.9280071213277,4.39477807433006,4.33990307280461,2.30945819237823
9.44308865674821,4.82070026541536,5.54034238077909,1.76253168961694
8.00921756044549,4.47279185738145,4.67233061106128,2.26603548374361
9.7868792404878,4.22379059217649,3.60389609346181,3.34377286484312
7.81219401964654,5.62444967208794,4.44865537777763,2.36923686508135
8.84567877735485,3.67749960444595,5.46648014984277,3.14863608901417
8.19863918990006,4.77564984976399,4.79150886512701,2.41751413885364
8.99773646000172,4.51309779808858,4.34110217604572,2.70345188018616
7.60506587064959,5.04079698689296,6.58116882286438,2.36573794900216
7.34534510082543,4.8499844492273,3.41530898936663,2.34514021617171
6.71428565547182,5.04107308363476,3.08000970624182,2.68720401309395
9.67535298687168,5.81013995814357,6.03078688550537,2.90337153141802
7.89724112025924,4.99006460777829,2.9759613395772,2.40428416543807
8.46046487493491,5.29113354093289,6.85734364627206,3.58332831503708
9.23972756242613,5.66691763997553,4.15237914352654,2.64018585907822
5.79747432014828,7.01715680801526,6.14522806764971,3.22667796007832
8.10938373088246,6.66231404931039,5.13382472787554,2.28934758842558
8.59831667615683,4.07280701304395,6.85093274134741,3.63874787144881
4.20687489792912,5.00304802623718,6.58380820987238,2.26175795336767
15.6587215541896,6.27676626723505,5.0206877155351,2.83909861602229
5.01726116566042,4.09706222985777,5.36444198195434,2.77423566374588
19.2287059999825,6.91225519189834,3.69292939474721,2.24813825263208
4.3307825600945,5.16475924363245,7.84439108842226,2.87396987014563
9.69581290850845,4.91332378701255,2.73667091001319,2.85088642037058
7.39878571070997,6.18921516163105,9.38824161673543,3.06952627581655
8.27837209296908,5.48517418383913,15.9117277099554,2.74032836910352
9.68472602504604,6.47778371114798,4.6876595539118,2.69998367382589
8.41858338130332,3.10140868622968,5.86445668535333,2.11213797672304
9.95692664367305,6.54925468821379,7.41314293259623,3.65381250271402
13.5976352926685,4.54823579420119,3.46003349620997,3.5972735734434
10.2927328603824,6.25619056674579,4.60435771285386,3.21925867864155
8.76015738399653,3.86910041731667,5.41104855388147,2.5268962163703
10.9824052561661,6.49995059088981,6.96033219609825,2.74235720397564
10.3561232652554,6.66244284378284,6.22100662963403,2.19630724461755
11.0168590733411,6.22344788787032,6.6662159296062,2.43207841709228
6.79402239648658,4.49736640905569,4.12483336748558,3.23045393661954
10.6993451957322,5.60133491855014,7.66364720677765,2.59236356039806
7.2406714070301,5.95427136048525,3.00571031609588,2.65391091616598
9.67282768566614,5.85413589958993,4.3176505571802,2.51878511064521
6.80672277541187,4.82332076939003,4.24479197706913,3.12974958336581
11.3055959865048,5.08056865045177,4.09585254399663,2.42654042918183
9.99746259305065,5.31400290195787,4.958984918674,2.15921167537933
7.29988254354171,5.02953661510881,3.21724678259747,2.92022232329538
10.4253398635021,4.76314857287586,8.47196451148228,2.25111966698276
10.2989985558385,5.39871897725444,2.31770193481662,2.46846051346288
6.42566223419541,4.31246074454866,6.37423751028475,2.12097579311408
5.99667334422446,6.62660532019312,10.942764306532,1.74384368630813
9.70723594646003,4.09740476000521,6.24889872369591,4.19159360376107
11.1515703609359,5.78037657297479,2.91179464320657,2.91411416972165
10.0646426571211,3.72104892819676,13.1444961900337,1.70589669056818
10.1443422316036,4.40471159898843,2.63042764807326,3.29544099067076
8.91009716877848,4.81632236557457,17.8807512921851,2.81637039090721
8.55061510366441,4.64922041168292,5.15197762781104,3.26191086260152
7.95494351261395,4.4122268349245,8.72968222239559,3.43470392325453
8.97672485161307,4.90697631859953,3.58571277803025,2.25409940006258
8.92248268920508,4.92445148167898,8.98971699079625,2.99869892643459
7.09282436776315,4.99412080998865,4.21032267187525,3.14899951923621
14.085694191333,4.08023760413988,7.75447616712825,1.9456834390668
14.0437302896834,4.07664958890057,8.83978333164865,1.95955232130429
14.2331247696491,5.29368923384828,5.1987776532278,2.19735710695474
14.5604727975167,5.37015223418925,13.6154864263159,3.18496572630117
7.17022997915994,4.88290964812952,3.60334262193612,2.8035145816801
10.6497725310363,5.5924839429213,7.25527020418106,2.70609521789408
6.62496734581836,5.11214954302579,4.8165608278979,1.96946511221253
8.68903460196532,5.94055311143414,12.0513723243236,2.35733636136602
7.97680978706095,5.41928159174005,6.71112639915384,3.80191748127475
9.1415332682127,5.55875170576448,6.63098953703127,2.55704197695836
7.93038097501321,6.5714097656389,8.03414391011024,2.7917600710055
10.0353756675934,3.97075889951798,3.26749964773884,2.79152553029241
9.65813226538345,5.29813509787378,8.22136755416171,4.0605570578931
11.4268222115414,3.8617430002585,6.78704485309072,1.97442050378007
14.5318627504002,5.17342019422463,7.04510351373415,2.00511145146889
5.69617637961559,6.05947081564799,5.0968499046044,3.53399649218322
6.82034689917335,5.91432881147981,6.60029378055849,3.13022702370436
15.1055901909458,5.46711114799791,4.86827078358527,2.82309599475175
7.23927446730402,5.96171361935841,4.66247237146688,2.24918703074405
16.5291306927133,5.13874423220459,7.94464874124901,3.06518243261021
5.99082344012566,5.27144285175108,4.68073144951621,2.44582023751055
9.61328252751488,5.95513571018636,5.78473374616105,2.61069781059127
9.37294310490097,5.16329007918002,3.84255464112012,2.80296343019092
12.2082705913902,4.42801192502804,6.53228507419156,2.92001975303029
6.76411694399761,6.98602526223968,3.05356535845202,2.99594354214014
17.8635084815449,4.36114833812201,7.38980942559168,2.68603458475008
6.89043789444112,7.02460689114007,4.06611527812453,2.91537206041134
9.78804221322751,4.39289274543602,4.42302763706162,2.11219204423405
7.77201164231922,5.47278621783226,5.77375299185543,4.40071198163504
7.80343172141161,5.53371732620229,6.74341086504812,3.33878464966203
7.88235711280543,6.10045082528408,6.38485919464259,3.53183076037602
8.25423847992719,5.11100368886661,4.75189043768635,2.48579470514941
11.5916766217644,4.73478011790259,7.3676857107045,2.97977773703096
12.6138094334687,4.55976699765246,7.48181477728361,2.92443112679775
9.36461391079349,4.63447966401832,4.5767108954874,2.59653633499891
8.31821202357142,5.92610996017416,3.96398827014187,3.00754368803316
10.8774200106143,4.09193809349231,5.11486978400001,2.32890601155387
8.3515733994442,5.27176779155697,8.37256077574743,2.60896566085439
9.0306401385719,5.67018983991244,7.63759251493242,2.95655896282982
9.25498032452772,7.83586332881137,4.19792737758913,2.97591136854616
10.3675235553968,7.19065543109856,4.14723572067119,3.26050020877004
5.77289423906211,4.73512715917683,5.65907765178875,1.78766406311914
14.4275509038585,5.56931458499296,3.36209976409824,4.29533872008503
6.60459793865011,4.99759938571657,8.30126778007259,1.85731342547079
15.9325672722169,5.55443103676884,5.24362482858503,3.54151772451163
7.10385647164492,5.0969251999875,3.71231905410058,2.74164191805285
9.85636170963546,5.0372944815149,3.33511096474104,2.6140257031799
7.03283072179875,4.02113322138229,7.64410112614758,3.41544536654865
11.2864145145028,5.10164196596548,2.50056244472511,2.33597853869946
6.04195918464688,5.09010699082208,9.67911981030342,2.7847469591674
7.70377359533524,4.41592191405645,2.4732583796048,3.56013046929803
7.77175725140661,5.18954565751167,2.75057892325847,3.51176307743415
10.937195961736,3.8713273502497,13.9670876079841,3.0120716082905
4.82786206546545,4.6780015282431,9.6170634169958,2.71479853347018
12.4765210778113,7.02587788337591,4.5216672158989,2.44865007476408
7.57770120234866,3.83853210224639,6.7202542456865,2.3673727483444
12.0667418601048,6.50824880715465,4.01263809540245,3.23266222621245
11.5089600261545,6.22876959582881,4.26185652744044,3.24399690886299
4.84985345132785,3.61204580166341,3.43634845506344,2.33559407685676
17.6813574992749,7.58757801021055,7.98575955832305,3.47760755131812
6.83191757388475,4.35027193149824,3.59280393419049,1.97052069975465
11.7525220019235,6.60377155073816,8.5734850200242,3.80316511780106
10.1661902774817,4.12251100568165,3.04278844800609,1.89960200302351
15.0963949390848,4.99808548111032,4.81105447561068,2.93063689302005
5.51387885276286,5.72286892814917,6.14546295495219,2.16869446913851
12.9667379703201,4.31378158942252,4.34875862454594,3.24867277221602
14.4556895164913,4.23958175188818,9.37275769587019,3.43167671136251
6.76035403298198,5.69197442330961,3.72150150346322,2.16017961583285
13.8634950142682,3.55691947493239,4.3241644320389,3.52649889562952
13.3134044557946,6.21859865581466,4.60510138092345,2.01621523402797
16.3271961929021,5.18093736849263,4.95871598726736,2.77671446481618
13.5856508544969,5.34635006974051,5.11234246644113,2.48157050807596
10.33252098928,5.52040027346493,3.9355654243241,3.13349407229503
7.64653177644688,4.39748465815811,6.3887280214165,2.32598031472335
10.6721377322654,6.22428472042163,3.30816445050142,3.61866792614589
12.931595648214,4.99813112922292,4.05914456354237,3.27036613554162
6.26203642666538,4.22489465168496,5.59923807637348,2.68222831188119
5.32044077151245,4.40520755785649,4.23383960530008,2.64147043719841
11.9787544853106,5.73244017299595,4.88561285257485,2.77222027461487
10.1077118860789,4.52220539288709,5.62065702577627,2.74663143916444
6.54882253737668,6.79134640278605,5.52731456392291,2.31948580939688
11.8152302205436,4.56040815103398,4.15487701810251,3.34485741716534
5.47629288937265,7.44638107235245,7.29259981269488,2.46253761919116
17.9687908057513,4.08727262468187,7.84131310409461,2.51234947418725
3.99985698161343,6.10515839841189,4.20321635447936,2.51126001702833
17.3390046480407,5.44872382326839,6.32239639500544,2.77627633048937
5.0567324795041,4.9365696828974,5.24346183968273,2.58549206901267
12.1674147599624,4.80730218600218,4.35316414549201,3.48773500723525
11.9023841977862,5.22089345861103,5.28281610499618,3.05643136065465
8.43758724308083,4.81287587361698,3.20340602293631,2.68923869761853
8.24157943631217,6.74052439187547,4.52143286142996,2.1193297756242
10.4679809412903,4.36791006542081,2.54717686924764,3.69526516880255
7.9952253965089,4.98272580673884,10.2494556682482,1.95654653771266
14.010555287661,4.92418238275118,4.65979696664473,3.6784307845836
13.4688449477409,5.12592364296628,4.74691922349055,3.13326433775902
4.76525768726458,5.0385897819821,9.88848293018685,2.78204038775969
17.3013216300696,4.67383988762085,3.2558133264937,2.99640035767673
4.28767129664328,4.75529178221477,11.425589185966,3.60363855866906
18.0944477710564,6.05216248378142,4.16535656689681,2.6668357515473
10.2909344489017,5.01470360571858,3.8076665378469,2.34540436014961
9.96339197252501,4.19447155696971,8.3553229234665,2.87736682776158
10.5537743716161,7.4715433904946,11.285300154184,2.68380450914644
7.00632170202023,5.20266041915901,4.85687248418817,3.78416612498234
13.7534766251976,4.81283378791635,3.669588955747,2.25128605756528
9.83399931887679,4.35804288602959,4.6227343822176,2.50935635106001
9.0870151196361,6.25021025472516,9.51881636888802,2.91301406160246
14.5892454990215,4.37463622350717,4.73053673974025,2.75460663788365
7.40074394799545,5.44394326183336,7.4696986210983,1.84493857123504
11.6979397515333,4.54480345243981,9.23238298932223,2.02981313083076
9.64798770218874,5.27146882032371,13.5669412653673,2.39812305709367
9.63142226725334,6.4848929349976,2.37028402668752,3.59155499715817
7.79722037842926,3.93277679027882,15.2061769032229,2.1732060606235
11.7591099828616,6.20930003611083,2.60793999506824,3.11374496852978
4.88357402958366,4.95158169822465,10.1085149943351,2.84792454407996
5.33777764064586,4.86831502239825,8.20843882893204,2.64272730371417
6.46583454913731,3.77390031156433,12.9556059728199,2.23599572345144
10.8419643337326,6.29097183002282,2.2214642717193,3.37306681265202
11.8256102555249,5.69065364509413,7.9557486754506,3.35195836396402
13.005642817878,4.68243980194534,2.85917763214117,1.91794875860995
5.47933041227785,5.31301906249796,7.78463544610113,2.49221855795188
8.58083809477253,5.97469279254761,7.84054239325547,1.62780126655152
8.83104166962208,4.15357054200977,13.6268705877975,3.4508488560814
8.43639274731311,6.04252298196019,2.99571468874272,2.00553814762791
10.1338784270445,4.22232980983572,9.1096701934132,3.76127926528117
10.4054554418576,3.7420406202551,7.48434504787641,3.08271653559219
7.17475469048308,5.8977490106016,14.1033231704046,2.65980723596762
10.7562911702452,5.6487916353188,3.14037641873073,2.73424635983106
7.10292552259226,4.77954439338948,9.40187085903591,2.43667029363571
10.8079446062612,5.00430380201118,4.57196190742935,2.97805412201433
8.85785927142657,4.25535874042433,3.2687094754404,2.64214636029607
7.46241054555325,6.57947116770951,7.19658707865598,2.9242119191337
10.5289811052396,4.14656651070097,4.61997031879377,3.37245394778321
7.1607512476624,5.81878664483313,5.08012452546699,2.36683547362851
8.65002790406589,5.91412781833813,5.89072441553709,2.57313663696169
8.3838503449284,5.63041216235542,5.4595293619276,3.20956632724145
9.51260599848618,5.18293111482031,7.40508285609969,2.2805192696156
5.86586779136513,4.21490275691042,9.29654519300802,2.63857794510139
10.6058243942305,6.12104108281764,6.43643562431324,2.49052994806375
7.43406162291463,7.39449194659671,3.16029505969808,2.92298730471626
9.14405113797672,3.37477287327991,8.65973177290163,1.7804495282034
12.9365772008202,4.99968288192269,2.53451410637777,3.151875234732
5.44718921587504,4.58247996843668,15.5546893997991,2.33987493397006
8.64455673128233,4.98116497431484,2.07164067807131,3.33981592357104
8.27277730782243,7.13051387210932,2.60060704849804,3.1903850996056
10.2246462686017,3.39566396698237,7.63028045734082,2.36348266358475
8.23458610757711,4.66436584984462,2.91718639229159,2.1795290723639
10.1742995345234,3.88879419475707,3.07103811390051,2.88000325911791
6.74503960343406,6.92645092000535,5.04085336637394,2.86765254304768
7.08948623184866,3.66621821468077,6.78275588920666,2.95609753388842
11.1595891596301,7.56755321461964,3.84084304055812,2.19130183291615
7.19925173368665,3.66642632056334,6.21500028717419,2.70405461763822
7.57898019183706,4.37824777598751,6.68852910319627,2.1912316861017
10.6567463053025,5.66364629646743,3.2815703011535,2.8886833372672
8.50159620287931,6.2264012477352,9.72398261883362,2.56162279456896
7.66232030672532,5.31532207145882,3.54959402250587,2.80900546685599
9.94307144789053,5.14226265572482,4.56463953446613,2.05628701294752
10.6872662083521,5.05943783240854,3.84602224978696,2.3511400331422
10.1605663003053,5.14148787965569,5.1968704984797,2.92910138333789
10.0544950002607,5.22923420384593,6.45522290782264,2.3095024150387
11.2738155074599,3.50943249610385,3.97025231417805,3.27118830653239
7.36374939255632,5.31926177082781,5.01018317785982,3.01303206833231
13.1841924200813,4.74028768276157,6.39938069221012,2.27825499336512
6.8618355057623,6.34290652020752,4.6826026279034,2.79225651692599
10.9787042546109,5.64317058079418,11.0090630758152,3.59183424893454
7.0523208288896,5.34663538154278,3.12622159959643,2.33747636384187
11.3061483673925,4.71994678341381,7.66947342956389,4.33357534022587
5.85301879929133,5.32412385560343,3.30956597355725,2.3949011912202
12.1608380128085,5.3542583567466,7.71506613855754,3.11095477405098
6.48028341050935,5.17023343622598,3.46054605080867,2.48308938979627
8.31317212483952,4.9437803688018,5.30366728833798,3.05521547692381
8.86567927283495,4.62294745885313,6.38138262554146,2.53966377917863
10.1010785920743,7.39213961579799,3.75857376190544,3.7332486652008
7.44440934171379,4.0893114175445,7.25858344309847,2.38538280592355
10.5481185742387,6.53960772163307,4.37978699509082,3.50708942587832
9.68905715217719,7.39559298230629,4.6146154174325,3.14774564398097
10.9319123955219,7.09008091144678,5.40881724102891,3.57666513138604
8.65283422622498,4.14990899395029,8.6084719000099,2.48765323966159
12.300641861718,5.24779774997366,4.02321180412474,2.247163704412
7.11155750633504,4.36523397756285,6.67512531121564,2.95109279620473
5.04155175717401,4.76794518351288,4.22922128290329,2.81853529097133
16.6941906156325,5.36947456922722,3.41567685733389,2.96885886797649
5.30975280620768,5.30596048760604,6.90161240310907,3.16674462965258
7.74369151743672,3.83925727618718,6.7628257986063,3.90145965106517
7.06793894045292,7.65062568885423,6.17827385749406,2.14394107735502
10.8986478362531,3.35283615426585,4.11583272948009,3.49610232384867
8.27979039585953,6.81344061446033,6.52733778630476,1.71545116332178
14.5635450835298,4.94603727145802,9.80512252098729,3.63777302313347
15.410601380401,4.47262651595607,12.2820878513844,3.06214106104546
5.4284888104462,7.1715020894292,2.97649403054344,2.36113097815738
16.5843245949138,4.6376522732657,7.88899063726845,2.91255923091244
7.69693259432191,4.09418934629607,5.96778172826715,2.84685781661359
6.52567574855534,5.20135874559806,5.38854538856357,2.62826440604914
12.3564830161523,4.64858578969823,6.34071488983464,2.56921376621688
4.7833685989759,5.89677704849703,7.05507063866877,2.16679447383252
12.7314560977196,7.33979390068113,3.85974655410216,2.52116100226152
6.2796148574221,5.25320645450903,4.79879724078855,3.0245934688591
12.2179316491813,4.88897605377846,8.98103431438429,2.02442665464844
12.1385338950566,5.14799890743138,7.13009347456152,2.41391194250327
11.2370969423472,4.70522765658385,7.1331285468284,2.51538671523422
17.2372862459441,4.13516708025206,3.36175167994646,2.60615110962002
7.56329078644259,6.56755660411882,4.91572695809269,3.03527770437059
9.21420905153837,5.02655435555357,5.9687460088559,2.36922123233943
11.7363395095553,5.92767842561968,5.9613906067152,2.67103180883012
8.22804129065202,4.12472035899387,7.01209203118143,2.33930735203628
10.8761039756455,5.58106205403198,4.03794369237338,2.53000016091363
9.01207879000914,5.47811702220797,5.57036468926259,3.16680809277223
10.2209713823547,4.76552803441681,3.96574568910633,2.34984286063025
9.61499079042497,5.39421453747817,4.07371285704167,3.11341888629618
6.0414865273657,4.98687222486607,9.68910627620628,2.12909361781148
11.1501650117208,3.95506841797398,2.8994059054438,3.35899271164342
6.01472550016697,6.45418146346653,5.5291472376123,2.71319325470409
9.30798345822655,4.66387936581893,4.3652748725389,3.31790725597513
8.76052832443227,4.67432547823792,5.72734703927501,1.73307699267774
8.23497716335856,6.08651482978116,4.05166198987407,2.62593585874235
7.4166840432195,4.19675291798739,5.05724715939388,2.4755626298417
10.7699484119454,6.70527945553064,4.93977146991157,2.37609796776958
7.56909631950154,3.23228011839015,5.25947618197151,3.00169274237998
8.61253787197143,5.62011681076497,5.16191595657499,3.14153823800208
8.59398073683234,6.2611316122675,5.70820351096159,2.66340972215028
7.71601376186947,4.20038887968486,7.46517576936421,2.99304049529081
7.42719445244905,5.49889973110274,5.68564431652928,3.58382576448324
9.89807347514772,4.26695709748535,6.42397404167471,2.6818576820081
8.43662029955656,6.77347229291764,5.22308669927005,2.4822890973659
9.33055070878573,4.88167676977624,9.0169809357301,3.00903715807609
8.17948637985397,5.46408369768777,4.31640741560292,2.46432199362944
11.4293746040641,5.0034719357846,6.34404922833964,2.8444493811665
6.42336645117937,5.88948981840468,2.3997939200768,2.90653336120174
16.0125395969517,4.53754848139803,5.59356557778812,2.19150602025651
7.23559497177216,5.49867910755926,4.30652353469624,3.45672103652423
13.3914400179972,4.83566535115046,5.05351187020784,1.94593293265679
7.3173879776175,6.07183332777281,4.15508177500157,3.44193252689765
9.46244501360786,4.27266208014997,4.88047099177445,1.99717096936627
6.82895051922498,5.31859568615006,4.56604869991324,3.76568334358809
11.1766783451139,4.72903366836601,5.06941609935946,2.07255974273563
8.57788264709442,4.14091957540355,4.00868055413322,3.2420768811762
7.87382243457728,4.87337680982394,4.87393449248475,2.37545770570117
9.57173377190548,4.51325796843604,6.79991565336059,3.41942984231544
9.07583750204739,6.33781609805073,8.67385904256658,2.47921765258446
7.52168732170024,4.50394309343715,4.56188711286744,2.44455379833208
5.30018757253812,4.15380216126148,5.71242539573363,2.93938336306606
13.4986491845761,6.30804606299469,6.94382480295408,1.85389169788599
11.0717410299513,5.95285231153944,3.49563227206118,2.22751149568004
6.20483668636972,4.73017326022146,5.16526328275123,3.1884756733303
5.9734691385161,4.22212915400876,6.75413136764308,2.28787796062979
9.47289915825585,6.24344657101503,4.69950024135558,3.41292685987532
6.97224353518737,4.57856573170815,5.3065560053257,2.74676982988367
11.4708986816562,6.81954152075521,3.55398599797105,2.68071689322905
7.32308257424252,4.17621468404461,8.10742663172385,3.15144271418148
6.76812968690628,4.34975149445306,8.10375764186553,3.17548571688885
10.5615931537812,6.43527179667834,6.08170286445394,2.21300800464022
10.0444669769876,3.50238954687505,7.20300433941973,3.65441676191796
7.15812619987265,7.1285499701184,2.46458336061994,1.70743167413862
9.10098884042346,3.8667542884376,18.8766101727457,4.14976554250655
7.69019373801902,4.10273179881913,4.16011283888856,3.76925069969861
8.23211378324791,4.47733657068103,3.7199136330876,4.04593829589266
5.7423529618294,3.59142051170576,2.55325189606837,2.88404098241422
9.61826645776909,4.22499793412437,4.36036830058253,4.1836163903192
13.8894256906107,5.52547205496802,8.43563104710599,3.46827238905266
6.97391521835396,4.05425916123296,3.4103708056943,2.63273919342663
8.58500914627571,4.86478449499718,4.24304005114792,2.51278452614331
6.71826263630816,4.5576284421458,5.38620023910631,3.32863142803254
13.5994258312296,5.73235164326236,5.64834804922986,2.74859851889754
7.93927838339575,5.054916793401,3.45724710263154,2.14302251065298
13.7061215526046,4.27566328027362,5.79132254039767,3.50543719799267
13.1880892985037,4.7199582847924,5.63768408322469,3.36899715483762
16.2031201835294,4.97969868074397,13.0597934962273,2.44218541293421
7.35134582115128,5.45848920002876,3.32863214869038,3.72115537168131
5.88589562560595,5.11748603413304,2.8512943843761,3.14188989481381
11.4166405105942,5.20422373568779,10.675137880093,2.62973965158443
5.17407823159577,4.65804799129762,6.29833872965556,3.00359335751598
13.1407148436784,5.80023553449235,4.85121845528325,2.68732540910605
12.5258403294463,6.93581606180075,3.99239298343711,2.75341785480037
6.33627292970974,3.96382419061077,5.00792365530212,2.44310861966218
9.20828288286477,3.56123999610675,3.68493324566718,2.20831636746234
8.69626932004073,5.93631015957197,5.47664463485044,3.01157763780308
6.79505795413813,5.24911989845589,3.48065647970165,2.94446355221641
13.0072719509273,6.65865121939541,3.74074845475131,2.6001956716638
13.2848262715317,5.5582953307738,3.62087424353029,3.68678432886763
7.08494315471586,4.27053819082278,4.07918761476792,2.86870127281759
14.1093019461616,7.69560204370884,6.15036652167124,2.58570090475657
9.84243640212097,4.5094952557494,5.29354132105757,2.00920528156765
6.60249075475339,6.09130011636804,4.17742127867236,2.45487706967979
11.567212726903,3.99735878348151,4.4356776260737,3.17570814681446
7.77158456178488,5.79975009499324,5.71826115192513,2.00673285926869
12.8007329625018,4.86681741712847,4.23666730491244,3.09353495950162
5.67675949855492,5.09884162639822,5.23649357155222,2.73204932922705
12.5153208104297,4.98429550428578,3.48419221808622,2.66926936983655
11.1397366904558,4.98254835092533,10.5110115313766,2.58758091682122
10.2260128159364,5.82514250286702,10.6014984402523,2.93060242695006
6.82504300737807,4.35524119687939,14.0505521496776,2.74018683756139
6.85342819620685,4.68335306025882,4.5868164875072,2.45292994037993
8.07351672545978,5.80955844868413,7.62538596048016,2.44746579882504
13.0739561820669,4.67643255872571,7.84517920405992,2.54405679678504
7.46519251154276,5.15133595514279,3.9391376971668,3.07199398680948
11.6652879987373,5.19195848560797,4.260322132758,2.74110701012472
10.5945709564085,6.14514237849807,8.38286876738065,3.33932578672261
8.42898202122251,4.3387850603713,4.12478387667774,2.34883414767312
12.1242081673885,5.70772295318906,6.10788617386364,1.86117564194078
7.29733695917828,3.93755154472125,7.03833819895501,4.731156487745
12.0755675296466,6.56657487702456,9.22484422088435,1.72117371869816
11.223891954956,6.29985524267045,9.32139981331302,2.36086481616484
11.1653589595838,5.17800725920305,6.48582782177028,2.62214292942042
8.09770747419054,5.25540405722822,5.50111616693454,3.26855766414481
10.3029972400505,6.87572675011839,4.63934550629128,3.12432145607146
8.18771335577601,3.40163979567072,5.20448676057346,2.40213559501878
8.48748745943461,7.03933351759734,7.73394035649016,3.02551638923161
12.8446491364911,3.80956138555857,4.22943929277776,2.70282155821887
5.45088858364242,5.83979950744725,9.26714895963118,3.32294917322148
9.30348659786676,4.18549637618835,4.12899269223035,2.95140575974528
7.80250741186413,6.25404935400376,8.0855458115131,2.78149838245106
9.24635795534425,5.03656904791311,2.62647297160691,3.0808639610265
6.04113235143337,4.33181773806206,6.40334921765439,3.62096569650955
11.7041471245008,5.26622217620034,3.48686206512938,2.09817782239315
8.69790560507503,5.07578480300735,6.46112450338666,3.34594466640293
17.0567415392271,5.6183736998716,3.88945779668659,3.04399040846889
8.31962505472648,5.17868724342315,9.10142384657154,2.95508500411633
6.57207825907398,4.40640452018321,2.80924023478908,2.69139650005543
7.66970124757737,4.53593605455808,2.16935155126881,2.66097508250402
6.5963613013128,5.07214805846389,3.77560494501263,3.22389051066658
9.85753434018484,5.39296927828888,28.4676938012503,2.95953517510704
6.66445293278317,3.64340496252973,5.13117303710106,3.28985621476355
12.449639297853,7.50834125888141,6.77932089377705,2.34444595267547
4.61270781639079,3.98428840773347,3.27612350578002,3.4683867149683
5.37437402866348,4.07984809889394,2.35911184616422,2.98660361979786
16.5220699152128,5.76411518725086,9.12159034898606,2.50928958352896
6.39957720400813,4.10360597354383,3.3385051066117,3.02139359682898
8.25911902535793,5.29472462346188,5.92101206122333,3.39266722466561
7.05857388835528,5.11646279652713,3.71380671389948,3.1690805569758
8.78577113710892,5.58608323519194,4.59842570843961,5.01230581356389
6.19595530935076,5.87519004185489,2.23058313119508,2.37722546444699
7.41585641921667,5.13589461550868,7.85990305512416,2.60396781466462
8.13771067446149,4.23913058247019,3.7582931553584,3.11193636607418
7.23156804579346,4.9280932437329,3.40579359022395,2.30516918753137
8.8543211578219,4.64736307957878,5.31069957769098,1.70767537644596
9.5143811672862,4.96257126146795,5.45224916136835,1.6277799758446
6.17695043893635,5.40406193479902,4.11007050750509,4.75819286520171
8.42817163046448,5.50980515690303,3.33560819178029,2.67988796390871
6.77598751261812,3.98642575271663,7.94271527308521,2.65562467467365
12.2516527128214,4.81039245586439,4.23116269879639,2.59810652850353
6.47117359913421,5.1198314306069,3.76507620005969,3.42451641289206
9.55283130037278,3.62215013298111,3.04535653973601,4.17116327500097
8.93240226328007,6.36354516710141,5.42450758459284,2.12589804032358
10.0001126880098,6.19517511430142,6.26495747174673,1.95234712798882
7.18827127743933,4.81945412820346,4.55910464767472,3.66248001337906
11.1552712333989,6.12038143290322,8.25944564264516,1.89599989755714
6.51474583552165,4.72373706993602,3.53147727860731,2.39708405165702
12.6293084594117,4.77012830536838,7.64205306350813,2.61166838720933
12.0856354765053,4.81665402402523,12.7662123329033,2.30619750505748
9.65507694863433,4.91107466883166,5.6732901016558,2.84630342478175
9.93019775037568,3.83473283993105,2.66758282081667,2.52863439911973
7.19704145148735,5.99002992565894,10.919054048928,3.16835822548217
12.2134337778089,3.87237332150615,4.0715436636286,2.01796926056361
6.73809965939452,5.03211403006163,6.43087933090348,3.39119767916431
9.76280200763555,5.28416527302528,4.24723986767871,3.44492472209287
12.6850692814486,5.38648930863978,4.58886903924615,2.76070768849112
13.5065237492074,4.80329773534707,6.20014222194423,2.41546915883308
12.0104152056812,4.9420022334919,8.44627095892377,3.22614234691527
9.42938947859538,5.5137534604154,5.11652694154945,3.2480600063008
8.68083369752748,5.17471550394134,3.41207443880083,2.60940103377499
5.10430556546564,5.77655060761385,4.31055760034329,2.85778083453825
19.4660866165187,5.32450772678709,8.11399809021482,2.70296797883603
17.6791382790362,4.16806112288592,7.7514217471636,2.82793677338187
12.9519020707725,3.72678619427162,1.94043108369884,3.14665139485257
6.12644050614009,5.39289299499635,10.9211724742423,2.17414877455046
14.2065117740682,4.84037330014346,2.49266279293264,3.62205045761199
7.46750578723352,4.64119819068164,10.5460490617218,2.21027184499037
8.08480401647005,4.41213425794048,8.84764589210037,3.7804012028537
10.0988891314533,5.6266223119572,4.15449577597369,2.1186070655483
11.262132550963,4.80075669949419,15.9211129442209,2.38716208673661
7.32432476875498,4.99266775433,2.76125894217418,2.47589379612807
9.31435810086922,4.81521004380241,6.56935111546264,2.06424833913238
11.2439688290259,6.38994979112394,3.78952074642106,3.03922977724703
7.75790991862833,4.31890546834256,10.6576215359965,2.5516698622858
13.7279314041301,5.32929365308637,4.42781603368803,2.56782128610214
15.3071948444154,5.55253836233847,4.64115189654544,1.94387019846609
9.74646609927744,5.85424323109661,6.45832738283647,2.24528636344852
10.5472720743273,5.6572900589381,4.5971692121098,2.43214740097827
8.46181374540549,5.2868371455626,9.08252318346696,2.56838956116922
6.3407173854114,5.25958026964075,7.9688218509534,2.18826821952062
12.9114010894971,6.0047104729459,2.57002042527992,2.79249120475502
5.17865764626466,4.90198664438307,8.35494489520847,2.53956730549521
11.0771980122737,6.17961235448175,6.86900424994403,2.70934788360013
5.8086027311451,4.34113048938781,3.09385058477964,2.92397235090112
9.27720541613477,4.50662171527181,9.24839110260502,2.43916961611872
12.1773573842735,6.01570993349696,2.76196067462989,3.66069392811736
10.7975498996002,4.75390809070355,4.46183924654364,2.61869861195847
6.87913204232982,5.48311245798662,7.43713206125853,3.33857328029864
14.7782151770773,6.62694400539896,4.88437734024334,4.38544391106613
7.03322894140841,4.67279165171822,6.91455811895758,2.33471581578372
6.60222036587221,4.64000479787734,5.36177129287944,2.2745314164764
14.9975659878847,5.01257137105106,4.95609497886701,2.9329449239439
5.08778821083343,5.67703057111099,31.8008049210994,2.52410712626362
6.27224296338207,4.26382659388144,19.2204157337672,3.13313967079367
5.7887901257508,4.95388108731645,6.14240184642981,3.0009588543797
9.84316334431467,6.34467090710413,4.24807311159684,2.7309259900519
7.08585330875444,4.42490832291139,9.13504494778588,3.08147830372236
11.6283197211827,4.48762005454948,5.28422154981168,2.73397393041894
8.7624309447031,4.96552473927684,3.60666921244934,4.01828209519672
8.5836335507265,4.75679494758831,3.62048328752089,3.74685772538764
9.57338058660271,6.45217183471176,4.17294102593975,1.91422738286169
7.82341559084466,6.40275734294746,3.54403055744409,2.25289862298414
9.61369335936737,3.32162456097749,8.37601126749725,2.83052910563067
9.52133821778232,5.47287098482485,10.6910808881607,2.01059809483736
5.79687528154125,5.63133326992147,2.96900754192165,3.0204026228316
13.1492509406041,5.41845840169423,5.80938856955029,2.92928255312713
16.1564740700722,4.60549547216589,4.88064815747803,2.79051359937078
6.92670317159253,5.54041912351911,4.14964104144677,2.39709495033007
10.919842946672,4.14185160138642,6.48979048711375,2.90744263170531
9.04657682905082,4.33988536902779,5.72388572059721,2.6333179193581
9.93200164708943,5.50888353900808,4.75088028180065,2.76368652360482
6.29765096880379,4.1090040862518,4.46360458359365,2.92600643934192
4.70987012215479,3.97275339057559,2.98418800187465,3.38971238505298
22.115265077583,6.74023281996292,6.11808667439669,2.05013229325464
3.86943608561328,5.21465633515382,5.54182511947486,2.58647559012113
5.89154194483915,5.02008415832315,3.78623859232413,2.84264696004875
5.82917599716157,3.48330318493152,6.11490393103751,2.24443619485226
5.31262448311065,3.73310544980946,3.99226360123611,2.45641609901563
12.5486000642516,7.45045791295498,6.47634551708575,2.8426323639723
7.25009890903248,3.82469324806388,5.68229914717313,2.18580324028045
9.38873785751425,5.18602052273515,5.48617761576303,3.63601919435762
5.62538283307781,5.49627216610427,5.64263305365249,2.41991695705042
11.7677993390248,4.94605873315857,6.53147467724648,2.80672341503356
10.6152310282166,5.46083972985535,4.53470841783619,2.58176775052777
7.38567205563679,8.22364653510305,3.84947151809673,2.77743692454223
6.26864197247023,6.25798041372738,6.52566300210947,2.84748184015867
13.5964965378451,4.9077084068317,5.14993128524204,2.28473000759853
7.82180417179439,8.89384830556228,5.74058809078626,3.46234540881419
10.5175355682549,3.75950182619942,5.70615452234063,1.98673192701357
7.07731062322433,6.57827882645426,6.12811474554231,2.7120047113846
13.5237504188598,4.76654756495183,5.13189570517274,2.88838147215484
7.03164240389876,4.41015282351413,5.15675804748095,1.65443026315638
7.82678190384736,4.80074409620314,6.19035834990252,2.27360352168636
11.0437667328447,6.82540542760959,4.69133078547615,3.33633190863512
8.8615382754462,5.86318298258018,4.84703233534167,2.6649656419952
7.68515838717563,4.35096620236395,9.25633868381294,2.7887513455868
8.07169316651166,4.38179175397009,3.68602340239423,1.91804380432436
9.53089309690362,5.66589837329038,4.43735123715446,2.20343895974566
10.3688004392735,6.29957852316613,4.53932409630801,2.31455413780136
8.42016399942055,5.83215251942188,6.49457521370824,3.43846346762419
12.3223429501004,5.41199239722704,4.62977634442464,2.90865869312615
8.95530537861436,6.24933965823136,6.33379647895431,4.01260344344665
9.9421785035129,4.35111962414368,3.26656899482573,2.12273225908792
6.66161464195128,4.5411292102937,7.21317374251701,2.53574093595687
8.47772128068815,5.82834515883059,5.28645871562352,3.42774573798291
8.25497368629876,5.80435991197018,4.61238887319455,3.86952700028589
9.46017637978838,4.35749172703992,4.99351584611532,2.1279969300669
9.00840042716592,4.75144308946058,8.87790974638372,2.20652995890728
7.86965541466263,4.98942531665075,4.39796972461587,3.69701383701627
6.92120362082349,4.73147187991971,3.98719680739967,2.42396741159554
14.0274408657442,6.011318363439,5.95777727748015,2.93452652809327
11.4417125236005,4.60159864249993,3.59900205341468,3.08963838477799
8.34654317046213,4.23060792651069,4.78665540860255,1.9348346835248
10.5168660635766,7.42608700411874,3.82442240291291,3.03798124301282
8.14363511695323,3.5739369477294,7.04659371843391,2.59052792815378
10.2309210378543,9.31132407000204,7.90758413763144,2.72609987029279
7.19212530891564,3.74979999092703,6.25719661281777,2.51750678239158
8.69219409480769,5.93332811275972,6.05557481543825,2.22705996138586
8.86564455870088,6.33043338671463,5.74853202132176,2.15630342877519
6.16708134944922,3.95656033550449,4.19684603344267,3.14179849700622
7.71488616626127,4.29197530686112,4.86762862309005,2.58437808963839
8.76152147561662,5.82417791298773,5.40698402072339,2.40943660022889
6.7423795619361,3.89139369246357,3.05648156848533,3.4582762130936
9.1205157093206,6.43152382247665,4.44734156621273,2.02320018581642
8.78045199712911,4.17546906100454,5.90343218357911,2.61639161032804
9.61127088416368,7.46642496007785,4.30525288772006,2.69352798391508
8.1074925565285,4.13539990329327,8.33984951312014,2.5211429951998
6.7498916198939,5.55259424442418,4.9504438953267,2.99956869409498
6.76176766794093,3.05794806707142,4.21912650447263,2.51429676270054
10.1253379728351,5.06426503047777,7.30687622659531,2.91664436672626
8.77699146655872,4.81153804264447,2.85265996203825,3.55406002899932
11.1827636781378,4.58166644731106,3.99116022685723,3.21136426786403
10.0796166891475,6.29013808932906,4.55499849740632,2.54983510123504
6.48140941056056,4.07566152251914,6.67840157223418,2.51572908603109
14.0710437608174,5.35243812080228,3.47974141913619,2.9265390768868
5.5473020249821,4.88522129736313,6.71620625305234,2.35492265861583
7.12653898004927,4.18538640468347,5.91872439288316,2.63927774307976
13.6844331743087,6.92256578624813,9.29154423125241,2.7933848214654
18.2736199962252,6.85859372212951,10.2940901612843,2.96121274363864
7.42879815858597,3.81395687220673,2.42105674403752,2.74688818607961
6.70901351828676,4.4672851776528,4.62873202341687,2.63542884507337
10.5086843437463,6.60425465286715,4.52255792547625,2.57978377931095
8.59184565889153,5.65686612373107,3.89771558999711,2.3418766404215
8.88388790724657,5.34761398949826,5.47966364227534,3.05492202262549
7.15446488927529,4.57482729773574,3.88071808670599,2.12910569802157
7.77014666651736,4.98815798977666,4.23586834806111,2.1450818913706
8.89790825027597,5.37681288928512,6.49630189451188,2.87782898826598
4.5914870076946,6.1164643617293,3.08478979136637,3.75036172178671
18.7799354762843,3.56869369686503,4.17680607100118,2.49256070104978
5.46654289879441,6.52089089209767,4.30107373973716,3.13024665627429
4.6961828215033,4.05180382521967,4.60497452818496,3.04605633858057
13.5442063761035,6.97185884958991,6.10013199628374,2.30507278329136
13.7056448299618,6.73536230816234,6.14144407559292,2.27687223466992
7.11883405236872,4.37240858720909,2.24127801981963,3.90216687953987
6.98108775033223,4.44619247087269,3.74597219728951,3.46499575936741
11.2109012475134,5.05045835531046,6.65113176737014,1.94638994394298
11.265535029387,4.94225298390737,6.93692959514514,2.0375668975851
9.63286738714596,3.95111973859275,2.64291034838338,2.5155741164876
9.40880666683532,5.35008993266919,5.37633636472256,4.11508432754197
6.82512314603537,3.42645105886564,4.32337845401085,2.13328623425209
9.88004693886554,6.34226193445754,4.97811906883742,3.50837859173126
10.0710007801115,5.59251992763726,3.9143130135923,4.20908733959443
8.59030617885118,4.80363789632124,9.44301911924359,1.70296675678494
7.845757729717,6.09697140917258,3.96352194049405,4.47788239436202
7.59042269245098,4.8176996234746,4.43097130731459,1.74869315487673
6.98415506668562,4.12610371229261,4.73935869697938,2.04813891667984
9.61991254369192,4.36582776799811,4.64874719771989,2.05368101615875
7.16738089344641,6.21865937787466,3.59341861413024,3.28433288215383
10.5936007247271,4.30261968002696,6.88814131993887,2.46536863518616
7.79421711545948,4.25207736013457,7.08700569094775,2.51381869263299
7.3883799225904,6.34075214126636,6.7394244349373,2.91413531293199
11.4811145636408,7.19447876069804,3.16786010894891,2.11135517075441
9.36434307166953,5.3946257617337,2.69539153517582,2.51272902489019
10.8636170019205,6.50792960205028,5.03199252342932,2.63043160739343
6.50600306410612,5.08924902859354,3.94098616392628,3.48392019169299
7.62163138399416,5.41002850591408,3.33521301182754,3.00429949736845
9.19740071271982,4.93335441557954,3.43800619576843,3.16301101927252
9.33295520395586,3.90600709449347,5.82980030574841,2.33113988711338
8.42452845600902,3.7597948964789,5.35357009291888,2.3307800263332
6.3124917341272,3.75629874008958,4.51005788527967,2.04116019647518
7.6171926480525,5.55987309536865,4.4340323050598,1.91361300650226
11.1245276165728,4.12899417981704,6.22070604002845,4.46521086403205
7.53384766243568,4.62157125156871,5.4553891978027,1.64129623080701
11.2837675528938,6.2233669661773,5.83308697225324,4.57680589987369
9.83146146305218,4.60126904610962,4.1398253093871,1.73084457911402
10.0005272132356,5.36511383763054,5.51258503229484,3.90687766246677
7.18032693481384,3.9415470606992,5.44889292085475,2.64264828840166
6.30647154298059,6.11989913128888,3.16503691156015,2.97321141561742
8.13192143553569,4.31002354246012,8.2338205151532,2.45720101487589
7.5139339682538,6.71156714364736,3.87236659450937,3.44416989766765
10.8804308654916,4.28179139605275,5.22521488314471,2.69504037148913
7.84365116717184,5.47936637445854,7.22164881339453,2.5657834297932
7.54668217691684,6.42613210147019,5.86326943171872,4.36594306980151
8.03067469474556,4.10790047916192,7.66712134630494,3.15735000064693
9.13907042376935,5.68474113551653,3.21807898349587,2.59359313625833
9.58952909916539,4.28505677174906,6.19217021773301,2.56463177036997
16.4360242392264,4.97988514225437,2.2584691614021,2.59736968909069
7.38452917520232,5.39518969115003,5.86131306991213,3.18249580985451
9.69311312276281,5.42690138906662,2.79847589012438,2.47731470636474
6.87643835792441,5.72079960097974,8.78887217877429,2.52315456477341
12.7835536265901,3.34726817070372,5.3678854039741,2.56125262158545
10.2317385678575,6.59110823575765,3.77235531934405,2.75846767379525
13.5112779187258,6.90508533597,4.85535647251558,2.72291156867137
11.7549159976067,7.86219049657276,5.45951387862196,2.48787238911487
6.2747042091753,3.80637276420816,4.08285692907853,3.62395322253116
15.9669956812134,6.61599033541244,3.59696758071523,2.50092624284267
6.43692716565769,6.61988595191533,5.71149970416699,2.99932728284461
7.99777279662466,5.53882467062668,10.6230179306597,3.03500720028703
7.75387155748195,4.7102506203951,3.54850397655019,2.47418576736261
10.5435586516001,4.47085576706987,5.22405621656154,3.056622843203
9.58390586454823,7.06212796512818,3.63709896096755,2.1403678089265
8.84425363667323,4.32953509623534,4.64727113812388,3.48162470517114
10.5254349435212,6.17358114070329,6.6843770065945,3.21311922195587
13.3296428591126,5.72061880532926,4.95736981944286,2.59615729521156
8.01054964213586,7.40847170214719,6.61864901279996,2.15775606726127
9.65493005579585,6.46763294459876,8.91917934774235,2.47743623062524
12.4743208286105,7.10348910417539,10.2388646170506,2.33441585261867
9.3487595008182,4.68188767182617,8.0274424319378,2.61727012925658
7.55959799805623,5.5389269328749,2.64492771021644,2.33270908415973
6.18426123358906,5.72952976742233,4.29168228266188,2.29143383514919
12.5057363911778,4.64197017142158,6.99680602576233,3.41467091817903
10.4377434140049,6.06658598848298,2.53162199673382,2.15527210375884
8.38561275849624,4.80374125442318,10.0841403639389,3.23208669551836
8.76947597124709,4.57365599188601,3.84259176819056,2.75221759351071
7.16380674646053,6.05715666611846,5.50909026956847,2.28515481751481
9.20142483509659,4.25176516712008,5.05523455214709,3.16448443482776
7.79446034606822,6.59666689573217,5.4158651748695,2.63266214900987
8.4578094469062,4.80157425770606,4.56953214153097,3.07956578931279
9.21757246341413,7.27474195629419,3.82133552398069,2.46448074637827
13.4158576848267,4.29123125980978,5.42825725966168,2.92644580949318
5.97317951166879,5.58920920799501,8.8412818382506,2.21281095194645
14.4703120707134,4.24476215384828,10.9135470997939,2.44429804065394
5.63629800631164,4.80390559470067,5.37911644395122,2.66166973371561
16.54405514415,4.46908631537828,5.2760931882065,2.530983712147
5.13226074303419,5.85994050727013,3.93402889906899,3.28093513544372
14.1697853857332,4.837065256594,3.98393558658517,2.40337632546125
6.89567045144263,6.88614061120873,2.86338240943762,2.78030282459256
8.78413505460883,5.14356228828468,8.81343640885693,2.66109576753921
8.48145765879499,4.43394632176155,9.39521393806844,2.28673780862858
9.99858267255837,5.03992151806802,5.55069354236127,3.21353138830472
9.92741668289899,5.49157670170361,4.01320262682646,2.54568614945735
9.28187810094378,4.8956896415323,10.0624200704319,3.19244267004344
6.50251527559863,5.03609709206527,5.96712832563974,3.19308156406586
9.85104987604432,8.35576391645379,4.46375780819078,3.87836565412089
11.726238257904,5.72987450922698,4.22210212783334,2.8425081594715
9.03870683070867,4.81888170061061,6.27587324826098,3.37169027503829
7.23899900465503,4.99383888800472,5.28035163581164,2.19140819673909
10.4524791886727,5.81843247303925,6.15232034434545,2.64576352714506
8.53871781704262,4.58873825861219,4.24456085490126,2.4405387136645
8.79088915685462,6.26958033567637,5.29153942506171,2.89734086367254
9.64502686476856,4.79527355732543,5.97070343567167,2.71671173734502
10.0155527824527,5.69085479630421,8.28093700416291,2.21059361035516
5.85713508855054,4.54936476530574,3.66461299096006,3.35231808502456
13.3488368129183,7.29470451459039,9.03174186495128,2.46396344720056
11.494590928656,7.37075021897257,6.75025618364535,2.97552248715239
10.4152673471872,4.51228279794036,4.17358517618399,2.0896396714431
8.19793147261317,6.40935670938148,8.46576425216608,3.69757917450618
10.3220236155748,5.03797815611367,4.21236341815546,2.1063443092504
6.5510403651892,6.06915662326152,5.30387067376875,4.03673653018272
8.58373391021214,7.9642165909913,3.5444473315257,3.30713309406474
8.3142422807999,3.40882487451491,6.81792169673224,2.3861797864534
5.59836272066725,4.92370101968471,7.50344269598458,3.04396671741013
7.41109847131005,5.88801708563786,4.01192359716005,3.06812053661997
12.2863509815406,5.3410825837443,3.71007591328308,2.78565310394711
6.09937362499369,3.80677370918798,3.31265786234383,3.05360434054463
10.0967077237901,6.03513043186912,6.07206367546917,2.54961803345064
8.98627627414615,5.02336183430843,5.55819638300703,2.31748123791809
10.6747288951756,6.27118318994351,4.36461458687744,3.03237754009554
8.62841766378452,3.47565657520063,4.52509579423731,2.29759816190913
9.41190516840739,6.79887520756802,7.34286707975808,2.80645355713956
5.90430610441339,3.89346141814941,4.0355569933195,2.54454195175271
9.26140252805356,6.59595240485575,6.2017076766442,3.76064093302521
12.6265185703397,6.60937214120687,5.08542939305113,3.45511293286281
6.35847277575171,4.22894037544163,5.22980264268865,2.86693082644586
12.192044967898,6.37748883675734,7.707921488652,3.29767901027202
7.33826780156153,4.42300368286581,3.43496164841098,2.35217187366621
6.09428999808815,3.64629734651006,4.99834370555621,2.37678345545765
7.51974195837481,4.22922712022001,5.36543598016985,2.24042655654426
10.4733771409647,5.8690008825939,2.65170714044879,3.47853906403319
6.9455210385437,4.38490701135174,5.08528134682259,1.85318567756454
8.76390011768581,5.40181337799173,6.15603122544446,4.28664546271366
8.23698847368014,4.8444817150623,3.32363077579128,2.031474976049
6.99727186575712,6.13620571599866,5.65028771012591,2.72182082886768
12.3287076964124,4.29023746360959,5.61418233541287,3.12730470038874
9.1926205235907,7.45961595122985,10.5030159559029,2.13812582845415
12.3156691182136,5.22771146486953,3.87233713209299,3.3839359325135
7.31014668047098,4.66210337738243,3.39295117188176,2.93349685148619
14.8571992232719,5.75474365277676,3.60099370907126,2.20527766038024
9.1751737027601,4.31106288258858,4.35141267460118,2.62881127463231
17.7851937309703,6.72945110166309,3.17905769275092,3.13086394663319
12.9049286184305,6.61166417858649,2.17639651605176,2.67242461615603
5.41937052320819,4.01183285056059,9.43765459041216,2.82468860550197
5.11039963562359,4.23295159976897,9.80280124603756,2.83643780394275
15.5642022215726,5.29393210375626,2.09426278401313,2.67338404501375
7.96015803275441,4.27341955274164,13.5235488956148,2.68240892007129
10.0214269492706,4.73562340472864,2.97669482086733,2.62293088901707
9.25848288126958,5.99572415854107,5.62508529592829,2.14341408187518
10.243790756869,4.79081601495429,6.36871897134503,2.34425529188144
6.69041111062658,6.04266035316054,4.52638736703925,2.54934539514304
8.00522643170569,5.48225845933023,6.4769870449515,2.8372449712128
7.22436494896835,6.59681841585688,4.37850463420634,2.61808331467523
8.90255450992217,4.00564642135154,3.75610470302786,2.42208475379232
7.96749852870579,4.57466764007673,11.1760656428461,2.42447218804543
9.75067208556647,5.48471438893593,3.65547130202235,3.03267972839275
9.91578384203737,6.40982141116351,4.00257317597248,2.68930639808602
7.27898408934307,5.42001500692623,5.72066536210809,2.61211305632452
9.38983953074796,4.94381851027775,18.3184897050619,2.47497502040953
6.87275735368896,3.91606119482229,7.70108234367156,3.72645686923346
12.5043703167868,5.33926910571166,3.45613061925125,2.50451017816329
17.3015704465207,5.55812802218517,3.11715759188976,3.77027346866798
8.27679830351187,4.84550296850582,6.71850971661159,2.24140866789622
6.39623827427608,7.04071259163787,4.04587053258998,2.64358024240844
8.14040603827776,5.46619347080858,4.7013766082067,2.57353810668929
9.00565239443495,4.9975846646635,5.6777618113307,2.70114255496312
5.74364102072304,5.65111425804336,3.14609045409058,2.65283546087965
17.8503660976091,4.80082653757482,14.1270954938335,2.43701812834281
26.3366686372682,4.17003663956194,8.84070339581155,2.22364866311964
5.86520510398259,6.69325796645216,5.94976220589456,3.24632718234013
12.1388919031746,3.11499301268876,3.45135628126636,2.2823490762963
12.4235043493952,3.46049632906257,4.39367296760407,3.16838492777348
15.5090874185258,3.60658766340863,6.5768593279867,2.90402914672419
5.98681782572253,8.26007245733916,2.33268837289619,2.72837061582031
9.05841143728221,3.24306691270967,15.6097017179164,2.85133990324359
5.98391587895365,3.47504541865597,3.46724761602695,2.25571022059239
10.811229174002,8.28063529716078,9.93159765281877,3.19875714366512
9.49164525265221,3.53266327520936,5.29585627428007,2.63818494362011
9.13846652542631,5.75817902276563,4.34179746563805,2.81603126617604
9.04525182681323,4.98926491937481,3.99533342800476,2.71480270134412
8.6701216032815,6.30209160941666,5.37699201772107,2.90289286169324
11.762334246782,4.52953401681423,9.04337646592274,3.0497139063979
17.5032721243341,4.84836330255646,5.00893013816865,2.28674634462694
15.1229224522541,4.16106285932779,5.11194027970733,2.61211506337086
7.81835870563096,6.52178440163228,5.75008752546352,2.48218083255229
8.33087778708186,3.74174130839199,5.5604488411247,2.14531434512687
8.44480099518732,5.94391323586354,5.46068868003664,3.22331907009066
10.1762090900332,5.29424109463744,4.33769715786276,2.55390937289186
7.36885274223461,5.33726471567242,6.10194067257379,2.56989368171766
8.87562412243613,4.54600113863861,3.74427200854508,2.26545106646993
9.30354325004486,5.15565675359641,6.51378492364013,2.70667938218996
10.8281785172455,5.18006173733164,6.61180150875367,2.35367106647278
4.9328203391748,5.43408003351516,3.85976801931618,2.5077368854226
13.3125862097576,6.50570794384961,5.30375496881924,2.58203027467867
5.6789077601609,4.41691279424506,3.32378264254834,3.32478415167621
11.3335657618189,5.87997778924399,7.23079096686239,2.50626728013537
12.0773404973054,5.35528410464589,5.80816878604128,2.42996211533827
8.41406685194601,6.51828394948481,4.50510881096876,1.99859449473842
9.38571445472178,4.14298379935651,4.51379344666046,2.5319496995661
7.76272871179634,4.97303326934363,3.80368305277391,2.75896090500722
11.1980227558562,5.79223205489624,15.2226960801515,2.47683177187507
7.45511635898577,4.96500712699807,12.0573977031345,1.81557746337531
8.95713311127411,4.387266121983,4.61008642812825,3.18546735822731
7.09223780672475,5.75807128181701,5.29036439655482,2.33254592241757
15.2128045090519,5.02682677871715,4.39032475245533,2.68543381885432
7.38160388500745,5.30006362046743,6.37432567930786,2.44696339306764
13.7423550914557,4.48147407733429,10.5400152413695,2.62954996722682
6.83310204650586,5.3571080210618,2.59240864863893,2.39468592531766
6.37857865633555,6.47713470133545,3.07082615410688,2.19096785730133
8.69262725828497,4.25254116627985,4.36594522335047,2.68479492159189
7.25026234309193,5.8012730268058,4.45314315757989,2.31173568595528
12.4707131352545,4.59525981596463,4.06265198901095,4.65531882316968
15.1129490781762,5.59146669601877,6.30703757877001,2.594827918603
5.85785901360989,4.30521140983385,5.10731982459725,2.50586173717552
10.7924263765808,6.34278388844087,3.5830481288766,3.21560713088262
11.2254528017753,4.79016576336012,5.74564701617923,2.33662780625931
6.81381917756994,5.02413272009365,7.05280356769058,4.09876995549462
7.69459343416295,4.91346776295115,2.4237640267378,3.32574561386479
9.46872496743906,5.806629500384,11.673930719872,2.5860153461348
11.2726742369199,3.89772839332983,6.54357982099668,2.93786449256839
5.84123646831569,4.42001962812249,6.34361998299999,2.42468424669186
6.38262579498304,4.64576571205378,5.3778282354491,2.4785417405423
10.7415839163924,5.70592981337253,5.70302030916072,3.27441784603562
9.5783514651292,6.21104989520107,14.7562842661491,3.35514929109599
10.0000661963244,4.93574540045627,5.6321130455363,2.72096432028141
9.08011878317843,5.54265855560461,5.67437994285189,2.10060864792044
8.82024816017443,5.96862414372711,4.8500659294824,2.80710295699851
8.5545537808656,5.55796478080292,7.51173799789653,2.39273536488371
9.47319208231212,4.66224150210151,7.22324603394083,2.1297841891133
15.0821430053794,5.58093622567953,3.49444246661517,3.11467214769224
6.13029159489021,4.1402034126506,10.770538518736,2.60358107811964
11.3312223462906,6.24060904877739,2.93805520448446,2.530105828377
13.1263346251521,4.39024307760358,11.0861501764313,2.53782331974119
8.92626588523285,4.65530499794986,14.5150426807995,2.72622776101289
8.72236713681771,7.58722079511035,5.52529492986907,2.7640222451955
14.0458934257482,4.66052894592161,5.07789501800991,2.8461501415049
8.2985647904348,4.94227533281617,4.05176715331635,2.40916551924644
9.75194913476336,5.87003746935077,3.70611938939813,3.01763801661049
12.5688177871572,5.9977977702924,7.71814601738315,3.06476163259416
11.6807287265615,4.98774285512525,2.44078332068741,2.27304749176564
9.23564453751241,4.40109961396696,8.7031622933261,3.47681197547408
8.97552516627691,6.50516086430868,5.50919511750057,2.41257913054632
8.74872387854755,3.85643534484841,4.93602305398744,3.39627191545552
12.0518449116879,6.08548235595926,5.30522061709697,3.1480241069593
8.90917732213353,5.36227248454959,5.37200869977083,2.65127768764033
13.8609796191409,4.98120610695954,7.7050780866497,3.15591125432384
6.75327968447527,5.1078488549538,5.96728397706008,1.5870573864631
14.1123831166139,6.52497093357164,3.85229491407787,2.87862451307855
5.77092799520375,4.37315915514183,3.91706827806503,2.69260182442948
5.45066113977106,4.52192933348023,4.36754509492797,2.75100408165892
9.61764408209932,4.52324370807424,6.9129220498945,3.80033536698504
8.7727235192451,5.14660663706742,5.85360623535616,1.6616411871529
8.92307199263053,6.78546619927693,3.94307238633415,2.17760108288067
7.8077372159687,4.98878174221087,2.27367622152938,3.11420157659432
8.83949869786416,5.98872589519008,6.64609969017308,2.74449618179545
9.95818279856329,4.98721061928003,3.35587244637101,2.59023736569096
7.35583787266718,4.23842671438317,6.07873714582942,2.58137188197969
8.74846999076804,5.21895136475005,4.76233426376227,2.83396870668584
10.9353886354536,4.83487588132327,4.46531042402919,3.34930912468062
8.34369641929722,3.71223485541729,5.53963646650583,2.27216909770735
9.73686641062008,5.33797790770135,3.72556610126288,2.18817969595225
11.1728188544553,4.12553158511998,9.50842101908901,2.54143561391657
9.54064311066004,7.1410966520519,5.10858030566543,3.00054503452963
9.21760089394663,3.96093213045527,7.54744816169011,2.09167496139208
13.7842612447662,6.2368450026766,5.37550958175341,3.12317517082719
14.0053149659894,4.16153786206636,10.667977068558,2.21895503492298
6.54179806747835,4.4252510342581,3.28925617919035,3.5028177324909
10.8250441239387,6.1631449502242,8.28341663603874,2.56459226334155
7.64452865485052,3.73246353462755,2.76709283883803,3.19748705677444
14.1682292432802,6.99927560766152,12.1409924853946,2.20156716286692
7.32420798139107,4.619162898321,3.38938150415953,3.58561276551469
9.67125323913985,4.46892450702973,9.65932355089414,2.20019042323649
8.01103320642522,5.09652746787021,3.8419485078687,2.54053548827192
7.11327091153275,4.83371661909742,4.20800619286187,2.59864359017109
7.41309725863227,3.84357155670467,4.2991871889836,3.01578304689578
17.617405750229,6.8432923446286,4.29099959208116,1.90427847114755
8.85571736340654,4.2228256639193,1.76322640922107,2.79173721554199
18.2259245562388,3.88434736876952,5.67253834472746,2.32472896809227
4.21932460962187,3.72503210850915,2.44015724829726,2.26452692808258
15.6883970801621,4.9150072284766,2.45339803720312,3.1307263003494
18.7100259371748,4.26454633319743,9.83771214783357,1.4860731061051
14.2145992480614,6.2566444561639,5.18860937835161,2.53099862022919
8.63779543551393,4.240201069846,6.05714018829155,3.24647072461535
8.9695573019577,4.35624377358256,5.12988327667461,2.78757356193307
13.3641415154982,6.49388408590553,4.11379297248308,3.37703454793129
6.71171211180443,4.9892116996216,10.0919542586586,2.92159015966635
10.2626312197122,5.57825961175832,2.82056617232179,2.31917186408032
7.72705780091144,6.15478826323373,8.28939381222028,2.71699614644733
9.3114473816898,4.97967036995359,4.41935773784576,3.04682264653224
9.70766560362016,5.09978072229677,9.28528227218805,2.55271925853018
15.276642835083,3.60688823646952,6.65060356140467,3.45777553699859
14.0042858554733,3.26845900973365,5.60681538449619,2.72674251414794
9.45725007310499,4.11516399505542,4.77177209680519,3.23844004721094
8.07725580343201,6.10566323827066,5.83372415166935,2.70170368031419
10.2703058131383,4.26423581329351,4.16288160282081,2.75178912315011
10.6372824417092,4.78610120044915,6.09350680184518,2.57595535521657
9.62774981251996,4.76048449489263,2.66592723298445,2.89020844445444
8.2772913347707,6.16286970621457,5.07991804551045,2.64363639998195
10.8966139337677,5.01362478335005,4.13970739829261,3.00871918819154
8.86445108141378,6.09317073632347,4.83316882016233,2.30033991006413
9.81742718083535,4.75678679168099,5.90438715493478,3.10963992398356
10.9198303349731,4.45038988262779,5.3947492159396,2.55012308580034
9.82815516709733,5.37328566855708,8.08420579667005,3.34309020569711
7.56316540981588,4.07887880871241,6.03071223491617,3.15083059258244
9.63303463304532,6.58827587823924,6.77130298673932,2.41743077902032
9.09353680050114,4.63019845570486,6.13287649384237,2.90546474707693
11.1341817867579,6.99349739797194,5.86667906718425,3.27328704292537
14.3705846170374,3.11168688237344,4.55679746755649,2.07952273979984
7.42130603449322,8.09583807437898,4.38772121663817,3.52398768014049
11.3381751655622,3.53639962042928,6.31027739322124,2.39581223650481
6.31308353514194,6.28152293759814,8.46807649290481,3.11502371652909
7.57448306412211,4.28077048311239,3.59006693935418,3.30409073794401
12.9410424145617,5.90108233563502,6.09527222164521,2.11577767357625
6.61290973052763,4.70010311367619,4.0950718658022,3.77580323697423
11.7168954005927,6.58587332160447,10.817876660437,1.59885706640472
6.1965790847951,4.49154971547253,2.9977180014948,2.7681644887339
12.7369889188304,5.77379020103478,8.73187827562706,2.97368989786034
9.43891484739393,5.22052957372462,3.08704075297617,2.37604008953057
8.16467840951786,4.3540260505397,6.07418539568685,3.74182916344312
11.9447602221546,5.36032936350702,6.43238759880424,3.04010978559334
10.0794618741718,6.3678111890118,4.62120703105986,2.42163674545985
9.32207472436881,4.91560803219285,5.1696061931497,3.33601125270856
11.9101400134679,4.931253257161,3.51336646651948,2.53776415336224
11.7169556017341,4.24741680374804,4.24244158405797,2.53214035476199
9.96540752755931,4.42527984872262,6.79155863509204,2.34064416131037
8.51431127191863,6.49537536446675,5.28327348418831,3.76416905698242
16.3485742785919,6.07449818005329,7.61975187086723,3.76038316813494
4.80010605615196,4.72668154862947,3.48928232777753,1.66618687085005
4.72529064649551,4.66076853693307,3.55300739336353,2.12428971043786
19.5177454695079,5.74708484616971,5.81436376511896,3.04854623443502
4.40955393788393,4.88989819911342,3.31330931035792,2.65093549317421
8.92837137360057,4.80325431658969,5.94785939697475,3.32321584543899
8.96133673867125,4.88043396819279,7.69708052429656,2.44882463168064
10.47306842263,4.90108888906386,4.97216533893556,2.47423818796889
5.62026053155141,5.75575218911183,3.57087600935605,2.89005325116384
12.4523904949259,4.40086776533422,3.60562859026868,2.8683396655959
7.64932552824144,4.83840455580581,11.38002972425,3.01069525120756
4.32091458801636,4.32563638089048,7.71699512555455,3.34735690281612
10.6351344093741,6.27669918591414,4.37996728757276,2.14941420942224
5.18940332969255,4.6146019065087,5.83652873908023,3.52633098476129
10.8136625988962,6.57266884180875,8.51275060445596,1.8942261049043
7.91628121985271,3.84619156728789,2.84108829276704,4.14868459580013
16.9146730019412,5.24572040056622,10.8304762193694,2.31880190324766
4.79485017231808,4.57449715927034,2.69891997510617,2.71585338633613
9.79560841841681,7.14303600236852,3.72625121888645,2.71781224466826
7.88286347212415,4.01495727751337,2.97815702807175,1.95605761255301
8.95619476472295,5.5212067936156,6.84077695081947,2.87175316678857
6.78464848112661,5.62139612593021,5.36312897474186,3.32653471723678
6.6079640428694,5.67961742423064,2.74845060529936,3.07725638681102
12.236337528849,3.49561477049272,5.85247371583174,2.61562031558243
8.61119379163077,4.16069858799885,4.45542501259637,3.13322092669433
7.95968936558458,4.12434188809474,5.76497238198515,1.6273574133184
9.08489962996394,4.60359730903394,4.26657526755517,1.85704515547153
8.44095804911777,5.25037199507336,6.9018141248046,2.13994562495713
8.23641089261334,4.41413011957067,4.75877683061196,3.34236498681767
9.90844410807073,6.38801149498662,2.99664923294453,2.54983280732814
5.380381931041,5.0761536662755,7.76912609580231,2.94731146774346
13.5384222314516,4.43933891711878,3.31188369411586,1.76167629594923
14.862989751941,3.61281002168106,4.95956161187551,3.12069856135711
6.04025703546718,5.50600764052759,5.58220774836503,2.91037026275674
11.4946229960524,4.73483957028167,4.95733839059789,2.25568850701165
10.9465470402959,4.89197678992537,5.07761029188429,2.20433083722629
9.21373950337887,4.66475290567808,5.15687854626655,2.74652569329895
14.3715509300199,6.5040190493482,5.795386602648,2.08567507198449
7.61290138606101,4.06559196935378,3.7317060503008,3.84624468791344
11.8417129419997,4.76095537334322,3.90374137904905,2.52622377782235
7.15865224340321,4.56412947951295,3.513973929558,3.10273820698775
11.2276945045972,4.52634550064351,6.73873537090671,2.4695360780212
7.13260455465624,4.95859674874776,3.44945625453786,3.67558294166759
8.93429443345082,5.04369533790705,4.1555342067637,3.63205640644672
6.22358012189653,5.39734285860268,3.54715428955361,2.2025135260796
6.7950200338187,5.67284398965048,7.65705517370908,1.99453462073385
12.7382070847885,4.86350070016308,2.34258748802323,2.48485997233314
5.45554892130564,3.24807437315499,6.44990091675459,2.57788334035816
13.7827843026523,6.98465938491276,5.04866442711787,2.90162739284881
7.98805014812661,6.86496553466454,5.87136768942237,3.0064337311743
6.39980623655246,6.4332899965185,2.68181840801001,2.24276497544341
8.26643370078929,6.76636767922682,4.58939687118298,2.43459648681308
15.3725448237152,3.7625336280391,5.36191792593987,2.38511544139797
4.84104674751197,7.13930060926213,7.46078119552581,2.69151958060847
11.7277831645031,4.58768566228538,6.68370912789586,3.78584074520835
11.9805628420024,4.358244996051,4.1979935785123,3.5187317929457
6.29219115054753,6.076441457288,5.327841938625,2.1825326008534
6.71274881805838,6.39346519402475,5.56484231546809,2.57828414418106
5.86963418860909,6.55373687164694,3.82083261486999,2.08706527992355
11.0648108615968,3.09057008543886,4.25241337757613,2.66471627010348
5.98947609862857,7.20551118036176,8.28779495043835,2.29315166528994
6.34947127885056,4.44476660829493,5.83563470475926,1.77075845242485
12.8345767863907,4.82593792022806,4.98481107424975,3.72855643809588
6.25962469413091,5.20277449862446,4.31262465091806,2.37578506137871
11.9656082158819,4.7562529223695,6.43488641705227,2.97722187509721
7.73852642674508,5.69934728220107,3.79130490260806,2.34832615282275
9.40208071336153,6.91159760590397,5.30480692525111,2.68695949389303
12.4258724014242,5.69669663088946,5.90289882041903,2.4648402460072
7.92031088482387,4.60791073217024,6.6420815204773,2.51228486001425
12.1582994359666,4.92650478352048,5.20527912675735,2.82309985630643
8.55927780098072,5.7357207380204,7.13435926699626,2.3336479886938
12.3269541814782,5.57212483868711,3.10290145942488,2.68184038412899
7.69374030470443,4.74804172314194,8.5750075143722,2.53781674567852
7.41694414329186,3.53270744313564,4.40422052230519,2.42787551966574
5.63777780899627,5.00923860896326,4.93944017631299,2.65087490807442
16.0980330069728,5.6506657177641,4.9490215575304,2.92562875404077
7.55189668506813,5.51182721870636,6.50527446891206,2.45599926466351
8.57414506178935,4.68249125901424,5.24594825491253,2.67445121281936
8.56344967809693,4.60783178882606,5.58822042920262,2.00385646833615
5.70268588922372,5.43072053085802,5.23987331189828,2.75719662292197
5.78802165864088,5.02109373099394,4.67356433508368,3.26586032632792
13.1915222268698,5.66792331258071,3.88252772464564,3.06909581773195
7.30019285688441,4.9134655611353,3.3509035861385,3.02259957119831
8.80919363149323,5.00743053836854,10.3305528009991,2.61247156288504
7.14163625745577,5.00797415301683,4.18431516723197,3.97278621446319
10.027091302683,4.34878766900111,5.97067701267771,1.69410165620606
6.16377361814635,6.11086588944838,5.50775493746256,3.62610353152338
8.08330087628985,4.60793236162347,4.30050792842429,2.28030870561599
6.42426534339612,6.1518750190551,5.30664608196028,3.17240049755273
7.78751635361949,4.36004908273423,5.84339488466934,2.15821525428972
10.3225690711512,5.66455188778403,6.63913255769908,3.60483785927534
5.34776283718137,4.41328373664277,5.4972295759374,2.29075928791444
9.08762570111642,5.47854697291843,5.70041384831996,4.82046673420145
7.07889053362449,4.54940230141645,7.0570867065435,4.45925371715928
7.2858439375921,6.10680295793926,5.65504704116549,2.35192743140629
9.31323351958447,4.05668919923261,5.09584009215143,3.45574924078286
9.90656139106484,5.82721203833467,6.1740176553612,1.88153324286484
7.60065256560362,5.2747407076278,5.55096328548472,4.42313480358618
10.1985118678095,4.8014393470901,4.0978394441224,1.77501373720808
11.641061091611,5.61944688732609,4.59229804172744,3.54796818501983
9.08504524395383,5.31726676131218,4.46936666695967,2.58338340144448
10.1776616481502,4.38185353091602,16.7500066971218,3.2568749139968
10.384612712345,4.46451604797464,12.8141648551764,3.25815907462697
7.60629244540301,5.6456212842525,4.53602038265202,2.56488948930069
10.4863183702929,4.49140755127873,4.1601618849501,2.50986612006316
6.66210515330502,5.52514687743996,5.7650854668001,3.01353523192791
10.4280111296694,4.36048121327058,5.10121678984572,2.20167732537098
4.76096906254433,6.30741980078315,4.06508015527507,3.61895286989949
14.4633722604017,4.42686296167204,3.99631979815099,2.39653122867893
5.36665047547214,5.06921097501364,2.78820768152171,3.1266210005321
10.5828165678742,5.3411977245424,4.44111013769033,2.34118138801367
7.01028069448056,3.97658982419754,7.04806952363234,2.15733600554269
12.7630191497776,6.15021773524348,8.37536093334755,2.05912076953388
15.0719092973331,4.68226651685879,3.7019817969757,2.28766834085915
16.237294432431,3.41791364904902,2.83276510386547,2.78037485279249
6.23139343600368,6.47822568863148,7.09812351128154,2.81750390616207
6.30724716311623,6.48775416955669,6.34086183640051,2.73521671872461
14.6936918040177,3.71057551414175,8.45353601946696,2.2504311443547
6.52586704088276,6.95495882260652,5.95406860707948,3.32998108916444
9.71123454687371,3.51627194409424,7.83394894455302,2.39064670676432
8.7717906677122,6.08245295414335,3.76400036110419,2.48735067746745
9.97783811314175,5.61086212501278,6.57113964744309,2.57003235734782
8.65076712841891,6.37920443222816,4.01234455635976,2.7997830426684
10.7298516633676,4.45414375625242,7.31611180631873,2.78713729256036
12.1861202814165,5.06833662912967,5.93433564861091,3.33818706040082
8.9592661352377,4.90976791368206,4.37917556013976,2.41202411727797
9.32402230089965,5.02868003592085,3.37959772561559,2.71567964909615
5.71658889390646,3.58259453307965,5.67833998328159,3.22950618838564
15.4881896355393,8.12011839112795,7.80399846588278,2.3082124468421
9.12061866016286,3.15976729088254,8.65938215766841,3.57821904336116
6.56179254858227,3.68483570069418,3.60873802012112,3.87563133620513
11.8691058839668,5.14666561709625,6.17453733374048,1.90617603294062
6.78088509654329,5.14137609989325,4.79766389813985,3.8980404541213
10.0298323811675,5.69665070908112,6.10973829895145,2.93841086180171
6.45055280273568,6.84698268069421,3.83578774040697,2.85635596302561
6.41709629943214,5.51507705580323,3.75880505233876,3.86640063599858
6.54423483788567,6.29266508139023,4.05960409436358,4.44063377841312
6.39235080079551,6.27222350699739,3.64946235864496,4.32659641410565
11.0107206057904,4.52028834557351,6.01603576470464,2.02151632111052
8.96179476072651,5.33040587499601,6.08827453519088,1.72462596396829
9.13860544510572,6.42341875471607,3.73252712211802,5.96709143263047
7.10191312682038,4.42184367644783,5.76074593754516,1.52928569701571
10.0080260226071,6.80567979168982,6.2209765971608,4.94142863825389
10.0743261751781,4.76101285290875,6.18820504408467,1.41769299183634
8.60600125448322,4.86555862980271,4.27776386979653,4.92874860924262
9.92706159554291,5.01013353468528,3.55846064332577,1.72570222789649
7.25363889445217,6.26446317726417,6.84183827571239,3.26937715745007
8.30014977376906,6.02388542923604,4.76005308385134,2.64163422097833
9.5029688928462,5.17839604840421,5.96691712451514,2.98855137906126
8.68058702914642,4.1236295613121,3.2630846357989,2.24322591514393
7.92992156092972,5.39707489582408,6.1708472658503,3.17804379330453
11.9890237095087,5.21898617481591,4.43363984663185,2.24280603205222
6.17507482170759,5.38988555628078,6.97620619199014,3.30274166507748
9.25511776223775,5.46984549494773,3.11286991359797,2.57448622139236
12.5987643731408,4.12091409535215,4.10850404149559,2.2346211698717
6.97495504058376,4.9129368135677,4.51572294803353,2.37921289234023
7.7515948419236,6.18371270391375,5.12477757950735,3.38501332165893
8.70006757521159,4.31409134137742,5.2780161094967,2.38817114495411
8.49972156020561,5.14086047045957,5.67587650271229,1.9482880563043
8.81105646659768,4.29423586211864,5.41885866363205,2.43261719078828
8.02350937870356,4.75473849625059,3.2673967663256,2.36062384907114
7.47667851552459,4.37142572335863,6.61994934991233,3.77075236842775
9.67405977392985,4.87055472029163,3.70129650658845,2.9447187055753
7.32825848545257,6.55952307570988,6.88653030573796,2.80461605721073
13.254771531482,4.60893038702154,2.72016111421342,2.25598086574202
9.34835536614379,5.30278312495753,7.83231935208715,2.42741743249765
14.5073983958232,4.76970127703083,2.71963229441834,2.76812822298775
7.82493332308085,5.52227178485607,13.5626045848968,2.91879626893953
8.89921330476763,5.0266877658799,14.6963113960313,3.01137156105494
9.17870932397044,5.30162788484455,2.11020120240688,1.9276478447202
10.1482153375038,4.84638809612972,16.8150755508282,3.5832667651972
8.1806240433822,5.58833853174949,9.49472304829732,2.42455756837806
11.6018858603434,5.66870626342842,3.02560267888473,2.6469441280551
7.19546782530379,4.55795087455207,6.63003444890703,2.09231187614401
8.7932909220633,4.37346101512276,4.45231344075703,3.62430429606371
7.92034197342973,5.42692792073454,13.3514213480369,2.15549285389482
6.61359653755976,5.21004947955851,10.4677474988675,2.03901566731899
11.8771667297625,4.88421038669552,2.77448468119383,3.26588895597814
7.622027354219,4.14648732824018,8.56548228932898,2.36338963833982
9.62150063723884,5.70649275460172,3.92074888711041,2.21345853433487
6.74468293666434,4.45984954665922,8.30597948367507,3.6603835832977
7.36048011503997,4.10647054015655,6.55658137053678,2.99494298320887
7.54605916908945,4.38580043387505,6.92644650621547,2.6722415726795
5.7112686885298,3.56921634409749,7.8614843537289,2.43533666642348
12.9276346289282,6.01272773719759,4.16487629042787,3.53338490141636
14.8043176256224,6.18358716022645,3.11070887758499,3.76814538930213
6.56297542221026,5.30177908049155,5.57416240863447,2.71411122722822
7.16394887202266,6.30923240593417,7.57901334136231,2.03759368164417
11.3522873059248,5.26456909640274,1.82184989652949,3.34954113662003
5.32865242897398,5.37666355305298,13.0807842654704,2.20359325613061
8.19018864469056,5.95217527085866,4.62233130327783,2.47098254655428
7.96968508153859,5.22726667328147,5.73688097172582,3.66312391574092
11.6388641701721,4.07835426713212,5.95168396709479,2.05581744135073
8.45170557288947,4.49763182184151,3.76735250921213,5.27428591071227
10.6077721481741,5.79875779387407,3.1810957881615,3.51164920725473
7.90884173219062,3.76837198960806,7.10656528704563,2.18004953717048
10.938526115531,5.94187135214625,2.14545092811966,3.05609332310156
7.90165174490873,4.66198867248678,6.52688395289061,2.11426906343555
11.6814455188504,5.58744096383252,3.09646344582646,3.51612592227783
8.01733498850592,4.08344746384993,5.11753481514487,2.18103598709883
9.61024806731677,5.64248739436523,3.69850635102046,3.05442896413415
8.43763526364612,4.44691809722291,4.5434147177302,2.73231108398004
9.89522159883841,5.43421211756199,3.16450148015708,2.47531032931522
10.7020230097838,4.96821898885598,9.16378881759119,2.85599564509082
9.2359702660311,5.09353964117271,3.14092961006255,2.98834658758915
10.3934988656393,4.88280807616125,7.72003220597114,2.14190659019311
12.2933712181121,5.8841780480228,2.59236842327362,2.72692125452901
8.26484241126798,5.89469064053111,3.15724324763579,2.14453312553656
11.8158454232285,5.27497215439425,5.53371151163046,3.61838821287657
7.44133031634939,5.72408316393919,5.15053003662768,2.16114448112902
10.5937754455258,7.16233155853305,4.69509986928457,3.68742795441341
11.2971788405992,4.91724550599093,5.00287886082867,2.8696010761294
8.60373073887222,5.6532670890268,8.42590747138537,2.88892979255969
8.65706511073974,3.28994271279245,6.48677385707935,2.8822955024324
8.6938160331705,5.74535055522103,3.40165415903441,3.10834033742299
8.28212754005621,4.28746773427626,7.91538704109324,2.84494280476621
8.4768610741285,5.74661178711223,2.79504768536286,2.74811507614434
8.9920338150037,4.2950197595803,8.9860230930258,2.68893875307462
9.87520928621383,7.24292506003584,5.00462317350242,2.75550160625444
12.3032585503531,5.71634929777234,6.42339209628843,2.83943747404609
8.80081978156243,5.99949579871886,3.75382726184839,3.00312893763907
9.6033482848825,3.67440596389045,7.09506755410169,2.20442790351579
7.10269936661016,9.02745015744252,2.59242216408476,3.69318570213602
8.13423367057104,8.06788345487627,2.83466445418205,3.23367724884817
10.0624717496333,4.47476211706504,10.9668659896634,3.04208985888183
9.82177200976348,5.28275370079662,7.42914221037483,2.91362351877134
9.89509914211534,7.2819775375724,6.53791304794065,2.80114842818746
6.13537388888488,3.6128663584517,4.36195382447565,3.17120595748011
7.85918338026788,5.79066132115112,4.01158100580885,2.91196318173413
9.47772242234589,4.31429347481694,5.22242513861631,2.13336657540825
7.45901587532856,6.02139805607734,3.30496810320836,3.18690490241853
11.922635108762,4.83037842601239,9.00903084380553,2.30285786059747
8.80328891792624,5.03460699275938,6.79293037625131,2.07744123689567
6.07152130786467,4.44178283916442,7.66501211281919,4.05376355530166
13.4012704430106,5.96885936918175,4.48654826182152,1.97592907507125
5.65001891632346,4.55677451285167,6.41956505996918,3.74149638876192
12.3398192637966,7.66197504000904,2.92875494252538,1.73874836712232
7.14325192794468,5.02403485687205,4.32884057533999,3.52226730788869
8.49991402414176,6.70126125670614,5.29035955046719,2.36521351367118
9.31767320740783,3.97813554906483,5.4341582517233,4.49622600590571
10.8662609943709,5.54113471426642,3.81947783001826,1.92437379379783
8.61501010509109,4.74722571547997,10.1465130883497,3.702700447604
8.32593725241919,4.66319112299428,8.19271198378462,3.4010679529164
6.99525556588667,4.13153216697947,2.51218931797381,2.80770568498503
10.3551833940565,6.6373331058204,11.5063263203746,2.5155927882541
11.5225425192614,6.29434952688887,5.3815733939981,2.94365722169805
13.6023976432705,6.32506676012531,5.17675461387667,2.73862804296128
7.52066024129823,5.06750903118831,4.26003751118741,2.63130589766302
8.84419089712622,5.07362725250218,6.20922368433685,2.71485970152667
6.92334013902531,5.32041859614333,4.99641140808353,2.35338280206312
10.2670834819367,4.96918651689134,6.09506835005315,2.68249334772511
9.31464638456988,5.06620734915433,6.11015858989473,2.68240375691645
14.956979455851,4.83319885905214,3.47680964314711,2.24754580287709
13.9268785259644,4.97501004839033,3.47718398624,2.24264447631567
14.5521489315256,3.74846475776642,3.81133851555941,2.01648821143371
5.90169272975897,5.15834688285116,5.38418388205661,4.5437729422874
7.28752175595627,4.50785078106429,3.32613564920996,2.68969660107971
12.3184535712327,6.46388683505632,4.19500002344432,2.76693831882227
14.5932276174108,5.74869122604017,4.3197635593519,2.88399370038317
6.02780814614489,5.64826802021772,6.49285315921782,2.57485682685728
12.6724810363013,5.09517210057424,8.81084636267163,2.35134954838856
8.02760223206981,4.40271582586058,2.85546688126038,3.04455295004
7.40335966866093,5.34231666054725,8.53259205289086,2.58011624740441
8.62754391858117,8.41183495847004,3.0687518332696,3.57385565303677
7.61563252226152,4.55986662812778,3.87308212874102,2.23964538717361
12.0359022184263,5.24657744460112,3.28842447457903,4.03434053176711
6.21906522068289,4.55225084782478,6.26293599783361,1.9562302450505
10.8872359115969,5.1186113452004,4.25858242942569,4.77116729911604
4.77954338320667,4.43347200696165,6.32755930622466,2.0033908598881
6.67519428915248,6.40923046036196,5.95477197878626,2.54676664766325
11.5933541754396,3.08852049880591,2.97131511400372,2.74384247966283
5.39769663543681,6.57320931044903,3.57991069590752,3.23001689713438
8.17239075630323,4.31697348808233,3.46252618610042,1.79624944203647
6.63004547532497,5.32581387649244,5.73974619172543,3.67323683653498
10.216573757267,3.91973328125364,5.65884313430484,2.29001928380512
11.2650518687616,7.1574636537414,4.83513209024899,3.24120747419177
6.88395553376137,3.93684867020563,4.77618186991085,2.67479212287377
6.75779789724768,3.96137504158403,2.32762537882326,4.52932219695457
9.48767303338166,5.02227269118972,6.7006977655033,3.357080658537
13.4634710332766,4.90309008354831,3.54360858526239,2.49157038425769
10.5731115970733,5.46648740418127,9.16913653658528,3.00865091215466
7.60171189261184,5.87226417576822,2.85895891356538,3.27726101090343
10.9820686423871,5.03561819989319,9.54006375723036,2.44172475229221
6.52781498579025,5.11526444152484,2.86973397433431,2.92064585556954
5.13528036660042,4.86124551615928,2.44590894870453,2.46459551699514
14.9400282258162,6.12698060991787,8.33820814714171,2.87868594577512
5.48646381485158,4.89701490325569,2.39136351030219,2.76849389773954
10.8082261405745,4.96230578848543,6.81777529674928,2.8844916225909
7.62696960374188,5.62094511299388,4.26606324428801,3.40962728029511
7.95170107466746,5.20011370615451,11.4632862497011,2.4694767505091
9.55312655375245,3.47693692547963,10.0200861967024,2.85824794653802
4.12955734842981,5.2333149602248,6.45925285664156,3.66635791034325
7.13541095698953,4.39335910789747,7.01415747925697,3.30861393527288
7.8607162935089,4.92115524630261,2.77149967712,2.52364038867171
10.7593633440782,4.20011772097332,6.08336174191297,3.23070885557483
6.27527021521157,6.12225121816564,2.78983140357276,2.53057903885476
8.91281667271696,6.12619645728181,2.42038845667603,3.07027545112413
7.08544100585902,4.65166563306419,25.3871163176394,2.0735982544809
6.61920595241954,4.27390779953289,10.4338911397536,1.86018360151288
13.7201038441551,6.60346430261007,5.78303123416274,3.80516541178872
6.76825497811573,6.38567429738125,4.38369822389048,2.57209532229113
15.5700810394724,4.53211601736457,5.94071768680504,3.24366489074005
5.81707554404264,6.51183387334238,4.83308156381983,2.32139968784524
12.7609724727576,4.45582414620536,7.78669517787598,2.56981706623611
18.1289475465136,3.86592229378535,2.83076796968572,2.15434774336624
3.63665522426272,6.19615033741016,8.55732019565256,2.81481454847357
22.2539858507603,4.53227160653257,3.65361033820688,2.85249293737856
6.94660696529763,6.21892983016939,4.44108764246656,2.77408487969898
7.25115978795422,5.30464446223615,2.78014714427664,2.97971324910075
8.59377259132521,7.44431417379908,5.91725809471053,2.75263302440659
8.1056205725071,4.46779241876852,4.20580737753745,2.89997053013966
9.74655975602525,6.02015424319453,6.4332682066144,3.11616722561321
7.24300846897012,6.3273951128749,4.6377119292615,2.42750938055439
12.9769350314694,6.74691118368975,7.81038236025712,3.20644525673489
7.55859377508696,3.31839639158682,4.95975233719116,2.31052488017528
9.64120180030998,8.37757190614005,5.8622295157878,4.51740259192222
8.84078021628053,5.13090298773941,3.72781877021192,2.2027937317108
7.22919052430262,6.2333358218668,5.94768675384025,4.07937984671446
9.11621415193337,4.52861582646205,7.25273668850604,3.15954152196344
8.98657049861063,5.10420210298463,6.29746929097001,3.07467849265167
8.8847469864078,6.08100994925634,4.36131320105816,3.52372069219833
7.48767693737183,6.14102969768652,3.88569726954022,3.02522086590419
14.2888581371544,3.97955052309179,3.85162655972466,2.44135795659118
15.5117365175793,6.49138665651982,4.29385052762261,3.54759851825232
5.62826445718623,3.23333378048445,2.94621043245358,2.46241052041033
13.2625938702925,6.87837248031981,5.27379606781492,3.26714335213005
4.88385168206124,3.98748451581169,4.50983374238661,2.54867571500123
14.6494121102004,5.95021700256745,4.47661024176263,2.69861796824518
9.31956622340848,6.14797979986045,7.40085087564006,3.27303189322812
8.35156994009616,4.81143276598473,3.95639082077636,2.56532377261448
10.0002659116284,5.56152938993325,4.47390910039154,2.74519386499251
8.99274210627485,5.45407898516979,4.97743622899452,2.85960221613967
6.64796138675606,4.30707109994609,5.49783913740057,2.79937694595143
13.2691655506049,5.61606784052891,5.05425158252513,2.14389541060156
12.1855456377285,3.62332205040161,6.17862198403463,2.0618011117808
6.01467750785935,7.37170375459136,5.10220639518862,2.94109168720983
11.6479969466979,3.85766173845799,7.06595010668144,2.65904436647189
12.255387032466,6.58653915867135,2.36955780431937,2.87348090391049
7.16236646412905,6.49851581786651,5.42575180964186,2.50479985507929
8.63015262496258,3.43849216485768,4.38045105865635,2.63220861281536
10.8288423013735,4.41393180187946,5.90081722672625,2.29762781220648
9.19915294061968,4.70693230937993,6.92208364659994,2.02830751548103
6.82598357218772,4.62547817051933,3.12116728409318,3.2918603707609
7.9518352606485,4.64214076317129,9.46581384713969,2.18199353829633
6.67231803646343,3.66713079386552,5.15252439250568,4.18618621714609
9.09070805306466,5.36836212150237,5.20385871135459,1.78771714346508
8.20183612505032,4.89478705177292,4.54939281137228,2.21691460114092
7.79930535229662,4.46940469767837,6.16991674353627,3.29637245197731
7.95839822555852,5.37762294150291,4.77346594919066,2.80025648675086
11.6882108722601,5.93988709895421,10.6330868052745,2.23419944713917
8.19832127400529,5.7948424352177,5.29282402241588,3.42525668021906
8.41470208756848,4.13540033160356,5.87958476844053,2.26511967787735
10.0713416860189,5.02598990948479,6.84227316537531,3.02751176438189
8.77195011646497,4.29947048913243,4.37430558169264,2.42692734931181
15.2634632042689,5.17530168540221,7.37377024271751,2.67732175490166
7.89567817746335,5.65086750986282,3.25496430416943,2.7878251194735
6.86214270170705,6.80568830511399,3.41478052710969,2.89991768825677
6.75240651943637,5.38011003650499,3.94290562715399,2.75864329608748
6.81678364775885,6.85346039408769,4.44547264266696,2.69227156512026
9.61158784848212,3.76358621983628,7.21398580156539,5.36629044364036
8.23517698352005,5.31492135270441,5.09204702094072,2.11581432423545
6.67279340640574,6.8445209624476,5.95232504111183,2.48596570064179
7.56189979457146,3.48611669229399,5.42026939629928,2.90101670611994
7.7152667030208,5.88049630334786,4.58786768784751,2.35981608384865
9.75208948338824,4.36218084925989,3.59446793190313,3.49145032420623
9.32175615579025,4.53197773329976,3.42363820799436,3.27276756844494
10.8436034584316,6.78674651352919,6.3666516016689,3.03165787045423
7.54818769845353,5.38553672987561,6.37102073172881,1.86047889447929
6.86112044480539,4.41422006310907,9.58389117561422,2.59774459768236
5.33781163057002,5.87730229318115,3.84192139987452,2.85657305548485
16.468225413334,4.96840294130029,8.46096341434577,3.14060417176562
7.07229993595512,6.62376550665642,4.02651142088739,2.05090526636068
13.4449172107382,4.33235621646117,4.88999854770002,3.38264078912123
7.50361879738417,5.0739816127473,10.6377364321248,2.14809973213294
8.05895389469682,5.36418737468312,11.8242726211488,2.17047407610947
11.689657036612,6.45923534204669,3.20585009148771,3.64063108014016
7.67581929415304,4.43115779265562,8.87377359544646,4.05512424071231
10.7622845680414,6.44826578992413,3.60598182936982,2.16595632256734
7.69174323106144,4.93927577645218,6.96839948537782,2.3112916803912
21.2405713620072,5.8436790033086,4.33940737308754,2.7949593739416
7.94733685616149,4.59052423663616,11.8213096678943,3.15678417978627
10.5969193576343,5.67385218734548,3.40885071766103,2.7419392517158
5.87771590542162,8.22970424427458,9.7925019227662,2.65689876675736
9.84158135203298,4.04893876816162,4.85157961063806,2.68152684504163
10.693218365834,6.0813752095611,8.42487160974189,2.67464108428222
7.4760938816281,4.2798219346646,4.05825227074741,3.08506161609175
9.66087458982905,4.64592908934668,5.61454937519894,2.69319121397254
12.8277776896436,5.12961464832727,4.55400293203874,2.51223664980657
8.18272742010374,4.58857140627371,7.2143636779896,2.81466049774677
10.5595188402181,6.7865648616332,2.6728599791471,2.84153108039686
7.4584293597896,5.17647505723717,6.8139760508059,3.19209807276413
7.871788597319,5.75104449580787,3.20667654521089,3.17216894374518
15.6415377720998,4.62507265842764,6.55050342914999,2.17005831707464
6.01331793031525,5.67502858798618,4.41074813730043,3.13259697708516
15.5868423217127,4.62502047945397,7.3511180243129,2.46667799035476
10.2955509721542,4.49801756971933,3.48827913484556,2.30524901330211
6.33742968691388,6.28853823686901,9.53633358797888,2.99884812791734
14.7422199127281,3.95021918493224,6.75079019145184,3.50714713370779
3.88362395367717,6.07315436396109,5.90434694436131,2.52100967356945
18.8980666407829,4.2809293589377,4.8023537419948,2.76394801927082
5.44025659591854,6.4344593899451,5.59102146313713,2.35049601391011
5.54255840055828,6.95882130785412,4.87945792127217,2.62781946567764
4.79623362755795,8.50077532027388,10.7754361114248,3.69549397193953
12.4623306664924,3.50331229239914,6.16995916559544,4.06895299751585
8.54916025898718,8.01336629557997,3.65358216825562,2.47445449012034
7.21012907228348,5.11332025066931,6.29705686222194,3.90895686681162
14.9678330780862,5.9114224585197,3.26588997687235,2.59096290877583
11.8238817158044,3.86964308013043,5.28425163526089,2.91939419191624
8.28716932704901,6.5587184538832,3.52667162025348,2.82846448022706
8.49213957877448,4.12939032767556,4.42752001663331,2.95773924138656
9.56924897773964,5.71172882086568,3.92085252474033,2.09891775733857
8.24573165127302,4.05800873881906,8.6859281573435,3.25297950253716
9.92531848905483,5.2142490242548,6.91752245363817,2.67290470274229
7.26313109473863,4.53380887074736,7.72816556164366,2.7596055694765
8.57588724549189,6.22999657094457,5.68088127014296,2.53620820112998
7.26804039910073,3.98262528934588,6.52700111531117,3.00569209531253
7.59497210024713,5.56223939532814,6.83386236592417,3.30357996882817
11.0187627550054,3.23506968749656,8.89029900216612,2.44315515846189
13.273425627758,4.40471388607792,17.1221839208843,2.50883893496841
7.61225280892434,4.34206038228357,17.4875049507715,3.31050485962916
8.98907208911781,4.47613749525684,15.3988668481034,3.09233136232943
7.75824073819639,4.99662610487561,2.80161545977866,1.87500127272998
8.07507340209493,5.88602313315677,4.58628717957018,2.42055856591263
10.5937658398713,5.03066348214124,4.68987640677926,2.45575848110603
9.90592690202245,4.77718681107541,7.46682608527624,2.61400458527674
7.23798382747055,7.61423851961902,4.51394186547256,3.03365440462635
6.03170983339664,3.69662617921189,4.60410663197946,3.7153796644575
11.2826589721639,6.14646889629851,6.36386690835586,2.31675710695965
5.32235978908047,4.42908529184105,7.26913297219657,3.20587598202233
4.88464232352933,6.17758771197298,6.69690592812435,3.26104948103976
12.2663338023092,4.07344842393285,9.75784726360152,2.98312129200309
9.39087490792992,4.51292041001062,8.69738244293137,2.80625638679642
9.40397615404373,5.21227043920517,10.396467671432,2.5444989932762
9.68153741249361,6.49508998212755,7.55624424494644,3.2898232077121
7.47919383962315,6.72232492577264,4.22455172722489,2.69384254706081
7.81295034995009,4.01224567375547,3.79362585198117,2.93548703584925
8.37110079965678,4.49313026423261,3.68737132040963,2.2106999178498
9.54923601635797,5.77704686862315,4.51645551340763,3.56273022975141
10.025229015216,5.20648537539361,4.83321321491671,2.1723711155828
10.4146952957344,5.20710199591525,3.73622267002306,3.82069951711581
6.25159929137024,5.57941649419999,5.67661297089366,2.18553041490919
7.84964536589505,6.51119399875789,5.54219708477489,2.32748899834709
9.21798025204246,6.21718088426708,4.78358531865367,2.22683012100316
5.87211237105054,2.73881306071634,3.9474915643695,3.27178736776835
11.1634811928599,7.01414239176335,4.40512860375439,2.78127030835807
8.15744418951002,4.7456520458562,4.47654633824988,3.22520950823539
9.24924949963948,6.03273215951011,3.69146499279792,3.52456490453067
8.54439910125943,4.51350707259246,5.59729623347983,2.60426658518357
10.3492834859101,5.22636148465693,4.51964722559121,3.49393486504696
5.68912367797027,4.65584694613513,10.0407237916838,2.30564992687917
11.6495440804452,5.81343052341711,2.17396702632957,2.83580537250335
8.75956884717337,4.55920365144191,2.64774793325044,2.01839579936355
8.21699760951164,5.43687507158525,8.69944093275482,4.22002077140006
11.263336607025,5.31720987310991,3.02533684471737,2.02376444564916
8.57288978768745,5.8585758059381,6.84427167043491,3.40125356191478
10.5519661006822,4.53845483619307,4.99889178752313,2.70526343983569
8.0160428162812,4.31648824142493,7.34537303759381,3.93807841549384
9.79775777788756,5.65508993282865,4.93820601644932,2.6518933364662
12.8873726522752,5.18749245718268,2.87854331836529,3.08782897783608
5.89947359781568,5.80881417111942,9.85458594703276,2.30829259697625
14.4947149618216,6.58321063620772,9.53868713782537,2.99991135861586
7.20431169394871,4.51853253930725,3.65703035960016,2.91370250687489
15.3869241056855,5.21116297647822,4.03830161914122,1.71143211719138
8.13032630975797,7.48781097752557,4.51476432389302,2.04413378453384
9.62274564495059,5.87937147089576,6.12796190362103,1.77266791902331
16.7121129204351,4.42403986481966,3.01180984386346,2.18183745681061
5.54128197706019,5.77006571215899,8.66224969042152,3.37337798799897
19.0554690323598,5.47859794885871,4.48759424711347,3.30721077538048
5.56177904401549,5.0762248528289,7.12399633825505,2.42211809467834
7.53917437976148,5.72474054173075,11.005180031536,2.67670122607934
8.78124811590361,3.78128498058679,4.87191461934463,2.87262141583958
8.88842057551829,6.04362326575093,5.3177824946646,2.57208027182215
10.4008658051922,4.53727934318491,5.50040935629499,3.21441815376281
23.2931593160948,6.46422438087477,6.64873411241924,2.77363088976571
14.2801864421362,4.5783732104057,6.00760604258741,2.20550538421319
5.97339771400679,4.88894169498855,3.41756292707968,4.11258787958694
13.619280455064,5.60953371406113,6.99528947129513,3.03148356223222
8.06182954728224,5.31828263710003,3.62037653502619,2.40779713807686
10.9346794586509,4.72153306054742,9.19263440283556,3.04424504503396
9.04065839747819,3.36470717581127,5.72511591192213,3.55140174662267
6.67492275459881,4.91834175828855,5.2736623116329,3.46428967216912
8.57962138330814,4.96203553936593,6.71218710573108,2.3687266938332
10.1261138845495,5.53478199697812,3.44402876844671,3.42779441581141
6.86215669092019,4.8210234165331,2.83884075778279,2.21930431229598
13.3821891915232,5.33219625130531,6.92497011300267,2.41152568677967
6.70577105447547,5.20966580274513,3.47230640679953,2.48972704245562
10.0453830514627,5.23677576834614,12.9976435256689,3.16219724869096
9.5979455251927,4.31818534032891,5.07429333795791,3.24327760236451
5.43317139271142,6.61312904046121,4.75814346102686,2.43346530044716
11.5275215366858,5.30852028053657,5.72379381376735,3.335352885965
7.79340788598509,5.04534667984518,9.4476529579811,2.20489288326801
9.35241487363327,4.768059524271,3.3612473876019,3.32213185720013
10.5058647354479,5.36443548743301,9.25109604016846,2.30114374351678
13.0431537557574,4.50761903532781,6.68932373683598,2.51410163949609
9.26727799800095,3.69687220713805,9.05399108869391,1.94207208452145
8.74808227308649,5.35084358747906,6.8020872451112,3.03443602217482
9.05980359180499,4.87832742618632,3.92281906626797,2.26657470425488
8.97167504471433,4.97317668983027,4.60260029393173,2.30900480763284
8.69707651308027,4.5122640817839,8.6733755529078,3.099511071896
8.73628236747422,4.37196431796426,7.91160823571822,3.32332382104645
8.85538044344716,5.49772263420659,4.1176444079845,2.70595909053303
9.08405289489577,5.05236333432491,7.35856949286033,3.5901429228947
8.46025194598787,5.08693706706354,8.84793230102104,3.16750613662149
9.22726647739518,5.35593197760763,8.87359591612386,3.76564171658508
9.75305746381379,6.07923893912822,6.57238825375469,3.75754499875026
7.53275608084009,3.84252237917756,5.29418948290365,1.81321268403827
7.57419123143273,6.18908852142331,6.4519712418989,3.55105199819899
5.1757578982674,4.05691819125234,3.28608425839799,3.7027565629852
8.41641759427896,5.27722627936093,9.12335858353136,3.04435224059269
6.87022281392686,6.15232072380473,4.71999219328202,2.87372427826567
7.45925382290704,5.4580562100517,4.35900026429782,2.24648886499761
8.40161649213436,4.569259905354,4.65744922986426,2.22322916828908
18.0436503774753,6.44435917059496,5.46087290337903,3.1346475938074
6.55878042131621,6.15761464586716,6.09339220505837,2.44551966708656
13.2051555481028,5.98474746362063,4.57703791573849,2.55393660186177
4.44474406015428,5.33284859710392,11.3615151178705,2.84641865947835
5.50879407351068,5.35017727244191,14.6312804982129,2.14448909850786
8.45850439320916,4.52249612407973,11.9345199770827,2.68174209905735
9.35915580499283,4.94855669000927,3.38188763991861,2.72375436591792
10.2887126008285,4.47231990432189,2.60858832495618,2.99045404028965
6.37656019288677,5.33721446464506,13.2576067461493,3.46722548757182
14.9534534190863,4.1396328047326,3.19517088411924,1.83424344703278
13.2437410208408,3.62492335117479,4.83125343865196,2.37324571292523
11.445560788733,4.02677460163059,4.37097845840458,2.32802108534972
8.13808729297687,5.48070678578472,4.81680422679615,2.51616850748314
6.91021907795683,5.49607329865047,8.61833534177286,2.46008557489865
12.4674027808617,4.99691543085848,3.53650956747288,2.83091658570317
9.43240276204297,6.13664298470616,2.12240034667109,2.27967923961234
7.15637202978262,5.0301724782588,5.67584706427632,2.74691863625837
7.6162460625144,5.71000948574413,4.14380035899925,2.72790917669623
11.8747627354506,4.17490211509022,8.26617466546951,2.43178959563786
8.61697113642469,5.45147561890205,3.36852006113386,3.57100265907027
9.05324161385898,5.97355208278969,3.95431025481352,2.71670838859529
12.6058451988887,4.10233678451811,6.75058596984175,2.94244560725137
6.56439012819547,5.78917242455665,4.78903861151023,3.28762966406456
11.6890703474961,5.20010936133855,8.76514668072567,2.43030749264925
9.2699855362846,4.90278411920802,3.44142580102652,2.50640089368898
8.17187134843745,5.99242152695774,4.46171473668394,1.9016678847221
5.66508451006597,5.79241009604337,4.0144385677703,1.58940060625932
12.4139459108769,5.34606292230626,5.9880891638822,3.44606807320757
10.3320706094286,7.10385953070264,4.0375871383057,2.06155478375946
7.03256079270664,3.44578763489426,6.36973073053109,4.56392165171965
10.3372234814063,7.13272361032175,3.52910943717954,1.63521229810349
5.92213183156224,4.31204883914514,3.55881270227017,3.8419670723925
10.7604548252945,6.98384399568072,8.78241079958447,2.22470623299621
6.21846097573354,4.1270578786189,4.68825872040986,3.89359792835341
6.41451016763397,3.95442967043839,5.60262285790253,3.81029573140559
8.39076399902783,4.8210897285803,6.72160466813362,3.1951174651159
8.88104903434219,6.27135128872365,4.28094743191898,2.68652606232598
10.7064839257014,3.59696667488369,7.17067836962596,3.06584364874649
10.0235965551185,6.94353741918031,3.46538074704017,2.71204400091701
11.7448318172824,6.76741128173888,4.10560825849338,2.92199195162323
12.6432321658223,4.58982958080935,3.00822088667309,2.59413865426478
12.004225452016,4.61150800972856,3.95520581749404,3.37785972372465
6.6595237052084,5.27282554377186,4.32677791218378,2.87659444175725
6.8905208290165,4.74570293493214,5.00024862153428,2.56775835540467
11.993691176854,4.14698811181618,4.55030834677184,2.42150602983825
6.42056205210005,7.54725983372769,7.76754285678674,3.17895413857619
7.33567844514058,6.37224164384909,6.27356043512255,3.04744879614849
8.91479830521719,5.17697290214272,7.54437231662016,2.4627448721322
9.46622660666225,5.02056052034488,7.14460033951033,2.50565393012562
7.41112395314459,6.1355042210819,7.97375567767982,2.40660887535039
7.73208214770111,5.00688891878351,8.02046007056315,2.4918311858338
7.67657707367731,3.9494650074896,3.61215784229708,2.58811254820758
9.35602658385326,4.36141186216689,2.94558618786633,3.40914582384142
9.3159639204214,5.34100206821334,5.63080292948555,3.646343669291
10.9534113478944,3.85869760441202,4.17096949264461,2.44947329737473
7.83483885594771,4.49191602022816,5.77899307436849,3.24896666179402
7.05589399122848,5.60849494775058,4.32004543023709,2.39949222931197
10.4926961937477,4.72813808627682,9.17706039408354,3.17973779439179
9.37783721943426,5.26650028486458,3.48023585207796,2.44245502268265
7.54873872468928,4.55252042964067,6.25696424589305,3.8714698976767
11.9409461720064,6.29855397607945,9.5330829908395,3.97506449690076
12.5201062324784,5.24887667317048,13.2792687715531,3.49074754837764
6.66949033755003,6.79530272274189,6.51211569160331,2.28082838701971
11.3722322073492,3.46573516743327,7.27230869396735,3.33730600262981
14.8830445309864,8.77396636051806,6.64599163186493,2.37235067412129
12.639270138557,4.75786216551489,9.55979522783029,2.43187894079508
9.98778305715564,4.96285933175453,7.89075746621605,3.34557876666136
6.67357065537629,5.61072103939838,5.10191361716271,2.13074533658282
6.96169732389349,7.64315901019662,7.37001679294336,2.89646796878204
9.89024524991973,3.25776666849595,6.52446208055852,2.75757404896181
8.57143953369428,7.03920717903278,5.22744377654589,3.12785070971138
8.36043748183072,7.04213235004008,4.80457626197243,3.31923030363681
6.38786576514502,3.90616451416185,4.41324854732137,2.05471396874411
10.8172391820803,6.49933490134213,5.79650958408583,3.03747256308265
6.50451674484902,3.66760943870175,4.75566137189826,2.1321567711932
9.22320887228492,6.85809463462824,4.51751323686255,2.24280361832109
6.604617388152,3.95723868805005,5.81480579532795,2.85932816344436
8.46341434015511,6.51201181127277,5.27388540548428,2.82478193486248
11.5442300035132,5.03375352029017,2.51795597066949,3.09916584637785
9.70494495872681,5.330408776251,13.5096202906897,2.78935166096584
9.62598289118936,4.45002923311199,2.72825378311947,3.10155825995724
7.47481282664647,4.98762109983098,6.30505888427915,2.65967992063581
10.260693562448,5.75391085793026,3.72132951347997,2.49987633733864
8.57721253560846,4.82947725240191,12.1863069299318,2.59617400844626
8.19888872898907,6.13683549841449,2.41899669460341,3.54776318077736
6.90352887584141,4.4956858939899,2.92220697671432,2.48391700770524
11.7443669872211,6.58152285067184,9.9301064002242,2.36359632627794
6.29658479096257,4.19205443558748,3.81323277062075,2.883998267514
11.3132470812304,6.08564504991142,8.14735732995743,2.80700582145038
10.2037759971406,4.43460511446526,14.840799616225,2.82843693818238
11.7243659394113,5.94621462523721,22.6157090413807,2.01437151303307
8.47151177458774,5.16567558778349,11.0950612023713,2.03648548127824
7.20754838762681,3.7882408379425,3.33112089563644,3.48077038500505
11.531859800802,5.35994489343517,12.5797662918678,2.60520600491316
12.2647523688963,4.58165222706668,11.2515006960573,2.78739134946975
9.12437580297328,6.55757901389816,4.03904589480931,2.93752445673666
8.71675931147005,4.16919863796793,6.1158352646236,2.45342538509783
10.0954923458444,5.35307772264022,4.98646804378706,2.98385934483803
11.2293815152522,5.64310898726526,6.23536435476883,3.54932902519061
15.1813511876261,4.80557642902755,6.00668798018835,4.1526705133802
15.5490490170165,4.3327319281486,7.21627272199254,3.81145376905095
7.20652519052924,6.53972932723265,8.22097432745889,2.34302603494183
9.03758545605027,3.52817710853826,5.12013945248056,3.57413824749063
8.2591636518173,4.41407431624871,5.15972982759414,2.38221266728619
8.74304148881004,5.12735098850253,10.4301393948189,4.40572066541426
8.63079072846702,7.98834060999115,5.21098467035613,3.48946627498328
9.82945830929457,4.43698906632091,2.89683105930575,3.47376132343304
9.99509439548723,5.68683126987401,5.81285163180288,2.46849279649049
8.51970515892957,5.45890260406697,4.42034825435522,3.79120581393022
4.89895798046045,4.01282423555137,6.35013592736256,2.51905414263359
14.7609546237399,6.08571730728009,5.4189861459886,3.1350635723659
6.38854682975932,3.85770550183822,4.09059499424008,2.71634836477963
14.0636967059482,4.71227347779706,4.45140117241442,3.29392821828041
5.2461000028472,5.25617057124434,4.49412233939788,2.68528862894634
14.7022369876546,4.07666335215599,4.34897578094797,3.0970618332788
3.2848411049184,7.5098807544353,4.97816625306077,2.20106456454925
23.8581822280449,4.6638351990342,2.6195884683435,2.34355046515502
3.90536199446095,4.58672703753522,10.886152921118,2.64251486060318
5.8452137768307,6.40108088057864,9.49018173425831,2.9089053773429
10.579357123552,3.57719503297305,5.52292620145579,2.37412324608317
7.29239275640575,5.9729195007132,10.8508165485598,2.92120236866005
7.61644231139531,6.44523181594465,6.54344519967897,2.44156843585137
10.8117350074248,4.04432471734515,6.41739795315918,2.27859328637195
9.47185524705682,5.32190536954159,7.60377445295067,4.214981553475
10.9677608036737,4.88703622221939,2.33186629641586,2.11539504215122
8.1256676432112,5.15431361290125,7.32193447508315,2.6861928285542
6.48593278012199,5.20199296830365,3.59287559278821,3.10191818549007
12.9799148582417,5.02911819710319,5.76630244955918,2.87454624785484
7.32540086480277,4.89933847186715,4.8547258634292,3.51341022068834
11.8820290329589,4.53783335489498,4.9461692198852,2.5656711312929
6.09398769824564,5.06020731619846,9.13700670928922,2.95116571363075
9.44014663130475,5.63347363978423,9.25320448446375,2.55809946979715
7.93112542614543,5.48948536168096,3.41381600033223,2.82161527952878
7.50869888366188,4.87316634181645,9.75935885057446,2.24763422047531
8.87562143266354,3.88549254017662,4.47255425572563,2.23279034150481
13.5416500224542,4.9381648896295,3.5133300453586,3.39275502950254
8.1643132361815,5.3953005580997,6.78107909386556,2.54451940449515
10.3399710437871,4.47614624597101,4.77586460597314,3.397746037914
4.42605362403992,5.08861811481709,4.72400830832054,3.43016422820784
16.9055471544616,5.27213447548211,8.62507681045644,2.53528850103894
7.60373488012815,4.79499611852107,11.5115822296394,3.21548056416811
6.64985764029734,5.11234386431967,7.84581990769744,3.16706512953272
10.534391277244,4.22073487601712,5.17430884545789,3.09342078906869
13.9988019542349,4.23921567393263,9.1565604189916,3.24864746289487
7.73583743635388,4.32798856256361,7.53624829080495,2.68888218910393
9.79875566815927,6.15628040522983,4.21469400749136,2.94910856857502
6.00851021509766,3.84311710067118,5.67289525117472,2.58322037283566
14.0845873411787,4.61188590298806,4.08945417524125,3.0052173110038
14.3536675219711,5.40262238988306,5.28381579094865,2.94793838132197
7.39846021329091,5.63021396955789,5.92747452626711,3.45841912058837
6.51637056581523,5.27736198381378,3.14123568416199,2.27285934498448
10.4736922875173,5.75756166310599,6.41014406710107,3.29151812855404
7.51265476852579,5.43069923168938,5.75144183793159,2.67264305539512
9.46804197373232,4.77548878868603,4.13486716595812,3.06454000126351
6.17125749979289,5.69661773492923,5.09600289375874,2.69280498335322
11.0955538255328,4.18667342158946,5.7352473242296,3.94754881248197
11.271834203119,5.25410839422381,7.65835720651641,2.75189354613742
7.3491923631992,5.15973237742921,4.06627568857741,2.82411109997705
10.9683727050948,5.33757493581629,5.45947670010288,2.86429253236061
8.40342490832237,4.96664869374174,4.16788889873363,2.30264069493713
11.5204258507494,4.57591411724179,6.12579380573914,2.15138716530033
5.53087227866962,4.17991334444413,4.13879642653823,1.98299322763139
15.4923324889277,5.55559281531104,7.32642201038086,3.70619033181456
7.15227309500636,4.28152902080339,2.97693919112561,1.96116532672293
5.89024816869051,4.765313627318,6.44922214936953,2.39149674173087
7.85040792628358,4.10130771828978,3.03164056175713,3.36509083382853
8.71471028878665,4.33291629844524,3.38067094728297,3.72797179556065
6.61579355825453,4.69325701526087,5.96881076339385,2.13954588898019
8.52247546775753,5.40940369290098,4.97284830994204,2.45315986507821
9.08177749026827,5.17007738545813,5.76491389004535,2.31288252467315
8.48733361759266,6.62098916358794,6.47297738695486,2.36241942189224
10.0788308701658,6.28956855221406,3.08444337575044,2.76654668705571
9.64163185336634,5.03353840628478,2.77427150356931,3.0808378277831
11.4395768793846,4.97260106809233,6.0895278908655,2.9803457970063
10.7064479130533,5.08372536327745,5.74747081835686,2.9583676967344
12.4261847818036,6.50601754382257,13.0624482621018,2.55466540165856
7.01611918163624,5.66563520598476,5.69537456376382,2.73942355352143
15.7185872703532,4.72441772614513,7.86993251444152,2.69889290158663
5.20616016986385,7.03664306187997,2.27538218166314,2.45508835037811
6.23078121042136,7.67966047276862,8.95390527555273,2.62001998664361
6.96142893031258,4.22963057549451,3.54907155366403,3.19653237932761
7.43947166032458,4.86409532222024,4.89015625045949,4.56502985340544
9.82532403999924,4.82263328233523,5.69532782913967,1.92997614672589
7.37444576140032,5.18643345122995,5.15066523093183,2.71434317848891
12.5911487729607,4.80048462800533,6.3009499952379,2.34563385904564
5.92214321860715,4.97132196638978,3.61456862403517,3.51443118714328
9.81295889126813,5.50844203121385,4.62537417399188,2.71809264190693
7.12380965208133,6.48497396744802,4.47611177205567,2.58786962707228
5.01350414024328,6.07445023188504,2.78677867481619,2.48228950801713
8.31556310835727,6.15885452191172,3.34542638077101,2.31417675630679
8.22702559933478,4.7033636808749,9.97492180113101,2.88700104622151
5.0468462854246,4.91304514816605,6.133348368901,2.2234748450751
9.73553130670844,7.10316791185281,1.7210423062319,2.62819703448304
6.41124385729835,4.28875584930638,13.3876939265313,2.45852388409263
12.5741710113759,5.72487997683362,4.48112531241468,2.99934948114031
5.73414093759557,3.98771141094603,8.83584044291507,2.52365383104856
10.923134178236,6.58532897620024,14.5022953921081,3.05121311448781
9.73846102840341,4.21333992715373,11.3604859944565,4.59073894558551
9.7055837102298,6.63215957871352,2.46607495524909,1.67181947896755
7.78204454804552,6.75042238078734,2.0255200745028,1.8777641233556
9.53018058227701,4.60575809611747,9.18082589712547,2.78356763397527
9.79168277577367,6.07644653116175,2.91396610958048,2.79730371824411
10.5226764849496,6.00698951913816,6.80031714899792,2.34196402201767
7.78949718118743,4.36277736382555,5.97658525424027,2.87231432172041
8.08174816475626,7.04553403055125,5.12309128867809,2.76082420362006
8.18832412501852,5.66673849858193,3.76089818696528,2.39230810692417
12.454123984012,4.84070236457028,9.52345924573591,3.1669202805309
8.76215138246667,6.28862323985352,4.04841888074693,2.89307393232644
9.01085606120121,4.90837089562825,3.89870256533219,2.98810221560829
9.25051301775062,5.1413416042665,5.82850385318908,2.65349799821673
9.74189217118727,5.56703045321257,5.06704565421656,3.09661633821295
15.823772038859,6.56528815789221,3.70021513824145,3.52918806844324
11.4280683565454,4.05190241433681,4.12532184733068,2.64934384181827
7.83527313651327,6.28638902926907,5.44200957845217,2.62136858224597
8.0488604011589,4.66443706319949,4.51975748561669,3.14529181262005
11.5854504344567,6.14044120774346,4.64260768064844,2.54771145118077
12.0252235732582,5.40439603200457,3.79751261932552,3.94291710979242
8.15597273636892,4.57101865792647,7.5210646587116,2.9500529599383
7.06642786391349,5.85756920102911,4.321988702459,2.08382789745668
9.62332038040317,5.71224701557665,6.85058240525922,2.83474793309768
7.99732961537431,5.83601483929113,8.2212249169819,3.16893384910595
7.39550216233028,4.49141555726972,4.48127281412016,2.75807413821076
6.13712045218996,5.04882282745259,3.77810410214132,2.51275696333035
7.73072188611759,5.83320142649329,2.98762709517634,2.79141987002805
11.3307718455908,5.05219330734712,6.27128562032992,2.19877768563691
7.25688100631279,5.56891356363965,3.29254838692999,3.45048454081725
11.8476959115119,6.45371481722359,3.6842094750004,2.06930275625113
7.26713035154752,4.56641115938512,10.3993271056059,3.44766591516486
10.8644622907815,5.31750421492153,5.61153749212621,2.24950207603272
10.6681440382102,5.37785501265209,6.8359194408492,2.13189838186247
10.7575052008144,6.30595924099156,2.83221921320393,1.80307836535993
8.29856533801069,5.97406899245822,11.4142200526844,2.05899284036759
8.0642501967195,4.13326547100178,6.4309619923735,3.7082861750353
6.95393421788761,4.62388360385013,4.8791541429179,2.57534774384031
7.32529193874272,4.55275845095651,4.17295545639409,2.75991489383773
7.36141002176629,6.37549025292051,6.03893964229158,2.54605646258632
7.74125452165753,5.59054957631872,6.26324012251523,4.66769790870101
8.40487792432695,4.87487330549265,3.18482483251348,1.90247277958587
5.75279634988961,4.56690079116353,5.30856476369896,2.60612669421446
10.9897414553131,5.29716829321019,3.98289281465197,2.91153474173773
10.727288002634,5.15182846280374,11.3280157694157,2.22944755673837
6.99122621716494,6.05742431142024,4.93159935435866,3.419687564027
11.0171645088525,5.40893758898137,5.35549494668614,1.83945588243106
8.70028754399859,4.57952939221817,6.10045298955171,2.72467698296447
5.75849720113692,4.4368141933739,6.30076231356449,2.34728393893263
12.6134039797124,3.81398482952235,2.91687904852247,3.45131794730658
6.20240582273047,7.19899908796633,7.11084120026079,2.17371700300613
11.6646014423221,3.4242656704987,2.88985575885546,3.15045770596402
7.45022303448256,5.02395738737218,3.76651748777459,2.47668747505118
7.00770344491949,4.79034019272209,3.84492908981645,3.47746172500015
11.3849167229186,4.53051920831768,4.28806087942587,2.35249070342791
7.84181771594734,6.19086254539253,5.85097139374097,3.63769553612036
12.3773944704132,6.49277106130036,7.22618230488742,2.60510354352972
9.40579237211756,3.93616887255827,3.40021281420433,2.70616687005497
12.6528708662414,4.00327282353571,3.92304592462531,3.66358564446629
6.74032078120557,6.88515282135278,5.68027676148112,3.13578535902484
8.98532768705187,4.18769502430466,5.04453446302367,2.45653936988196
5.8475657362447,5.74736312236075,5.96452508818026,2.06662118975687
13.4661026056895,4.6303247877014,5.42873152976839,3.99678667995696
7.61301586401321,5.99319844824384,4.82083881524434,1.89547914272646
11.2110932592413,4.97394359392047,4.74650489111607,3.59005768721761
19.3614537346408,5.14102184731969,4.65507318795486,1.7954979269822
6.3062537533977,6.29933787608025,3.29044935941295,3.66758735904187
10.1678556836309,4.59296651970074,8.84859790472393,2.10149171843255
8.9613702134472,4.25200543598272,5.41572950410403,2.00825614799322
14.3273580356836,6.28892806613277,4.13724602048349,2.69543634584632
8.65645154402366,5.45839370011774,5.09736147136424,3.00828084887467
11.1605895047748,4.53355441031646,4.08550825594469,2.63710872905438
7.65800225753911,5.02383642470357,7.70109645871235,2.55007321075588
7.92021739927256,3.88642036523268,2.82750491723345,3.11372022026288
8.77952451313539,3.80724336338331,4.10782222227258,2.53636439993882
8.66557129578873,3.73789705532159,3.35264660953487,2.30579125484653
9.98511554530271,7.01441818743435,7.45835475204192,3.72471462818547
6.54013075343366,5.39990335859817,3.22600011870622,2.76946131553988
9.57456397280296,8.82539876156854,7.43571229653434,2.939308317922
9.86987326712519,9.54394608871522,6.0374066570031,2.9388953197862
8.3158031124978,7.87180643956286,9.02652432588225,3.49718114280792
7.63772485084041,7.10875672334723,9.61496567054149,3.22383426500027
8.10622201431544,3.5892421726056,3.74451507491602,2.84912548609051
12.158759294675,6.73772287300299,7.8760734116341,2.91354116253956
6.16303359248364,3.91154156118512,3.50362934015146,2.55017483976203
10.8665291463109,8.69157213520923,7.4759239421883,2.67752126052659
7.65537006272961,3.38286335128973,2.60563564674406,3.04071668655437
8.16947405445297,3.28479873306243,3.18883420140992,3.0817021367317
11.8952269269848,6.02310017515426,3.70034147433794,2.26698796914343
6.95872393862034,5.01881677323716,5.54734428339802,2.433558951587
13.3492214690072,5.92175984373424,8.3870931802621,2.42008101147381
13.3047889930103,6.45677105698773,9.99912647663159,2.89073271896017
8.98521678841676,6.60644010577171,2.92621235322798,2.30609137617299
10.4227120348997,6.08429898066819,11.430847069965,2.83280043142684
9.85712687468836,6.30190751148046,8.71330016552737,3.04339551811554
8.94500649982849,4.67840586384042,5.08462729954305,3.09685638803396
7.07540020390288,5.90960491194043,6.53812470369293,2.40745682255104
16.2200245829517,5.06264324105573,3.77963157061071,1.94528010248071
10.6989756021341,3.80926802376548,5.90750024463804,3.73752704328709
5.7404347384348,6.05101407540462,6.43473091191365,1.70843723905343
5.84669941064413,6.14362778955267,3.78333319039871,2.41762109840342
13.5697709658265,5.95054574952598,7.75059829161646,3.8436361440784
9.00207666300734,4.42459308844184,8.67231123372991,3.10935956756225
10.1478418678712,5.97937832696964,4.00374655797692,2.79177914709526
11.006750212434,4.79398307067115,18.3728119913767,2.8269872165401
8.2588511707086,6.26549957933057,2.64209052722208,2.45003670170668
6.91034976841818,4.7143099816524,15.0750881096494,4.27928939773213
9.52109251595908,4.52392859795541,5.2056960976131,2.08369741007859
9.54353693412815,5.59853754102094,7.35190766219431,4.56438291625059
8.94725017108762,4.91622933135588,6.09858372288608,4.15381551487398
7.29937823129953,4.78523870906282,7.43145870369552,3.79480534832851
14.1782448468956,5.55905074104151,5.94429824829224,2.25624824434387
14.3333134940692,4.93130978305311,5.35955435191756,2.7502505260997
7.32561075143803,4.64702171876831,3.23258540754601,3.00903844562264
6.82988182996427,6.03195561192263,4.33411255161072,3.75191679121789
16.2548537556816,4.44205342752088,7.18033832916972,2.2779123360308
11.1638015899049,5.23822043119328,7.06030348764238,3.65322888190722
7.64190966203305,5.76817200949596,3.65446002996251,2.20420071933597
17.1928730017482,5.95201026227348,8.02346835115745,3.2713673788797
9.07200678981876,4.72535710966424,7.20509478089835,2.14848101505379
12.6799712141699,4.32465011872097,4.95787190976198,2.94672513813563
9.95070562611468,4.5500042102227,4.26822440030821,3.61454171351017
12.6090837213501,3.91627712848588,3.49154283248352,3.9763683634327
11.4583110008289,5.55856792078884,7.83456800894873,3.35245382011505
9.17715198230201,5.42194275771447,10.6986457311419,2.77097497335939
8.60093736985627,4.45774029873719,4.65952845330841,2.52080325942203
6.24405302887989,6.09480205341131,5.96360282600012,2.05997639266596
7.81388208727552,5.49537942037758,5.17156996902667,2.06794622886088
7.63751016934439,5.13573127361719,5.66304292782865,2.90066093987812
11.7334146718539,5.73410460807592,5.6732604808319,2.2746896850036
5.9493301163784,4.43945430116553,6.09075409934499,2.71234748603369
10.0122314320197,5.55142257507736,6.92883676161373,2.45502473267619
7.66476936607249,4.63448972130185,5.73983836981937,3.07400930619803
10.6396933671984,5.09697477153237,5.51287806965288,2.13214618528175
7.29138480412065,4.52878743763099,4.54515861090687,3.69120866381136
9.39842615042081,4.27054025890318,3.29317055977209,2.20998496789047
9.06616537118285,6.85691822798033,9.98078457393727,4.11613817312483
8.55788721758062,3.42511681824327,2.74536088121628,1.70397562085423
9.96650631497345,6.22361521338345,9.27146795145786,4.18851613230004
13.1957394376679,5.15026283213179,2.42270312295265,2.82940531281784
7.72089748752686,5.2149969093631,10.3097728730404,2.19432527565775
9.05053717435584,5.36190501809128,3.53115372216527,3.74579859540743
16.1329126392295,5.74638228733997,8.05722459804058,2.17048536475354
8.25187306992939,5.97417563518347,4.28325627797016,2.57597890430299
8.44036554834381,5.37694265033418,2.6698364549435,2.26692255233307
9.41011083733824,3.79826861514436,9.44049641887742,3.05687564000627
12.5180957966686,3.71828506835262,10.8247478514127,3.17106689246031
9.87326037925481,5.50685248466062,3.28282459268945,2.81079926877816
7.85695124313673,5.2146672949733,8.43898813005964,3.22043322675676
13.5293328245574,5.79053189408931,4.6176485654236,3.32276504899207
5.76292161145349,4.84458250946392,6.3301432176516,2.78053193168425
9.39518549273422,4.12662924093565,7.06807988727311,3.42819551976349
11.5132573245035,5.71805506117063,3.67692513147264,3.195689286991
8.70364502741263,5.7030632528575,6.57491646382053,2.53941188031006
8.59749943260095,4.37582397133793,3.65826150897492,2.28592936284779
8.68988652426209,6.37678690564693,13.8270877810393,3.76310622115832
7.442816131408,3.55105665093915,3.42941015406094,2.12918981012842
9.2838171950858,6.92690446620016,16.4015995674398,2.13462629570693
14.743167427643,4.36321505804989,10.3493584660886,4.1209099264782
8.24506658766978,6.37690600060094,5.68355965893902,1.77861225246785
9.03864088750704,5.94826193722692,5.33669050746786,1.91436095750006
8.7689343783852,6.78322246382931,4.36784465734176,2.09350126739528
9.91416614028346,7.05859056046135,4.47986590844589,1.74874389571903
6.01791885058115,5.00100525240274,4.90494861978201,3.3311118645519
7.47986360788007,5.66478320282289,5.41467258974583,2.12453673667843
13.7961796851459,5.35399693262218,10.3227399909365,3.24639346449789
6.57039198629924,5.41722839933171,3.58259180220861,2.6227532935012
13.456348536589,4.91499936958684,11.7342400210416,2.75874051650971
8.5243898122206,4.46433078717583,8.12876530328333,2.96545072351601
7.46420354193092,5.75953245215819,3.91903592886173,2.81579309045916
6.1085340425174,4.5563122417926,3.72519058684419,2.94888240561159
5.86842833333378,4.85268123373058,4.1868449783486,3.27952440894585
15.3845537967709,4.71263640112614,7.26316464406503,2.33504721480967
9.22221301516721,5.10790517759539,3.7394660387417,2.53427064909963
12.1388361198959,5.27189375380393,8.95120365901531,2.72875805689229
6.74980809259369,5.01496131693079,3.76494901902643,2.97314027691047
10.5330785293656,4.66446036817493,3.51561831550669,2.22070854464121
8.00632959485089,6.61247966185525,7.0364112865407,3.30005750730125
8.17952513243345,4.0839602800814,5.05153798435486,2.02504855065808
10.2038602467352,7.51775084927909,11.3488637332823,4.39706595726891
8.26574473620513,4.79618190735223,2.19128626270005,2.02642037452514
10.0387947757947,5.60113384252927,12.7575199370971,3.86127205887873
9.93005767870251,4.93073235428584,4.63359241257955,2.70767825939743
9.92122398361713,6.48507907804138,6.97897230989798,2.93624437127666
9.35166997093244,4.05890616067008,3.5928311839365,2.14224781480703
7.2089145064902,4.50068147490942,5.21815571774608,2.64429052136071
10.987478193554,4.29472529398092,5.61576350638123,3.19380440284759
10.5548804242794,3.93288855841227,4.8601585201459,2.43548695655131
6.84266397046992,6.05499212579109,6.04242982938766,2.99456962622843
13.1927029010886,4.29527369539304,3.94652861898011,2.40203835002358
10.5801897405096,4.72153135918049,4.60323552753027,3.16269050428173
10.9773646738653,4.42071486240776,5.31630512089495,3.3092936451907
6.85387235432977,5.51984635592595,5.50614453219851,2.27598521039108
9.91914702616891,4.57615857610353,4.56562391306047,2.94284225231899
9.70292170233236,4.86581589426832,4.65237314615794,2.61288599334941
7.45337779115473,4.82638421826352,4.27271428364395,2.38123471009532
7.57951281986965,5.16513080070699,5.3725921802297,2.51952416929823
7.3289941250728,4.63570282485902,4.17084954317977,3.72862904432344
7.44984845412239,4.47293044035672,3.2807603823103,2.6656325783532
6.06308865688251,4.66819609510966,7.31463785835537,1.91124485785822
10.7960357336586,5.00777798963284,3.43686159639199,3.81466211433683
7.49446396319265,4.53347525470371,4.83881442956507,1.9907367932484
11.0356753674252,6.47750682900601,5.25884305147951,2.95341780701185
5.42491281810483,3.60936222584835,2.75991765522684,2.57969032258171
5.47555580331556,3.43974933278838,2.97690120668705,2.56041206595063
13.0722950205978,6.4055974406849,6.57565049520374,2.70241590419055
9.54063980995785,4.38444333767194,6.26507925105184,1.99821409617733
8.15839113253355,4.5956997322772,7.07066824141828,3.63870973122766
7.83827630703531,3.14706124321506,5.16297237022584,2.83856821269661
7.03007296996874,6.54215398610027,13.104914671137,2.84864499171664
11.0780162389888,4.7696338093068,2.15375195288433,2.21539132060688
6.60117732632501,5.07480417271233,5.4611476498654,2.99445476609759
10.9206169434362,4.46868840063704,8.92224460927639,2.73690928658827
11.376848108927,4.71831820168514,8.48926521679567,2.84925396253338
7.94487140287502,4.37253061513136,3.500528941732,2.61237029419836
10.1843797394964,6.27094041620239,5.24018791679474,3.34558982985675
13.3834874805602,4.24066341565636,4.81997226555229,2.36737140993815
9.37887773509053,7.04261840119579,2.38291222611766,3.4899275771453
9.5872550329761,4.00637918680324,9.97484955478533,3.06278671917204
8.395108162997,3.10399445770677,7.05747317405712,2.56983517990698
11.4564332588339,6.19567394049958,5.703206016643,2.3372910520615
7.1917691171769,4.40671369680034,4.32839194315505,2.80646876316918
12.8190894927628,4.88157672540992,11.5788418215213,3.20577866850201
8.94314978324473,5.54592958879648,3.78932085012342,2.63022990814676
6.23663444017155,4.13648788069307,11.7630707596337,3.01898958669751
13.6214360036291,6.40229491976463,3.40218254263609,2.5671926629642
7.98292456181573,4.69324179952891,5.03279290483615,2.76548862578947
16.05144755916,4.88914242561944,6.71771283695619,3.90545244715879
7.0728562809416,5.15865074181268,5.52736336894362,2.09224849282783
14.999911420854,7.1108629039682,7.1723236343365,3.18447565476272
6.72053044755529,4.44226921351284,4.55333489849992,2.59397705279265
10.2623715630165,5.77813202231761,7.81376828981091,3.14717879934076
6.38013818969704,5.00735187380285,4.24460172114305,2.60120017526459
11.611786084643,5.40825180236943,5.66699011216832,2.92584147386334
7.11577298830471,5.31464526697246,4.8745132332038,2.36986323177839
10.9402036848941,6.13698744538733,7.54439642065971,2.18693866808606
9.75760873736546,4.69724764955158,10.3199975269741,2.71039123326954
9.45841441718674,4.9431096001499,11.3400806065151,3.00800234836765
8.3076304939875,5.03910522248747,2.74749841297641,2.40314892485263
9.04820331999479,6.13799689070499,12.0882441979093,2.09358855578724
5.88156601633459,5.34061277465202,4.61983076915982,1.92007023893646
10.2020459800634,6.00102243833294,7.95348352990943,3.06238183275231
7.7575074139726,5.77112343290449,8.79377018584747,3.73667433577759
6.56670333869412,4.18045584447782,3.79619638606469,3.16657552796593
15.9618107999589,5.70880558900317,10.9488717650169,2.03791758254776
5.53788248476999,3.62101691034999,2.35272386690061,3.43810840597288
5.60581077815562,4.96259988020051,2.65603905181407,3.00898647470291
11.7788718225731,4.05147421424719,4.19226957674783,2.54778208468405
6.24692171710867,7.15251631816764,3.69310256366077,2.53716383605297
17.915256133812,3.55337369143554,6.48985913013838,2.88650072046814
13.9064049792474,3.75515660828053,5.03785330957458,3.44342050120976
5.10482272873492,5.92863853034433,5.02291312379398,2.13578990936419
16.2996489550115,4.63751968991389,5.64863049152954,3.91468137903886
15.7460961988221,4.65622156525141,4.60563615419199,3.39511600711459
8.80643937647837,5.87099382166299,4.19268414358004,2.68907117647044
6.26901306628745,5.48892756153172,6.46245157564622,2.05824043225258
16.2063354155887,5.39264318315539,7.04572799145948,3.46519264912875
6.30293456646087,4.66504125832745,3.8862450666732,2.6830824967175
7.2859904351758,4.94435264873937,8.15851529535373,2.34125487519008
11.2772817566252,6.75669690565539,7.60450928658947,3.42913413235751
6.25667596556914,4.36883733626134,5.89594081128617,2.46153841821431
12.2826283738416,6.47340761702862,4.01977674689481,3.41244838737331
7.06117839772173,4.59402869860145,7.25434861926596,2.47573695328037
11.4245360705337,4.28957937960779,7.5473900848362,2.64553879031993
10.8583436848225,4.6113458935182,2.95457434248859,1.51271783060178
7.42910067901683,4.67170577928776,5.43496714733012,3.69813180995294
6.33531067936291,3.85846356977636,5.11647760323506,2.84872671398761
6.19068488191944,4.52307704760697,2.85088544995006,2.61893989801928
10.3564872794948,5.14404541038473,10.3604922140664,2.7146295252021
8.49878228931332,5.49704098461101,5.38547963486023,2.31754283449073
12.763474999699,4.02582204584572,5.75231606029189,2.77756964690304
5.04232429797593,6.53531836704317,4.27053412009037,2.30173571239481
13.1528024106468,3.7911457607136,5.10495873580196,2.85150895987494
6.68713372478181,6.79463570160061,6.06969522020971,2.56831268830604
11.7838671490803,4.20601683171359,6.59266275931606,2.64492141560444
7.30982943624453,6.73147689460511,5.91224902894098,2.63181880585641
8.77591722104905,4.17381785518895,9.82988360135777,2.97396301256924
9.27473039369339,7.07185099190005,3.15403616143855,2.87570673914209
7.87020644919481,3.89910113127927,7.05199089967221,2.63902662158902
9.59925500279422,6.66200512455225,4.33060515810086,2.92472623387159
8.62186649522111,5.23415427650925,5.0307204726594,2.72097866790682
8.47151932282236,4.77437261969226,6.63749796665019,2.8717936684965
10.0769400286349,5.40377633363778,5.18489206702064,2.74892783272477
8.61899365606028,7.03188713348616,3.62252468812405,3.4887618157746
10.13094112964,3.44739516534287,6.19419595119714,2.72037987064798
9.19184047704073,7.07223518549415,5.36307903829978,2.54154290991733
7.1651132778786,3.80223121653487,6.35144088817508,3.04564963771133
12.3957852875491,7.4326329967854,4.87883392193361,2.76746810901915
7.28039500531795,7.91831585452124,4.75946345305226,3.61483268959895
15.9625904683872,3.86427557718537,3.99703045728757,2.11800521695111
5.32800526703176,7.64822015246594,8.30341711365406,3.58596635114682
9.10239197962398,4.37118379491493,3.58851326008409,2.67996622620137
8.23013135616877,6.26015176673896,9.68138560224657,3.05245127655436
11.1910976689993,4.74372039120293,5.16217390796536,3.66814027815049
13.3100478524014,4.56761636568747,8.89845842437379,3.09602220083618
6.99294780317,5.54420081374877,2.31640533083112,2.46624487318284
10.3342263958202,5.91407338586055,5.63637206534419,1.86471713360216
8.50973901738246,5.83281305868072,4.87535679974018,2.56336672237025
8.547709902016,4.34930473864208,3.38740906316835,3.165993803565
9.48144653231096,5.8868814578595,3.33944729266448,3.70181469486336
8.73718303539976,4.0542827736588,12.4692833746596,2.08954415098844
11.5244582213059,4.98344597471529,11.8031109643371,2.36589662073072
11.4439720472684,4.90574028914875,14.1842772479898,2.44133557875207
5.73091601821786,4.1595755337496,4.50183567537373,3.23028253875165
15.6268628154915,5.50833484853725,6.49760960775653,2.15326074069514
9.17026313514394,5.75351949159262,7.18595814127326,2.91992685753861
11.950381658492,6.55456905901802,7.11796211147584,2.71646040338762
6.82751222012091,2.91782818970913,4.44820924999252,3.414362949509
14.8103133477245,9.41241695803755,5.62358947560665,2.41844037128997
14.3229826111687,8.76713598112593,3.86053178157752,2.86200776074906
8.73491518461958,4.74900210898312,5.89923854839685,3.4729879863228
6.56352148921897,4.59050783888405,9.12380728436518,2.47506011660612
11.2129264115819,6.03917737367908,2.58987214609053,4.25666699399113
7.7391653616541,4.55280444958815,10.8041815865775,1.70386947403306
9.30832657964236,4.74243069212234,5.98862188720395,5.40446798163193
8.2489666389441,5.11293620341094,4.00142393380361,4.91099716303483
13.6851979279827,4.49169099293023,6.24939860429157,2.65818542359335
5.91036615073298,6.48398492361159,15.6057455123174,2.50665632588015
12.6693580977779,4.5189461562788,3.59312185203327,2.21602508225311
6.56866794891943,5.14842421360281,5.2347274287175,2.65182876220466
15.5928106165055,5.45886462015365,4.48510584848809,2.66925255396973
5.98288797424129,5.16056019454482,6.74274109109305,3.14396282726253
6.39008396164327,5.38594335488352,4.70308807662148,2.77565501476087
11.192754247261,5.2654678661607,4.79057992444223,2.15802458254159
6.78034767699805,4.16598495601619,7.67259576348801,3.79696504403539
11.3275678050397,5.76351243965677,3.56061750350023,1.66353232654875
7.28334272335724,4.65038705117497,6.11281992557722,4.2887121907593
9.60785537376891,5.0222991741258,3.15145976283882,2.1934687660301
10.9482729414811,5.91270036845714,6.05373175873387,3.26249255521935
6.33607083116438,3.89854264382754,4.99729642671276,3.15296852355285
11.9960343754908,6.89605071904319,14.2281712477219,2.13029281154803
11.9228223189781,5.94332188293707,12.8128739558224,3.20938914903257
10.0087512529688,4.89775822282617,3.31243585488882,2.44499163781903
7.56571536949503,6.2692669467898,9.96843512355393,2.05189449458661
10.5473560506027,5.00190174439491,2.72305242772966,3.14715102243214
8.59027971854501,4.49368661885032,6.12539759175162,3.71551535511459
10.1342576931805,4.56898110710638,5.26821298029849,2.88637127531988
9.62747789448301,6.1340381522474,7.69855005267116,2.84890214342129
12.1677975172385,7.43455112948717,5.51186901017641,3.1959464985529
13.394440287524,7.05270233163503,5.05656243660551,2.05716841610328
6.53894963406349,4.47108307398123,4.79757888742232,2.78018075983721
6.82267280349002,4.92972007675113,8.44969431108702,2.87236581259461
7.04980826365738,5.45732562405994,5.53533133647752,2.285996408338
12.8060375945229,4.67311146127826,4.51528757970447,2.65683578096413
6.68748263880448,5.99789985068862,4.56385458810078,2.75828545363847
17.9519890923437,4.58060432210934,5.74763335787738,3.14866401448257
6.76669501728916,5.8706954493304,5.9915763902904,2.7548225260028
11.7438100538518,5.06363235521212,8.47252326024743,2.56119163348532
8.75796620815717,4.74428527909518,5.56596796283894,2.65747590057665
16.7371857101217,3.90642516205041,4.46514313139653,2.73674700544168
8.8736197290487,6.23535769790614,11.1041232894766,3.59320722500847
10.3482598420271,5.11126089485886,4.01151101607921,2.34627195195682
7.83125896631344,4.27710938034998,5.60247310019262,3.30349684300717
8.42486995471643,5.87269589971231,3.45586437152172,1.82679317801596
7.33140766418845,4.18383718973756,6.44728061035889,4.31647177325386
7.17535867955377,5.673809842855,2.27593275176785,3.11517990406338
8.89703623165763,4.99218253407432,11.8417419758061,2.22362662991207
9.22944835065124,4.42935001210878,3.12107219401562,2.99473486920795
12.5049656196569,4.0153822445743,3.269996669345,3.79438608669083
6.65298703837828,5.68181026675631,5.46576451695507,2.12670178411471
12.4059628671042,3.71686102843944,5.84019596507467,3.0124456251013
8.24784218691937,7.59400583591626,8.2036115557924,3.46627289301057
11.8897171940833,3.03747197832487,4.09507522821445,2.07457940136985
7.83755219288221,5.57948786303324,6.19648509457454,4.28542306300815
12.0127619216684,3.81828624974858,8.04361547482429,2.05237724149589
5.83806020780338,6.19345238766468,4.77977991459611,2.47704263780114
12.9078858678814,4.78304823251319,5.04275448673332,2.40649300419269
11.0334683987881,6.47869138964161,3.72332364074074,3.01302903285374
9.49453934458023,4.92271579695681,8.76031931406455,2.59686014987638
7.57455233653789,5.0362032294775,7.71491589385398,3.13873062484603
10.761302865354,5.97122063525078,2.34372250612268,2.88567300295865
8.68030048132998,6.22708133120147,4.66008582342662,2.12498313000421
9.88264406743691,4.96293882087499,4.11050274218565,3.93945422174102
7.69686307527024,5.11957745255101,6.66647569827633,2.18875156198181
7.9493368897565,6.27019522763812,2.16468723418111,2.23614328736514
13.6412883824978,4.58129318807414,17.0480181324912,3.90909210559223
10.4055205386405,4.24781276595648,2.98264087715584,2.13706181944134
5.58979565678047,7.21882721605196,6.57411263657586,4.74572015330158
11.9634067023134,4.03385249813342,4.58057506455491,2.01432779041505
8.8417748531846,7.21537257814852,9.4548203946746,4.71430276291664
5.91991056157813,4.90415677388465,2.25217469153217,2.80979142105355
10.3095226723658,5.25868640164581,6.78010718987433,3.41221530344076
7.07739277572406,4.05728918551283,2.54802422927717,1.95027405489337
8.05613711041317,5.26110596614052,4.96967997929254,2.87256369091297
11.2886807594942,4.90439036362013,3.49198685719791,2.39802304220799
6.80341692822071,6.01851738260943,3.35845317097134,3.4910986108818
10.4945862019938,5.59084559245837,7.0862538859034,2.54927010949798
6.06767974314086,5.00379618069881,12.7996285968072,2.14797524021939
7.20338336444531,4.58700200623475,2.86520077475306,3.10061410923058
9.51444957630483,5.98792220620933,9.98949621081593,3.13130785760391
9.65402969045203,4.50618282416757,4.82071308607015,2.70566742299718
13.3421476400442,5.16039466093523,5.67155632151287,3.05880906677816
10.7382461331152,5.18614978243288,4.4477709901282,2.92439158740953
7.42691307991953,4.90555863958326,9.35946063506985,2.4653493399201
10.9476216161122,4.68666699426543,3.60825989974414,2.45041384380957
6.54211864456398,5.21473063855558,5.04050764073791,3.4904865689811
10.9858019284904,4.20332573839538,5.23184994176502,2.57212725085444
7.32273215848784,5.9043238308456,4.20220406368889,2.75655893245978
12.0458040957505,4.69579550358643,5.12748684410251,2.66742268437971
6.12173978507456,5.73099079652572,3.98453855824408,2.09563191584529
11.1454319251913,5.18729168545493,4.43184403105349,2.62554877275637
7.59879135707528,6.1685673314523,4.7812291118019,2.4743233945291
11.4595467261203,5.71398145035798,7.15893591162048,2.46134777723726
7.73472941796852,4.63297672697223,3.94660581151755,3.18365727661699
11.0426435897521,6.16251140471937,5.55205087099918,2.70315404379681
6.30494619525595,5.12236164610871,6.70851923049898,3.25825440166398
9.3096235415943,8.15655271531852,2.94394816444688,2.76942556236848
7.87816184734137,4.69891328572276,6.91282948578436,2.81498119184402
9.84772756112379,5.89082471754036,3.83157427581828,3.69045811250324
11.487220979462,4.20862511880792,5.17774552315678,2.83500442469301
7.40193791562308,7.60768191071339,5.50961080873272,2.03358420627317
11.3766192406104,3.86187637973158,4.09497413145287,3.54814443651407
9.69448220192594,5.60996140997708,5.59619547035876,1.92644566139768
8.37341495754552,4.57938395292757,6.00009621615917,3.9033276719294
10.7179155046563,5.62930344234763,5.93056039875025,2.55131633217871
8.01768717933985,5.39146198559186,3.33477005420062,2.6424811041545
6.61677343992007,4.97267143649837,5.0187866393785,2.74294970268798
12.8611103889846,5.52284209697497,6.60091423496542,2.60848300500176
8.01490056208259,4.86081149192203,6.46310543647041,2.93992095326501
4.7462243547289,7.85059993684848,6.34993723554281,3.0795565981168
12.4332812231714,4.53369842515554,6.09548948546437,3.50263328801936
6.33973771864652,6.3633586443174,7.40568311370334,2.42745591893445
12.7124773690903,4.00075622436747,6.59143971591972,3.81162098554558
6.40688572802257,5.15020382082981,15.8682249296007,4.72311124419162
13.5427384311163,5.09313719361981,2.14176430148166,2.1335467708032
5.43223529490716,6.19996817396096,11.9416024919388,3.1201883867485
12.8799334232184,4.12013139960853,7.49414025416318,2.74323232128764
11.5851436357438,7.26590536544517,4.54128408880258,2.87440772245549
5.81454997730414,6.40230533034727,3.79391476162844,2.44771469617117
12.7019356851977,6.7480876871251,4.29661446104442,3.9230399719853
9.9197396121279,7.71055543751716,4.89790596922074,3.39526004273398
10.6765420019037,3.9686402017952,4.10025764259459,2.23904640851828
10.909354519804,3.85765481153354,3.96206611357188,2.1654985111732
8.30786876077935,5.71860187129388,2.403799445364,3.36320438543271
6.91606079675568,6.92975794611728,4.82154614018221,2.6047752292787
12.4788226757277,4.67456824424628,4.09104910932604,2.673380006263
5.71605683001723,5.25157580514395,5.25620417439111,2.54131227030913
12.9775866213279,6.15764602996308,3.66127157002606,2.25208270250698
5.82744956129866,4.51092730820259,7.59888641188208,1.69931872145841
9.51091564300621,6.43133292046486,6.24305452241339,2.7593540537526
8.08331327438928,3.49013712321747,5.11180991561991,2.17078205229154
7.59138547016139,5.35332809275189,4.09813281330292,2.33369375899803
9.51359369769832,5.70302324272724,9.37440371910367,3.45318533188858
10.7627957538934,5.50473590195187,4.12223325053393,3.18873355862508
9.45164908625913,5.30059531707718,4.02363325781186,3.24591000572143
9.04537130534955,4.97661192054064,5.65509648616985,3.99277493179807
9.44268843292149,5.65491060134136,4.45656085841434,2.01590363064115
7.70639485324523,3.80334980910072,5.85319985527192,3.40472279885756
9.71032993989121,7.51407035188344,4.91068204364621,2.39532635271976
6.0294358839181,5.62870581744333,3.00865960974028,3.1709108930188
14.6922292640248,4.40555506319045,9.11866279409773,2.65535251695494
14.4463237141937,4.56187734413116,4.42067754338631,2.53153106551135
8.41496120102629,4.09852814292747,8.79260297135101,2.68825677466282
13.0235998597238,4.1857105180054,3.84405720796048,2.76473851833593
8.01903781307768,6.84577533931282,5.04306439227382,2.59534522930151
8.04636976639542,4.0380980166599,2.68430131914295,2.60053418345403
10.2943155433798,5.68628582103398,8.45584912271608,3.44366470603228
9.90886230682604,4.63896188177106,4.14151760567828,1.77611450224956
4.95258165496382,3.47182744901977,3.63326181777354,2.80918932967055
9.33103659643427,7.51642367825126,6.57532761393226,2.78186313956715
5.69216275159029,6.59416217850906,5.85509952649017,2.61861215311427
10.1212089161721,3.96445184962583,4.35877945828391,2.25907870340493
8.61832480246489,6.00598257114621,10.1886487038854,2.6715484953369
8.44944434621642,6.13491440719944,1.52157912531466,1.89919356273478
9.00115976146996,5.82814359143088,3.49618707937644,1.66744309893308
6.45870198477103,5.11628260673719,5.32012663607811,2.65280712614685
11.1951107769558,4.5910180110654,5.88584377352796,3.52128187154563
12.3730551832163,5.11501212997619,6.06724554201574,1.78242932964906
16.6205126788719,5.54240797511666,3.16375854364214,2.45723536369013
8.85012460448241,3.73585757424052,4.37600321617391,2.98334660330195
11.600878134601,8.01056950463194,4.79925332849821,2.43187490866884
7.64101747260876,3.13096594540463,7.58604123127151,3.84325345696198
9.96911172571168,8.66494735591426,3.84740411124119,1.89792025122389
7.86742074852394,3.82030807872264,6.38632471920669,3.6609761323455
13.7253737936049,6.26634711421506,4.44859149057162,1.95378975723382
6.57202275480515,5.08827493702549,3.99636434759149,2.99866275490824
11.7914001257574,5.90656619620752,6.57161668468176,2.14370161989102
7.68203463816836,4.33387718797919,4.16692780147157,3.16099178708746
7.55872134508918,5.43218481176284,5.55731832376276,1.8497259391682
10.7481660918849,5.42179701291909,6.01019180696378,2.54214435777644
9.40586705402914,5.70015837319616,5.68868670794434,3.13581834891571
5.9303865510293,7.64477086399039,3.62772981004204,2.30444018695943
11.5133656556473,3.72713515671448,9.36521335243352,3.58125863920729
12.2958745622971,7.43450999599166,5.74923803452919,2.59690530640311
6.78141004179341,4.29458394863871,5.63426636715959,2.68994323692677
12.8744768348318,6.04763384363,5.08846000497042,3.16548891451006
6.32922618259682,4.67694318923522,4.63373131948546,2.29562944820705
13.6754734448878,5.7148674115805,5.92986403509343,2.84108684463791
7.57895791634039,3.7098543497277,6.92561415789159,3.18955902807842
8.87513246303398,7.55736209389792,8.15240848640983,2.57140063911525
14.4718868600148,4.0143568227471,1.74443646210514,2.80327591070128
9.98970118679405,5.47891562108893,13.8824380448248,1.75754334306198
7.03954782236722,4.1003846789953,3.83566766196796,4.04050545775465
10.6888046309446,5.40475168311121,10.0871408562348,1.79431555369022
9.59050650327209,5.10628926621511,7.78675319048132,2.16121396476258
8.12474364465121,5.98784756115469,10.6320306349612,3.23887108849013
6.98659674563097,5.89842668454733,8.75450669475549,2.28985766024622
12.3661803948005,6.25282629179738,4.53069590938591,3.48022997032742
9.04671883098251,4.65083890774584,4.92345978210807,2.18174072729795
8.81245782679533,5.90231934686902,7.06465748667614,2.1335367906313
6.74128673153128,4.04917131933135,4.48604818771499,2.18231297975585
11.0792474091706,8.42139737494451,9.26429565249068,3.50326520204343
7.3351932734508,3.26554110493812,3.18192888760526,2.26690481128639
11.2600893291375,4.60283987580788,5.32739864531146,3.16034737720879
11.9909418398772,4.17184619890768,4.8270704736713,3.71846290666259
6.69336456530418,6.47529925982755,4.93499098564379,2.53876758388333
10.0725450717053,7.09998604761607,4.94458184662491,3.26987918782477
9.02386696113177,3.59562970181082,5.36075963561199,2.59170418085949
10.6806832406454,6.49691886943025,5.67612666307632,2.90708441121752
9.28732643284641,4.70952765554939,5.30866613148318,2.93073832887373
7.58470389042686,6.71215940688257,7.9868049899471,2.73458218893555
9.90975374456316,5.85779575405038,2.7212718087552,3.55991707098259
7.58380285883438,5.82180147108499,44.7759206000791,2.47580948576849
6.8948478458629,4.88690199789025,1.25925810440639,2.86045396299151
10.279359251999,4.88472630488664,43.889945672233,2.86533237586084
9.18272754812074,6.22211695608333,24.506550164348,2.75025930189729
7.34582063070688,5.83411302756142,7.86976651636499,3.02423325461043
8.03341164596272,3.78858473837661,7.41158966705622,3.08967008173439
13.6564720905521,6.52971302601163,3.54605517895044,2.78937174471652
7.80307239861696,5.47714465027654,3.19534198781723,2.47278479446188
10.7358454315258,4.27673373587788,6.43007900275867,2.32923712571205
9.42448446447012,5.75148840416838,3.83301002534774,2.62444202105696
7.81036711574118,4.72380799842511,8.36405096045588,2.62154937130475
11.1843629419446,5.93403399182877,2.70988913453338,2.3936307476694
6.17978892170734,4.1681282200255,13.740876600917,2.1705039980695
9.88322118322263,4.04830848914033,12.7876139169196,2.92581917960678
7.87746050702043,5.42558982849558,4.26353664705621,2.49074135204718
6.21968302872968,5.98252294804097,6.45117318831204,2.75658715014441
6.30251699054768,6.19172861646413,5.18658556614498,2.33340998688399
9.86918967123508,4.27458780699416,7.80450004453893,3.389919901617
7.48101164141221,6.07226627124123,6.4939502507351,2.14081239020046
10.0519120156917,3.43577051508184,1.38510319904524,3.49870168395788
8.62658999894858,3.92958475497665,2.61777126801843,3.00249573161133
7.47617257696245,6.15375880602665,3.67746977758489,3.16341989115127
8.14468986136323,4.17615281712435,3.12296167050268,2.91543270938
7.980790360201,3.75937255285288,3.46022933418237,3.00867020210748
7.33608131188063,6.40117193219894,7.24343924795901,2.68807529575541
10.0540510033498,3.95516202621778,4.29350254452769,3.00860120186964
12.4409488404159,4.98288971135563,4.88364291737804,2.72674408713935
11.0375435703389,5.44105482579439,9.61660271142535,3.02422225382922
9.35428412664946,6.39699000178465,5.7007144657932,2.77084826770582
9.19908564314223,4.55598964926141,2.84907471022739,2.0844807690932
9.40571573896353,5.02250679996652,3.85935036022017,2.98333230075271
7.04359157489536,5.48773539991008,6.44895077465135,2.99833222084884
7.21439659682616,5.35904404644326,6.5804234228623,3.03853364205084
5.4834458498142,5.80904790872135,4.49332387941832,2.92199219543104
6.49821232929391,6.54026685839631,5.46858823219475,2.23897110623497
5.97987539252896,4.12272783711076,6.26500680956106,2.69341052310701
19.7244512165411,5.04443635922278,5.49360064942531,2.29700451553567
11.1052514088389,5.68616946629078,12.4029945582134,3.56209112608349
7.23576384574715,5.22563068041265,3.32291001428153,2.16287775551048
7.77515951755511,4.66825250930756,4.06771489836353,3.11822206297854
9.06032374968732,3.98126465288255,8.62362409009353,3.57720892619186
8.76499980282911,5.22711126657702,7.19670780387659,3.67580931534298
9.24753014965644,4.95698312557041,3.91401609459133,2.15735201240001
10.3031945718382,5.28045980909242,4.41432211248344,4.45638458593088
9.25837363604103,4.84018697006833,4.355832288972,1.94901608302583
8.47776507863988,4.71468098799787,6.278408506069,4.04162626897162
7.07099407570768,5.83663681568034,4.04714208878326,1.65083527199248
4.77973695563028,4.48948228627053,6.52932486107651,2.385907369415
12.0106365098034,5.02026793677714,4.02456071539353,3.08122075015766
6.66982966166591,5.76630437804219,4.88167444418736,2.34875571990689
7.93225320865639,6.22169360086634,4.68441958756871,2.41755649728951
8.48008583217186,4.66443016870744,3.15024098177786,2.86504625281603
11.607766297923,5.66904229312146,5.89153982609105,2.54491262909185
12.1681190401415,5.03114693197805,2.39751360478747,2.59536864937585
11.7717092302692,4.9223210437596,4.47843167690738,2.87458663054849
10.4292105424534,6.98614835196759,6.47003544888685,2.80112170572827
6.65339773292805,5.53219446586468,12.4615025609402,2.36772569536521
8.81088689769731,4.28396657300021,3.45857688156481,2.88427350012575
10.7102963695401,6.98664036000581,5.61644749252865,2.01207356968803
8.05538544990197,4.16222519217346,5.25045258780317,3.72715632690148
9.99200541071925,6.51289136060315,3.99789059806332,2.73944836156146
8.43098926517584,4.33057449297484,6.75052124866696,2.57694019982385
9.32172837856044,4.78855872276062,7.64957407180075,2.75722471616371
9.39651948931911,5.0123443377626,2.42551436170328,2.70371575897151
8.90544296610395,4.86418581702196,16.7722419917966,2.73908999540441
12.0600018091919,6.36545571324262,3.53533623903339,2.68028596764383
8.06296862882015,6.10215623275644,3.2288305195647,2.82687499586932
13.2189738667308,4.39518988060099,4.95833809072663,2.12353325206572
7.78169057093169,4.90784954622676,3.76872946582226,2.76972297458104
10.3995933996312,4.06724536177642,3.73018546754409,4.06156210686379
12.6651992683135,3.99558406633845,2.97259806370492,3.25199461598824
9.54042732738936,5.42016315262324,5.87860346589617,2.66800234000324
8.57313297501858,4.60694676268503,5.16485116480663,2.84523007721737
11.9212084741205,5.76885918544836,5.13621682549673,2.54943853520842
5.23604815055133,4.25810028320047,5.73140396404998,3.34921086725333
7.53679096212975,4.95306531874066,6.14959160030082,3.37994246388908
8.53181413016241,5.90582775814568,7.76632451474638,3.06919158118026
6.56517771689819,6.30064516585351,11.5896056052552,3.86246595519778
4.93490603967312,7.37472492887296,9.36322934254301,4.71469833270522
6.04914476224348,7.26238291153658,8.65559357727097,5.24048117612057
14.0146341040254,3.93724448985174,3.82013046489557,1.61578690659385
8.86712737168375,5.21430681908927,3.04844956463472,3.10735123482901
9.79683705593258,5.02110063530171,5.03281850056121,2.91170465924716
8.87197523799997,4.82149115666217,5.79927327826588,3.03638211840044
11.1389650551452,6.04379739794052,4.74231608551559,3.51375903354919
12.0857092927386,6.3158078991048,3.20848145638127,4.22309228172995
7.44952431509987,5.35673072093825,4.42216680811188,2.30053131507862
9.54055493814136,8.65228149662395,3.74600125801677,3.35388972191608
7.17120215794595,3.6446163769464,7.57138660569832,2.35111703484262
9.13532164269348,6.31569136199177,3.22327120048189,2.101190475248
5.2088153373921,5.09937728970329,8.63178890129533,2.26724913867092
14.6220763232142,8.09486440797466,5.20312672922718,2.34382474906619
9.54997841607076,4.25577921630302,5.10591058292071,2.50854593554378
9.82331918338851,6.61197761395094,6.15480874898579,3.02670648701241
9.95075707029956,5.76015276839864,6.10787856756587,2.50781418107598
8.42511988105956,4.4496986604965,3.48435090521994,2.91407484700032
9.30779432539778,5.49902681787599,7.76570361367348,2.32923320484858
10.6350646198351,5.01658271233812,3.70112468395284,1.95252407995496
8.89122302278056,4.88288256736681,3.05246151107558,2.15734807896455
10.4094879087951,4.79682964389557,3.1207533219956,2.10009586167808
10.3722479113774,5.71533731612798,7.02826255697569,3.78224517070222
9.33381986241894,5.26435617178089,5.59885606200165,2.31436628014561
9.374639547339,5.03206210466386,6.46538261604488,3.20237359414361
7.08003587537764,6.18463442943937,10.0974810293914,2.17402003143898
13.8165708878885,5.22805441718825,10.1442726342948,3.15502826799912
7.27530347560578,5.0354822437431,2.77595135362331,3.38152196586776
9.20553541212967,5.8800528227191,9.91239219757006,2.05304120698682
8.67990422172278,3.84178656316568,3.78584271002413,3.6357101268326
8.20130683907503,7.03397624411422,4.95855998581678,1.64461526795436
8.43344473068216,6.43515564453484,5.00272881195216,1.70781777448039
7.63932443987203,5.47598762587565,5.08488932432556,3.58506490740618
8.74377696936455,5.64253247166489,10.0458214554895,2.32473090746019
8.09450548039582,3.92418482486063,3.3281409380171,2.5888928113962
6.38603280890378,6.4864744906847,3.8664810703304,4.05144440862819
15.1305339495268,3.56787235294244,6.55631241686538,2.06568542507486
6.93206007755127,6.02545908741772,4.18436774700673,3.68737997660246
6.75933165041034,4.195804409078,4.75354016261021,3.15922573190272
12.7506764000293,4.4288128871826,5.81573359354595,2.49152459969075
12.6264005218231,4.36755538328522,6.18891792378509,2.41930834573859
8.19827170718143,4.6120321177808,3.94934866032381,3.28151295390733
8.93707568939612,4.69412541500833,5.46891761131542,3.04320294120592
9.28742253544831,6.03202815063538,6.14776943752593,2.26638757210019
6.83986735454647,3.95722557918665,7.49946009263553,3.59744775302908
16.9508717646866,7.12024624942417,3.25354781928638,2.82499715017028
4.51282548480244,4.45476895024884,6.97252692802554,2.57822639414894
14.8407067322084,5.71834700506292,4.73861254885008,2.82487654859381
10.525206817388,6.93523515437403,3.93226607020769,2.26998953501554
9.79964832628776,6.81236013172349,4.61782616636707,2.47320158594982
7.17162164179716,4.14479072822389,7.25053145924595,3.27222739096211
5.7134357083518,5.03125420412908,5.9206134073287,4.00843191796381
9.9771876526964,5.54770205996388,3.82154831959736,3.14362905548866
9.3100329961541,5.47567830025592,4.7938046808379,3.44851109959443
8.25971138877901,6.55115970598979,3.8903850975149,1.64355867231396
10.0836934734139,4.40208083739458,6.07708337317434,3.06769514535067
8.57915560110081,4.34384525584757,8.60804689358216,3.54359775031727
8.73309214920906,4.5461591659685,13.8325071963497,2.50364460871215
6.63431081616574,3.57994459581871,8.45891611858236,2.74512148206964
12.3560081999124,8.06759496016331,3.93301098547095,2.76136347403492
4.72746992761225,3.43786970187702,4.20599914825167,3.59301285821928
16.2650483830207,7.80367708897238,7.74486602591718,1.49947811367191
9.78790276537876,5.90544979463599,3.35224852095356,2.42327169731242
7.97444126976264,5.25173092431262,8.9857708711761,2.70429340089374
8.22998096930481,3.50094672720653,4.81990556630894,2.42716566958149
10.9136738457935,6.98118359260789,5.39756407257884,2.37477515193398
8.86801152631254,4.99327223503604,4.43610208094777,2.01905211487654
7.0084550227308,8.20930428393507,7.33900269316563,3.4265190146337
6.28960955374555,9.01251694857631,7.1604572424089,3.15159666573556
12.1680540997499,4.02171555057758,12.8746020323799,3.02972481021167
6.00283977421014,7.72558112064895,3.04953356110185,2.23983170547025
10.1469720663363,3.57610171831329,8.70901977125665,3.73504799795408
7.11917670160352,7.95961333501848,5.60417805524113,1.90510130132775
6.55304790755134,7.87133535320103,5.58975290586255,2.74635839846689
10.6085487626671,3.56981341024158,6.27173359891619,2.7987540622689
6.49310781580127,7.11394932787171,3.84074550514892,1.86102414834606
9.68256093810541,4.721977512772,12.1729263305872,3.17662211695435
8.17250999779567,5.73002374135461,3.90005575453376,2.93236494140046
9.68106125709942,6.49176641780915,4.35918908384635,3.14307718939313
15.4888608970817,5.06772471898783,4.00351296214772,2.18215313711662
5.21819726774619,4.57337346690219,5.24565267422386,2.56602944353674
13.2818496820246,4.03803517933292,7.58667072600246,3.04149961533741
19.013773246023,4.42902115422124,8.92021516344393,3.29821643370746
5.9749479569986,4.30289849226756,2.85943137453348,1.75872090725392
7.55493568824495,6.01786118433953,9.33077908767991,3.22534838566075
7.16495101287028,6.1169835518212,6.86180883676691,2.23374761185438
6.8931408365588,5.76787849500113,9.88396974060845,2.69236224801563
7.49961754094183,5.98961841880187,2.75495092043883,2.03231870657206
10.3325610660813,3.671822657315,10.1137252429632,3.43158518706134
11.7906886048505,4.30420021086205,3.21892876547566,2.77146806459259
7.39377783620623,6.75983623066884,22.7454462162962,2.57649604923042
8.13636236671658,3.92261169946984,2.76674067596476,2.49866086913941
7.18496848331593,6.36503130451796,10.3338631769779,3.49863883189385
8.10673945678035,6.39976913628594,2.46189609277402,1.84321269286968
9.02011021337746,4.2038543489165,14.0335823831404,4.7358630145917
10.5741333043458,5.75445793484301,2.46856824215647,3.72194467269495
7.024761128643,4.70397207423195,13.5719338458294,1.98603389651696
11.7534958083706,7.12453354350662,6.01586828290047,4.2504092325329
7.62757651824684,4.54300812099322,4.26747971319081,1.73865440604883
17.7397702315689,5.11025757126461,5.82875704354297,4.73699931754182
4.81261370572922,4.77122686303453,6.30250163598165,1.7234298790924
10.5114561990419,6.28704164578475,9.32787214129323,2.37646326350202
5.55753154900328,3.3157318135644,9.97130781164359,2.61955503622506
6.37619597570466,5.338103349938,5.64201303960481,2.24365002926158
9.20113408859789,4.06000622467523,4.65399645863544,1.94577487044223
9.79809554179051,4.73912822808951,9.90628281514473,2.10520835761174
15.316119467336,5.87423648174763,2.71585507242482,3.02585607748239
3.26747300233231,4.75719544233803,7.65470420411135,2.13212508618779
36.0258547729175,5.58487128322153,4.41623450617609,2.82298568537563
4.18657339440564,4.49426543396099,3.42597028287501,2.5109787862626
6.3945746155031,5.29679510936195,7.74913200050461,2.94772228963858
6.58114764512276,4.12267461663588,7.24453171281765,2.31788440032448
10.5333476580705,5.58046443701128,5.25182789879338,3.05618650048431
16.8807432709484,5.19310305853051,3.61668759134497,4.20556928118064
15.7280289348814,4.95579609737139,3.16829216296183,3.55498185372755
4.96583134601343,5.31581705448206,11.1344257506426,2.19583608488482
4.99729133251603,4.95541054446212,11.0497940119372,2.18446393363279
16.3657207805929,5.58122736026473,2.61754173577215,3.19982435864593
10.5187631016195,4.42455568122801,3.60664396513196,2.6789819116942
11.1569746223447,5.17264385886039,5.8282437056018,2.24827711052674
7.19228179880411,4.97525792959699,3.97327530919379,3.39759128818628
7.83680577644912,4.71132982377088,3.90510977909771,2.49051025117911
7.5069200315535,6.27912968300351,11.083602048342,2.67501386318457
5.55018884853288,5.98248138397178,5.05768987082716,2.80102771047762
6.58866982571604,5.30417321671751,7.35465237085605,2.26704984178135
13.5909671157052,5.87726095259228,3.71841597064664,2.960636718077
7.36913920867075,6.07708048992738,6.47798629751369,2.92368428113514
17.5168542522331,4.72991091810197,10.6209255742774,2.54721737558809
4.87360431071168,4.5587581108087,3.05231155778836,2.64964947707081
17.1687931391929,5.01372714079782,8.24933459801712,2.96758320826224
14.4668748704607,5.50643704586698,6.70562620946814,2.95604900614284
9.64743576788935,5.63351628979231,3.99267625788914,2.54247381709894
7.16459692911729,5.72521751391735,5.75511802171736,2.48276326634805
12.9350436736845,6.077754770516,5.26399947282918,3.50513129332889
6.50513403216075,4.10131276741671,8.90822981852661,2.40240234682309
11.3567730164567,6.34282419599784,4.55248410858326,3.23423425987461
9.70632024781362,3.68402814092153,4.89066116829372,2.85058836851405
10.4544345035726,5.70465683422925,7.25581028303429,2.81483384205172
8.81788599338804,3.93167184494878,4.20449972894269,2.71517756893922
6.58393110422998,4.5452979997138,6.2279407254491,4.32420836893303
12.7857871023932,4.52738262523149,4.68502825919971,1.82403130946829
7.76021493165764,4.60166426253124,4.56907383819107,3.53021293964996
10.6970217090158,6.36354126728383,4.33707104491219,2.40594794892637
6.64703440051911,3.90395713059581,5.60156397015507,3.24407281628577
9.63628795028915,6.64681541944718,3.37639233604508,2.4116358565144
9.31213751742153,7.04630689179901,3.30485960702416,2.12605941652386
8.08296655454246,5.42803571681834,7.01820695769869,2.72309447582952
9.15343217651264,6.43631013897549,3.37066656835256,4.04075230674025
6.58059243610144,5.86408030678031,3.13774944592316,3.45314232423527
11.4410564294553,4.45026629073327,6.5633935646024,2.69531851130269
7.41780626661015,5.46833452789682,3.42474593423322,3.82104223946864
10.3756436740515,5.14575016573229,4.64116305433074,2.07295475834064
7.00780093278046,5.32505032622637,4.35576493474336,4.21420834047518
12.4121229579901,4.84996012570454,7.66704528655882,1.88466891212568
7.71783752324706,5.61242332301138,5.03565773797561,3.98056228065657
4.97675246172496,5.52670596683019,5.40402888849286,2.04443809616858
8.69944195475506,3.97464664230053,4.29821954574859,2.46254968686472
8.02440903559993,5.35898888115472,6.12266430858684,2.55907138475694
7.56362460281513,3.10697426077436,4.08420134292597,2.36777350109003
9.78653179970567,6.06613286687027,5.54516398059685,2.32003666929275
10.3111655158989,4.87877506283153,7.97778659866287,2.09295954543019
8.26617193751167,5.34489402506076,10.0190924314833,2.44714454906078
8.22867911536547,4.20770159143894,8.56743900527769,2.79009930480048
8.26917504115898,5.45487521248326,2.52597587501908,3.34156804913356
8.85582230532241,5.62577656708477,13.1007768570534,3.07027415051057
8.22587986652922,4.3024653625301,10.9153563769587,2.93208846529666
10.6243861093298,5.80888337420584,3.48769823801103,3.29858952433105
8.51774316527771,5.97369248401348,4.74237641655861,2.02295875172254
9.67911200236927,5.83617559130008,5.14040198215995,1.69083253696447
10.7386692387624,4.82253473535152,5.12106119314693,3.01766855856222
5.94352958328495,6.06497714440175,3.88814498883532,2.94272521488079
10.4796842608414,4.18624611272025,6.48246999027467,2.81224311871522
7.1811088363484,4.99938837214581,3.96752132493272,2.41368476499123
9.12254495553091,4.82017394308861,4.63092859139487,2.47994747505018
8.93902638860178,5.97071315981656,5.51815785662149,2.31950910397495
9.44059677894421,5.53288610582791,4.47319960610566,2.52564246401281
8.34974343730107,5.29436142674532,5.40510303520734,2.85324482043343
12.9344158414113,5.20738234875754,3.94775461856058,2.85740112066881
9.06502358917325,5.34908913836814,5.34627297906108,3.03848788394166
7.86943140783835,7.63496171939335,4.85059451481291,3.25456706326369
9.96409456707735,7.07656286919951,7.43429776739843,3.2218540956939
10.4781860354433,4.06442738606289,3.73246476699561,2.31538962044394
6.93035598679463,5.99275740301042,6.18825528643198,2.5372298040414
14.0015834702061,5.18807037474637,5.21310908892395,2.22227657145043
7.83544633083799,3.78019294460131,8.36078442286168,3.11592118210405
8.29645249065697,5.28988602740013,4.14260710434568,2.97895563856649
6.59401584235148,5.89862362877128,5.68209832774136,2.52057627837615
11.9087189587835,4.04381391065316,5.3156954126041,4.27944006137569
9.04457000910049,3.45244079978904,3.72074943668516,2.85346953409932
7.76933930069256,7.3749730801227,7.70463956801404,3.71480945641931
10.7329820186429,4.20827933635924,6.54418939022317,2.01558778527802
6.53625456065488,6.65802653355887,4.21050998025384,3.19286751196289
8.92177929614653,5.7793916665073,6.46623861123962,3.52182676029275
7.54465872959243,4.47012709484623,2.72284592096386,2.07888821438865
8.36378293233835,5.09725832098989,3.46907203583185,2.75529384816734
9.50506134003553,4.28101795902544,6.39067232567958,2.23009460477466
7.12245668186876,4.69995033224776,6.18304101660468,3.1721163985996
12.2885969921194,5.5972890361984,6.71946409864646,1.92533141693057
8.03549483930127,3.59801869940885,9.31918823230952,2.6259935101145
12.5131040689196,5.95999513716124,4.13089936452763,3.94879634003467
5.76618089839533,4.751642944047,7.62196386161016,2.03855691798594
14.1091832163154,4.41740710526246,5.46929412415011,4.82593536340587
7.49146873963465,5.43518883213735,6.46360183724368,2.24273304965341
11.1365014875648,4.84774291351618,8.1407860365052,2.47303290876358
15.1609395486813,4.88185430817298,6.76047541732023,2.26229818898874
7.07191194876773,4.7124287427615,4.96010259359571,3.83652159456719
7.43257692952362,5.4417990621656,3.71626033966846,2.96504151141518
7.75189711931457,5.51495786312291,4.96994992768099,2.88827656241448
7.83112355021483,5.12354245396138,4.68636175244145,3.74296798571415
17.5408014484526,4.21918278039379,7.67041623232194,1.8420490585992
6.30886781988197,6.53023934616834,4.82189528422694,3.68819624542621
17.7119404649922,4.39862110058188,6.66368141750901,1.96098106291104
13.0935619968422,5.43563076211986,5.28271828348493,2.572921791889
9.98895702974533,4.01670583632344,8.47211195499615,2.52786247192424
9.22647522842863,6.01113917273361,3.61528088898961,2.94156361265171
11.3679254889837,5.39000510661109,7.62498022634479,3.47219051802054
9.18675625783504,4.41424872002337,3.32013126469305,1.9427746369833
6.5333854544096,3.82201845269512,6.51000608378067,2.80680794512547
14.173940609824,6.46296173217096,4.61994320373463,2.84295701531016
16.7317025067299,5.89538578309895,4.82902257292442,3.03940555969582
15.8239769921453,5.25661609973968,3.96416612916493,1.88795577878065
8.45070750262342,5.02064319201444,7.24422158753183,2.68326577605185
7.72024509528978,4.96702803501791,3.65061399149922,2.86057153365214
9.47696647232335,4.51941132982885,6.73377668089646,2.07483565846667
10.8614146604116,6.27661191723437,4.37076553624165,3.71446234878514
6.70472916514011,4.84288744565676,5.57785328818366,2.37457410841012
10.6725918952278,6.06276203058055,5.59111172271791,2.77251774493955
6.67001195992092,4.10324419228607,5.77155802081715,2.9826222408921
9.87411023679672,5.15823612441572,2.72776208860306,2.24506010552577
10.2257315176548,5.5251625579743,7.95536150855952,3.38972875640753
9.83708768797482,4.65147982082115,5.51388803295525,2.54105668350038
8.42482150230615,5.77349850269776,6.56804183049961,2.36334200527295
13.609573350562,3.69961589075711,6.10513492485021,3.1331475151422
10.2202656545856,9.33728078571523,3.99719033901602,3.00813897906364
6.61929511276185,3.09805833958638,7.01539265312651,2.01356624692155
11.4960241449358,7.5086878252579,3.04698163740341,3.44659112790354
8.62801764931457,5.58899935758099,4.47443299768178,3.35957498868935
10.1557889557333,5.57090052470192,3.16172046948888,2.83517781370173
8.43358741446449,5.22345228151003,11.2979933269386,2.32487419803797
7.83646080747412,4.82634555476515,8.78644461016386,2.66018309103244
10.927621297194,4.62427112410228,3.06609119718956,4.07565835288672
9.167191391835,4.17838389750546,3.69920298309858,4.13304288465318
8.88022117273654,6.83644629440687,8.94968106328768,2.18859380483574
11.3882137826338,4.67569413177782,3.73279676339727,3.89666758019319
6.51660931727503,6.00206647822096,6.21808651245153,1.94608582419365
11.0687053776237,4.0732112989461,4.33398391341803,3.89019508963258
8.91577176493199,4.44201318506218,7.53970425440866,2.82085255597252
13.2214971805544,4.45213325233581,4.00141148502734,3.33504621248232
7.68748810310831,4.37362777341063,4.88614705875006,2.49810013157665
13.9771267950953,6.48841897604157,2.28665134982861,2.28344693966622
7.69302511878725,4.63371862785718,5.67465745098447,2.77832792806965
8.15756556503498,5.76370444103201,3.2855637971442,2.65636722011767
10.6270006559036,6.4061429573516,5.24631859026364,2.60865338632614
8.40236643234352,4.46345410228304,4.90569033958556,1.9662843349732
9.67930469949412,5.5876373064275,4.12868271411678,1.79569790316564
9.33800493606061,5.38779670871725,5.02688400318049,4.18632072882634
9.21323863498074,4.118871997913,3.36291387026092,1.87586116138799
10.3332162557266,7.73994040807854,8.31958437850216,3.18265821854498
10.083335734482,3.28848857186515,2.55016569523675,2.69657131656033
11.1821810466988,3.33558704132664,2.30119595823891,2.43953376063104
8.58554149633125,7.05833402831323,10.4245226400812,2.4440869185683
9.07238748912399,6.98874052694048,5.85768544209292,2.32447706175351
11.0837539383528,5.70978767231115,3.00034401682225,2.46457507437617
6.95683053825838,4.44084706736187,14.8532257647429,2.30964647023518
11.8680006319444,6.36763536461522,6.56696417413809,3.38566456883445
8.13128189905456,5.28118075285066,5.34895009286167,2.09090401448731
9.64120119532929,6.08371892515443,10.4008369225223,2.96942555478519
8.93950946699604,5.33799601835407,4.39982896731048,3.23182467135824
8.66778893404084,4.1132532972022,3.87548974343723,2.98833474861768
9.62620135633606,3.83815800857379,5.18057092706828,2.95580580406497
10.1672406334799,6.07299843405279,4.95068414861311,3.71687353775597
8.30926136828535,4.1061473905083,3.69494592517862,3.69868258331068
9.21920879154471,5.27979598327939,7.33198617892288,2.37917403256917
10.0824914491336,5.32457617017918,6.7365341226479,2.2443216342104
11.1898218256886,5.39940413133977,3.91315042366443,2.95320281003943
11.1892594682646,5.36392830122656,5.52401976954577,2.50232153556154
7.4055769868039,5.66716011570194,4.02893816045546,2.09012048251513
11.04009489717,3.28351963424587,5.26555734662974,2.65363308840222
5.23956848056667,6.38059042566091,5.22452485212786,2.25549347962928
14.6799697735553,5.64673042856251,4.65126179434703,3.0113445027103
5.97767638681561,6.04944923494039,5.52592970025326,2.71425805986141
9.31530325758037,4.95144843149278,4.74609049842443,3.02188868640121
8.46057581570776,4.0199884346211,3.57398037707149,2.67739953110433
7.12379898098398,4.58575489332278,3.5102212847863,4.00120734052528
10.7567301910655,6.3614573359781,10.065906045781,1.76565068666071
7.44011492870172,6.24193141712646,8.11637842016012,2.36005136381734
9.08766709345382,5.39867692767848,3.75420425471579,2.84946614080993
8.35632680086076,4.97053845937893,5.53124877538615,2.70117993256945
11.5151417981451,5.37615143526538,5.83147140478762,3.33241994893571
10.8289524160369,5.13140759560085,3.76764314356342,4.52487732186925
9.58652833524261,6.77315540519131,2.99701234232439,2.69154708120162
4.671671926,5.24173806743764,6.40459287375703,3.26365459927624
17.2593704445252,4.91758500024054,4.58424933492214,2.08340562121928
15.3927915769766,4.57717232638549,4.63861809196383,2.24001682923791
6.1385441565328,6.09726708057201,6.76579784195916,3.219688857617
9.14632741594639,5.1683363423493,10.5968163187249,3.95404978180785
9.28925044431744,6.74491214492515,3.94267963005283,2.83399935552231
8.07226565754142,4.21039975647361,8.0387149621834,3.34792030113739
9.5193520746678,4.01438277735058,6.36248168818064,3.35068906565322
16.1311889648752,4.95895216755262,13.4588364527614,2.6770252340132
4.89489382423108,5.16276886911482,4.37930067963781,2.94460891209459
15.7403320286121,4.35805374760438,5.19600966422611,2.6446001210432
13.9740733457187,5.8595530903148,2.66954180901163,2.40677805998452
11.8278682373821,5.63240002182264,5.76452199136301,2.6753955495018
6.45113730600269,4.64529032122456,13.2635177360091,3.04982727123527
8.59058757033644,5.24771519402929,3.01948207098189,2.27965621125789
12.8198237965651,4.80399664042744,9.13084847370757,5.93866477581322
5.72736645016601,4.55264296341984,3.73963656174877,2.07447921111084
11.4625816330624,6.31073021883573,7.36563882896866,3.79783398831158
8.49699468148245,4.57731886817027,4.95469536761187,2.52510223794962
9.17403557289591,4.71798839884105,5.1011040257189,2.85877576662859
8.71501810878805,4.45446467855417,6.41582374138323,3.0312133775564
10.6086583460366,6.18923124650827,5.38814376106158,2.88036630784324
7.93274897561061,5.51264755095323,6.47064943492045,3.13772283741435
8.86949404387761,6.29205374569662,6.46678544533743,2.74434995945673
9.30564711715924,4.05921885437876,6.12435690444104,3.02405278192534
10.1853819678374,5.92522687872374,5.18639277292218,2.29584355998516
9.94198583548545,4.13089114747481,7.42827197845669,3.35703749224072
13.6486707212283,3.89540916974117,5.14616082312562,3.66374909871494
7.42096730994979,6.63328531975424,4.89831857571435,2.17754692091295
12.3932004787016,4.13790908725144,7.85424133925489,4.6396610390734
9.52300631372297,7.72963772912758,6.14452879606165,2.02799051988547
7.50322064797096,3.79725316447452,4.51364234826987,3.36006876072053
7.71091758203212,6.04394290901029,8.09286775280359,2.15031395244296
8.22048616189111,4.18529767704797,3.19506857887748,3.8967376656368
11.9308257691082,3.83158992285178,4.91379086089522,4.61462887567139
8.04145180981443,5.894712739774,3.22698076252832,1.93837563191244
9.05354721701939,4.17254726968324,4.29973583196846,3.06213901507915
9.45304843022559,6.64810140789815,5.56982704005717,2.56378712399786
10.5766444998849,4.22572116574899,3.75427249866175,4.10503469142146
7.15325343922133,5.12637858303673,5.12314076349966,1.6631382348589
14.3950697381687,4.83702408559093,8.23977385937126,3.30027330534272
10.4067942933061,7.61574608503555,3.61343565802359,2.5843918465868
6.34211673388024,4.37945560347367,6.08787279059215,2.32956629742982
7.08751360846901,5.41490927371338,2.93037154727923,4.07074353577561
10.3502381866743,7.22716612564217,4.61544262714354,3.31816539094994
7.40768632016316,4.03867236883664,4.70801864465256,2.77872047210693
8.05742677487737,7.46126319706689,2.89292702621532,3.11403610669205
10.4831635210619,4.35690520696231,2.83095448571335,3.30320889273962
9.62515220044356,5.28338156871329,5.38462372506308,4.33197140445274
8.70699610491256,5.88239269542656,4.79770475683696,2.09544220463894
10.2302749720563,5.10041702445903,6.74482945943133,4.22185115895093
9.91218274081486,5.75202888117121,3.79540792756154,2.28435665834751
8.06796489985499,5.03150715737945,12.7269086394244,3.01025267013541
6.46132988739422,5.64499041508111,9.21650548828964,3.59674913312422
9.16743568248997,6.05833123039194,7.71480431513448,3.11509087001691
8.94231448128803,4.53671033221203,4.88616274505635,2.84195290605907
7.42721671897678,5.75240494601734,3.90243769274545,3.02753345600614
13.2993709509707,4.17390971556349,9.77635076729574,2.49889270987681
10.0363173060791,4.76842955880521,3.48409711813946,3.88264347184898
14.1479097411809,6.22065882466129,8.96173660066068,2.98794077583235
6.62603994447403,4.05844186166072,3.68828879330401,3.14511684859825
9.08853452447277,5.87928809247886,9.51502509405616,2.16523036830707
13.6197811188402,4.33097684452017,2.70234230364313,3.18577231501898
10.8553540347036,4.70082432627222,15.5472400636759,2.84302241925123
7.90223810679698,5.98656751805856,3.25705531563605,2.72640842595822
12.1023045515751,4.23647369252938,7.65490057212127,2.36753913343097
11.1310141832633,4.29327592779218,4.14553366808258,1.86223195989114
7.54125932000027,6.32189542793245,5.66723680270343,3.1260130357379
9.15056840457253,3.50275261526519,4.63898353717299,2.30281484232012
8.531998932514,5.29554351660482,4.54592611836959,2.03978147287908
8.90404086701491,5.33137176551832,12.7899791830905,2.50613942782167
9.31950109197716,5.47401343263741,7.30294259844312,2.05379611512441
9.93257257929409,3.74855431942396,5.23816105752199,2.27199122346994
8.95980731447361,4.30024136057302,5.60633933194679,2.26076347099812
8.89170834190404,7.19123426547103,4.78324940962365,2.84311223780497
8.37229865346735,5.17507470072509,4.30529962717682,3.08456554415517
8.40392071249487,6.09244509108086,10.9593155038741,3.10828359116069
9.18207237746671,4.01731684092006,3.27235808786705,2.1274380544775
8.98536102543919,5.84231003481402,28.9578232082907,3.69825643544622
7.78644900749583,5.1537939959217,2.17625091773436,2.53856455398486
10.1599426280175,6.81318104891067,7.819221042503,3.0355334864961
9.4632711258443,4.54721044361925,2.98411719266887,2.4446929804335
9.47492891274954,4.87652462829755,3.07606007043523,2.30395231050269
9.09174375675243,5.08369005387999,9.68502909138198,2.01458563727951
8.01066495067425,4.59177074626702,2.68123242790691,3.97424905782764
7.53211052545823,4.71817178106165,6.12333677497269,1.89424391524557
9.71160110079077,3.60299570879424,4.36083721944313,2.96332393451307
9.42189778020106,6.40638825334907,5.2259955163834,2.31997099268575
7.24134243226947,4.52263374284778,6.67173325663652,3.08565806905682
8.18202517141719,4.47294878936085,6.67678698350312,2.95113615392018
8.15035117332038,6.95093333994556,8.1633332651746,3.73605768284115
11.5107073329813,3.93244555633979,3.95920260697268,2.06311645770447
7.91122832337228,5.78768587383414,9.88846110913474,3.42574182242843
6.56220006829951,4.22103766266005,4.98066777207842,2.16139480763366
8.769579751146,4.80646456853351,3.53494477636036,4.61088560535623
8.29502377441466,5.16886193377437,7.03712116937752,2.24321392697988
8.07700989805792,5.15627836214292,4.5323902340868,2.11038376381031
7.24917071907017,5.68977713034415,4.17583247803627,2.17693965422247
23.948262951902,4.87610966007226,4.34925666462417,2.9823572257752
29.1038293829604,5.0142221375828,4.8159917206042,3.73585390393919
32.1703674922054,4.35043586498766,4.79705964759948,4.11700006632361
12.305491538586,4.86417178725276,4.03186089384613,3.10868551637194
5.31084007680265,5.57753770719131,4.9542487234968,3.80656231737424
16.2409625450757,4.89607466767782,4.2723232689696,2.27259524755607
5.54189853425385,5.6147533137064,3.69336163297082,2.5781406067754
11.5457166731833,5.13724391408505,5.98251272891009,2.40842516121913
8.61923561920952,5.30335183585077,2.55175597018167,3.5440453295779
9.85988609249068,4.60708010899686,15.3727767994019,2.55001557717386
11.8155402418731,3.69590888820172,2.88332843441688,2.76587021732552
5.85966982579099,5.70374580184026,11.4002628920479,2.33981216373452
14.2273801807944,5.61780036137856,2.86418664994547,4.12563954330092
12.0895859530151,5.70108467480261,3.17834992052905,3.51399995155087
8.82213852829315,4.60535680273836,10.4430058540997,2.63696830701449
10.3567556864982,5.61347054540816,3.7799262218619,3.76630222299506
7.3095592328906,4.7171446448171,5.22698864963004,3.06195374859802
12.2649086054487,5.04228106654791,3.53541671420656,1.94781756555817
8.57612838249674,5.64999719608994,4.05096970573699,2.67268693713912
8.35163025339224,5.48856349716464,6.12731353513368,2.32083915161838
9.8224931698798,4.98294150858423,3.81116887764924,2.41753463142421
5.64755202915506,5.26332391060637,6.15469032431431,2.855943475913
7.12062714535163,4.27065445348027,7.42148140777088,2.67591076512677
10.089917780378,5.03202600778687,3.73937984941006,3.01635737196556
6.98264167987243,4.91029682013445,4.39766287581311,1.94886766031406
10.1348329715223,5.09306790723524,2.96456027217322,1.82436790958578
7.21086831884346,6.59014512113811,12.5614009031595,4.72432698800006
12.5524273830119,4.85632655243415,3.78639973015287,2.03668853361655
13.4116332516184,6.59948852734549,5.26903671943487,4.14079642661175
18.7811303702172,4.21270167355737,12.9676988868713,2.99638586344883
16.6941686255967,4.41452265172111,8.50159194588573,3.05482490770424
5.29942072779717,5.93324893013622,3.78615730199453,2.67464650473927
13.0659654991126,4.80008317479654,7.19745942403043,2.48274624407133
14.5648995638278,5.07993150247129,6.33821145681932,2.4150380380039
6.57107770609008,5.70022463571409,2.69019773948078,3.32356042780942
9.68829353287767,6.73638862301141,14.2290425926054,2.41896497997128
5.46736917244859,5.0852033727581,1.40745708754441,2.55030137329783
11.2030811573765,4.23644872937328,7.85264506020675,3.01402605591104
4.68895392136371,7.12062164434179,5.81998028537962,4.22920111081393
6.69023969767368,7.03871568856081,3.51523363568611,3.07259985422981
9.77696565281171,4.4317854006289,7.49057332456593,2.4851399866968
5.66409766937392,3.64424523929968,5.67163818580203,2.41825937556969
8.62208861248488,3.82528579014671,5.20737907531541,2.94989273615276
7.5615748896939,5.62978483803906,6.51560828921389,2.48055614143601
5.14511650786106,4.58434367520917,4.87466390537775,2.90996674237577
16.579783771535,4.84480836104536,5.67862515616075,2.40359298074552
8.55631639098251,6.56420921420428,7.26651798274352,3.89018397708691
8.24263794061744,4.22805532310779,5.09749260619341,2.1748499083819
9.45700651011151,5.8622000414031,5.23542785461601,4.644387028311
8.95828076557607,5.51603283865892,6.1566783800785,1.79188101652009
8.02064272634777,4.67362152530195,9.30300066899267,3.01140396969361
12.3903222570592,3.95858524902887,3.10039327561992,2.08607414115763
9.23067083858591,4.6891107708291,4.73252462871275,1.9433517175555
7.27062016286115,5.51554500583394,7.60236183896813,2.80944692255519
9.72775538150183,4.81961259899599,4.0102096177303,2.66510524390827
10.2212782531833,5.22278558448949,6.90729367228528,2.81444000693099
14.5686294338693,4.38102863294447,5.95005566914242,2.64507700080118
7.48497714448937,5.22374833761812,4.56463865616217,2.35609729237162
8.43910929086585,4.10996151348992,4.52414721188173,2.13286466918137
9.4700183757766,4.60083103674548,4.31917016160802,2.66202888510095
6.05366806414433,6.5167138995484,5.33819278884636,2.20966377950118
12.6870506798112,5.23074052461092,3.44249242849534,3.26970224840872
6.74607191190671,4.49418482730479,5.47170766021032,2.37024176039547
6.25309897362004,6.2327583236816,4.84574897179086,2.6392862593575
7.71538062469494,4.75655620089145,4.73659582930622,2.55008080037508
6.27813599513618,7.02088402301541,6.17423028276035,2.34235914438018
17.7170112248935,3.33184170672205,3.57823857343611,2.62365647817354
5.51181618938339,6.72232443894412,5.05890128728065,3.10571521754347
10.7648852388255,3.93939300540905,3.34357857382156,2.45397327926445
5.90322068750618,3.9823458027985,5.47888628232959,2.99280981019741
12.0425287272429,6.48230583168885,3.2640613785032,2.92250304719039
9.16264241737795,5.86613751236633,5.81277015526374,2.2640559291647
9.51728609767306,6.22149472548263,2.9902215690146,3.50022289142328
7.60492770473958,6.27534943849295,2.38781058227923,4.5369561302383
8.59717878893231,5.20973327100218,5.6359923339343,2.91960838647023
10.2927758166108,4.05983241872767,5.60240761898835,2.69509145358083
6.43612109353888,5.49722117409724,3.63234884534943,2.57998575156168
9.37027409559142,3.78101211981273,6.72339829559631,2.21847361982496
11.1438523560282,4.30571077302205,6.46133401436071,2.42103620131599
8.18596527880643,5.1104663292905,7.02375334065817,2.31708008642807
7.21098577388433,5.07579810939743,7.81180164597381,1.92764245584844
9.40468378249473,4.04676728987058,8.24997068487156,2.2155482832063
7.87547885431815,7.0179861490423,3.74026626377395,2.80055261436056
11.4866514335991,4.53521559674641,6.58177190188996,1.85457253038287
6.62556689479321,5.28595288181447,5.22058059127347,3.19085734802456
9.22917328495576,5.52470799157493,5.27081759706858,2.24469065075217
14.3768425195037,4.86439521716582,4.9018195816308,4.10201338881014
5.27701200733672,4.08647868930777,5.13527348398734,1.93572087280374
13.7682662315851,6.26900224125591,5.83049239582198,4.08300562702498
6.0723933610291,3.15254535458197,3.78062289530371,3.15063706737249
10.3202188484366,5.48408357731262,3.61475587969243,2.26118099181692
10.0543599969789,4.16763005263202,6.01898752532964,2.76302630916441
9.41125514708332,6.52075434743466,6.21071964740318,2.88934723715329
7.4824989107537,5.51181926623961,3.51483100816991,2.73445412117391
10.5397394747395,5.3472700250651,4.04836089314099,2.51958530359003
5.76289930893139,4.10210799815785,3.27004387101907,3.77926474637467
9.43691320758664,7.47616596553687,9.10696893811259,2.39826994799452
7.91238598552091,3.15698644535597,3.26499877758996,3.18422225861447
10.5716304199316,3.74235775750858,4.23255924301853,3.9293304797291
7.42908519373428,6.83430907151277,4.76934553565189,2.24395936978852
8.64943963283494,5.61532742480066,7.53160393298666,2.28967906197971
6.9417385355678,6.95509975969782,4.23842229487925,3.08437374065366
10.0505817880142,4.3209621640683,5.4082740514602,3.49970209311122
4.89016864079866,5.76749580429538,4.49470690379661,2.91679354370914
16.7655128757323,5.2715062889725,6.41512857381033,3.03895383070904
7.86206944456068,5.35189249797065,7.33247303065438,3.10207844120438
12.1031555889058,2.94493140049261,5.31432343741362,3.71545294848478
8.38438616500035,4.24020917974486,5.18010435738406,2.73297829065189
16.2668316420718,5.78456404021089,4.72481290153276,1.95897800196043
13.4816476015712,5.83842360546007,2.48999181939744,2.29491100696467
4.48861508248941,4.07624696066886,6.13332926806963,2.99472093563295
7.52935839590276,4.75325390544681,4.53706914826267,3.21839815194243
8.7419712963576,5.64096661373222,4.99311061235074,3.40207614270995
11.5102483311824,4.49993698805396,5.12964973219772,2.446467906471
16.9207479511076,4.43146572559855,4.62127441918331,2.2559738773601
7.24825775716852,6.27842101548332,3.52649877520212,2.39693306167674
11.7210522907712,4.50882739424738,5.22114012739989,3.0389026453412
12.6908247951463,5.12571597497531,4.48680922990486,2.73354067968739
10.5029389330201,5.23210755151889,7.36599363188562,2.90611650975858
8.50118121824665,4.73401085521446,4.47643911720951,2.92104599153496
7.91089118761441,4.25237570430704,4.21204392207358,3.40301080824656
8.26223668337474,4.98700097163865,4.50928326095853,2.5417513810233
7.82634096265731,3.60548106439298,8.45189768787817,2.59509643611317
11.5019139011406,4.79969972546814,2.19947216818452,3.12188851931385
5.69410406689927,4.10262480675426,9.69567964767103,3.02334350504381
9.27289972741242,5.83898671811487,9.65636013547403,3.20546517527808
3.66666773611357,4.94268531952537,4.65514974523973,2.72566582880146
18.1110848983204,5.14416407952814,6.74148791107508,2.25361081498663
5.02093947102066,6.19134239859043,3.27931605666222,3.78389615243648
10.4650446037245,4.30164374266942,4.92076353962118,2.85749216899099
8.03755332497114,6.4897610208529,5.39972394250384,2.49881590456093
11.3950807845897,4.2541056225552,5.8042684748146,3.13988837755202
10.6841479850619,5.13285735427817,5.26894330133683,3.13396353300936
7.83780160064121,5.59148067589031,4.30350697968197,2.17701549745147
7.98814117046372,4.55347585818357,4.92371899305946,3.04610044290844
12.0197603653995,4.51946966611473,4.97241726767709,2.51896167296355
14.3012356196644,5.6161623310711,3.3962363491671,2.80916189080579
11.1916923090946,5.70964287111774,6.11908884846444,3.98671198218839
9.17270495082065,3.90582736811009,5.12162338222345,1.80538454250195
10.3451961418068,5.81600561193408,5.54559603231629,3.59274282385806
9.96116829021444,4.69927754629297,6.1362533461382,2.35229838119036
8.92572774544303,4.30209741192608,4.59359463610857,2.95989637891717
10.6129741537365,4.45038769000674,3.04668315034092,2.77366248879982
8.14225072291936,5.51760170508736,10.0096894864761,2.9255703043101
10.065235203679,4.90170391995592,3.49196463158688,2.63061466083089
7.07982942851566,5.06702494687444,5.00178997929093,2.82681140398353
10.5982394056348,4.34589153311115,2.99836582072077,2.37647124203792
7.05053723669,5.39412673198278,6.35313426048853,2.87554685245494
8.99504775411318,7.58090178368554,2.16554300818632,3.56712855572383
8.00156900789548,5.5877492430161,5.29751047053783,3.56591036573769
8.342854712411,5.07337915300159,5.08983415924576,1.95585536664137
11.0644916244527,5.45569788013983,3.17221126143432,3.29528242176367
6.46565109800385,5.27796573215659,12.0883457947294,2.46649846033433
8.60765052348912,6.64663856018191,12.7329731816613,2.44931430285751
7.40295164536952,6.03401430318876,5.89552330791003,2.06548489668591
10.3473613913433,5.49156595577813,9.12118390592641,2.91468557609798
9.41546186597319,4.18837704932299,3.36444341542825,2.02117150206627
9.76743627359575,5.62834749349036,7.04697260449222,2.27004056143292
8.51372701298847,6.83152314145934,3.99656842357545,3.49978151669865
7.97193430991088,4.66583671563442,9.22926055616966,2.8169345308364
8.85827491607597,4.8866649965394,2.63082718345759,2.73492088729019
9.18119379919182,4.97072087835236,5.16959266818283,3.76527847424823
7.39267609358904,5.62032976304436,5.76008968104197,3.07096101816638
9.46791101410142,4.29679433806796,5.50796134672803,3.08506848741735
8.33782649310638,6.13511218266464,4.72808476799005,1.99639118299733
10.8827350245511,5.29156074081156,2.80607013080422,3.49588354790807
7.4224528172828,5.32429120704624,12.5457448689523,2.63374518490367
8.07745937709521,3.53783100776098,10.9560299729364,2.77942709556604
9.49269332507118,3.46630186008178,11.7902328705672,2.89979598569949
5.56066873503423,5.64088831938321,5.94989564361096,3.93777084929737
14.5783238320193,4.82883714909343,5.15735210064933,2.40000022761801
7.63057208414729,4.41656495349908,5.90862225748006,2.86712373617078
6.09852079729483,4.95996939198683,3.46837068580323,2.77889225737509
15.6989552591787,5.80097197171266,6.64393697732769,2.85107380411924
5.51169232205993,4.35451194020034,3.58632924323234,2.86688427692874
5.33461786889812,4.6651453732931,4.3329096361951,2.91888759047673
11.6041497116382,5.57913773167153,14.9540414826609,2.65202674870123
5.63989764104241,6.10022565939392,2.61390227280484,2.31328688951752
12.5494780054243,3.21619322997699,4.73773912786502,2.62844816953657
6.05776237656956,5.71013439025821,5.63984833700235,2.80227351152093
7.16953295053945,5.71348109036902,1.47805338402385,2.00178747121635
7.17611788211437,5.36599055667646,5.29288217066157,3.20292208739563
12.0041035831985,4.40412702593864,3.19804242781713,2.44596282823776
14.3310756118928,4.44459737024569,3.0006531000972,2.23904616078764
5.49828701545824,5.70128919925107,6.49403432390638,3.12857240206546
13.9011654901542,5.1844769617565,5.94334832118351,2.58453153675374
7.07480550707716,4.33759256196033,3.89435513522887,2.5870539049287
16.0553621829681,4.77807541533965,5.40697165510403,1.79481898247448
14.1677716610794,4.6959912657795,2.97053435579076,3.60569058276888
8.18964943744164,4.82799408066193,5.14130899842035,2.4596189201831
9.12454165234455,4.61901683004978,8.01092767789042,3.35495617729644
9.88412020792815,4.5856566257596,7.27750898109734,3.78959292862999
6.62845483869837,6.65239333912776,8.68218190325947,2.61575215110589
11.9515355880229,4.8832156960523,6.5572821358729,2.71711836694538
6.26303151974428,6.52340415352049,6.13358030171073,2.35451360986525
13.7284131246839,5.7057639198816,15.6892561447642,1.98316906275652
6.61403078217315,4.65704018468263,3.9749667314047,4.14599942169187
7.57526331344049,6.0510117498972,4.47730390940657,3.42466226001093
12.2944004738291,3.95676802804007,7.23122852283059,3.40357402745323
8.75143025233168,6.15117991324209,4.66134940023714,2.792288083494
10.5343890229408,4.02871319621333,5.28114165255787,3.23502727229466
11.3598113193911,4.81711139834069,5.27827951360985,3.47835268147409
9.24138384717021,5.88197252906252,5.12031176069702,2.87383828867798
9.9675554072619,4.58998061060852,8.21321470761426,1.91543437001966
8.62499291766105,5.18724554248277,5.90430905973357,2.52485442127915
9.35505286844899,6.2358679456703,6.52713163492054,2.39532354433687
8.38381291910839,4.30799953786992,4.19933710539259,2.43156578464849
8.21200689512027,3.5868242625249,4.23501512951501,2.2108062498072
8.69147642966093,7.10775899182991,5.87790057484133,4.2749164370547
10.5970329511297,5.61680378556554,8.09060335948347,3.07713038374306
10.689372813022,6.05990627759256,9.28998385835574,2.94895115078222
6.64360746029161,4.36733260188739,13.7815031463331,3.04272641238161
7.64106054378264,4.92344593310647,9.747893901004,4.02827607310712
7.84878547670355,5.08023731073149,6.41490382267178,2.25778365485496
6.82490751076522,3.703145296258,3.82437349303492,3.26672624039971
8.54763522636101,4.84755194266085,4.8902363741615,3.04941255689247
12.4270123750455,4.32755637225022,5.2575869936292,2.9699881458012
10.7145753757367,4.36794401548351,3.53260826406294,3.00663811262041
6.59237761747266,6.47861703331176,6.2760975253847,2.07125769655933
6.66504077100447,6.65620837413558,6.083976775206,2.11761718980981
12.2178806039844,3.90151892047846,6.60089644937944,3.71787902539996
10.7490314033619,5.05666335273066,4.48807044502634,4.26641450562385
6.4407530306032,5.69698084751263,7.34305239584533,1.62493858709403
16.4972808479019,5.51927705674649,4.55215447077145,3.77186841284984
5.92110205621303,4.77843952848824,7.41240756587652,1.81301262290902
7.48861050254516,4.81020446530855,6.49530522500433,2.03023047001268
6.65362576322313,4.44958691968801,4.60150189361432,2.71930594141887
8.35366333850697,4.5261327171564,6.00083426629415,2.81949841289396
6.66558850785617,4.57574750572164,7.05004435022479,2.6805190941079
7.51513607081858,5.1250226780757,4.51661240393572,2.79001470329277
11.9648695116129,4.49936976880002,5.10769394801753,3.25838229825826
9.32812510317998,3.98094942435626,9.13467210129485,2.12416313196147
9.21229868198626,5.59288250059506,2.85016930953539,3.88619819553729
6.19717305614759,5.26506817017536,5.78091184822156,2.00856212253958
10.7242683243524,5.68214820772105,4.11620120643465,2.95174738504348
19.2605862595008,4.552868655222,6.86322448768354,2.14589892243867
18.4350004140383,4.58586697672069,8.40672571009944,2.2049369902881
9.3491167164096,5.0446009592623,4.64761286227713,3.08362141010479
9.66850915197898,6.39843507626841,8.12237130556862,3.24707324179844
7.99110106480525,6.29738769116804,4.75888634543232,2.58124328388858
7.86975154607226,5.20689569893457,5.11012238041517,2.82537288231048
7.82299504806326,4.64706356200077,6.91249935041346,2.97027786342977
13.1444960062586,4.99494525121991,7.70239159285953,3.42770908774015
7.05499854919223,4.5005468195704,8.83505779486179,3.31756081857282
8.77097716335967,5.63892938346122,3.944410591936,2.39461769184433
5.65865355399022,5.98500486989471,6.89985582600054,3.01282509934899
7.43078031504317,5.15852497398201,3.81614803852711,3.43332894257613
6.02904942849842,6.46421825606947,6.31181704992699,3.06666120373371
11.4466865538378,3.66695026175577,4.81020586616575,2.30785584634668
6.38011753000077,5.6580683371488,8.31086952235619,3.23556379256005
6.8871126178374,4.48091574950927,4.6655993092036,3.14408741233115
6.57908919110308,7.61672595979494,3.63651153059657,2.39407929240181
10.371353711197,5.99366993676028,4.64225519616337,2.69834261362944
11.2712861573785,6.29274418700538,4.3354300588314,2.72318395729205
13.1371171539392,7.0292538331664,3.77224167887903,3.63354386116434
6.44368357507288,4.51573192452604,7.35598297452626,2.38560746547515
8.22402299438991,5.10419000296632,4.06436732971254,2.70903097093544
11.8225503123743,6.1218044830172,7.34208293447365,2.84498655810535
9.28895060671061,4.76969705333784,2.54440399610585,2.10137408560722
8.65995170115376,5.68577779404985,14.4618585223493,3.31993818332036
10.0807394258839,6.22694033527961,20.6808413468293,3.30866438855735
9.19152664395675,6.71297925071099,18.1486117175028,2.94234371539281
11.687075560484,4.81371599058068,1.8716671192887,3.02630426144522
8.36045557195875,6.71106471177958,3.65567597546726,3.24827238297493
13.8563797291465,4.77817923122471,7.19866480052521,2.90841697536389
6.64107332572199,5.1288778591958,3.8424017760408,2.72399569609584
13.5145681019513,4.83326931085505,6.25901834839483,3.14372734872667
8.49679036440318,5.77246927533613,6.71247624685973,2.91501930833453
7.28286290747934,5.25321469908318,4.80989087209315,3.69759646609785
9.35648446752446,5.84623128976973,7.73348451951714,1.84631763861812
11.3448505005167,4.84895435300374,4.13980273224964,2.0872611316708
7.0638027153232,5.35800818849769,6.90402654173971,3.75617640638646
9.53147858044027,6.63966189151258,5.22949067063569,4.15903756097303
8.53198612620223,5.74197249190236,3.91130844566937,2.66628566633815
9.07715500836198,4.78831037768601,14.7777411822569,2.6949988758661
12.8698355328252,6.06504722086154,6.7820622845778,3.35057920097907
7.84331692571005,7.50406601980828,4.03047808616941,3.90000951313284
10.1300220787345,3.6958417770859,7.49833989504064,2.03900202678255
9.29785726571685,4.14150371415563,12.6959315815989,2.14204723233328
9.23370101107139,5.86040449719474,2.55813484988214,2.8992897552614
7.51363139973968,4.4061329526015,7.64086468676169,2.93036868209267
7.37664607367661,4.74389936041046,3.00115029164231,1.94826830661328
9.74551084776933,8.18782723824946,7.72871475795616,3.16390577392221
9.11708693345081,3.17985523284175,6.65449283055268,1.98773605467131
7.44263300632488,7.96386235346753,2.41399611024193,3.26150519183362
8.87522203562035,4.44837035573266,14.7345911726074,2.21327244676552
14.224116730409,5.33019883257746,2.87599879088015,3.4188025743663
14.4120065369527,3.71804548778018,6.30153929360666,2.04886820503253
6.99052606179155,7.42796107683564,5.72281115217729,2.98088572022958
7.99514101272232,5.6544663366223,8.9778999959036,3.44024943914536
9.64060554122738,5.70309679385287,3.09189789133885,2.67324148635583
11.8913838962694,5.11132254475005,11.1504645140731,3.10639569166754
8.61834297947247,5.4582598048764,3.18190039006278,2.57891718282797
7.77925633584011,6.56292249806739,6.97507330678843,3.16487802709395
11.3625355594423,5.19031821019512,4.2691451954351,2.56104686539205
5.40448562408424,5.38130355334289,7.65021464323202,2.66551535128443
8.69634381071366,4.31637351914973,10.4822175468629,2.65900721477115
11.3405668694632,5.29154189683226,3.37930185233622,4.11937949561376
12.1361038405096,4.9157404884847,17.1405491102791,2.39932221431086
11.3555683418703,4.90748444881957,1.79362104286449,3.51856602129125
9.50101916062105,4.81071310774608,6.36133557889439,2.03574186852405
6.89209877981439,4.12441298450349,10.1399527608003,2.00862612600027
12.4485677393767,4.78544652107811,5.47562982465452,2.60139959198279
8.04876553123161,4.8582709924861,3.34282347135153,2.17693131453604
9.75637878011966,7.17266569505112,4.32745611883143,3.0479315169613
7.33459045236877,5.7931800466216,7.39507991230323,1.92892023493253
7.70084286789475,6.71801112573158,8.50604903896237,2.02646310016439
10.0885114825105,4.29035376195796,5.92474458209316,3.71828506224494
8.67720281434253,5.88340040547378,4.11780583457541,2.12499832429806
13.780662395275,6.49266489344404,6.06779113500681,2.2007879380586
11.4907679132308,5.94671008742931,4.96387698840813,1.93453630917794
8.11334123294155,6.98898898399717,4.41413142411057,3.12289239047817
10.4845104053682,4.42271929053292,4.15210875106615,2.97810027588306
8.91056719517544,3.70451829779624,4.04708304103519,2.51974596781395
8.0167332053724,6.20190609729116,2.31177848463096,2.46651588728593
10.9541034701831,6.16437029576266,3.51552963740224,2.25113680255634
7.66808457199721,3.67810475662703,10.2945115820588,2.48587675176639
9.53445306613829,7.86256583979988,5.53259960142305,3.29863617395076
8.56258542809922,6.0194308507155,8.52996384964558,3.71527388708148
12.3257895985622,4.09374076665428,2.87131851286621,2.13685078008126
4.60535003771288,5.56879893271022,7.2943867179929,2.87026460778753
12.2512894545728,5.44038425805279,3.4836504508397,3.42269351770082
8.7332757965118,5.33562833116225,5.55300502497781,2.3789366822839
8.01683816605438,5.98696362715221,4.01121577326018,3.00766004983293
8.92068491634767,3.76607447349018,4.80466629777748,2.67244451697422
9.17139691930203,4.69752500440474,11.2458770196638,3.10835530231694
6.51393314825511,4.95939151229519,10.528084790395,3.09016828446184
11.1383847039867,5.04680391760526,3.0341111018918,2.47958270065023
10.4552373518752,5.27822850816321,3.35407921192596,1.93095858440203
12.1784766480863,3.93948134427207,3.52676908133997,1.80916327179576
11.4192948253543,3.98841900829109,3.13087562419378,1.66365910681241
12.2530704353034,5.0991105078887,6.12178490680218,2.83210561123553
13.1078490732307,5.2191556295317,3.32701996531637,2.19057522411934
5.79566107874466,4.62673947501884,10.7330160591273,3.00123980038045
14.1180940264772,7.03776593619864,4.1610004130271,3.17879056534516
13.3672063178756,7.68239388060988,3.71638888048071,2.9543553582605
11.0921329616629,7.02216875881156,3.55365130941625,3.56708877609231
5.73516565519812,3.76129868183999,3.67594749224465,2.97975919062481
8.44166983799461,4.79704695177654,6.19860934593552,2.47697596982576
11.6201550057219,6.61298286946422,3.88570704338972,3.07150766955613
7.94918081952452,5.98179888552783,8.52383766183603,2.94478654796592
5.87767560815525,5.10355734564883,6.56776002013803,3.14768854876568
8.41814755015834,5.16255468950972,2.90471850153821,3.12696605341549
10.4105627394087,5.30391162642142,4.6782228124048,3.25281109144065
9.57865307514335,4.12373777140707,3.89213151271679,2.77702229151566
7.70444879223635,6.0180349668869,5.76327321703577,2.85520130810608
9.94018405817659,3.91197338879771,6.61258324317521,3.22756359764096
8.86949617623543,5.24357709618673,3.18905635055601,2.23521419820221
7.7671494112885,5.43380890283853,7.07462959528315,3.04802429045872
12.9403286849599,5.07196911256209,2.4218943035955,2.58140659122279
5.96791390911957,4.78994381001822,16.01547079618,2.81270540484303
9.29821213484467,5.28605333653402,4.22968367223593,2.72097784484094
13.4135331263877,4.63093990938724,4.7518655261743,2.68257598751375
7.52546880666974,5.1312145419025,7.63445186075004,2.88383443330067
12.539185933485,6.26619435613624,12.5758065939471,3.71317731149538
11.893329198024,5.39698523387832,14.0686000207333,4.77564129185655
8.42487244504514,5.89632762633697,14.5620212719253,2.90226022748759
9.61678366062906,4.36267332116766,2.79890878019165,2.45089213137608
7.93296060895174,6.06854847477165,12.2848917348419,3.99514038033544
12.2445101090689,4.27694608906475,5.24199800653472,4.21762740857816
7.42823505942866,8.01884344460929,3.99336443959256,2.34103483241329
9.69360501284601,5.45842818920904,6.09405098310014,3.56666760394093
8.70484994310863,6.18041459091631,6.21337349041815,3.7469750649647
10.1840869057794,5.34030781484326,7.19743979056125,3.91190900552897
5.45508967559814,4.9630567948782,7.14988240684445,2.18588099195984
6.86169763200601,4.95437706763665,8.55815233446051,2.90660445704687
12.3834969093652,6.95403570617766,3.19292925003338,3.61485888135228
8.38707901907412,4.06680596944073,8.78063039056571,2.4985103464878
13.4008612579186,6.86810783759968,5.29122494124388,2.31646146514099
6.47562855553891,4.8600256459026,4.52838879610207,3.18010217385203
13.5274764297744,5.57754519310345,4.3257247927962,3.03096933540703
13.0649357203065,4.70855438134853,11.5944406148237,2.78840960418118
6.77252961535227,6.92095404841322,3.76956851351019,2.91496232837831
8.68886025177966,3.69093376175114,4.75853236441168,2.69657639579138
8.00873957317982,7.57587823648849,5.10336876211288,2.73866506480421
10.3914638799464,3.97569754191622,4.7833970239831,2.25643201916255
10.9850939677325,6.57577141063849,4.82049229956364,3.43085681155729
7.38804256230326,4.46515658802303,5.99367279532907,2.12074180136352
9.61161003529202,5.94953039694803,6.69300827825379,2.59386437357941
7.28332269628051,3.6059500919415,3.85244897238509,2.85250707620178
10.5666566540923,5.8162894616042,13.0668973277476,3.19921206581391
10.5641638610355,4.13812811482387,4.92647386560276,2.73639222523998
7.32659343491351,5.4531934960396,5.40544379821595,2.16727718083816
6.39391044379813,5.45715801587295,4.94671259728592,1.77371134121854
9.18108144482015,6.42900915993559,2.75261504909216,2.07473156067911
9.06518828459048,3.76764057780379,10.6236778611519,3.2950288731248
9.79824242088357,6.47700789252334,4.02246951434041,2.61097624305743
7.68706791252674,6.52247669392422,4.5730511273222,3.26186535126137
9.75024132125035,6.26469108569541,5.8222863189356,2.35360768013642
8.12450394902501,3.75949234401193,4.77120334131816,2.67604293997062
8.3609079054875,3.2407393472656,4.30956721991969,2.36065292360981
9.51724616345236,6.79710888173347,6.45615129614261,2.42221223210138
7.39700149077185,5.56308238286301,5.97614942775346,3.2004835494743
11.8496150780195,5.54621701477825,6.29653324750456,2.29000063272173
8.30721389568413,4.72934496750398,7.9376490034354,2.75893347863643
13.3224052882843,4.87402978191239,3.90657997738042,2.30563933725523
15.3668922547427,5.07265291959068,4.8888451280118,2.21346704886885
5.41260797800893,6.24609024235329,3.63963989218794,3.3989042747364
14.3776745370083,4.72146565341059,9.77213953463803,2.17649107135808
12.4226478343265,5.61663527566467,13.4389269416858,2.17672876231466
5.20202787613642,4.47767022198736,3.28862338701498,3.49702410942189
14.2636634830748,6.53049646427631,7.52319998427972,2.07465463316598
12.4092749067492,6.91228116797965,7.52417355431243,2.02337500445139
6.80506948011003,4.0546760918405,10.6500046698853,3.30868646718167
16.8213698354308,8.06324866316871,5.30712362754121,2.74477808204727
7.95847654200381,4.02418191759586,5.78011835471264,2.65192658767643
7.08721404420491,4.97290895949405,5.47381719615704,2.53386492016504
17.2876840673091,6.11247266560014,20.5006791271559,2.37002815000199
5.3486231517991,5.34521946594551,18.2237799682731,3.25417476397072
18.5006386947598,5.33320615778433,25.2240780520759,2.71238916653464
3.78137679681686,5.45463392036608,1.88623735600153,2.82802319235511
5.12763166912766,5.06199577168237,4.07958951508947,4.14587702689393
6.64614696090473,4.7205090647593,4.12576960827734,2.5021124782075
14.3842308174257,6.61143227688564,9.63980962182827,3.33586393432147
7.33935038676257,5.33207312062737,4.49108320701464,3.02733157048456
9.27862049695176,6.06735403196478,3.53510088133757,2.38880971822952
9.60803330978725,4.70378953808473,7.14980469563496,2.90346534073949
7.48624555862207,6.25578298385892,7.15499856211919,2.69253759372832
10.768093398225,4.36305193758467,9.96370058146917,2.59680850165901
10.4382610972053,3.96370224362386,12.7831853573371,2.91487777747771
12.46807921756,7.21580111510206,8.16500030368611,2.57239579723342
5.43784692186724,4.76625448601777,4.80279058385113,2.89156785703424
15.0865835742125,6.23416856107852,5.82263992106229,1.99844625745919
9.19065546992897,5.11400700394482,6.73480686786041,2.93817595407788
8.57162690717821,5.63546155736054,4.19467552769773,2.73388258547708
9.18480642447415,4.33194764768833,8.26691447226364,2.184002023006
8.23561150370332,5.94306537826109,2.78819335870032,3.45632201586416
8.53920459106004,5.47363568250888,6.17758322120247,3.06919856318085
6.72692498540163,5.29206140284462,2.86937680496222,2.16705204375828
9.01379211108261,3.84359355107925,11.3485538208808,4.33049325301365
6.67371206213078,4.57930897868571,6.571868455651,2.17709853913228
5.5354881643032,3.54234569119854,7.28986492483646,3.06666195456366
10.813215861577,7.21045607332465,2.70798079813021,1.78176878120389
7.55928992998344,3.6816585095779,8.96502643439874,3.26776363892476
9.63549051469937,6.74397226771637,12.1953601941044,2.45745669864426
7.35448798010304,4.01028037897449,2.46220388809936,2.47009982266048
10.5202226399924,4.69214242704161,6.01622022534715,2.4820000444868
11.6818818498711,4.04961136872266,7.14293208808928,2.36641789105986
7.21777063873842,6.38290505269573,3.92821566735651,3.47422217313698
16.3833314191024,6.24074891961201,3.8064750618241,2.55606352439775
6.28389496340929,6.06897229827267,16.5842167095821,2.84605176214514
14.0196958070807,6.34565619905648,1.70116226683727,3.17659535261247
7.28407971615128,6.99286617593715,8.43481309139269,2.50536694459268
11.8451901400842,5.17901158537794,3.01641152957752,1.89917565693309
11.0042857793045,4.6089146565622,10.6789675176831,4.56982672647728
7.65774499094653,5.00162066516287,3.17320893841784,2.10695029766089
14.0099261748275,5.25090622316532,8.74073525348166,2.89789435057704
11.7003716493166,5.00601643421079,6.78418583572815,3.41503629004866
7.45256982958555,5.09651807874746,3.95828739727565,2.50220545458407
5.14132841567148,6.10747406169804,17.0115718186362,2.52054372968992
6.72324778650485,5.30334745623568,2.79847378981327,2.36830949206218
14.7097414535404,7.41657414137283,7.54549714099249,3.41455855537644
11.7467372233965,7.69745812087241,5.95861609516743,3.45066214997128
5.8693623658157,4.71217083867897,5.22459880303118,1.91192961181608
12.1566281083105,6.42845272795214,3.23331018893299,2.5413879177804
9.66012723355711,7.16458508879506,2.11599828364829,2.65567475402505
8.62349367534296,3.84123725468425,20.4292742324791,3.21108882916774
7.48953498342529,7.80790232053264,6.96587425179578,2.68063508670708
8.07055767064112,3.74854606858743,5.55517288927925,3.32730647753238
8.71636515425013,8.22295746015921,7.69038489500112,1.74314142107588
8.30912273671482,7.57272824555664,7.64286569254926,2.5708178291338
6.01809130303945,3.27630116719317,10.0462025709668,2.98960068372452
13.7592366839695,5.06793420432269,3.23881067381107,2.55274393335266
6.35468225991578,5.99098584259896,8.68277900400423,2.92130787990388
13.0520645004548,4.79048848156717,3.73197744312116,3.0968527868066
18.2702411273845,5.44319288378861,3.79572980556436,2.32566229311345
7.43387741829838,4.32097675558026,5.02829323587064,2.90821602010639
9.99616462114621,4.74269112589524,3.51985727658592,2.43646847891444
13.5911516443664,5.41465935608051,5.94500646707314,2.39183189232782
9.11067272902148,7.16313695538794,10.8980002114459,3.09125517800058
7.56914117917398,4.0517959156133,2.8125987624397,2.10744972006768
12.6907522106404,7.81938585257483,3.94941865478657,2.99302335749675
8.06904623899708,4.47785339414296,3.39010885495567,2.15930229780293
10.6042933877192,4.50988110166508,4.66133528615652,2.94609317047982
9.39636673350128,4.29474624622198,5.07530370341468,2.92488536454504
10.7472751617528,4.36506385284372,6.92905899268619,2.25222828440655
8.50312401653526,5.65383884381101,4.94757580697341,3.42507804367025
7.88370281964281,5.70688398868245,3.56422031929664,4.71281753708518
10.2858198368631,3.54446389678189,5.65674203927114,4.66392504773695
8.51862692625749,5.69383076752168,4.48768902742731,2.26030775586264
14.4141566852807,3.77953174593055,7.43658671722379,2.97258864695971
9.85968997768555,5.38134620112463,3.28971696847392,2.05455727939631
10.9581246067024,5.46133706146793,9.66944025523761,2.58770741873921
6.36206717366608,4.21515783601294,6.62816724730016,2.26471842355331
14.2396777187468,4.91892966719237,2.86261834002786,3.46511481913997
15.0256263382444,5.01969021495398,3.23572563818797,3.27599257009426
4.93042464819082,4.03791453988159,4.91777682796858,2.13792612207168
15.8533915908517,5.43191805213426,4.29935131999984,4.26710869458853
4.47515867017874,4.87632831753477,5.35687668521886,2.17403565709006
18.5075938608377,4.9394309884701,3.52598156748743,3.25300099440196
4.98240010761352,6.16963017319961,5.22675273832613,2.26206800226224
4.80561212092207,6.26395281003983,5.21826893597459,2.25229321939545
14.8722466558671,5.52865701896508,4.88887683592113,3.04986011925301
7.76762880699129,4.95843218824955,7.3264517912733,3.82047923200275
8.21005780069492,4.53575685151029,7.3824095378513,3.56420143670643
10.0285287157723,6.15420541426425,6.94197317376154,2.00751021013462
11.5192279128954,6.75094974217801,4.22725574812614,2.14982479686574
10.4608612841391,6.71703727291937,4.25533578275649,2.05359393090778
9.55223852602153,5.23891600478968,4.94588688522043,2.34744018207329
7.74369006516666,4.78429954344048,3.35128166126998,2.40048953946673
13.3219176392385,5.23077429174096,10.0341054806496,2.22711524938814
12.7303465437209,4.66048951813543,12.19141247868,2.29776683404382
5.76209891551901,4.25980897580863,3.7451455941853,2.75458016272663
8.56292743260389,4.97520972506064,6.07552883229845,3.02354445046734
11.0187527636889,4.9230491166075,4.69641770013408,2.77721087791061
8.4867359243014,4.76282671558568,3.70707845559248,2.67626394336033
8.12382000319589,4.86865906965786,5.47268826433231,3.15481406757726
8.91577543881058,5.61574048288607,4.65698156284432,2.61650618909299
3.68902902154944,6.12397656717812,5.96032030083011,2.93486854226692
17.0772740300136,6.84959370462712,3.26314168889038,2.35162618947638
4.96049448549597,4.72057888378745,9.59479922014028,3.8173272329962
16.1451463074151,6.16126219000986,2.95411785900199,2.47870261613589
5.77740867572308,4.06664323482652,7.97036551928944,2.64221465859591
9.4043238402961,5.90017193180559,3.70894874303571,2.25870261524484
5.15321003612346,4.43083375682992,6.58341362858604,3.19340430558501
6.15343165419469,5.05088394746144,8.250791650972,2.77887015994128
9.69003389230598,4.42026503186475,10.4233960548017,2.72576424799124
12.8403237109069,6.05080998065168,4.44877292365765,2.28592142124635
7.25069221999965,4.03123277628215,4.96428975811293,2.71411394300407
7.15726273864965,4.496851726615,6.99829750816887,2.66255597252929
9.5875936450141,5.70156156418683,4.95208096315953,2.69218790814952
11.0260369971908,6.54029636827921,5.21066978880462,2.97771970319346
11.1950380583104,5.77946028136675,5.92279994892188,2.98335070877986
9.88597581718302,4.90377412221661,3.4981593992333,2.60575607369998
7.89388645552127,6.51149912558509,7.59733592113188,3.38399032864906
8.3937110278173,3.68523218321545,2.98019160318264,3.14026170938152
8.68289680470133,5.0072423512712,7.79222930540769,2.40823421546094
7.04379428170924,4.85782429090633,3.26113084858495,2.54407137561789
6.80363010374567,5.00883043947617,4.7304471121536,2.60977948901544
10.7061564145078,4.83716461846915,8.44769578172422,3.14702220948839
10.2574079893363,5.3011920505441,2.98769369172481,2.63549046419278
7.82121708087879,4.40462857440548,4.63595606243052,2.57216968750962
11.030589992905,6.8337347076783,5.92836327664018,2.19888786334376
8.00889780889092,3.95563528193147,4.69383554857696,3.06338200832397
9.08645986427316,7.03355934654958,9.34970390585083,2.80078214630163
7.44397912236998,6.27309783203388,5.65644032941861,1.960851666138
9.81848605447995,2.71323669709354,3.92907756910643,4.05603846320444
6.72277879821785,10.5779945659571,6.11076238438794,3.60343025992176
10.7843155503503,3.12265778307825,3.9613636439689,3.19903413202252
12.0900139776529,7.41191356327917,5.76418771543552,2.62496888482318
12.8098288896013,4.59770693368578,8.7498681285309,2.48726878231332
9.57191139997843,5.05654438427181,2.79519910762692,3.52890257157222
9.96353865457507,5.37613043397187,5.66724928094834,3.73798598933341
7.82026577382901,5.56033590123426,5.00770986050713,2.04375451837792
10.0010876552855,4.72215889557302,2.36939840582811,2.44494671790327
10.0950178833535,5.94168935672547,10.011668200515,3.46595635258602
7.64884066752836,6.88174998364295,2.63118911917548,2.98673802181511
9.96982140499245,4.94813591515714,7.8292712781988,2.46577002917752
7.02495802016291,4.38311790745788,4.55315803922113,2.77025249847444
10.3153524791519,5.41255987527054,2.79078363965151,2.44757918988764
10.8524070292421,6.37394686176167,5.17183925900032,3.02426564536482
7.42530131964529,5.20943807497211,3.6601058616017,2.59729009632261
8.24765182607812,4.57044566907694,5.27312046362135,3.5049778329912
11.3065868351668,4.77757862418564,6.56787235054485,3.01950924845753
12.4893122375771,5.81137311319122,11.4490671694758,3.42705197255995
7.68468547286153,4.55722842131756,3.08821836490355,2.32022751425758
8.3532011982487,5.42541058019575,7.51620890727294,2.95965801165792
9.94820082093529,5.52131155778381,6.68002448040571,2.13967509854753
8.99127768426881,4.39880787611456,5.74090765049133,3.45873700234478
11.3956953484312,5.51441962675748,7.0514317757978,3.00626501255956
10.1699248345634,6.52521689924393,2.89713252325556,3.357733729573
6.42965803910897,4.99117466243434,4.83705581279904,1.98320494329902
9.87229508650865,6.57422234084587,4.22138472474969,3.66823932349139
6.95649586517373,4.31139811144506,7.1420676793146,1.59825926802524
9.79844894750142,3.94255280605214,3.85562668442616,3.48933082471965
5.6802635411368,4.52502094166344,3.12241699711283,3.28076135726208
10.0804928385841,5.18568566613531,6.79081247208305,3.96900201875907
8.49534245608603,6.52898157710806,6.17099493108978,3.21074852619406
8.03859819972058,4.24147082209867,3.86456265854117,2.23984893857737
12.9013813524754,4.74310155180734,4.53299097629438,3.53485934118269
7.01470500431602,4.30298461246913,3.78028402367822,2.27227891637381
7.84065516502278,5.48626305117206,6.07515832947132,2.71372649510132
8.50551478427036,5.31993882623778,7.90284844889642,2.39522496114171
8.70380562767849,5.22664655914826,3.81962294982203,3.52210287986551
9.65116276953474,4.79202306917504,8.77648036444537,3.44157075855921
7.61964382815279,6.59007315970332,4.23018958407578,2.892796260736
6.6113470845812,5.19586275688821,7.11227699645693,1.83160159757644
11.3588034649538,2.98676626495847,4.17770036947937,4.19926311892971
6.78304700966874,9.90103180676287,5.75428670231163,1.84249255649024
5.71954546577061,5.05129138095316,5.27587000564204,2.54599748184344
12.354408925948,4.82572354363727,4.18860479989911,2.84760317504836
6.59988288699677,5.13881055299311,6.68444153501827,3.05557667043063
10.9379756752826,3.5835201910671,3.22609109920005,1.90808972532187
11.9089754599893,3.69433958605638,2.87464206455892,2.07263757102808
7.31694620387522,6.25899065160231,4.13752130920225,3.55885540313425
5.9135888352423,6.28286506894177,4.84941416233049,3.80580844199338
9.70289748340356,4.30841202564136,4.23219621438624,2.26038703188165
6.22317378913038,7.03065933369816,5.35707824888469,2.82262920088707
11.6890153381009,3.79678667906191,3.73738937553092,3.18008979441841
6.40503469838601,4.37207506860006,7.66402426540267,3.96264197159168
9.40649414454761,5.91143925057756,2.13405582642796,3.61452267126647
9.39040787391669,4.48154073869812,8.18819435581913,3.40078621974199
8.37170724714048,5.44668144780621,4.24168178422726,2.21253744115034
6.95302174289037,5.10710470808921,6.55993365474648,4.02504961271459
7.41549202264521,5.59498487161187,5.90642614667206,3.44858402319063
8.60462264386702,4.62287143585087,3.48395086338506,2.06303953969568
11.8864078076608,4.42070534223183,4.80682253269781,2.80743628150296
13.6797798454426,3.63867984569505,6.50605309998324,2.50146081943917
6.79015866769452,5.85244339016972,3.13779357365654,2.38225125537829
9.79981205351417,5.91585608964136,5.1540506979887,3.69416265242393
8.81576695629279,4.99367220154916,2.91267263575663,2.21663212082675
8.73108954838235,4.80991811417408,9.6812113625613,2.67960536792419
7.93551199391952,4.96474082132255,4.10450458891775,2.9645591983493
6.63129129392702,6.67915751972556,4.55424875554889,3.55782713589645
9.9268902775945,6.02829605094783,4.6874719232699,3.05797801939085
7.45762976248997,3.95589616886186,10.08943062714,3.53647864208619
9.95429756148174,5.52851120487732,3.60936603281061,2.02627868186442
7.46322639668542,4.60718345497722,9.21630283957252,2.84298280511524
10.2612467443543,6.20673971572125,2.91673849485338,2.70842985652543
8.4930389837332,5.48673480847881,10.312312990022,3.420148504078
10.7600195068621,5.52178925209681,3.16016167677948,2.56269657605273
7.01945718722849,6.02614853106898,10.7394273695622,2.54433465130909
9.97811734405086,5.596427009412,5.56162140555167,3.48987404772624
9.33331173651484,4.43344836712211,4.24500020887552,2.44608614626708
9.11461541617546,6.2189158040653,6.9090202646005,3.92519600182546
11.4569442565596,6.35089893980856,5.62395960609779,3.61542263784866
9.34094917393589,7.61078364315191,7.52902452720279,2.44705005966388
8.78213934897789,3.38943579317015,4.09626320941345,3.39331857575966
8.62754417726961,6.66460217317976,4.83730222145557,1.84637687860946
8.4268554526967,6.21988503440944,4.65375668006337,2.29490583977676
11.111938176105,4.15562355334755,4.24963388664673,2.82440023186756
7.5155454547482,6.09761617156239,5.16422034283735,2.94359301188782
7.9322508083919,4.54575678432279,3.25343126890708,2.62379357876345
10.4141773621465,5.15574622757476,11.1499422241822,2.48899667975841
8.34369830285176,6.40175836196197,4.10950080281292,3.50097253630626
9.57139242800014,3.52697434359773,4.0894420963715,2.71853343854568
6.58427413028563,7.01975866141558,12.318941669384,2.31976589333118
6.24800807456127,4.99103729869114,3.41610046270323,3.50555397604333
6.40252928283945,4.47377512297598,2.78366219874962,3.24613037733119
10.9039280482959,6.16149370323679,5.54859067604083,2.54167996340387
9.59083279915354,2.9029722639636,2.83615451432866,2.97308129943287
10.0721570181672,3.70762772307199,3.12955701620543,2.55855959846147
11.1422856372089,5.04813207689739,4.06876130297101,2.32744645149927
11.3069157409158,5.24429282591508,4.29027850448547,2.05909012168325
7.75106821207744,5.42852567566607,6.58235591988686,3.21988280813184
7.7199105813067,5.53356502489177,5.63152486767297,3.1786123616966
9.38789295760438,4.79078376848154,5.84690192479632,2.25612474845052
6.7401102656305,5.69398133357264,2.57384494553594,2.23317838923912
11.7437783594798,6.39685270924845,6.57200276419168,1.8686549550762
8.45446733534958,4.51775709181173,3.99951732321612,2.86934526954094
10.9882307884506,5.22318671770134,7.37409997403424,2.81829372345819
10.7522887256876,4.72593541822568,3.46261575142968,2.71869307202976
4.94045208584336,3.63787071050031,9.23735391117365,2.2768153170635
4.75529428059431,3.99730707391474,8.33895099927397,2.46772584153192
13.7880015387176,5.70084108021121,4.24967952220802,3.26091897906318
6.36924058063728,4.56212493732086,7.6225127345472,2.11061262659671
11.6515864633086,5.27060600112578,2.7167334465022,2.77714903568851
8.74593874290226,4.25510621101349,10.6381315113733,1.96002967209535
8.74489293669505,4.58788846670936,2.33313972498258,3.28181437553976
9.55979911532305,6.012121728166,2.39828954961073,2.07706916659815
6.81520817332874,4.45518460032447,5.36921729432865,3.09023030687962
13.4974037069604,5.93760715142883,3.55832026868726,2.32213843690749
5.54138762264587,4.58431222947145,5.25832721660075,1.60802956062333
14.7267906412241,6.8979469667374,3.102646943678,4.46831413282849
18.8745628744207,4.08514978147194,6.49216743723314,3.65576044861694
16.2984626069565,4.82716199316793,6.40848833254473,2.27847040383792
17.8454892403827,6.57622231828951,9.77033443490727,3.8222845595381
7.55561774400153,5.59999557280263,2.6875976383443,1.73810625913765
8.27947821445515,4.0604308127815,5.88309779086461,2.59094203238213
7.72729099175177,5.3143140909626,4.21508599096706,2.67694758792607
7.82518839783567,4.17059726740494,9.45496771181569,2.70264391164504
13.3914493759814,7.14980243899347,6.16872333460704,2.77208697420588
8.40533480687256,4.34274208367843,6.57299827747952,3.34419969917542
9.84727254502943,6.29891415216368,2.66009642721009,3.02634391407274
10.8470549339952,4.4279010357138,5.13206544472874,2.66696706763099
7.17439715247175,5.69637271907667,5.19481055692985,3.21957425297455
9.09229110648547,5.97386745382615,3.65557141762817,4.5248646039052
9.11243122035457,5.11624157476235,8.65934344487601,1.8242356655809
8.98460849479665,4.67522377984379,2.37356410825235,3.60344919496345
10.6900738545599,5.25294724635263,7.77699780018426,2.72736250791022
14.0826300306082,6.04134835665713,7.99946203736103,2.51590663240673
8.49691399481898,2.90659975903532,3.45037326096017,2.36960358226681
8.03106567309705,3.90985062621575,3.75705477410919,3.66252405344987
12.4480576672757,6.68486887142777,8.82693802357811,2.74646124407605
7.41381466138075,3.83739875736653,4.67559906918519,2.2239873088786
11.659021086663,5.97729404183038,7.24533989870997,2.74441769281041
7.0817309738774,4.84655847548056,3.92897370976746,2.62647849040864
9.88131284065294,4.85714419484897,4.29107755389277,3.19718663532556
6.77189050624291,4.98009447909077,11.2664250869725,2.51771921535996
10.6261697271463,5.63059911126526,3.91598494384256,3.82001354577161
11.9431095895579,3.74064404084532,10.6701962304957,3.03428272549783
6.44376673942956,5.32624410219515,5.56269383424732,2.15373011992276
8.83045396339873,4.57742761294747,4.61474290477683,3.32073826733814
4.4525082751176,5.10892948435909,6.95980396861868,2.79133488714378
17.4281921431339,5.03945068263321,7.83784376182995,2.1953691502432
6.72444974264367,4.87074542711443,5.71623489726362,2.41450912397185
15.6128283618498,7.08731834013265,4.33414077679492,2.40537927525845
4.26064368437065,5.42957412061263,6.21175679794818,2.92042096437266
12.0978626392159,5.42662276541507,2.49805562381762,2.03758754893394
7.1373336349478,5.20235597596038,5.89612670585525,3.46800918538387
9.98174977174053,6.93500109203664,4.29618009035328,2.18454634510305
11.1459288901127,5.85967757871542,3.66573922960204,2.18443195516681
7.2848728114064,4.11300862112426,6.46755619493935,2.15054942664811
10.6428999912688,6.63622255810739,2.26932947175146,2.43274131739751
7.16627478600734,4.53231265785359,7.94806785641691,2.59161674725392
4.68449024856386,4.50909076458004,14.101060754104,2.27587379197215
3.98905026040551,4.16811421716073,9.78230565882405,2.29974195708984
17.0843196501293,4.75576510653702,2.74612237146596,3.20519586688619
13.2999085907494,4.28460079373433,2.40170183995546,3.0724951144042
5.79823415709532,5.99619869859844,9.08722147879453,2.48666529563481
15.8684829031511,5.18971484594951,3.03706918097723,2.81040220049047
11.2391923434613,5.71194822724624,6.64774358940821,3.84012530804547
6.7616063758747,4.97026015921998,4.46579220671701,3.46345790280982
6.15743598569528,4.47650713578999,5.00730209654322,2.90799790841727
8.76253018251235,4.70370325214179,3.47366239784236,2.73444855028002
6.50823531437204,8.05537620783101,15.8223543267747,2.9061287895976
5.93068994346013,4.17098659241937,8.22625451364555,3.29489180015193
7.10653258627844,3.69814137683729,12.0230740530892,2.33876765996368
9.35838912139828,6.10930454922748,3.5207255523195,3.20572248163411
8.17112442244775,3.83564574415133,6.9225693606651,1.93807752126418
7.67511725018717,4.97032333485032,5.7453680456841,2.99663121121341
9.0920066841526,4.7556019297003,4.05940131292702,2.72089246346244
8.81394420151326,5.27836746272194,6.00861871136195,3.52224920100997
11.0245474820378,4.81514642406665,4.57948862718742,2.37850197613482
9.04538893075086,4.14820722997562,3.27079326208157,2.4960167106207
7.22805609912121,6.32165943990068,7.60217389292795,3.22566065611936
5.82428039275628,6.16061911721057,4.55755943523581,2.52396178070202
10.1969041280795,5.7578837905364,8.42391985650934,2.215575683464
11.7028701492714,8.84735707908851,8.63985096057314,2.42209216375316
7.07274193698637,3.16708447157306,3.83579870815564,2.61109166276408
10.3418103855101,8.07908164073193,6.29311459130454,2.71805301935103
8.92226640244423,2.95522238629594,3.27525097703674,2.7087704851843
9.53151255704972,5.564988900453,6.88969673381374,2.49204872022138
11.240735451924,3.6664234353463,4.36982577918233,2.70408174469617
7.80903418258842,6.43094665048914,4.86192956733221,2.56777233464907
9.33803135073091,5.31249367678892,5.09408641018736,2.45526831699466
9.91321837075008,4.64845508026657,3.96150866453719,3.45001093321616
9.3250256523931,6.11261604593785,6.605895631189,2.03507521603185
10.8579606186169,4.24599357967583,4.97828378453853,3.90285454253449
11.3269520526446,4.2663936724095,5.11332920016238,4.82878781862967
9.79549625050539,6.32454083738113,4.95626631080988,1.60813398056615
7.68545461018667,7.53810908459725,3.15520516689792,2.46824850912432
10.8110517159456,5.66006737654052,3.76134633436563,3.26952969866035
12.2436016191105,5.75642715757772,4.29061859307723,4.15058642085893
9.10701413269384,5.03245843115741,5.05277733930205,2.80552514099934
9.9097520587456,5.92580176132434,5.60231289668392,3.08563041919245
9.45698637421273,5.27533784558239,5.18412915669218,2.50396391171366
9.89789632772173,5.59425953228791,6.90652730643076,2.7648066212785
6.60876804081667,4.71181084965148,3.70379311370514,1.8203827434643
9.21061642960456,5.74938168397775,4.58996483532712,2.90284971453088
6.07469823892065,6.72465960506585,2.44222773510298,2.35289475954868
11.2187066772016,6.52495336709326,3.48960341285582,2.91557028364006
9.39040279388985,3.96539356231415,2.7257724300714,2.68436408421985
11.1322626370525,3.81646837286991,5.6071638553709,4.82163622630303
5.39339197575159,8.46685886000802,4.71638396775583,1.62642868011977
8.53246475852773,4.39235150249505,2.40044195392832,2.84234859865584
9.06421538177418,4.96840591800423,12.1331176002479,3.31641223789521
8.32200890666338,5.42231877398465,4.51708201290488,2.85056377480897
8.25865822287989,4.57052203673649,4.38706941100144,3.47306195777166
8.7441697164416,4.03717094538992,5.6544455549052,3.59121304265094
7.37265217790359,4.80236737824317,6.5687022982228,2.67320139122167
7.91784752206733,5.91360924223007,4.7092330087609,2.98474925788566
9.90911631152293,7.37255356769544,5.59337863571058,2.81943229143342
19.0033307589274,7.15315870066983,7.8682455355742,3.35823988177673
4.80132351522376,4.76542975852631,3.77413513894234,2.15617356490061
8.65377439638999,4.1769499758748,3.5354235580093,2.27207457693267
12.128552036741,6.6773373732499,9.69481369889695,2.84953926211668
6.46059896937158,4.89682796437748,2.75744767497229,2.08750952085487
10.9757215641237,5.12672349518269,8.43413010591177,2.77125096120818
7.49781295998238,5.09142064733775,5.08400858862642,4.25248697737483
5.53764062422609,5.25209115087906,6.02908903342214,2.40869895346842
9.68218767790179,5.59019086884347,5.06974817337163,2.99725067510517
6.30522780827755,3.67341770414885,15.0894481602225,2.64399193552491
11.2541821543043,5.22021799887882,3.4504691242285,1.85046332530403
7.44289401956156,4.56216261701055,5.50036101345917,3.04374981033726
11.5096288848663,4.94388910647096,3.51590486817902,1.36211870015412
10.6674095112143,4.67306580970278,6.90787721751748,2.20269847664875
6.12764758161488,3.91702490786928,3.55980503311653,2.83686819276994
6.56396694176929,5.97910430343532,4.4354467286267,2.56910692834766
10.456487059757,3.3654936512542,5.88422397392105,3.28391202865973
9.9682690470461,3.90661799536325,5.9653486741623,2.38765902198728
7.48270135670809,7.43570915883478,11.3914917329848,2.32327421729593
9.33544856505141,3.90780105613822,2.99787728726988,2.95405107620087
10.029768284901,7.57240791368145,9.19342069563477,2.36867592314634
13.4094105981767,3.89913773397037,4.66764896274198,3.15163390869311
7.02868707206493,7.31656465746058,4.65367477345552,2.93178493467534
6.64236862443926,4.47901886288618,6.40680055963814,3.3048378822972
6.06745849982744,5.25160288047877,4.16473417588553,3.10290692259035
7.3562366779747,5.54764606928779,3.63016232063065,3.25960852317197
5.18961191040309,5.25771072955927,4.76814185774278,4.60570257649873
12.2560780007569,5.39476470202634,4.2217104197158,4.23529918498413
6.97692974591766,4.36271057918082,8.01009461442223,1.8880971394499
10.3083449385298,6.51247982946569,5.92228417712026,3.58201510822988
7.3084838575588,3.6333418947954,13.7316233012348,2.30956512324689
11.0957610904457,3.75072453221538,17.8074760154656,2.35253430123881
8.5317247468362,6.58407857228109,5.39358511277351,2.24922258314353
7.20379927662979,4.26374140265644,5.32837022050306,3.19577686989366
11.1685344487427,7.82759860818372,3.7616975186244,2.39993532020728
6.77505639859838,4.5790760931772,5.14453185047381,3.19350248211122
13.8211334598279,5.53219925763877,3.57724442175782,2.31312546663423
6.81245784262354,5.46430708198256,6.84464117957482,2.75372376673383
8.48379302413043,3.96809651079111,3.99911015510479,2.53128789156293
8.08659951895867,5.94263574042856,3.83759372271751,2.78175467596851
9.53576288519296,7.51033872875088,4.65942896098965,2.20801012567632
8.21497291738719,3.66267976843841,4.23982601226173,2.99534578420828
9.40497962561316,5.23339428224485,3.72919993400127,2.89141160746986
7.261895408672,5.06492878803202,5.05289256122872,2.41971120331764
6.55320733118495,5.38643992694594,5.77817566698508,1.81379839474539
8.08479184140717,4.81316701709251,4.92842391334126,3.13432002886926
6.56496798825437,4.75035146135661,5.8358846645824,1.74589000465106
7.29426991255777,5.14919162767431,4.436603383427,3.27816813988059
11.6315327728686,5.35459517610537,6.68846135271119,2.49100468635675
14.2627418564186,5.77446737271006,6.18262202981478,2.92349620977733
6.13357979685154,5.42386499958231,4.16132685090036,4.00586575310624
8.20680523048595,6.19313291620009,3.23340073745945,4.24501056986093
6.12012636360982,5.29284877115184,3.58486923364061,2.20473371910864
11.5879677004939,7.22964719486419,5.30667559744331,2.52473314966075
6.50649386006881,5.65939772325229,4.66717925484955,4.0229782894925
10.0375767746298,5.3727490090353,2.61709440968212,3.4194970553762
6.41802758715498,4.8300507910934,10.2078328105455,2.20911747631762
10.7955634754239,6.29315074996332,3.20786417386511,3.11876281040616
7.42071645396987,5.41083499110421,10.4750483205849,3.28612397802315
9.91514061386836,4.67554745522762,3.35974165591648,2.46860943596129
7.97539102292627,5.32752158236682,9.91867037910435,2.83611009697381
12.2722600595987,4.4797796000633,8.71163026237521,3.06237783357251
6.98726792044367,11.065698648281,3.49636778679351,2.83403235462225
8.8466883572883,4.04559270344326,4.21892451071336,3.77175707604977
9.32532188538062,5.2894218727376,7.03880023369506,3.87099796647342
7.79875256998128,5.55840456491788,4.09730971773669,2.03390177397001
6.81670220181012,4.18483677901521,6.32063072353916,2.63311147352057
9.8914124996928,7.10165602130717,6.33234371108418,3.69207678000056
9.99719830200528,3.55614041753693,4.7411493871721,2.44458840109142
6.96200243403594,5.03515934046344,4.30954337519725,2.61824831276405
10.2611754405435,4.16580541137153,5.29689661443934,2.77559293814096
11.3982704246304,4.92061160570479,3.34874509748381,2.3262119127134
8.14734102731766,6.31173820588745,6.65616905838639,3.14912125562208
12.9140939186566,4.78851242285464,4.13217463159679,2.34632452659125
6.68859611596316,5.61469587070557,11.9727432232408,3.06474840079456
10.7012940504015,5.39516907168625,2.48373444240104,2.31208941281357
11.5687598810835,5.90502619386569,2.98853214018296,2.5634538497929
11.7812433519456,4.31844954245108,4.7965637543353,2.38135463348521
13.4191197017156,3.6921322947038,5.31168078158411,2.03307818208602
8.27083188795099,5.53775536732671,11.360846561038,4.78372696586081
8.61569418122339,4.26300075546382,3.0508924707882,4.14544937225532
10.3236757633246,4.84734964562852,5.28819411840626,3.11506965374334
6.81893886628832,5.28313113894189,6.66557841346598,2.09259276400412
11.7190451339897,6.8552666898585,6.53328598127092,2.81088534463611
5.21136876264855,6.61836975946235,5.47156936203826,2.17339234554803
8.15447260427403,4.4170194405469,6.18641537561291,3.10862365370264
10.6669950782093,5.02607430482664,3.62446801210839,2.71807034318673
8.98229575413789,5.44050770182063,7.47679979535603,2.29298812202142
7.56991894806663,5.72192635188489,3.00621189108742,2.23390178029672
8.9782633586898,3.99119749627316,6.39894349519198,2.38839942651047
6.42345046503459,5.72778101447472,6.01558536958413,2.27770504032959
17.2567012194099,4.76968404080781,2.96106951412495,3.55274282172041
10.2693737018306,5.56957112944909,4.977904952846,2.09088410122277
10.5266626765054,5.48778066340431,5.1926549778108,2.1622101951145
13.8712976626265,4.02665352212449,5.35039093087689,2.6596117366279
4.46449960484673,6.24964422327955,5.72985796011688,2.88166176524762
3.95382394969044,6.14463008528791,5.17794877573113,2.80472534172449
16.7264488463518,5.33433055734433,2.60296135056598,3.1664548717097
8.95994469415992,4.51729850453544,3.85207383288194,2.22666564208713
9.26423121264918,4.65058968628226,9.61476842301175,3.14808486695475
7.80506181485963,5.28703351300763,3.05775548566992,2.17333341280634
8.66529839540779,5.41431490522986,6.78485650710964,2.67378965289513
6.47993130414218,5.77277712180088,2.23753760578114,2.30162625804317
11.8359058247473,5.28409967943872,22.9036940455954,2.49715722937397
9.96806274990687,5.5799896300956,5.45949664289191,1.63826800082695
10.5235407307645,5.82106894013753,7.45387211919703,1.74211781656096
8.04399381222707,4.09365862481259,3.53453680737841,3.28263070280675
7.47893757115211,5.55148084684699,6.18214607109512,2.19731936719229
8.54294673926252,4.10197029884068,4.76071449264076,4.00843838335996
9.76165194863404,5.00362936438596,5.10005416901254,1.87420734624337
10.6446002696135,4.85712267103218,4.01891661769059,1.67104918908976
8.03930273009214,4.96621440039387,3.07211825026706,4.14673133904397
10.38934737852,5.01050977205953,3.50112868108557,1.990701588504
9.14182469831577,6.03245803043798,3.07196774219283,3.45250357719326
6.25842008210892,3.564649096,5.15000967115728,3.37710404795212
7.22581243166033,4.61375581540222,6.83432742278216,2.64132098754236
12.2604473434668,4.5378376995033,3.93025488533096,3.0408543817793
8.63009682753716,5.05192082200416,6.20609117259962,2.99522754159971
11.4017382623328,4.31538670935873,4.60210766005961,3.27983525973209
8.40536909205026,6.17421392014167,6.47880607360797,2.31305306473141
8.97692879759153,3.70832807289766,4.99695240328141,3.11684473486375
8.9449876437138,4.59678910895255,3.90841684602543,2.62426028298393
8.45401641426086,4.42994485577908,6.22417011578986,3.1916011541341
9.02425849637415,4.00280204910257,6.15272286892798,3.28417024090159
9.89332364943619,4.78802494317839,3.02021484317001,2.60426535598113
7.61372214002627,5.6819793672909,10.9802131593534,2.3529927253867
7.99394058016444,5.55765149553728,3.47403011009457,2.54056617411947
11.8143576454525,4.90998797334479,11.1499628502413,2.80476304958745
6.65076974623099,5.72440007580241,4.16001498126269,2.08589025530978
7.81565352470732,4.49046085182137,5.98552797054972,2.02914775421653
11.1256568101156,6.3923071092383,5.18493885912634,3.99140181594414
6.84876463572609,4.73789627523985,6.36885253110091,2.34562492250555
5.81677148826187,4.77508416160021,5.7820582551859,2.75936483753963
16.4437984457109,5.43028580574861,5.22432452658765,3.1001721426475
5.97870797369869,6.08166596529606,3.71735307710726,2.55025761901012
15.3035425916239,4.89345566022595,4.26228262395542,3.88167780709467
12.7208554602839,5.88906707700524,5.60382393620444,3.90022873850058
6.72235481499136,3.51125563782987,3.91867407269355,2.12536605579298
8.49040520930188,6.80052236611826,4.12749918336551,3.38386752832713
10.0832562499565,4.74094966416703,4.39919060392861,3.36201273436322
6.99031004298679,4.59113971225624,3.18790711850492,3.54318043566908
7.27987830437391,4.36911655370874,3.39926671572212,3.49708921727127
7.91639585821241,7.91485679910304,4.75614575754061,2.34941389549579
11.1568741668996,3.15864304903869,4.7179043253028,3.19603442476035
15.55919484475,4.0286706048955,7.03997913971992,2.94000088929317
11.1478195067456,3.61079205359173,9.62558652934453,2.90394133995461
6.49399155145784,7.21786139559951,2.93208950020636,2.41329749129523
8.83358186146178,4.0272784760243,7.33954301067073,2.95696036595992
6.87095757312583,6.12950321493886,2.89691626124808,2.66862288480358
8.95143478071796,5.37181331699297,9.75185013239734,2.51416097446234
7.30771624894903,6.34787480261175,3.25711671945117,2.68975009325946
9.69802086494793,4.79629669335905,12.2760367557033,2.677756526767
6.50398749867864,4.99015558066025,2.39015308366479,2.47845292547521
12.8143785314689,4.6644931369053,8.81141383767345,2.69546157312887
10.1704386940251,5.12984775920479,5.74199492428692,2.70612599045846
8.31429104090706,5.55663321944308,3.58567605965651,2.38163855689003
9.85107230658977,4.62507780672705,14.521282642576,3.00509325703384
7.9179293963945,6.25671097902146,3.19226565943712,2.40342297113987
8.83644727655878,4.57913133259452,7.82509489470387,3.07980276418263
6.39966388529406,6.57176520825817,3.7593047191699,2.06911623646742
14.1278864587535,4.9898797407011,6.59304205354729,3.06243398159371
10.1767392804189,3.84871367757926,3.83723764191484,2.91254087262554
6.40510850965989,5.84640529830122,10.1575547313584,1.99189098628499
13.1170755601329,3.9768473593579,2.65563391845994,3.64162658452239
7.30207457608527,6.72088316241495,8.39731145994872,2.36592051927967
7.97037499014744,3.95447168601431,3.75714633945537,2.99785044361703
8.37948056202498,5.97561971381162,7.46846082029275,2.61751208189254
11.0216008531333,5.36874600482328,4.20899817398629,3.73351925080009
7.41367959761665,5.13247084035643,7.42580825545966,2.3482343861534
8.21526576144806,5.41322413262621,2.9365383224177,1.84449384863203
10.0921450264022,6.27405168074549,6.23215977769559,1.67209671255848
8.93601970697032,4.26771514572595,4.9094949675729,4.13901188310546
7.99236787735763,4.99071221788988,6.01351221672796,2.67986832406752
8.27870787081801,5.050877818585,4.38929189687774,2.49923425385202
9.87309266254084,5.12054437830723,4.84314949524655,4.45871374101713
7.17405002846519,4.20615504721892,4.46641421710725,4.66895270361096
9.42922388805372,5.15400517766889,7.70591900687189,2.81632693265993
8.23156195488604,5.65322389780538,5.2412576365241,2.89138704829018
9.20214553305373,5.89242263397944,3.9613219201714,2.57931807483464
5.93204837828308,5.76388024985324,6.8603501970997,1.89048848236042
8.7136148789774,6.24730312293056,3.0352401669075,3.87275668280633
9.51155773092351,5.27139562341763,8.77087367747265,2.61031692056594
6.45625394037526,5.00887170381953,3.08920471456783,3.57126726109993
8.37327139497535,6.23710213385394,7.88328739091349,2.27747477960382
8.32339807110478,4.78867205569711,4.01816688345335,3.6465419132223
9.02592520136364,5.99061270059935,6.73148474524265,2.29065843597963
11.510899857398,4.92020588052234,4.32597111436736,3.30637057873896
6.23310021014012,4.76129440551352,5.32868341079783,2.41272658814214
11.5176664881017,4.808960545787,4.45243548671119,4.16176272346948
12.0677502194786,5.08907830605156,7.37367419273401,3.3066758680368
5.26864410816626,6.55356691667556,9.88815511478957,2.51675295181491
10.6986270457416,4.5041140230617,2.45801145505329,3.28572614924981
5.16833145932885,4.16536297618337,9.68874683382255,2.2439261624965
9.95023911007832,4.13320242735566,8.47879656308853,3.53890461183352
8.44301783804075,6.17448122635046,3.83322010579423,2.46937983296182
7.27678267472098,3.45103700917378,6.65532727042047,3.03440617593301
9.17700299035365,4.62971376434326,2.58078144079474,2.5694005276264
7.17449406363876,4.84285355072966,6.23510249882632,3.15691591715183
9.45100849753928,5.07953345942946,3.37541399817046,2.38299423180761
8.63132252472537,3.97549614071162,7.13510250112022,3.61484259844419
10.8385658712938,4.46217092556971,7.3057196334438,2.48940468414317
9.42919287839111,3.85181556017321,4.85273314200397,3.66577601388707
7.33160183172548,5.45430864726458,48.8684082466373,3.32386538096277
11.2845511985857,4.58372814468989,29.0264030262494,1.9976242612705
8.56622946108322,4.68747766642873,27.6792213102075,2.03579133263646
10.1824588260372,4.28358879376651,3.14194951246019,4.34492420220984
12.496656454748,4.97534573420682,7.02864903150046,1.87830218574711
7.67003828469789,5.25580249058335,4.49089094185912,3.44155899389469
11.6752864721355,3.8207344515743,7.76449526397546,2.76719911811172
7.85304117561229,6.91224324824091,2.95269876942705,3.24316255614641
12.5677551116736,4.91803850343756,8.71560997678469,2.00028530477702
12.9701010466935,5.54767006052066,6.89499511758806,2.73099919122485
12.3419516191133,6.46298692940129,4.58515360795467,2.94120718991884
6.97895591058632,6.99086708114591,4.78986170831517,2.39787734121865
10.5378414385312,4.86636592359523,6.13213468794707,4.14865871226143
8.03639607426472,5.15441147350735,3.94470672886342,2.27065597330246
10.5857760628516,5.42738306076232,9.27998220777176,3.17458524976499
7.46025777540891,3.9206838055752,3.51336954743153,2.28243632972138
14.0337669811207,5.12430872328069,5.3245125603947,3.13040766252236
9.49222048063156,5.84115500678439,3.3409352968178,3.03363398103419
6.74403464760173,3.09255802580215,4.32334579106042,2.63367636520799
12.4983683817071,7.84098959981194,3.21986454722018,2.42940055238665
6.75505275149793,3.7794004191603,6.1318967131903,2.79753896139534
6.04606958430506,3.97506944905994,6.23350237885901,2.87527235108017
9.17513803233436,6.38753397781178,4.62446346676616,2.55205604892222
7.14860222390189,3.18399607668278,7.35338515150658,2.28075322934175
6.64927108054179,6.25495771965327,6.16427552082262,2.09132897972353
9.09751060277539,4.92325774976811,4.18278052641354,2.26759212882346
7.85087350706861,5.52469716172982,6.44145862006712,2.44219832094918
5.36914108622685,6.15195318328903,5.33598837496379,2.03728568817287
15.073276834034,4.14540630855517,6.47349554668366,3.60226932236303
6.29860307358086,5.13164895458482,5.65290552131788,2.73404545046758
7.55007172438417,3.23936083543547,4.19564341259922,2.55418210631654
15.7175811836871,6.34206734540922,5.6365739499314,3.39508077102439
5.94029891381499,4.25057920194812,3.95007966206835,2.39909938367115
6.83567873095892,5.88362155344453,4.84186627435989,3.04345631629617
13.9427587735399,4.69285588456122,2.11932400743086,2.81888182207073
6.21583841282998,5.68022328490648,13.5117144667948,2.28201881593987
7.29107109345581,4.7386409366944,2.6087052602672,2.43679539341929
11.4390078550723,5.59204848599474,8.86395994604706,2.42406932620175
12.9092059160013,5.80691752220767,6.3219818050699,2.03310814015099
8.42695588934134,4.61668332385473,4.8904875819076,2.76139069263241
7.68585603590993,5.01908668666973,5.80437558859876,2.61124783651161
8.93504325724808,5.08049587471758,3.24024017694531,3.20760227755874
11.474921453242,5.22633546773755,7.68843617858147,2.36921501355283
8.29377085973209,6.07027398679775,3.98360932342323,2.43154987598597
9.54241660650143,4.51755289361202,6.38373281480942,2.64427807657595
7.65311352549735,6.53858099336507,4.11441316870579,2.97631174404761
10.4294376373709,3.7522829575742,4.73924559326331,2.42676810096815
6.60053711187691,4.8084211675413,5.46407474235187,2.61407212653959
9.03060416378488,5.1269572117606,5.65483795672941,2.12295409236179
8.50291619116017,5.41700470051517,2.72964916334442,2.40983259579455
10.9926132350279,5.38481218861536,5.20326039557047,2.52181970884421
6.99432973280646,5.00295497204001,5.19570584144916,3.23453664926502
14.6437140388919,5.04122679833487,3.44637099654721,2.61705750170894
6.18888343726821,4.38996766962846,6.88782345038757,2.63852039396778
14.1327968655384,8.6233108201231,3.75333275066276,3.85743583731928
6.43864045426523,3.14837235320245,7.535295566752,2.37535996468095
10.0948736203378,7.63697091857924,2.65425609219497,3.55134074390753
8.15111697500076,4.43261611015841,5.00840418560471,2.49972018541358
7.55092284239402,4.76426396957158,3.63614708903509,3.04236672592178
12.4087685913006,4.8599084526199,6.96787628796457,2.53217825400302
7.12847443010412,5.48876500907426,9.62464267333291,2.08779610305035
6.52357093078103,5.59260812435983,7.34985482974675,3.33744717239933
15.3245000773037,4.98631273220703,6.15431956752761,3.52111454497091
14.6228248719337,5.63847239476936,6.93004840980259,3.23816973411697
14.1085362450795,5.48581648137422,7.57257126687867,3.1207711521807
7.56128837391552,3.55357451430364,3.18355936101554,3.01952762693921
10.3911098179921,5.21223151335657,7.847484401854,3.23870860100985
9.20783988709655,5.45242509489312,5.17823392238397,2.46215602478904
10.6646826521171,4.56498895463659,5.3304581757989,2.50960431538054
14.7509372157106,5.80053063552449,3.5426754334242,3.46498260189201
11.2697619199217,5.82365055010723,2.95320797788658,2.86619584013363
5.70528782058815,4.91902344558234,6.72956847680657,2.7141490987613
10.656650799028,5.8162304449922,3.80827447297835,3.29143159818095
7.76046810399982,4.60942630876877,5.08758311684119,2.41665368323845
11.0720415832584,6.03229278039223,5.85728036108733,2.38089923241706
5.71505699462553,5.44462108772062,4.94898841413624,2.26462910136273
8.3681905713006,6.66752881791219,5.20156443664195,2.39451599534605
16.4791072119381,4.11220377838463,6.52247766081627,2.69531427385708
5.89993175419927,6.20363755616763,3.46960568167805,2.93386654418035
6.35448415014808,4.0022634911872,4.04196610168991,2.53546158578168
6.90245679791136,4.72470267127024,4.70802227331096,2.88242836900201
12.2576685771984,4.73613862512805,4.44516750177911,2.07679911959427
7.66378572506445,6.18132976904454,10.2129058766906,4.5653271631226
13.183769266741,6.315607237771,4.72800049308809,2.54040330344916
6.15547970203619,4.39463436462145,7.52856299674259,3.40957195466047
11.1264031168797,5.25926354992163,3.64902688632666,2.43051681817145
10.5937890566835,5.75020829661965,4.24669430549361,2.53154210411389
9.292033951082,4.46762175224508,8.13576595240511,2.90358114282302
9.0230876545211,3.43683912063319,4.20293293306642,3.02487808400956
10.9458074335983,6.93518495489559,23.9202338973642,3.22969275830283
8.62835639694591,3.98497467053296,2.63239325123299,1.99290343876386
9.5105763352881,7.19888120625209,9.01415675865102,3.44650178398677
7.51233522873639,4.90892086030615,6.04492900130741,2.0809707437103
10.8434445668732,5.02124796710518,4.74583848468554,4.006284498414
7.17077338932231,5.21917524828622,8.71844053711897,2.51764369005957
13.3282710759397,4.90645599164857,2.6383977763274,2.90050268070699
7.44163659029724,4.7704716246765,8.44047854202107,2.22784820555345
7.72634521934636,4.61814720319542,4.19156153808071,2.49152035954033
7.4271890211854,4.30953876335882,3.96500124103348,2.84119313504776
8.79807738059976,4.21270248842197,3.87000900306389,2.47690749892893
7.47194331176075,4.85868868405965,8.35326188785066,2.46089027010978
6.55388876045202,5.7988448838338,11.3714150233708,2.85921721007881
12.2415607284708,4.7041145868254,3.0470353371719,2.45182286776674
6.2605764078907,6.28802376051869,6.05361687384888,3.08100793601127
11.2057287917078,4.37502895272235,3.49143632727819,2.39034777731999
9.16959896566847,5.61456516238109,5.72099767085687,3.12680711202184
5.67043795787178,5.52457792490401,4.85678996250138,3.32706886469082
12.1343325199307,5.56250549016743,7.45827089757247,2.13028633434035
11.9091616472035,5.11614200810205,4.01912816958754,4.41373191607346
8.03536964215029,4.31340599858946,6.57081523158034,2.0613561275012
9.03835234341113,4.05338859986068,6.84879115195747,2.72244064092596
8.50309820893945,6.63492606230151,4.73607396948659,3.15860296749293
11.2896197501767,6.3539862080257,9.47245295230209,2.17096467836765
8.31290455266774,4.90329916933213,3.47074771708726,3.12612130894531
10.0527958433733,4.33462946686598,5.31067143632151,2.35486983329027
8.36960872051381,4.58480182841779,5.56462601599433,3.15769783992978
8.9211885314765,5.14459278624947,5.72523984797297,2.42676282109486
10.0315234799128,3.66914990349697,3.72759784288719,2.79441305446632
12.5129536605648,6.04316223379779,3.12214223323882,2.79810180579164
6.26395879038003,3.93158133532474,6.20023646349914,2.39524509449665
11.4698800504097,6.14555696982054,4.24135426861332,2.37012039881046
7.21664717688203,4.68985585327143,6.44048702488246,3.49923271887947
9.48369964741201,4.26288960433725,3.83048984693527,2.76092169179882
8.7200008446701,4.32655336038659,6.57200044695871,2.804251070439
11.2877090004807,5.78661443883766,5.81099553982782,2.57064460169556
7.85583768677432,4.59361947852111,4.3224547390854,2.6733441339095
8.98499952003268,4.99237575187097,4.96133231538886,3.28261619353755
6.61345179085188,6.27458437337556,14.8241069699099,3.85497074444657
14.8328680527189,4.4966907142375,2.77438153666756,2.51106231989405
13.8788149778756,3.88872917285934,4.36822045670616,2.72953051328518
8.61012933074021,6.58495956901187,7.30820930333137,3.25103268165233
9.1397193185719,4.98401579540308,2.27528553487293,2.56993044756948
8.81764380122711,5.07434796775385,12.5395025362612,3.47845420965175
7.34417956511793,4.58758443993946,8.28983285092366,3.82762487941807
13.4523210630719,4.56305474067918,3.52307332714464,1.93138755682547
13.9074114580595,6.68232141983557,7.97192777042962,4.29459399314654
17.7867889203607,4.64097189103443,3.68725873009464,1.58088468201043
5.15532857487617,5.0481317999448,9.26524831518705,4.21789450257816
19.9294396051659,5.60298466137994,4.72566881362302,1.73392152700187
21.7543464347353,3.91352456136949,8.15077958275485,2.78826115368165
4.22336486106578,6.60102985721268,5.17214062125093,2.6436253233029
19.2628135499237,3.54311458728042,9.50405696542354,3.3977717293569
5.16556468996091,6.76359508587378,12.5422489002662,2.97591585382784
9.14794615390363,4.56008429373118,3.710842191978,2.80410336041951
7.1505920986771,5.72581163564817,4.99730833731836,2.58442069314021
7.71015058225351,5.20378605211728,4.00029094633137,2.94562330443221
8.7446252793275,6.42017208006305,4.73239878860217,3.11093598144678
12.9107002618468,5.72195196736591,5.04568085206399,2.62549671512088
6.61162414628725,5.33772185937497,4.92224088612865,2.64825442994134
9.41618186085706,6.91833630594703,3.09550140585008,2.14939724097657
10.0125570631357,4.21630904120203,10.6853869224945,4.05904634498948
7.41846759873826,6.40593317249813,4.35090480134657,2.27486633930431
8.47166160164138,3.53119543984962,6.85943634249733,2.89647714465996
8.47077078068269,6.73188046533467,5.21705473783122,1.98859499016655
4.25508139853287,4.85195627084951,5.40558536616294,2.32768717980785
16.2657598437601,4.80753812562789,5.08745252254905,2.22304293970054
11.0506774004463,5.29066898975272,4.1714560224328,2.08569108134555
10.3476306437462,4.76922344300857,6.32891262011923,2.73549416876217
8.68138813101887,5.4835893311046,6.09534099354092,2.30931887208571
12.7978840254494,3.775743048973,7.57298566329543,2.54345558815505
7.92335374706022,6.21557183382398,2.87832522848644,2.95341688037145
11.6028756305868,4.85494281401723,9.10506807551557,3.28439706885771
8.71536562474146,4.99908442946489,3.2480595355471,2.26541524445667
8.07778922484531,4.09771222369221,6.85704318889729,2.31119709231234
9.27123195410897,6.1900577625898,2.41461523370198,2.70901222518309
5.2610677485445,5.20672161786539,3.80978790252925,3.04937952642318
12.2444328599782,4.07561029524372,5.98211120307819,2.635143252405
5.52036053438646,6.47187883825218,3.63837422791658,3.01991077775597
13.2056136202936,4.92100589233656,4.19778625129436,2.21236571624853
7.4150088716736,6.40144615884192,3.71055742708517,3.32494665897951
6.41499227832651,4.05764615007729,3.62812848532172,2.75709933681525
9.82812857177725,5.21852554932255,8.08437497472754,2.86840294003557
9.95282361300938,5.09853778013057,3.47834518522249,3.08376321204833
8.46569472435171,3.62086581192516,5.09627861256431,2.06416176999587
8.51894913813266,6.96960701800878,6.18570848846341,3.44178755527144
7.15028681421664,4.1429592835214,3.18869481124316,2.1089731203972
12.7335412811749,3.74272638310271,4.88186413793539,2.18691325225837
11.0430380591678,5.45404916763664,4.45442178774058,2.68793012385271
5.91596688867975,5.18520645535274,4.71083905775288,2.46925015874024
12.4262082246769,5.289648182178,4.45382368021189,2.73945086401073
14.0482644464081,5.01139040097101,5.30345168135761,2.69934700428814
7.0545483721098,6.92940608940673,5.06348002288961,3.53042717496617
8.01795675066083,4.02089631072014,4.39139536628951,3.45407082489639
13.3266993632746,6.1921188778886,10.1490613448277,2.37477839454731
8.8381841736541,4.82913424649904,3.4915257381505,2.82340726143729
5.63813603420004,4.35010873716597,6.7701317072104,2.60073017558374
7.04306485372111,3.7649865125353,5.52224887824773,2.65358461969802
8.32339601836198,6.20896552503512,7.31731345923268,2.64682919837635
6.18185295631305,3.6519705927577,3.83462725761347,4.29188067062194
19.5993347045561,5.45286035689541,7.68756377139814,3.57296634926851
14.4292466467529,4.80098029671408,3.95305313564197,1.73424789641872
7.32412622607411,4.74127183413883,7.29023444688175,3.94158635395711
12.4269311686662,4.70595715751551,4.11744637078952,2.01846597018716
8.95759958870805,5.33245766159679,4.61827961889587,3.54353267044078
7.19786093403891,3.74422877207618,8.5500319662917,1.96864620250325
12.5626337056615,6.54214776857365,4.51043728113595,3.554340717656
7.23253327062626,3.66349443000441,8.91992929596453,2.28887304558532
10.7335433225952,6.6667669177844,7.37925597444989,3.10223811286361
7.03426142871909,5.44379938957012,3.58390442980471,3.6288871676882
14.1110074600152,4.90357662019881,6.55860951805094,2.97173093747712
9.13426317718063,7.28458404255447,5.58068952235372,2.81963311491497
10.9815216061091,6.00267111166607,5.43831203813947,3.24889720009808
7.61515089666558,4.70784637681203,5.00882795999728,2.27206753281381
12.5724789871708,4.76509840366181,9.90324795565852,3.58189783878232
7.11954394438821,4.65936621006014,4.22502070185388,2.89908115819863
10.9683992092992,4.54472227092969,2.65118809810783,3.12954722227946
7.68344300673078,5.76672197620661,4.00262425379907,2.28418120173181
9.62653526522136,4.81060676990152,5.76238701878246,2.66738202864025
9.90562150158229,3.48785941702599,4.08652976416409,3.452730592654
10.4886506978698,5.4378579924937,4.77708656732237,2.1048345255888
6.94869395163825,5.14483265706718,5.08490085471113,3.91736367286771
7.25437556319639,5.32991686424576,6.42257694549763,2.24393089243929
12.3845485611537,4.65664905225517,5.33224277355798,3.76552060176143
13.5753949532215,5.01602206648695,8.28860250046617,4.822004723065
6.67325880116174,6.04426185511819,4.50819233504558,1.79339625503756
11.2726468253153,5.21001515827786,6.83790368874481,3.13713575912449
7.45479726620794,4.91117675007067,3.68518817361316,1.98138191387024
11.0395814283657,5.53984537675732,10.0028623311159,3.27480426486449
6.25473185615398,5.6369778390677,6.74772869144092,2.43830721067388
8.43362340566799,4.02544303084101,3.70314951221458,2.66239010885359
8.08707326013346,7.26838857271972,5.13895179172625,2.49739578962662
7.489839950108,5.08596008819184,4.4862012879746,2.06223467828837
9.82262892373921,4.43233635801923,4.64545710097383,3.59296354458024
9.26033265643898,4.94539196876499,7.02512415363672,2.39113102339518
7.21049200466755,4.65254270212473,5.95396306090407,2.8010269053916
8.1847521254534,5.28941137407349,9.13947417787259,3.59091102652261
10.6694527891922,5.12618423460752,3.7953327729842,2.07594428786959
7.88623927854725,5.51232224075899,7.4384977643298,3.6169166748493
10.9542905283636,5.04325877071802,5.39325099938335,2.71721402345636
10.3787088455495,6.11837858576183,9.03974081749225,2.54478388371923
5.1611125591429,4.65340822741053,3.35102641966787,2.54820805374895
9.57950731063006,5.39501172463496,3.39891320649097,2.69999057561199
7.90966515229094,4.77560906782557,5.73228973162847,2.3599213497017
7.89449998790509,5.6406547594456,4.22679056749501,2.26234094127818
9.96641931309914,5.11537942736957,5.36598461022671,2.13644934101138
6.785168039304,6.01254158805304,2.98026514932945,3.35466381903517
13.836001686342,4.90868337211757,4.52382443283786,2.47903773709371
5.68654952473987,5.8047818345169,3.98000182078247,3.01641234684167
9.28425142202954,5.46237429349577,4.47543729276164,2.16288209970992
9.68567209521596,5.71662231464822,4.39969676798281,2.4384639555619
12.9414940766896,5.0793301253684,5.41134703060875,2.80053245273756
9.37791602937026,4.85600581979688,7.04674589608276,2.23110433455592
8.45813004504414,5.54412090640227,4.39614208634133,2.93611257452579
8.66951797785632,5.60020834036532,4.09490747783694,3.0833508698831
9.8620635579471,5.40617868476082,5.81949846437885,2.42442437360849
10.8200059982667,5.61576386367343,6.52611157844901,2.54018299839528
7.62730724302742,5.93912323738685,6.06133942066072,1.76210213244092
8.23756909254978,4.82774467407907,6.00300521326686,3.71949264976636
9.17505476090227,5.20823189751099,5.80957314810442,2.05605294757301
6.99030627258378,5.09973952276572,3.69679409647715,2.72545566800248
8.35764803485825,5.58055202836568,8.47916020213672,2.76437032409035
8.94257245297159,4.89344060734456,5.37664216780477,2.68971497900926
7.54377388791767,5.81604065439142,6.10549480094848,2.75952202652524
9.39815493739749,4.11230691014094,4.36567012575762,2.56403821722048
10.6769862262574,6.16369152942274,5.50573626152986,2.86019611443516
10.0758118126244,3.15590505522342,3.55561672334676,2.39728286353644
13.9951496624235,6.09029871197194,4.93754498289236,2.18540056461954
5.93463599555981,3.95194086464029,8.83322076070157,3.0274631789162
15.3898751078413,6.28980503420326,3.74891866799582,2.19985194625684
10.7664749876508,3.87325143865811,3.67620564620085,2.59497778362921
7.96653095729058,5.83682949573553,4.54271194695303,2.64536003079954
10.7918646331796,4.31089777116255,7.53629361171549,3.32484710614509
10.1721803791934,5.95831841219763,3.97149953377377,2.31846057364978
10.4481041712763,5.47274303020726,5.35108843063754,2.97910023599825
10.3122500659303,4.2879650786342,4.51656552362494,3.0204456400674
11.740787895006,5.07350990898182,6.92193204604664,2.54105142410728
8.93132099578206,4.55609960416579,3.78800349399346,2.58748099284349
15.1090676137373,5.64831475225943,8.83690744981899,3.52176408926628
6.18647696559007,4.77363974040436,8.25052761653365,3.09009735560911
6.4564581052282,5.03513130638321,11.2032622068381,4.56228057624712
5.06947731231875,7.16934942627469,4.44440683303845,2.30639682476711
5.40889523079251,4.62090226145293,8.28035250216142,2.53568631839344
13.5500394077468,4.8805309721629,3.73191101883133,2.31537148030278
12.6896011371372,4.75876960555243,7.89543341072233,1.90516393131873
4.63193567753029,5.66458258444955,2.18421151758453,2.6253295841884
10.3328156870661,5.31985549141421,10.2799855500892,2.7739079803418
7.51474277905182,6.85493087199395,7.52591005486324,2.76848783755325
9.5880575521758,4.39071055657123,2.80933470401874,2.54560173953757
8.46680866408599,7.50379789183407,7.20513986290407,3.38934948291704
8.5086388895107,5.75438238267786,5.22956115277488,2.83205012184646
9.08523313106697,5.89288553149928,6.48439036656904,2.81300846460401
8.22385849279516,5.30920873835616,5.88523206737438,2.60352440132954
14.3054947628603,4.59777923978468,5.26474178431735,2.26188154662899
8.85314042449462,6.21787151513722,4.51420190980403,3.43228540238466
18.1654629987003,5.17981649040269,6.65408479608369,2.93978300584462
3.79030026646501,6.20355497701665,4.1472087325103,2.12561042044417
21.4236665555126,4.52171593186892,9.94342097811839,2.87412170685859
4.76230259012604,6.29161594517327,3.12579449850766,3.24981836445522
13.0295333032339,4.8434515526183,5.22186965016773,2.22475787469626
6.04718560661384,5.06151182890802,6.65959113305503,3.94083568445235
17.280540888276,5.6459830444446,4.96538894446721,1.93332735302651
7.56369023285219,5.23870292857187,3.32471037750421,2.6790449683483
9.95802153633776,5.0110091220872,8.07351338009328,2.47329529224386
9.13592107641252,5.99529964718575,3.54372258817995,4.4609415146416
8.0019041068625,4.60198012140384,6.45696909204298,2.35629120652093
6.47104715785243,6.10172726387633,2.85928613810937,3.60443526655955
10.2191408871631,3.94626587557593,7.36189923739941,3.75570217544407
9.15230910465025,6.60721992625027,2.8019297837823,3.03155568225682
9.95858721263347,4.06733228365219,6.53066354379767,2.4807706158084
10.3029235684232,3.01748638777216,4.54000430922311,2.8139269501791
8.23719709874868,5.48923243791113,2.89438942898255,3.99704521648469
10.0353027054846,4.68557451480012,7.40115018397504,2.16809753583071
8.53301765815906,4.35652081777719,2.57829121162953,3.89530618352975
6.38053218477104,4.6068949258051,6.67468965157946,4.11581146942626
11.746251966328,5.42046719680919,3.27670103223862,1.2084540402093
3.84515324443784,4.50157941981806,6.47263215290352,4.7231065754826
17.2797135132066,4.90149613036605,2.90286886667483,2.04973585636797
14.006360334808,7.16725096365288,2.84402771275671,2.28202942765281
8.23480788345203,3.89427276925593,16.2877713951379,3.18513398565278
8.4387108870335,5.59763707328144,2.6549846392916,2.21012364947855
9.62952656757395,5.37441845213636,2.11807223616121,2.45593617926434
8.93720724867598,4.44134998037459,10.4449494340189,2.2976568154294
10.8152559259399,5.48240312852831,7.78748603903029,2.36645698732376
5.13900014465406,4.17957473377452,5.95050471702241,2.38324916286511
5.45423543753933,3.90717107433377,6.87617363556154,2.52674886033421
10.6728406624677,4.78705288499609,6.90863312445093,2.31690524903115
11.2604119487816,5.37245592284987,3.11395707941045,2.35432169154331
7.05823781018922,4.11519820156818,2.40115033915333,2.37924917025045
8.85256789621747,4.13662022196599,3.96823312441496,2.9577361537058
9.25130818215519,5.25244959104475,5.766637734531,3.13803397343893
8.10057680997858,5.04339886204614,4.79363022417366,3.0492762509748
10.7519327515092,4.36608238191032,5.33423238986219,2.26575896423714
14.7949026857933,4.45108097058219,3.94260076160014,2.38658830541965
7.53724152644163,5.43846063016712,8.26410792111399,2.73131993449808
14.4501815571562,4.63334481948541,4.24502673091084,3.07544774173785
9.38462084664068,6.21662530806756,5.81971446670812,2.74142899053435
7.9909275488107,4.56712070323495,5.09759127468097,2.73496292650297
11.6570188320029,7.45474272591423,8.56851320754543,3.03106499451931
14.1441206372783,7.78659169088518,6.77723567783814,3.12315856233541
5.46836192994345,5.01972756646812,2.3770271958247,4.29769341466341
15.7840658465111,4.37180108182039,10.2984197087939,1.66726640563497
7.15668369805247,6.2827713177445,4.41357111275456,4.39146318697612
11.3854418325263,4.0005113362443,6.52095533034342,2.19209699087279
7.81697200501675,6.66219765963886,2.68967704094606,3.47301885232912
8.01642588296684,4.17632353624968,5.18300472195793,2.95853064004431
8.40882458489764,4.90834650620013,3.45733427861798,2.46251265969518
12.3725076268469,5.98624220536133,7.42849869917279,2.93418465314568
7.68492494776054,4.49462377218186,2.7170786324687,2.90289772798926
7.5935642715075,4.95874718451825,5.40047262563734,2.86559312163082
12.2323409543918,6.56411996989716,4.41382594837981,3.10725659535101
6.76739872115777,4.27532954781388,6.05633764493312,2.34322421456901
13.5356250801509,6.88672171209076,5.4306259633905,3.32143696869095
7.58495974294672,4.88885255671346,5.08798396052652,2.70507274644226
11.661352546005,4.34454128948496,3.98760327756203,2.55476768085473
6.90935820988364,4.27004031051828,4.58075217211078,3.84735142101601
9.41152277579835,7.53769171039654,4.41535712571695,1.7749374997018
11.0524950443001,2.95322605993089,6.7233962295829,4.50040146231659
8.5868889496731,8.39056163675911,5.31059244950378,1.59369723417988
9.28911987251363,3.38869614668174,7.77490176983395,5.37511545798929
12.1777329577081,3.44097489312541,3.60583723517942,3.73697110428832
6.92666213536199,3.59126165373408,8.61180790566761,3.11443229616382
11.4345449960881,7.46552080915774,3.38212523992562,3.08367641165348
5.57678696701194,3.99024026731539,9.75969091672384,3.44577944314661
15.3837281371321,7.20623637935381,2.35920741283195,2.49911156527658
13.3692209247904,4.1960524639991,9.10474461322619,2.24184329076821
12.8347967690914,4.46257381869658,8.7623848991227,2.56143828259832
3.71447579545662,5.96860899293266,2.98449295508966,2.3143385117462
22.3892372036233,4.54589929563364,13.7531484891338,3.53040312176994
5.0317016902658,6.46078557024231,3.48975032733547,2.53835973689754
9.40442576273022,5.08897560797222,5.37581225149761,3.03951601547565
8.1038510219781,5.868551977447,5.16172676785233,3.49774971201068
5.45981790752587,3.85531130909015,3.30188478450244,2.43963706717319
8.35824767910975,5.29222275087693,12.9795269254906,2.80427387118566
8.13243657099125,4.91423937421648,7.9182775610292,2.41110289977405
11.580599099001,4.86364188114607,3.90999223322947,2.852116477226
7.29448245965347,4.97582385417811,7.08523662944978,3.8900341535626
8.00456113000496,7.30637180906796,8.13403222090857,2.92354573400557
16.303529261487,4.86817569842549,14.2939420314448,2.91815867677282
6.17125434918248,5.39351971026869,9.50868585050928,2.77886341633842
7.88057913535207,4.84142828594043,4.84132490404007,2.82281254653611
13.4026182077204,3.52376201988213,6.59195543309178,2.5904006172857
5.95324710274246,4.76540238947343,4.54097415041829,2.37975078361809
8.39571150147445,3.74830181884195,5.42791280011011,3.4071069958938
5.6902887047488,4.72765091042868,7.13639376764284,2.37190667895713
5.84001720018284,5.09403930827687,2.71384236351316,2.83340990277296
11.3158238801845,7.60223526471189,7.3219892329221,2.15178927036071
6.63519696659145,3.68502634849911,3.35127244640712,2.61013449946986
14.1792936262279,7.94517120283809,9.53577132351796,3.03330423743322
7.25276291143298,3.5516933172679,3.4713569059084,2.83867180598937
11.4761996066163,4.93142161418045,6.98300959441337,4.14730919875866
14.4961300841047,4.77563984639569,8.378264337539,4.28270536167117
8.50311192135367,5.43233452613655,3.9155089839443,2.9732062682004
10.4700177708855,4.94507914441552,4.65490602174587,2.78360497081968
9.56681990982199,4.22129652158827,3.76354586294064,2.50661868194138
6.69689208884023,4.69703989227239,5.7120792120216,3.32091931094428
7.5739686762047,6.33130752378052,7.29546144894386,3.7230573880714
10.4778449631651,5.59713222777224,2.84625845736715,2.97176977223645
5.90193275551295,5.61371522403871,7.7290889279522,2.87260373142813
14.1988909970756,4.89803473284395,2.36555044934777,2.1566119528178
8.92262912973045,4.90190005009154,3.6683373091681,2.92457469448562
16.1203262842368,6.51925000504958,11.1025953529611,1.96681998020189
10.65025865946,6.94343688419148,4.39870190749951,2.08131588085757
8.4715441237922,7.50335529278609,4.52850939843244,3.28166741014251
8.10224991218605,3.68804198813431,6.29215070279556,2.03409753798882
8.00036315599825,4.18285126885989,4.70108929159031,2.97222292163479
9.21098836797609,4.36978951597092,4.43775047782699,3.7520157769703
10.6454831130047,5.77966495669358,6.46661845584859,2.25520079422164
9.87755273244086,4.47811218055114,2.88659047834702,3.17380725051061
9.32393441387219,5.02141995196165,12.5923855052424,2.31601960730148
8.20242178622564,6.22098094177941,2.56094704205339,2.65107800645652
8.79423248064685,3.69076584742296,8.8282839416404,2.03021698213498
10.5266500579251,4.42463520909194,6.09014575919641,2.22640673627988
8.76537008918192,5.30916269959985,3.28063588444042,2.69924623026806
11.3045771864398,5.3950051581616,5.21916159448043,2.13574336488362
6.8893533481703,5.59582662466792,6.86676928328744,2.93603187997675
11.9821733149681,4.82412790312559,4.98584486270901,1.69955914898133
5.66801276363028,5.10299278801028,5.69902508424791,3.29087703250257
4.9995919282058,6.45298651814542,3.40973861903814,1.9422791223194
7.77244635717435,5.50658526895591,4.65640679301515,2.31207566023226
7.01827342054534,6.23178195396813,9.8665705363441,2.44457189460125
6.29078544020178,6.02725754822605,6.24488167582211,2.84258612219891
5.59942819584553,5.59643531293041,8.53174330754825,2.10077393863891
14.2807231765421,5.51126613211437,5.84359152439093,2.75856339245872
5.89833135454165,4.42780337881408,4.14991502563106,2.63974354660327
12.1839268697293,4.75436058222424,2.99394657704337,2.5635365936108
7.58692296930955,4.68628978830285,7.24758651850968,3.28333289695417
8.96876317101531,4.39123093905279,8.37159652178441,4.24098710826601
6.99989021509307,5.75317855750008,2.75107110824166,1.55412362541681
9.51392691584575,5.04234241576638,12.2040248691458,3.65033928825768
11.7168354605169,3.87259141953285,8.5368949261873,3.1389675255195
7.05322568379074,7.30359809295481,2.89148936578987,2.77318903157767
12.6241986237483,4.16982874146169,6.10011106582554,2.65206467929158
6.77185160562063,6.10257734364901,3.88080591043449,3.1583842621914
11.1346060650802,5.49650992041929,9.58541792628558,3.48384457554798
6.09168810296219,5.05216781460378,3.89127543636284,2.55656557875713
9.94747869704799,6.13558986200424,5.12426323046105,3.00879120467029
12.3009129224949,5.16343207123873,3.74583118203618,2.36790682083306
7.65594469001158,4.5532237493676,4.63294122158209,2.59970349370654
9.45471154584837,4.98163664727909,4.59856181998991,2.99523886319511
6.84388335152083,4.22086949395693,3.84992170000509,2.79103674308797
13.9065401641374,6.20784054866749,6.24261041949671,2.40245770082473
10.9587284080508,3.58556130807377,8.42513091349227,3.18510950287665
10.3199733110778,6.37935403231484,4.40077794282479,2.18369375740278
11.251081443937,5.35263276074933,5.54627159923658,2.3486957668017
7.8708146555838,7.11160718176202,4.01990914883997,2.07002680303296
7.18620448773838,3.92813979962454,4.47805012036951,4.94764465866426
6.77708954539274,5.37071113554008,6.17420522123971,1.52154648362919
8.46522519360053,4.36786534498332,8.37361749085091,2.95013118350631
7.63814625764957,5.86177335118559,6.32111378151454,2.01978529438719
10.5223898462488,5.25358973098501,4.60300889820545,2.02005418097266
11.9129918696032,4.62059206777255,3.90077723928861,3.34745733497917
11.7395211687486,4.36651647127324,5.37169513753486,3.24521215146033
11.6632163905975,5.27788073554184,10.3896749670141,3.21731809050518
10.2477019632441,4.09118324110722,9.72624295150509,3.06817732269702
8.31174858604693,4.38622531798717,3.26911918701171,2.15895951496143
9.36221690944112,5.69546163205764,12.5262509854855,2.9264670382584
7.81600095739687,4.72358904144184,3.25519947055882,2.66837246232624
8.89738818404682,4.89052812456211,5.43654796774378,2.73347208828619
8.01676189862728,6.9363658777981,5.06863066268816,2.54734473770661
9.99847822187949,3.73449981958121,6.67509806067204,2.6448286681277
4.96861178200974,4.69254127315534,4.2918663433545,2.23762884289392
6.29672177793742,4.55062889767592,2.95129516189597,2.17545197626353
5.87886583800986,4.10401987468916,6.19674952095136,2.45093444033911
7.52747626762831,4.73836960752367,3.18554616159129,2.97526356942011
6.1159251961436,5.02480608765445,7.37998700901171,2.16125031066631
15.9837801746243,5.66310427939128,3.36822273139339,2.88520266229649
9.0078040051266,5.05165070076403,9.29884755163027,1.73583190785217
7.81355061620031,4.3019098669412,5.36682611118235,4.69980179803258
7.38776035062756,5.7480481951113,2.7043718115816,2.51218548332922
10.1702907326344,4.3792736429657,17.0274823541553,2.64843573675402
7.02544333441152,5.97912102930018,2.23680668780769,2.67587973527615
6.98824980750092,4.27409971068355,10.7732355526388,3.45624568552192
10.4534540979945,5.41609252084034,2.94167799068723,2.81710125678246
8.10016422978291,6.33783549180205,3.55621511755724,2.11680042887344
6.18089273417448,5.0157395206424,4.00979775998258,2.65222991577305
10.2661317314184,3.81657230092311,5.3431537617202,2.06699561125804
6.86271349599219,6.80692621800008,5.68836470375832,3.37386855174954
16.0158115959266,4.93847206627645,4.58115083743734,1.70344745752964
5.59376208397113,4.78827342019814,6.06600483660106,3.8128779571875
9.26441945588224,6.50049053948062,9.48369563567457,4.32286915203556
8.76796727448324,4.39925024844583,6.61940703022587,1.80980235047161
6.54911494397824,5.42319288792156,2.75127788310614,3.50363420517477
10.9055135020911,4.5551106110441,7.0911932566819,2.45365769550958
10.6415052681751,4.45954327978627,8.83699126641898,2.75384225145942
7.57963721791122,6.32963594239159,6.68763214304791,4.05795838378236
8.77583294809403,3.76371659017995,6.12835289205648,2.25976575007877
8.25603616392063,4.65815315774038,3.00388972363923,2.65483616111062
7.28375448204984,5.034910452951,9.79584872035107,3.18052597654215
8.01097346817523,5.32556970940734,2.4392912051079,2.14836283957336
7.65904612414735,5.13719916388516,2.58951326360768,2.11254365199828
11.23500754382,4.54242292225636,5.53442829432382,3.51161560078441
8.23513402973648,6.11648502558199,2.97339635009401,2.69145746002743
8.31944037329486,3.73854232919264,5.50287273205034,3.76036335431259
7.45472115869884,5.2575472713576,5.64639154044522,2.80122268947899
9.34344623398009,5.95386609353306,5.19453393963145,3.00996695311099
14.29640554975,5.66786560806595,3.59083424434532,2.85819253168647
8.98177087912132,6.98648385821589,7.87976595339857,2.19017925262723
9.25977573757539,4.15540629015168,3.09029653560368,3.7216784718789
9.65840651396186,7.05616011216936,14.294664457088,2.10092895801254
9.3400118042414,4.34758371714161,2.95734234747879,3.08386850898062
10.610787626777,5.85525444533354,15.3524828502362,2.64563598170163
8.88747189309709,5.84922878219439,12.7584643639169,2.61714433337847
12.1051183405872,5.98531009484504,4.39379566270785,2.96364714649994
7.65934171169857,6.59630470509463,4.77127162580367,2.79036583272797
10.5612442474238,4.16725976506505,5.63589242498221,2.69359920261991
11.2807944133016,8.58391614542778,6.31357833704908,3.38232067656323
8.55059201674475,3.71645164752668,6.79552534922354,2.85921716854961
5.82733083165381,7.74770900968594,4.61158115786439,2.00191208484398
18.3837074682261,3.27052186616826,7.83278655289532,3.15094001087118
20.4243762219086,3.35354157329027,6.61342979704934,3.80420215006107
5.91020031926879,6.85887025617794,4.69112447379232,1.84658303760838
9.48847237095801,5.10193852161492,8.98943959925797,2.53343214311974
12.392246725207,7.22753624123267,14.6640489207692,2.27444313823156
8.60344100580739,3.73246762477012,2.42184527271246,3.82700346615795
9.16481476642601,4.10154147928052,6.98909178647239,3.74829289004714
9.50660992278971,4.16478524331062,4.67075866876948,2.11326618300089
6.97118162947769,7.75258069389012,3.41095624032583,3.32175331391678
9.07510179820441,3.53692297430857,5.3657142950555,1.96249241338545
8.6420777875743,6.66093108574788,4.74878285414655,3.13828768550827
3.93428962611788,4.53378961323813,3.18311557094334,2.43112579438564
8.60148203160696,4.64433756862214,5.41616513644084,2.29897143868695
7.97287161060472,4.75108500229238,6.81971116872548,2.3040070405577
7.09104218346886,5.12029303461179,4.08922261619001,3.01715243690941
8.49022517936263,4.54264801077012,2.93700777392967,2.36310057609644
8.52262884209435,5.13046833988504,5.64761881975234,2.41504666386446
7.43143606542836,5.32353497458258,3.69457319715277,2.66842496986422
4.92126349948922,5.78018370880264,5.30275277366262,2.63161618657157
11.9895458548261,3.98091219112293,4.27974887792003,2.91770078675648
5.9511550176199,5.77428888053588,7.28270560742747,3.1740380559919
6.17542469058344,6.22905788486747,8.21807657164484,3.20154895807844
10.9855891030281,3.99466190300555,3.50566238750669,2.25687623554885
9.33054855640478,6.11259657379037,12.7308321884084,2.38869875074521
6.96858336775921,4.22753481200219,4.93470707498795,2.82736418398437
11.874220319481,6.87173135603023,5.91333368867963,2.7420071726552
6.30185416317932,4.18426974213991,5.50938718105,3.16589512375157
10.0319710733514,4.52212045153826,5.90332550794805,2.41089204601502
10.5934054393998,4.86189938264018,4.93256212254842,2.45106069396293
7.81946195161866,5.08133645814843,6.04421052795461,2.38635597791998
8.82861060793093,3.9108169526929,8.45899276083176,3.31735587439703
13.7017447429598,5.48942429524115,3.71078777940466,1.58107138303034
10.2294564735949,5.64439329067709,5.34301651613508,2.51114461435581
15.2133445714174,4.37953366359424,7.50242019680386,2.63470082436088
7.00496600200786,5.64101932984949,3.14710608958007,2.90691527359795
13.6598413107038,4.91157691444699,8.41027263415016,2.48174086549106
10.7270549143701,4.62361801984984,4.23352159722903,2.57252585825258
4.79022147158275,5.09032578101014,5.32246194703154,3.23592977843323
8.7071869788982,3.83120607877045,3.08925025548941,3.01865891069174
11.9896686949501,4.63532705253172,19.2956360611986,2.99665862326963
12.7773569988709,6.17164848135111,12.8192741550743,3.10748487104741
7.0173772264612,4.64479130543625,2.75281348557061,2.37922696724044
12.9656665385686,2.82392539457477,3.93267691150257,4.31746550191024
5.52163925109277,8.87382167347178,6.96990056931919,2.01414224462018
6.82417721767272,5.65758065113841,5.48825749746955,2.33442651052536
5.41787367249563,6.23095521609661,5.46412126577813,2.70180271398317
10.601184370315,4.54457010859961,5.88461821719737,2.42539988662943
7.78239472233586,6.33319738617281,6.25263562573265,2.67913078277045
9.86431973912047,4.03793798189438,5.29226345534639,3.15509544229758
7.34446639087194,5.56247391872782,4.81733770419522,1.87952748767485
11.9806466295288,4.16954535281883,5.8223608506881,4.04818516216581
13.8255064470512,6.28313154957867,7.71962994422287,2.17753018730311
6.40065351975566,3.87828483296619,4.32714971084003,2.2974377545631
9.73269366368912,7.87040106489656,3.35051656998016,2.48090143567397
6.05706007700519,6.59394616622688,4.26092426111933,4.12026495812015
11.9067202123061,3.90593750316136,4.93285475126999,1.95609353724125
5.26525648259208,6.10306759442131,5.7875975358445,3.81978790467891
6.14801226893254,5.66838752499004,5.40197146568361,3.94504008926941
5.71620611595851,6.05657029382402,4.48346365169167,3.53744470146229
10.8776311349692,5.43302379158913,8.17638784421882,1.85036280083819
10.9907735938376,4.7024150054037,3.3129497363931,2.78209514701099
7.21143350095688,6.24245302432984,9.13385018220086,2.62976254884303
11.3898865516305,4.6358810092575,2.49940114779963,2.43098074542446
14.389786841654,4.4889875455523,4.74742570194401,2.88142977156572
7.50366717482149,7.15637088509442,2.71111608254826,3.25406228829257
11.2108119164332,5.06402098410377,6.17373397309495,2.62069203284058
6.31635884593615,4.46465919982719,4.01586040624261,2.14172325661006
9.60694387119909,3.47346551871238,3.99103873003648,2.11995133783371
9.70908275945507,4.34706973646557,2.23146947164991,2.21344254253391
7.51600077693051,4.17841081689818,9.57200694788822,4.25863109682722
7.72403351352956,5.55907284347457,6.43050453319479,3.74128972554503
11.2060563929885,5.56197760635833,3.35500627451866,2.1109626037887
5.31106110357494,5.13088533489328,6.11285553169515,2.33365468697854
14.3228448121168,4.69174132520351,3.64644300131524,3.27973805220508
4.78235638212959,4.53833606598954,5.87443297310622,2.46259870305942
9.05806059706651,5.26909913243118,2.39252809057449,3.60131220236346
20.9099804696278,4.20805522667958,8.13762433599216,2.24890024478011
7.55426787408829,5.53369975846915,3.53091754401778,3.07893600521786
6.59854812627056,4.39820996879506,5.1048491251406,1.76926973692933
11.0974211821098,4.53969212170415,3.883086795615,3.67588903236885
8.28610559027382,5.30497108138464,3.41385585502958,3.3845269545576
6.90888838989799,4.86333828339612,7.43636128849148,2.89274962163991
8.45391371239237,5.90498114977827,2.59682290460188,3.15952010943818
9.28863778570668,3.81000175867459,13.7828540708529,2.88465907211831
8.8668142581411,6.72649968880717,2.63702088356757,2.3188651024526
9.51547922011211,4.47307587915903,5.96471592162578,3.43163312223637
9.40779372751721,5.86224023142862,12.0172644399581,2.20615000553326
6.77104635920465,5.19155177860641,13.0632998677319,2.90860527342383
11.2365307429739,4.81586196543017,4.56542200491872,2.31698407084686
9.71470221267096,5.31288175466641,4.06320723161741,1.98185604900403
11.152043694405,5.09936101715591,4.07183550957876,1.86863582242997
9.34759877626918,5.36637559407519,5.46065630754889,2.02466646904489
8.19362509659775,6.10789058891432,5.09103905774714,3.96273148775647
9.04913057269293,4.50744668864422,4.91224863488852,2.26354791917987
8.81171414508677,4.43447690852358,5.51060129807639,2.91794894354865
4.94089891485061,4.93224628798092,3.93584626942425,3.18343028816313
15.0405367586816,4.36500083118698,5.14105668391756,2.67978341592681
9.71623339480416,5.68797317670759,8.3633823015178,3.61688990175739
11.9018116334189,4.4860405429337,3.04170562085535,2.06773200262571
7.87281905581789,6.07739786261644,8.25370311889916,3.00752752271239
10.2522863153966,6.66704701273366,2.74153545790564,1.99123539713357
8.41288109864499,4.20559695621042,5.1483058070773,2.77445670582634
6.99427426574117,5.92914832147529,5.26500102478166,2.5161422887281
8.89965899674439,4.8280783795648,6.86068385071807,2.18952057224773
10.2815211716118,5.71718875938222,3.80734467146415,2.78526864344041
8.95386673730731,4.34175760272693,10.0210426710838,2.41053663550848
10.3805576423164,5.27730655164063,2.75202884204686,3.62367224950105
11.9319994152854,4.09447220162181,6.72169839189534,2.40566644888977
6.40758348544896,5.6574415071787,3.65878443911514,2.7853143961851
11.8238338878131,5.57984014764475,4.46568450564647,2.34230733012348
16.7098750111561,6.18674264164165,8.49173189850716,2.57707182897054
5.09422887506287,4.85818615321429,4.39230324468673,3.09757045521107
13.1164965791673,5.4363262793079,3.67856078615242,2.47576716495097
10.7150948427612,5.68322241733687,5.08139978302453,2.23454409486237
8.40968730092767,4.95683208735589,4.6801094115367,3.29189365400651
6.93639978903881,6.29409091116393,3.58801562241004,2.03062798427312
9.36275989541158,5.87154117389323,5.25677156136351,4.88982695000168
7.37709284429485,5.09563933762478,6.17201616583272,1.8927733887827
9.46927647229163,5.2916823878969,3.91008205524139,3.48283002216933
9.88621833334012,4.61288516207876,11.9759627280422,1.58378823257124
9.0702552770159,4.29354149162549,4.57528477991404,3.00082793304825
7.69554838497766,4.692997046262,8.78179237284505,2.35387518184729
7.74287311800334,6.20067779669475,3.48640117557083,3.31109433149594
8.71221342796696,4.97898465521875,7.73007145867864,2.57383600114146
7.38780289077065,4.91567500374094,3.29794975247846,2.74896202916593
7.66728696800937,7.57132362648469,4.32042097540667,2.96505803594284
10.7545668202933,5.39304138063896,4.47970510632686,3.49351931833383
12.2665683346689,6.73715421775845,4.565881597578,3.28980260520813
7.45148011180025,6.84609357745633,7.16317625473099,2.98396226624295
12.0872521193887,4.02373591332958,5.42289883100045,2.85626612938338
11.7029682343329,4.16982437137374,4.2226063397453,2.79695599697692
7.54420756958353,6.99575359747455,8.27734040543324,2.74263239745277
10.4623352202619,4.06194534150698,3.08920779683094,2.84874765104702
7.605648077114,5.89955658544588,6.9461458404082,2.56707157276632
8.71785661869109,5.40674208400105,4.88275213448666,2.43195789112304
9.94075599794648,5.37691595144027,11.475189657146,2.21347396574897
10.6305275579496,6.00931485528107,4.11501662340221,3.93943236884885
7.08995160789334,4.46437188397775,8.1415018358583,2.19070389190131
14.2414834398364,6.06481539219702,2.03586146560346,2.70890037547678
4.56658890406016,3.98666197561266,8.82206115374396,2.53974402421215
9.42129820416319,4.68028168679623,7.27174709302882,3.07265880970836
5.21040531187554,5.95143703690277,5.79703347430754,2.5223253720674
15.2939560763871,4.67173395797369,4.39633567713749,3.0754091255361
11.2714337914608,4.94886316135181,2.65029605460044,2.41591341408275
6.97169506634014,6.27163630482256,6.99413030051483,3.00199389239955
5.38425723303145,5.9774044445819,7.03196998757778,2.77281487964776
5.62549146693893,4.44311179056919,3.63021102705161,2.98995945350003
11.1957452649887,4.2204811466048,7.68217497997089,2.75320408250445
6.4562113549828,6.31997158998507,2.74645512966625,3.59315495384058
13.4788724633484,5.66593567948273,9.96928951889117,1.84917700760787
7.61823487222106,4.56247151280816,2.80677656456537,3.97265227450677
11.7627666799522,4.32767862424138,3.65572683010573,2.82056894438699
9.55745805832823,5.4343026141551,6.78817312582542,2.62988218468384
12.9306615314584,6.01476149051257,8.72725934107835,3.99070403052472
9.89839832165279,5.56316657222999,10.8342012084918,3.32030586461547
8.19294933233469,6.95873975836956,10.9654880990695,2.48274864308101
10.8043315050351,3.59713381190094,5.72298132350628,3.20185431892215
8.87436842576856,4.95798708324918,8.8180456517274,2.74976446187355
7.78551656024405,4.69911805671869,7.93733574385451,3.07901977895213
7.82935043405145,5.52140854045089,2.78482392036088,2.50773117607231
8.98148378860072,4.0454616675568,11.2655818212095,2.43402984306518
4.53711771907124,5.61791129650252,1.80188488502264,3.12900354100136
8.88260582715267,6.20865321200617,8.99203911024633,2.92177373124575
6.89469433920703,5.27231197760183,2.52106384169461,2.73927495826032
6.22508272728361,5.11310247801222,5.72730499416564,1.64762260629722
11.4255549988054,5.4526144780108,4.84515696892826,3.53709708779602
10.1986378017898,5.21897177821563,6.26701284270759,3.44611311117167
8.60930480245371,4.92884249121059,5.5004025113991,3.17079703606111
9.27378371021663,5.03532404914186,2.46864729609314,3.33937733107596
9.06755972096617,4.26694820305946,5.98139670393437,2.28584516155448
8.41081007473643,4.59947060315795,2.69834138494092,3.59499811567853
10.1494847503499,6.36340333962481,6.51834059998151,2.61045471561453
6.37920928270848,4.4785645885466,6.63516748401294,2.5511615390135
11.5735108741455,5.63079983942835,4.05786933270938,2.31367987724512
13.0515034156316,5.88346171359584,4.07922347497943,2.64492599924747
5.94041621888033,3.39646095856396,8.68867362787373,3.3896796414422
11.3269913313011,5.91209464930368,3.94068104920821,2.7899086522502
5.9816305166553,4.95672198452287,9.2701762313926,2.71383931192615
11.5640810128311,4.62673047251363,2.42939810875792,2.82850984518378
10.1699346751883,4.53365285652905,6.65143795705091,3.19198906427591
6.08274251164809,5.23745661865625,4.39901765679528,2.74277752911712
9.1542852929486,4.90313165303612,5.71883140731189,2.60968188936896
10.9764571454834,5.51956505524229,4.06083449992254,2.65621687384581
8.73092086354696,4.68490960348878,5.18551345967716,2.86315101024384
8.10758507370441,5.53354346470294,5.54824887868916,2.4317732302246
9.17633407153192,4.19034500990032,5.2347270062315,3.19727133575856
9.01053630755714,6.84275706496346,5.67527074506557,2.49657581996944
10.1257300435086,4.22658143996923,5.75897216858638,2.70718113126796
7.4764310404531,4.80868355233848,3.73901240887037,3.41517723625387
9.42694944800357,6.58959896674022,8.00114387062267,2.03491995290883
9.32424395873891,6.55026661508201,8.45720717478533,2.01795373060251
12.7296973532194,4.45639131036218,5.81999599952687,2.03325428048643
9.25949113910891,5.79000127054434,4.69917038354475,2.0049066162674
9.47144319320886,6.27841828161383,3.01948746753132,2.49023506427161
11.1996670782749,4.98953356073054,6.29600220381321,2.22485052798999
7.73730262514638,4.69745976074574,5.12460611948303,3.85302955122544
6.72967393074787,5.42266905103681,3.40868192860876,3.2396770027539
13.6360100143209,5.84466911682353,4.67064191684674,3.91693616526061
14.2741993228863,6.38683515526276,3.01464470615042,3.62932045394481
8.78626094113544,6.18094075812932,8.47503456613939,1.80699482846726
11.2460567161178,4.48610765203922,3.27009246806152,2.59780180090768
9.52166151987292,6.17211945696962,5.24147008293955,3.30980101772432
8.9235883754266,4.14620841069931,6.38086684496966,2.24849278535302
19.1309224373901,6.63707578828759,6.85509802099754,2.1521052009141
5.40506485236667,4.78961977774372,8.09339400164691,3.60988907430513
12.512167897858,5.34892889130838,3.85609583588707,2.53328176037393
7.41641759394857,5.24229314912187,4.64452461352855,2.32207577646154
12.9015166970251,4.51491051914024,4.86527345302981,3.70564395006172
6.55833835762744,4.48428396395836,6.08873222359733,2.71072811707769
6.01388262806752,5.07030540746376,5.28062080656009,1.76619376676777
13.8221006295645,5.19310918661772,3.90837466817743,3.92959098624678
6.7302848328018,5.03172166526932,11.3705837495072,1.96479032987436
13.8275512315883,6.84538959726697,3.75220235164968,2.10250426261316
11.5060791711346,6.23880099328019,4.24747329542985,2.63078080724347
8.07526774135088,3.88771262007654,7.97441870615906,1.84918307123893
8.63024245754836,6.89527979479632,4.66048785307086,3.26073432248766
7.75656654483253,4.70673675984668,6.58803961426834,2.42312420766821
11.7751531875434,5.32353771005761,2.7959639917833,4.95435365552837
9.65252730547641,6.34547266115518,4.52202610990444,3.02314443247645
7.41484343635001,5.20266383575642,3.26844264887805,2.34401217232296
6.67684412285214,5.24162759988274,5.24295743764459,3.39197173135318
8.69060132684941,4.64358524610421,10.8449634229988,2.95971640215888
15.7855989416144,5.47303351643203,6.50528973019268,2.63574103885671
9.50873623458673,4.28363507194812,2.45357157979975,2.93290283498952
5.48086894066218,5.14812717299239,7.84318110902866,3.21923295189291
16.3447319224644,4.85691602815811,3.23779275921108,2.47157267383988
14.083836967814,5.97935443861896,4.80529046791787,2.96556447582128
12.7738562163892,5.5633000672683,4.57507749260417,3.35972081514217
7.35543664830396,7.13124669395626,3.77447776298569,2.62274197591445
12.07160257203,4.74916092245289,4.70957197541898,3.70434927380116
5.99602872306851,4.67072301928892,5.44071736025205,2.21485957177974
11.0427094232213,5.32783534051304,11.1763980594899,3.07374755397072
8.1656063163429,4.72089156560373,4.19973820491364,2.34278613818214
11.2950717165681,7.41178433947168,3.90993328216781,2.08858061382472
7.19446121500118,4.24820885500256,6.34601733799749,2.02350952355645
9.62554093372091,5.91624231648225,3.78530445559574,3.51755788363966
9.89781982371585,5.52949109116182,4.2125536031333,3.34306327999617
8.52821044580275,7.10992562443146,9.2395613888719,3.67243661683095
5.8948451824485,4.1787895948364,4.73175873152834,1.7931376982323
5.98453068916318,3.5699151696639,4.76377184928901,2.19357990541544
