"phi_valuesI[1]","phi_valuesI[2]","phi_valuesI[3]","phi_valuesI[4]"
2.65337311787258,1.48664582385165,1.20581433515318,1.74935554189918
3.00659991341473,1.89584419473415,0.867547608437088,1.9747392961505
1.54544120991729,2.009108623236,1.00149734240114,2.25544672047211
2.53701980410593,2.16164508123956,1.0642400980153,1.34686031895458
2.333423072708,1.42227422604869,1.30401637492664,1.54487207144881
1.56455919297691,2.01099179679115,0.938526538383387,1.70641068251788
3.00233969052879,2.103246671589,1.09184188065177,1.63783936695708
1.53531823264705,2.01373951713561,0.890282073693261,1.83120331664538
1.94056342505694,1.53255034444424,0.972156829590151,1.73991344337871
1.96211286445752,1.79944172441156,0.976118509166363,1.75322129874607
1.94098610738148,1.89233070813879,1.34630536002968,1.31198511807924
2.12332551508072,1.85316232957807,0.875681036276626,1.53787820523848
1.76682909925968,1.96171662682056,1.0953985378861,2.01506084895677
2.45649737917863,1.87433490935952,1.12978435487549,1.74055554798146
2.08637315728218,2.04236660708275,1.0587786633159,1.50964679986245
1.92974525740732,2.50307783482741,0.8704169537728,1.78476004775254
1.89974989056619,1.88068179500667,1.13043426869469,1.87558303469961
2.09984434171392,1.67783408781162,1.30756646755097,2.41324696229324
1.99924909299892,2.6615956594004,0.590210373753526,1.82061470271728
1.64899739701412,1.78467066038623,0.82186792430971,2.46415479296296
2.89723544163554,1.9410719711754,1.41545188881534,1.24084916583529
2.76726333878576,2.14712751343199,1.67051521287238,1.84660862192245
1.64480901969535,2.26284768273919,0.671482967391733,2.4375971895319
1.6926424221706,2.56061289365873,0.789343657310405,2.62764198359348
1.72959218256313,2.34493023615193,1.37394675848417,3.38960976718015
2.69486963067911,2.1892376811422,1.05785325901225,1.79375770676446
1.72781049620742,1.8469695666621,1.77651818988885,1.9373933496116
1.93629047873381,2.19435021009686,1.43176648941286,1.67888327054294
2.82226392746679,1.82023807465149,0.79870731164447,1.58415618767338
2.24409495876466,1.95903878490845,0.909687801205342,1.69155677131594
2.1459918044019,1.98346889421783,0.881826595717527,2.70459028289333
1.90230790908005,2.01971765633932,0.942022476637178,1.87139097710563
2.85361471914696,1.64408658988983,1.09432303039296,1.50111126560912
3.13367574394095,2.10315369011361,1.20667187244368,1.16482146685437
2.78542952442,2.1841197639659,1.25539412471652,1.63058014075172
2.09931753469804,2.06307293676574,1.01393777913088,1.74753630959287
2.00151085998225,2.03223278243911,0.998360676746606,1.65811133412003
2.70691054068515,2.08943647304352,1.36675594425586,1.79488207403887
2.96044474281581,2.88239504505369,1.39245205638585,1.65539789943083
1.49550852833959,2.11102866999662,0.706434963927573,1.38107029994271
3.02008609579275,1.90376495963235,0.999665212598314,1.38790866970922
2.06399006156693,2.07340457616503,1.40384450682229,2.05065331605116
2.24941544490334,2.3444293383806,1.47575812806583,1.53306430879161
2.75115848746657,1.60423402588594,1.01257500570238,1.44725223152464
2.13655545157792,2.44227555716882,1.2134324710625,2.00452520683256
2.10205122433748,2.36149848684218,0.864922718541564,1.49416000503423
2.09767947351968,1.76920172173914,1.54326651982074,2.18572595124583
2.05233718498367,1.78740081475585,1.50567061927918,2.13291117032722
2.47464653000297,2.57829773141514,0.914984649313603,1.39619756419129
2.0784874737872,2.41998756293423,0.839535530305231,1.72619576099105
2.59708749097155,1.94143371727105,1.24420190493268,1.40533559979442
2.60353292160209,2.15005514902212,1.54704774984492,1.94190598100483
2.03479121227767,1.63020640490051,0.786028744299663,1.94074966257277
2.61540749635578,1.69130119881352,1.04400172510408,1.74332542047076
2.53466745503815,1.55564545604688,1.09151370530849,1.5789973567832
2.16857870409074,2.51296141055529,0.970486198337816,1.50611105955451
2.07141026721711,1.22919775054033,1.16394889707026,1.83302667263859
1.90137031698905,3.06899602171052,0.858294324334804,2.42037817426427
2.44609025710054,1.36756311830639,1.62781361416923,1.24876355613814
2.40824460462758,1.4463616966197,1.8355325280556,1.80114384697499
1.80347257803097,2.10701322504545,0.952941056887503,1.92505583017453
1.89078107413967,2.67044120271695,1.23354024564152,2.22579917543541
2.03569310766498,2.22637315008106,0.848615621122169,1.35195055510861
2.19769555651301,2.36632640893267,1.19295723380321,1.74138534786095
2.44841287124555,2.42876917646007,1.23013233704547,1.73965297492994
1.64480044585532,2.09651448282271,1.00999393329572,1.42359619912338
2.45573743974332,2.1131124534635,1.25978482250048,1.52431121217047
2.32946142344792,1.93122236670051,0.966285926065142,1.91874844357986
2.20005401468423,2.30512401525569,1.13603227340357,1.45066102981413
1.98468973306925,1.78583338438256,0.971086203047469,1.96160291938466
2.03601610138672,1.69254539095979,1.33946294372438,1.80305787075986
2.40740669077937,2.43574086812015,1.07167006151931,1.52734769211601
2.4331571488489,1.37987609260875,1.16325094294442,1.93655690335305
1.63808296722843,2.38547109769298,1.3776262360197,1.57360401617438
2.1296126736941,1.53902187723523,0.864737600125293,1.94284395184869
1.93940182302302,2.1217519227452,1.00751038451236,1.83240358597251
2.02828316735396,2.35624800597927,1.50174229730504,1.6233779964992
1.76865322471683,1.94345447327962,1.7877353684964,1.31350974190104
2.98844869377435,2.27421949658333,0.902103741690173,1.84543797778472
2.87504659638183,2.17911280734033,1.91885048865089,1.48634118011083
2.76502271604541,2.22525125641987,1.84806394373507,1.71883209627882
2.87982893578172,2.21788708066058,1.884606315553,1.52626982687272
1.96975394293366,2.11493064981612,0.979326189883735,1.30338797036176
1.6911837769215,2.0427791741752,1.29354796175352,1.87401340231565
2.76284620851107,2.18204168680218,1.22363409499103,1.59638137762656
2.57418876044689,2.44427200581529,1.29685860660072,1.5829319574016
2.46819516446224,2.74630121294022,1.3585727929991,1.56051961227393
2.43675379974252,2.51331844837902,1.54377536345473,1.68683422466325
2.10551501392814,2.33899852729265,0.956214315457967,1.56754620048481
3.67927810081975,1.90908763836092,1.11912717788282,1.53602922731092
2.03569925236021,1.75695439315353,1.38136283080373,1.64278426061222
2.2269789025078,1.57371690540739,1.47930273859609,1.54726470323004
2.10666246168759,2.24975514142185,0.767850020605147,1.8298962743733
1.49002941094291,1.91798745420247,0.89207410751053,1.76153893563337
3.07809498142692,1.78135401879687,1.54814458158419,1.62426239201535
1.78060182096585,2.28146385456974,1.80114994525033,1.64671472120483
4.0211764600092,1.77528396180775,0.751896431805115,1.513449213291
2.77566685944818,1.69135303116265,1.26669853845118,2.10397517549741
3.01567652979582,1.79190544334257,1.05816299603273,1.06095028621831
1.94652680961022,2.44622318641365,0.950475315907709,2.39345203212919
2.10147168932486,1.77770509875324,1.09316520635753,2.04999564448506
2.18724199083097,2.20685266616877,1.34674757852113,1.70636885850556
1.9154009714317,2.06780075992509,0.762849604155995,1.80943497273862
2.59107338487371,2.02973402363055,1.02669570497291,1.91738700822119
2.00350552050349,2.14247834003545,1.02004590616385,1.71702300998432
3.05453365368883,1.8176816440321,1.13735677197288,1.6649963986332
1.97690692435416,2.13152376636463,1.23250485136435,1.41511754762948
2.63839063837508,1.56950854471424,0.879723705028427,2.0147218647048
3.07817540890926,2.74053090668502,0.977689286114657,1.69856626685847
2.17897078839816,1.45275484293252,1.28764209860441,1.33486561365078
2.38344668335131,2.5813882531948,1.32469848128908,2.29082984550751
1.95096201025576,1.88026905598676,1.23148607447329,2.33462028575071
1.75285071242015,1.80641751016624,1.34197904706678,1.78947701246816
1.70476045123996,1.94584366105079,1.51040892109955,1.94194398461947
1.77529900863017,2.06475271997114,0.771726575073543,1.38574002190915
1.75574387680308,1.73688656823762,0.768584322218107,2.41224833794962
2.38673597833351,2.5840380084059,1.0846222814256,1.0924520119349
1.79593962472942,2.18911422055156,1.04476408246526,1.32090467661789
2.45187457871367,1.52665332742266,1.2382023378344,1.7956744135245
3.80923534186769,1.50909723200841,1.57975032114056,1.40609735367672
3.79081275504052,1.67577739523937,1.06333828187645,1.80003164584004
1.68228764916784,2.03454015825409,1.17931330400941,1.20517101136859
2.19982529482914,2.07490710892714,0.930226738622725,1.26667781216634
2.93078718367964,2.15932148040636,1.24954124247724,2.59912461609892
1.93857620125573,2.13689533384683,0.791138267763936,1.26248718019517
1.87375662134015,1.60790294312684,1.2746397417529,2.45253200341753
1.44272206185786,1.82988557345602,1.01578898410146,1.59064529729639
2.166280730912,2.11372747634173,1.05498058813541,1.22383745988416
1.41957264062533,2.39626208837625,0.813191853273583,1.45316816573356
1.78841578494155,2.14022145427783,0.835189350604612,1.40547324461038
2.84948132294228,1.45012731666124,1.62873661735053,1.9416307639664
1.69125190792724,2.30811731500389,0.740188692374368,1.39042587165416
3.61242414486351,1.7192725250449,1.78349819823422,1.99875119107038
1.66319811864606,2.05023453487613,0.715484903855338,1.24568709758985
2.19501581820958,1.60483901013772,1.26700045085499,2.16700643255007
1.89282940415209,2.16028139346163,0.932645257529242,1.38715871008689
2.1913015119626,1.83893277465211,0.99923150904324,1.33217687040403
2.51444333940567,1.93605404754201,1.10228138617142,1.7385654846282
2.41055001459321,2.00632875782214,1.00497742339235,1.50338973739564
2.59195997670906,1.66323814205716,1.17531675766078,1.95808853267301
2.23297950829632,2.28248490044119,0.978087801850116,1.59621036377047
2.9147302810881,1.68469049441168,1.12012441244608,1.71917529346901
1.47172487375145,2.5024162806176,0.744232981990869,2.1241047675829
1.41204379605505,2.81130793406984,0.767451980189217,2.09163307963388
4.13363698737749,1.77262447917833,1.28263560599526,1.23141630776575
2.17296398795728,1.79122006544734,1.10344136932857,1.53715898281887
1.4270120236981,2.15656935843608,1.23760959347697,2.31839820742061
1.9170401052615,2.17257353441461,0.94246514237231,1.79678623712133
2.09626407027698,2.16820050308744,0.898527345326883,1.38841190231019
2.54924912763832,1.92527770721546,0.683792500839935,2.15910960883891
2.39384441800508,2.11119856296814,0.922806085773928,1.91683342962691
2.11705504019666,2.31568682378583,0.877580551222406,2.27762433409918
3.92258920967338,2.22453268477973,0.885869891197982,1.50694059970391
1.42936924958304,1.68383861803598,1.24255591835609,1.89213327658987
3.15138202863886,2.208929223104,0.767367641015244,1.68307672017913
2.25906804245794,1.84752298095537,1.16108762185013,2.13982093968787
2.43845123437415,1.83723080429146,1.19811098474454,2.13053239632232
2.17771432740735,2.14093633208972,0.950751322495788,1.54685579341584
2.00041443142763,2.23847920458342,1.07829888202749,1.4972181067664
1.83048930425403,1.22321478883236,0.724509475243711,1.85915742470485
3.06206785837031,2.06873686492618,1.23981412998659,1.49582201640277
2.71835617369123,2.06460360079374,0.948833460087929,2.08625103215638
1.54523323022152,1.54511839820837,1.01419394478881,2.1081856840252
2.73946203826416,2.24231720179865,0.954873993254507,1.99884114441944
1.95989499336831,1.79227224235056,0.946281664676509,2.77145848967344
1.92600704875438,2.03233337865787,0.955619352280323,1.33797147718794
2.12345061899142,1.76507261652346,0.856063902364383,1.8117220403375
2.02865379222949,1.99397959379542,1.18666442097648,1.79992233941268
2.05247774286864,2.3672383991623,0.876668726076892,1.7935027730746
3.1830798531767,1.59272641928338,1.30705556495316,1.43453586421358
2.07619604753424,1.85660598040743,1.22205657214248,1.8588268627207
2.41115116996575,2.39132585473178,1.33457792529764,1.63028096390412
1.89538394039703,1.69920994951973,1.22009602545688,1.68257694904339
2.52988604893299,2.12041244944173,0.910677007003354,1.5099615778642
2.15534226660969,2.34468331374847,1.07772096187584,1.3978792039201
2.45982700435602,2.46939314071715,0.990322985259488,1.16601298799136
1.93726941439982,2.3990839759186,1.17790302116083,1.64202135680933
2.27801433630676,2.30027797076452,1.05199242050619,1.68687723182406
2.01797198642354,1.84278446183135,1.29844628596426,1.72386132554112
2.22340374248491,2.00522102773555,1.3757615320777,1.72518149893647
2.62261311217123,1.69213426597639,1.3125443026136,1.90700007242081
2.73456351101591,2.18221892092355,1.0393080189897,2.05186192280946
3.30648146982015,2.24024036127642,1.18274816796186,1.30065209559779
1.94506585512953,1.7900915508068,1.42433951891634,2.25691397652802
1.9244888190878,1.87553464896427,0.963410315819211,1.63953986082763
2.1119183686728,2.01131529702969,1.02422127071662,1.63450482569803
2.02915083275564,2.10420203638988,1.06199247186427,1.64278774193085
2.96355624717804,1.61860726597002,0.731896722159346,1.86933602559917
2.74814693224439,2.2357599883449,1.07270142168084,2.04666498521033
2.54054958267514,2.20478038601518,1.17813561296921,1.88246232061241
2.28642257260272,1.80258124528211,0.973797076504838,1.4666474541593
1.73708721123958,1.90138737636073,1.00885324085681,1.48101188752023
2.23716491970719,1.81870057065344,0.974825382948051,1.57515384877526
2.53066372712731,1.90503027827552,1.32277987825155,1.5164318955524
1.9526613285843,2.59551704915785,1.02052421022763,1.9167996075405
1.99544967310325,2.522761117482,1.08459854325351,1.81805618911806
1.55189802356655,2.43624677754828,0.835316203085344,1.75466535608362
2.08857974936192,2.36369400174169,0.852726019096744,2.06902192196096
2.05313050076541,1.58627636278615,1.64049074448727,1.52948516027664
2.68308725776259,2.11997538773447,0.826864812797209,1.74076779280311
2.65044159032076,2.04756769442734,0.955792293622691,1.98546580355884
2.13203772615162,1.8601185131997,1.22936050250537,1.91441848191183
1.42630419929808,2.2607475218817,0.690635303553543,2.17326908123504
3.9998545009262,1.64310215004945,1.45010666547843,1.62251122068981
1.52274559033765,2.19185116246171,0.8854178122697,2.02751946045453
2.26160183665142,1.34114866598977,1.48155787635535,1.50253878341834
2.29354852318039,2.69332046895181,0.876285780327613,2.19842436565057
2.05113217366503,1.45506017886801,2.0363482619814,1.47002319065674
1.95185230297891,1.18317719781037,1.96171948460272,1.47365347487129
2.32181053933974,2.21356047874002,1.03805365024526,1.74677266578163
2.49438242931968,2.23959864841923,1.68367692291672,1.61564198879841
1.84291759528443,1.86290475194701,0.950518126683005,1.69852986412825
1.6780962272882,1.63844921470938,0.916918988391743,1.44465083180507
2.6776326123512,2.5392970143002,0.995117880146518,2.08253927178764
2.39689325005156,1.84380053902654,1.12657378115655,1.3049401968332
1.69710389719208,1.66439625097752,0.810650120518172,1.22686013290784
3.27893706810234,2.52454472221933,1.37210545140303,1.88173017695062
2.08920535227042,1.85710244921961,1.13922971353389,1.47188479942616
2.11587059297639,1.83522388556596,1.00033096775217,1.88957694699825
2.1601625483984,1.75989245763362,1.06072630436184,1.9560569906712
2.42597984587463,1.8036053830831,1.31821972395823,1.83753728605138
2.32717288047748,1.88849009567275,1.29581960372252,1.30730165210159
2.01450839877208,2.26509564871202,0.901055500524367,2.29692012142535
2.14861729562536,1.78971883517847,1.04942247827975,1.23213776650767
2.74990211416202,2.05459722397315,0.978428720949375,1.98563989496449
1.62523632866492,2.480582309135,1.34538733250102,1.66740100427854
1.68114002786292,2.63170949980584,0.887297691854965,1.40447407119197
3.22931081624645,1.36417174036506,1.05081230064998,1.83339720924434
1.99643359896979,1.15189066080394,0.991507829263215,1.86234336775526
2.82552452071951,2.46856489935441,1.4040365995441,1.58552423336504
2.85863246819525,1.85399170087276,1.14840699024003,1.45706734777295
2.80826408861262,2.300062564447,1.55770675380573,1.82595583202413
2.26947652170437,1.49418249383835,1.30138728753095,1.60547266770246
1.53982948096742,2.06446309111649,1.32585138049309,1.47414785777944
2.7258764092726,2.29320769481632,1.34848888718495,1.79538555460774
2.17393047381713,1.97447735185851,1.34231453889465,1.62393542113012
2.27793650336694,2.15452707501264,1.10892102624043,1.66169077853214
2.54528067047685,1.60958544355777,0.84457375350892,1.77189934852635
2.12499375223043,2.10031419227852,0.673302302956618,1.68633783935795
2.27435101114341,1.81381330315932,0.822445512202486,1.80861490576829
2.34071997788488,1.68234445622161,0.763924736493312,1.73168091094898
2.12884709119111,2.11621340189151,1.46789736764621,1.56005059679284
2.39813023474124,2.50505177725148,0.963536052835049,1.89243071160716
1.87289400973806,2.44419091012928,0.943355470720542,1.69240450766962
2.14370265622654,2.24888026953184,0.971743428961604,1.63878840815764
2.17401858202507,1.9147916022795,1.22362526933669,2.29280387437553
2.17146497262265,1.9833969047172,1.16578500112946,1.87373521498521
2.32859104853161,2.65585771753754,1.5948803831295,1.48777182599794
2.31165531920179,1.89337456478567,2.02660518139065,1.76709696215112
3.0730647786837,2.64630280937939,0.885133700370676,1.79305443778523
2.517509952623,2.06060765748151,1.35261833373018,1.65392589011666
1.90876251117292,2.31612637486798,0.685114377674062,1.52057810951569
2.2960795158312,1.49138142864425,1.71657519934264,1.81711050932469
2.08327070293356,1.72876399613258,1.09286270728508,1.9275641791319
2.33990446248937,1.84869550773928,0.935881858681526,1.34004907202248
1.70658413997712,1.85569377254163,0.905310977771263,1.84326836380006
3.45727148761571,2.223493271602,1.70460110573937,1.64539652864825
2.25525781925847,1.7616853621901,1.11635475091546,1.65107558699802
2.12268754577705,2.0048074822944,1.60595295761685,1.42244709195639
1.61723582995681,2.22148728767617,1.36133771759561,1.54666483186677
3.07753836734668,1.82917288418816,1.49181244811747,1.53269672283894
2.07392991784965,2.02144227327816,1.87493926580155,1.56133912048555
2.61428716516462,1.59208223816402,2.106155171319,1.59722384986552
2.57633762262609,1.89219406713594,0.832881518063459,2.03969969665156
1.75967282756059,1.76842892995508,0.796802227511978,1.52731636766384
2.10669083504796,2.66224705071468,0.927311040256867,2.2056289615541
3.18534648777701,1.61291903181952,0.945656824426914,1.18908472300016
5.03068911005599,1.5422543685749,0.844391404124062,1.63963585370454
1.76401196654459,2.15711159157015,1.40867989710292,1.53420743994536
1.81370004101587,2.19784745528731,1.6957303110515,1.61637557408102
1.70714612085221,2.18566481070477,1.7212518326454,1.60369090612777
2.04170425168238,1.62643451255153,1.0266697994768,1.31012582399804
2.44498751654016,1.87554736564524,1.08257726727365,2.24185909333328
2.01359421820478,2.46265133559829,1.29423344250965,1.37752641901458
3.22320717758343,1.50397717079207,1.6372114604765,1.76221264072273
1.89935612951673,2.51759903776488,0.762392443662616,1.47111221007024
2.32291692577164,1.8722223795018,1.41244319120816,2.44086351030574
2.47541487396552,2.13983466783314,1.3370817515887,2.13051399728235
1.92571303041216,1.84950028092898,0.763599701699954,1.45879529942455
2.13439126979199,1.94231379985967,1.27695307358137,2.216037862847
2.40497741984381,2.43538151047427,1.22693956497634,1.52058941693358
2.09442333065482,1.47952809503675,0.99436031180912,1.82246315453054
2.21521938764603,2.26761276884985,1.08286308731305,1.5352469200389
3.25136617031305,1.70518487500252,0.859425054717002,1.65393595352447
2.9048069817114,1.84546846020964,0.942043951194221,1.63073570667418
2.00839923957432,2.07268469050623,1.41384601492859,1.56287249440838
3.1025963392008,2.03605869251975,0.863036696886103,1.65107373389553
1.82676267127268,1.78594820571214,1.16558278209417,1.44809602576428
2.68904697537508,2.15413613521289,1.42871170559847,2.00352011878977
2.19721759442944,2.04721016980155,1.0276459350664,1.63140244832091
1.90123157482373,2.32280755843309,1.09339080964912,2.03006444957006
3.34151921463618,1.81079008433678,0.991804525387606,1.26744505480888
2.84375492842315,1.84724394339823,1.25637275087968,1.60014977937475
3.34515460105979,1.45967726286232,1.53940356848405,1.92493239750189
2.84103781419915,2.11581304822616,1.31269962524272,1.39874888763433
1.80286723744107,1.88572294396026,1.61548228130923,1.50136565040105
2.11016111084655,2.56066225161725,0.825314067332666,2.51106143131943
1.61032560570756,2.29519819692548,0.91957162396643,2.17139599078833
3.27898992432712,1.99939947128269,0.757707552418597,2.39263975144041
2.01152707528647,1.89348813749157,0.773195580282645,2.16226106413473
1.81202881259087,2.15880298324937,1.08752181610627,2.48528205412266
2.37157165036215,2.12323190852765,1.16088490558293,1.79274098261003
2.49938151902386,1.82849652970404,1.48709090165056,1.81067591212412
2.45822814867764,1.92095726095793,1.166347853226,1.49781079247269
2.91438642987975,2.24027716310984,1.12696483632116,1.64395883269619
2.93476808614324,1.71314110050168,1.38702554640962,1.83296746636971
1.83082210255007,2.78698436205456,0.815002504694049,2.05081731445517
2.59327902422626,1.76149731407748,1.45653565361627,1.70614716795941
2.01936892273003,1.9533847352497,0.998103215305855,1.81552330497362
2.67815722953028,2.11109288922331,1.72605653148273,1.95450739933559
1.75641927056018,1.68499575052842,1.18968022082036,1.66926809693256
1.53005432451982,2.28454196519086,1.02744562192064,1.45031428079788
1.16803580079504,2.29416584013664,0.742279287428595,1.41197080258647
1.34249982623542,2.15478362103692,0.965126965580397,1.29839290941563
3.70773829678628,1.47440790449952,1.09501379830957,1.73498891475361
3.95513878170382,1.42524937372871,0.816665280200502,1.75660600215117
1.93630581760032,2.29635200865347,2.21001929154702,1.43498266917188
1.97626640607169,1.94087426151877,1.69934467112837,1.56030841088875
2.30577135358916,1.68918888409914,0.718680529315752,2.07698147092487
1.82208114816295,2.02641000159054,1.17797789280399,1.48628165420343
2.28159949104243,2.46914554475823,1.00284688987585,1.66559781914903
1.7942551722541,2.26985331213149,0.908657071408308,1.55439848284043
2.85649314804521,2.65067686716539,1.33488125210684,1.57398920230462
1.63037946155446,1.72545852235431,0.872865587866652,1.70900337412531
2.3340540300723,2.43568273959875,0.779901494930621,1.37111251121854
2.59274255415349,2.12462027599345,1.60328342389766,2.06055089308539
2.26624791649888,2.42666801081755,1.33685277324493,1.8757380123837
2.48949424670718,1.74895475230694,0.703227186187784,1.71751808809446
2.67061559960132,1.90220708087963,0.539239974443308,1.99917742397636
2.07833281574455,2.17197334343862,1.9914742519599,1.27788558601489
2.18078057446019,1.88393019025187,1.73495482543161,1.41726666076932
2.57465695430447,2.19421145863246,1.46673064182487,1.96908481415944
2.8854018131981,2.17586596568877,0.929500436082171,2.01901584467998
3.08314094311287,1.96217413486728,1.09018131363796,1.24306929089003
1.83764304754456,2.14378269531393,0.92889601437133,1.88719622285681
1.93817307821259,1.68841329550548,0.894838796831743,2.10333306244275
2.57362884668302,1.53963180359963,0.882652286194325,1.40997034908368
1.97802768750346,2.41886929685518,1.34034468508016,1.86708915214331
2.37644707290622,2.3052320543569,1.48301297584193,1.80385728436264
2.44402992400126,1.9436092901441,1.83578884082061,1.83839054166405
2.38058809942353,2.11255722181523,0.690769428416193,1.36262400261242
3.04447601648517,1.98609717371585,0.824667780178482,1.35725994036742
1.73070950910931,2.05687634841783,1.70481561240983,2.04207370671919
2.32056956935452,2.1404852370901,0.79493332104571,1.4260136984413
2.41045470463204,2.18512540094942,0.780015881201107,1.79929030932909
2.5575334497689,2.43542952512481,0.591367119842116,1.41981105092472
1.56623206016495,1.96882878237686,2.06355168561663,2.0694831598349
2.19812837215955,2.23740486869998,0.770008517557841,1.64003721572284
1.98788390638492,1.90790567718173,0.929034225237742,1.47496010270545
2.19782125613185,2.08059233548206,1.15061739193757,1.62762748325855
2.20282865440875,1.99784017202244,1.23878442989172,1.78150330317887
2.87843019104302,2.22426853388108,0.810417582833353,1.65556228480125
1.47523450686559,2.13761787980666,1.55606802579088,1.84866736720306
3.19939116947172,1.74073157822473,1.04218602064044,1.71724309684179
1.86721207709826,2.67065426542596,1.18132549729447,1.66190123610961
2.71765584546912,1.36985893446592,0.875278011805487,1.40336900908228
1.98262843799429,2.28413460097899,1.23154816666055,2.26975455261166
2.83838714445903,2.11720042380803,1.04684507634988,1.44735558298951
2.17517663531422,1.46898484291518,1.13919950124842,2.04645475616429
2.00890495142682,2.37880652955609,0.788801420920255,1.30441926591614
2.04897039074489,1.83216721061756,1.31456324496846,1.80750261066985
2.42264636346273,2.73735063308703,1.0697293560818,1.66490941020203
3.1521506380875,1.52467151880013,0.968878662938649,1.90666496190772
2.09800603877844,2.0125212029124,1.00935880497756,2.21140950221783
1.85992383300087,2.84474125822772,0.988781591557504,1.71455459093641
2.69269905631008,1.94159467477327,1.14976015764536,1.39154563739717
2.5389648758045,1.53350331460074,1.51016656167064,1.49661142240961
1.74716374441556,1.88331666809195,0.811040637859852,2.22158572970429
2.12783595111896,2.15975619252821,0.697101853205036,2.21173772920833
1.86829987974443,2.17254143663736,0.692319286201851,2.10758446289484
2.97686400666543,2.03083770013913,1.35428645572347,1.51199698436094
3.10292382864522,1.89999866256844,1.22076153924717,1.34314906223008
2.36294164255632,2.06726114120657,0.935867855388786,1.52177482979569
1.72036424749047,2.08074220462071,1.24795815023022,1.73169441763803
2.8525242274465,2.2894599705758,1.09377391358725,1.27433437998727
2.57073215700363,1.60989388320673,1.16772561983678,1.61404456398442
2.3843965477871,2.16564760962795,1.62398176235046,1.62948527583163
1.86437439163852,1.84429659878516,0.780470030434732,1.83287902843953
1.77668058887032,2.08320637937856,1.11680402618711,1.81860356375454
2.85705400546168,1.46875937629495,1.08721553929677,1.76228490362111
2.51362358604752,2.99118228474629,1.38629499998683,1.58504492617812
1.89126537938411,1.52345115848802,1.15562394077117,1.7213061589409
2.26248007350712,2.07005833578462,1.01744987657418,1.71710148366477
2.34954567999477,2.4747024040335,1.0314074921561,1.59382259563803
2.92769099281185,2.07532364444921,0.792887836102639,1.28757232381652
2.25217482703829,2.09394757083499,1.39695673893724,2.19896346090029
1.63542682694127,2.21579139897199,0.950785913460298,1.73753732803004
2.36824653438769,1.78599268816025,1.47572850257233,2.22499496234808
1.72454367735165,1.99885914886808,0.934422148214584,1.3854386105345
1.57982242002248,2.10362222669557,1.07927468819727,1.33136055841447
2.15893687219491,1.82176015682598,1.01220343675976,1.29604049256854
2.26232827277307,1.80401495976937,1.05213231932923,1.50246302094066
1.78708474209302,1.78840831658739,1.21691856215872,1.49060637808271
2.13111585233657,1.88604415763395,0.909952871653239,1.75344243827722
2.445894034987,1.86483071795999,1.41851555985603,2.11384009258005
2.19695046542688,1.80280865822843,1.12925807492888,1.5072083523206
2.28347768225009,2.31949539704535,1.05541860095281,1.80682193030923
1.97131235923184,1.9210850965763,0.856984508554081,1.15672678946029
2.46857593568473,2.29808027369712,0.943244935491035,1.98515688644659
2.48920711465918,1.77766288477674,0.975694992311699,1.93516340155028
1.85057069545737,2.36470326162332,1.51981635833179,1.56818491400388
2.08173331138243,1.6744845102302,0.77454196903607,1.41669074575465
2.57235003121993,1.59598930385413,1.08200776210131,1.29205624878511
2.19350774219538,1.79373232007138,0.676377827897048,1.73862573924326
1.85898634280968,1.83515886040432,0.59743872457688,1.85724345935929
2.20238583876872,1.41454197268619,1.14588138820746,1.6292566102402
2.45608552483283,1.66542391542925,1.12323493603531,1.67842216220065
1.64136143577464,1.85190443397584,1.2423452968406,1.60123000927237
2.28742065586033,2.10378965437485,0.888412908123289,1.60448322674527
2.29859390876069,1.59530735474944,1.10230620991707,1.7393184337455
2.18646390070235,2.31449134794202,1.29117971449717,2.4551644083615
1.93282226762463,1.94270835121136,1.29352188682298,2.01180068995012
1.65363890599078,2.06164215875255,1.25165507851848,1.93986866422248
1.45562669118542,2.16553911902982,1.04827103242572,1.86362227663903
2.87086204793003,2.18615941451085,0.772665913474786,1.36639194234966
2.3366867704071,1.64383495366839,2.11861030003557,1.79465793075736
3.02383697762257,1.91665449916333,1.32244574982561,1.74903027963784
2.16765358385783,1.83514887159383,1.03195206792176,1.90052230784547
2.57093408279058,1.75775938564102,0.996259546230564,1.84359960104324
1.97374445354157,2.45079050537447,0.963762039856357,1.58516479097872
2.28941291723812,1.88630365792772,1.36804437359399,1.65563303326931
2.08820914142039,1.76968171686389,1.15939512265768,1.70499398324903
2.25130922609391,1.69884056594944,1.27744899342688,1.70894794845546
2.2704018171292,1.75402334920341,1.32160392065855,1.74873258375395
3.0570573768946,2.5108781063449,1.0825353217998,1.66783558251725
2.17953997013229,1.84526601151936,0.727354918429234,1.13638603183068
2.5246005633224,2.21292530139701,0.986457201188843,1.80105593545718
1.90102916159639,1.64748132953678,1.02320505736572,1.72659195499309
1.99538007309576,2.03816037972086,0.96291759185004,1.90227287212066
1.99699994740942,1.82884738807531,1.15779107009715,1.54164164788784
2.0387052318034,1.76578579252281,1.39525823451271,1.39643754922374
2.23509471485501,2.35062633323986,0.800489036155113,2.10298930765266
1.77728052641345,1.3654995291648,1.23178980908026,1.72029141952816
2.09809588310224,1.95304582116155,0.885088749232939,2.04723288637517
2.17197555466776,1.71712537804889,0.904359197734268,1.90423191614851
2.05678925084244,2.64531696475241,1.29004836441227,1.53326697715226
1.7241616674745,1.40463498086753,1.53366963390151,1.86194279271971
2.48867807762538,2.55934210976737,1.2332382153317,1.61587006986705
2.14726390016056,1.79444202283939,0.779091796143111,1.33900702497793
2.0322725367911,1.79092436207264,1.66601344000374,1.96342266679725
1.60270871092439,1.95722030723693,1.37494086360725,2.48363769476423
2.47027227729598,2.36320080436028,0.709324138746874,1.26401626667741
1.38161778408377,2.41572944214067,1.23129809230162,1.68181679697777
2.54965644266052,1.59824895307914,0.886047869482031,1.82220817564878
3.14771222979063,1.6909708201737,1.18244259800352,1.42115350361145
1.73279666121603,2.31400150444179,1.23219854293445,1.6629667567751
2.80745676791606,2.13111376378113,0.801868913767567,2.09839533982449
3.36935492422198,1.82912952269069,1.10794642607357,1.53255599035636
2.7423140523734,1.91177897023735,1.08109844300353,1.91622754502722
2.52513301552058,1.90968662462653,1.16820025230572,1.77966751021012
1.76899344778189,1.96020859150165,1.04126501970103,1.32083117581098
1.831531344892,1.50890808132792,0.929375806874211,1.98794608725472
2.96694463147259,2.40246327890235,1.1050127366725,1.72402721950583
3.49474088201824,2.18883781974683,1.38866832491739,1.51946993743073
1.83710703258124,1.65733220125082,0.974265860834935,2.06699691429423
2.2042695442078,1.87185748579808,1.16111516159924,1.98379549539868
1.75365017195506,1.49097993357499,0.916001261859935,2.14768289810577
1.90987734060839,2.53701736554789,1.10407909738124,2.32591905962783
2.15135757406998,1.33657883026497,1.42160028647864,2.32033398916762
2.42684417570488,1.94451703780261,1.22089489950887,2.26328851229063
2.16852686193408,1.57994947349566,1.40365068638765,1.60582363076746
1.96569167021586,2.45780865713085,1.46595721323303,2.14428003221885
1.85615044826947,2.78003660025436,1.43019966870822,1.995724200577
2.71844643965009,2.27227992763788,1.10120654050855,2.07676122286251
2.68102478182504,2.37888512920379,1.05539237970629,1.88037433505448
2.88935718352916,2.12551865327176,0.633076894088823,2.22417272361442
3.21994269460753,1.92233448493692,0.595393777072565,2.03108569170571
2.89790917251743,1.79364260200448,0.647554691939861,2.0351573155024
1.65523580075565,1.61630683648391,1.40819577684431,1.92642265636448
2.98059395095744,1.82908366471547,1.95237762138932,1.56930268824382
3.85224360254049,1.88821967414423,1.6963001585075,1.37715671122224
2.14231501804914,1.86733690395412,0.991643151571403,1.5579443920972
1.66635771710647,2.19013663154935,0.690655402929823,1.81058205384803
2.28373640918775,2.11172010693879,2.05107484459273,1.34015838404046
1.87527031275752,1.7854171475681,1.13564920016426,1.54957543480913
2.65919861326666,1.76546326513003,0.979064118056725,1.60623664674166
1.47352230421732,2.22613669305016,0.912968272315274,1.66819116737964
2.83141099690723,2.19235956707624,1.35544760202604,2.24922180924066
1.85679759457956,1.84131146454744,1.03627937412935,1.35465438679853
2.35917371065446,2.20365262491945,1.31612478053851,1.97230817478958
1.68216768032482,2.03379582078867,0.829976633128496,1.53398101588276
1.96888905949882,2.13956045269774,0.762023640142259,1.69238133764542
2.06931234115054,2.14141735606438,0.967008081030277,1.57896192804247
2.87657042816362,1.91486024499447,1.13094330723469,1.93861942763191
2.09233762159483,2.18959327562998,1.67092763143508,1.57303308075634
3.18324995176783,2.14364502426613,1.1827477636948,1.65800597173933
1.58292149757661,2.03881930377129,1.00182158390682,1.492669306381
1.6006595408976,2.01831344565033,1.05641336169881,1.5020644506042
1.85294488868999,1.54379172142059,1.64053650235855,1.40943811733179
2.01163027594317,2.54949677237928,1.04272660961986,2.06998577743331
2.61759012849547,2.10453435663519,1.10268971937169,2.09145248074599
2.6607480441232,2.05609592661567,0.954223239037715,1.96401082974783
2.26860409234822,1.74211272313925,1.14916726320206,1.47995385374495
2.17484439086318,1.91852770789076,0.918182827962921,1.46288597001817
2.66423871442411,2.07259969957184,0.854548573946819,1.14241105410656
2.67548918786498,2.24756440568711,1.00327961793133,1.21922208311785
2.7045105110008,1.78161147618844,1.04984109811955,2.22298179059646
1.47535453580689,1.84747950622717,1.05271010509985,1.42622588151971
2.86834516726169,1.93467562090035,0.825939590007089,2.16699541063355
1.7332559901,2.33666958362182,1.09296254409812,1.40464156816951
2.45562738233615,1.58362924192204,0.764068969246093,1.95317186597671
1.91132821126201,2.09962914025414,1.05528556426317,2.41839817706136
2.29420786082776,1.27041987752466,1.01535451864865,2.43964224613711
2.33274796899297,1.29500027349001,0.969218430812463,2.68242464808269
1.97074936386302,2.73150418855656,1.25279039614159,2.21237031933302
2.05301662688661,1.4798340410172,1.06109589503504,1.50053324682187
2.04330394672916,1.48830667921994,0.988366518872026,1.63127053644137
2.14116844209597,1.76347015023474,0.806120000432454,1.46782656616839
2.31327330291285,1.4390311362959,1.24692545616214,1.6738725527381
2.25103388610426,1.55999412152464,1.36229163084947,1.53241493475246
1.69434924539063,1.66155139713546,1.57869257365333,1.5071358514505
1.83977920074075,1.38628609562729,1.12413934429343,2.50509414617421
1.93296040069466,1.94092275678225,1.00326007142511,1.44583864679826
3.78155217385265,1.57878864166781,1.31243328797636,2.00563981412795
2.09621964947814,2.19295417062362,1.03509883035788,1.62757461578755
2.17980592282877,2.23720860024917,1.11669701816155,1.56639424803871
2.66763513064218,1.96971789584957,1.23138964729556,1.38901933097055
1.40184905875673,2.44978198924736,0.731544096839613,2.22083386911818
3.85989456866504,2.55971960845361,1.2549606971414,1.02219998283293
1.8642758176854,1.6911206165203,1.22961440807669,1.79314661418085
3.3122287019129,2.05777789218723,1.18787815794612,1.50118902592834
1.61471670902633,1.62068558745993,1.53918500695963,1.67908560320501
1.6441613156531,1.54704241300077,1.12582159229376,1.62242676464684
2.32117570135957,2.31103935543775,0.905447570503575,1.90319066647093
2.07644111849362,2.03611016785118,1.51994709801178,2.2546440996271
1.96489037565918,1.93523660038764,0.907139648910382,1.99117900415078
2.13426628969827,1.8356145353477,1.11398471214813,1.83749988382725
2.73163629017896,1.58759373481289,1.27766742571491,1.55414952251441
2.10467480266711,1.5406962874413,1.18361150135986,1.84561078528988
2.85602899624966,1.9982538817223,1.42146928338468,1.71090118863353
2.76302505320412,1.42118604238706,0.921661929319797,1.46046553622152
2.23514617991341,1.421915588369,0.844791991048137,1.84415842593219
1.49630411036092,1.77092439572109,0.946889214892996,1.4504313004692
2.07302511244303,2.80184700153065,0.9420406213996,1.61817100190085
2.18096023945382,2.82881310704059,1.11150417126772,1.54677419773297
2.52622672821573,2.55756966302661,0.827148134651727,1.30149536698451
2.57183857583616,2.77978543773156,0.681636847081693,1.27889784597997
2.27111507402552,3.2103742437813,1.49906047801351,1.51146418057699
2.18379255145341,3.2576220627702,0.66567964528368,1.68536406452158
1.92362913576048,1.81481276041828,0.778254313187488,2.41793292370853
2.33753599892987,2.21450841230993,1.05166208555251,1.18721796285778
2.13131698958021,2.48825662251395,1.3001121259396,1.43821585058199
2.06255455446244,1.80586029619977,0.836879412739381,1.25340593018835
1.77404653841399,1.39653111096955,1.81565261933397,1.39754850181329
3.63449619452376,2.38677944008354,0.796500472816095,1.69202732838477
2.43940612705762,2.31639876322078,1.4572445701415,1.36535322016518
2.39498172110455,2.16507387602445,1.12936311782866,2.10550425269658
1.74032092510971,1.70212881303747,0.918637062492741,1.30993834028038
2.11491867070003,2.27329978165029,0.86807450901615,1.56988932557144
2.52327761202753,1.91909168107527,1.2911963030445,1.62247678983402
1.96486056060247,2.10624824498978,0.916572827227491,1.68549809449834
1.67730987717142,2.04608618345245,0.934890748513963,1.46751064689156
2.44793821512245,2.06532354019499,1.36330027144351,2.22929812697418
2.1929278331369,1.88721721602385,1.10968128763124,1.78085977761394
2.96579907814213,2.0977175989052,1.02879936801277,1.78031210849555
3.88201743929838,1.69307772929363,1.04424098386347,1.49239908012393
1.79660443301456,2.40893931132061,1.07481509304936,2.01022324202632
2.71072413758004,1.71316228062377,1.18081382238892,2.3363643045202
3.4472787673278,1.74477613677864,1.43879209278371,1.68226102410883
2.83486113580699,1.64921953063433,1.38574008947057,1.86208225075587
2.03783609098025,2.40763112494117,0.940236647538586,1.44591240188692
2.21695453132126,2.25936531715063,0.891180950685064,1.47826273323906
2.38860044168896,3.07144183925482,0.84737543001919,1.91206649039327
1.28118296219911,1.94197485548729,1.13732728366167,1.44851992646967
1.3585246546524,1.70222672180896,1.13613108083086,1.86588158884564
2.88746967990388,2.50994490953852,0.826480612967769,1.97042545846963
2.09867926525165,1.69128631233342,0.952830114113613,1.48098187566666
2.84465994275312,2.21285088354661,1.10176733934694,1.70838685718147
2.63077013360024,2.07045772110091,1.36258416790432,1.7522870875171
2.6335789692584,1.79708628328024,1.04233553814485,1.44752715473818
1.73038379691679,2.03250884124589,1.4612740909391,1.33819300833506
2.39401070513535,2.47966006907654,0.876640942870484,2.20571614550786
1.32677799593411,1.80441672967566,0.901293667089702,1.3903988176111
1.7153513324159,1.67450553890785,1.16815275860711,1.70462953831386
1.9327050819839,1.82809449505765,1.06124850621295,1.80205666867736
2.86841424515081,2.10453433011347,1.17818818501596,1.60528690426219
2.60296296940509,1.91544085960862,1.37473020669922,1.76265701858901
2.40482554589605,1.8025979076568,1.03397475445161,1.55059508127841
2.26698984078858,1.93827826548018,0.889440637202457,1.39355950742239
2.14750617891562,1.62864862422727,1.0413908571936,2.05623515219722
3.00698138377382,2.08965666012956,0.881915942303613,2.077055252575
2.28282602593615,1.87503661003739,1.06609440499677,1.76975059677244
1.92762575610429,1.96607362397067,0.977580289202489,1.57712169363795
1.91010187955226,2.30517576496969,1.34782052700848,1.76456508945382
2.17217941619749,2.22596539088693,0.906633742473767,1.9946504332838
2.33978942308348,2.51346738079266,1.05611479512032,2.04169224833793
1.68509097703054,1.76457846153654,1.2790750511464,1.82138065974125
2.15865907646762,2.49881630878759,1.52465397547333,1.44997553445081
2.5068752562629,1.92461795521448,1.5167580044507,1.93547010190481
2.0709986940793,1.64992149295637,1.01010151721267,1.6667274502893
1.93368021309647,1.47317391197803,1.2081753137109,1.54859267418286
1.80587091806295,1.84214132564488,1.34513578692594,2.10177971111385
1.99285340485153,2.1364931115999,0.982076274725444,1.43019479768223
1.74367296291646,1.67547885762808,0.880888609513158,2.14525170573606
1.80368446667297,2.63605100657904,0.716626031756333,1.62826945048812
2.26207532179308,1.63822582503979,0.911707424456015,1.58283450620945
1.67046130136155,1.90962389844796,0.846240728383537,1.68570845991683
3.1694584018639,1.77607473687738,1.01902934564535,1.80483987056566
2.81994351875956,1.7796882564052,1.21732347372704,2.07678655122592
1.9009946047924,2.14886272163853,1.1216414984441,1.18047759143437
2.01814533525232,1.84490491686874,0.744011592740326,1.93179019249666
2.37349885914207,2.43824655623239,2.0861776380213,1.45356642832465
3.80507027817215,1.91830445535669,1.06508174297131,1.65899309401982
3.07516134537652,2.35552079523567,0.762437847436536,2.0604329639947
2.83758093241182,2.39076340331606,1.02516645234964,1.89629404127977
3.03421642213126,2.18251486927605,0.949472944608064,1.43318644158189
2.29465859426243,1.98427892284015,1.86626639368365,1.93559291563002
2.08864424227951,2.09735219829274,0.707837535885083,1.50331768323575
1.69628168220793,2.57426413122919,1.56962548485816,1.5486378985264
2.17056738451187,2.25181046631321,1.3294629283972,1.268052392049
1.84201595920815,2.39666710662594,1.23010496224179,1.67309870918805
2.30928845722774,1.7758835838635,0.860206130731396,1.72335211740822
2.45370210771366,1.70782634395358,0.816389430531477,1.30523565280028
2.56332143929183,1.59242043295647,0.703841614650404,1.62244178052637
2.37735651829985,1.89937393282185,1.61991617607681,1.63698256394866
1.70757241252848,1.90240911118011,1.00001924170386,2.12724105139028
2.57083528085523,2.04231347101926,1.16175413452115,1.56583136775622
1.82252909084049,1.9429912104235,1.13872166364607,1.79658388188049
1.57525646618319,1.88574015169881,0.959280602854425,1.90625453030191
2.74367576714368,2.42134932187216,1.75987032886404,1.65042126061119
3.39308245837666,2.10335687795815,1.00351184920812,1.72133067175657
1.89452413871383,1.7177984912117,0.910758512537751,1.56920836693548
2.34629776494718,2.1306056554506,1.42254409707179,1.93470700030875
2.27979551052904,1.85552580416327,0.842534993138404,1.71787388211711
2.43749550421378,2.31304281925099,1.23427920502806,1.32930806671361
2.45352523781652,2.24690780090677,1.38301762570489,1.52622938584715
2.08812401574462,2.31106453710927,0.928723525184459,1.89183290943663
1.69871568465686,2.36462046918558,0.905796429509399,1.65495758204767
1.37327692815632,2.57648497594376,1.11658309342264,1.42052739924426
2.43966599817834,2.29131107121791,0.862242748621434,2.15968437459777
1.92710402204659,1.79116892363118,1.12968656086361,1.61366913127453
2.85416555068941,2.29045168247556,0.690822507252169,1.49466388875705
3.29349749254348,2.1386797961476,0.635638665932315,1.49809409608402
1.44464462643601,1.94364668391364,1.15438008907168,1.79308958956868
3.39769389761565,1.83015658605602,0.644193139182082,1.48618747370042
1.63065223617005,2.43608346744067,1.85874804771607,1.8330757804502
2.14141401359134,1.88042353916847,1.28464442411551,1.83811067860434
1.89483637668271,1.65363404392897,1.05589802661787,1.88672245362005
2.31561392861117,2.65354591054285,1.17616966533027,1.52688282149417
2.02915765975786,1.89609297495997,0.970125334328185,1.77318300551892
3.0123862386891,2.01463563146487,1.14846025546645,1.72484629635108
1.82710163867708,1.90272280267017,0.967531046992057,1.54344047684458
2.02509829438323,2.23805990663685,0.850464071437757,2.0451104430241
2.27986257693096,2.14803270633349,1.14582015976942,1.79194563968981
2.35926614354533,1.89950863598993,1.04386597910778,1.56144839391576
2.26567123743697,2.13161249369304,1.22571955311652,1.86449262545108
1.81171922145794,1.77802490075215,0.925549251082876,2.20234636159914
1.86362069215966,1.80117907927986,0.910947296767316,2.19269721620322
1.91820838671754,1.88643757022482,0.931015271925911,1.6256853021615
2.09603502059152,2.48263796241242,1.15946678012158,1.76344894111297
2.59109853646158,2.81677089935621,0.571746189693803,1.82146363057464
1.81981781806251,1.51705313272449,1.64285195347352,1.65545827863686
2.82784781809905,1.95827849467969,1.15873973848358,1.43494547644414
2.85400237785549,2.05337097233555,1.09238411446859,1.48566239075594
2.3814368117212,1.84037407216974,1.13311364912697,1.55401108027403
2.7391614242529,1.78148557098092,0.853135181781802,1.51863003910325
1.72923746845541,2.08621505486069,0.95799966423895,2.03808716941738
2.9027711679679,2.12018221823533,1.07803306116835,1.57170200928395
2.37582518287673,1.98835078158973,1.27411614204816,1.87265095218873
1.8885588133862,2.33008002124516,1.05451708395172,1.70123855272022
2.57988746359568,1.92798258525824,1.86382200435776,2.10343636443612
3.45295015377969,2.22851338339546,1.40855497688311,1.81594393538902
1.89906750511665,2.08148985352147,1.01088678073223,1.51566578843756
2.99330149810376,1.97468493118354,1.08107201647269,1.71814774884048
1.41281434304092,2.58984574508625,0.851642758517178,1.93777560262717
3.37665999491306,2.10207564120838,0.909953823872138,1.51495443505343
2.40662146993839,1.93569955324928,1.47592653119231,1.63734592799623
1.95998593966063,1.93261694668239,1.62957818203084,1.64972365691367
2.4065674314094,2.25140564334257,0.736509161979619,1.52753965794522
2.37116253619039,2.15954685698466,0.724677736065203,1.50609744281682
1.64472478703022,2.94981728858266,0.865679192499333,1.68977323337256
2.74901028398174,2.09929962052546,1.06103232072193,1.40653329907073
2.77761896989545,2.13967416137963,1.06424155310627,1.38800373043389
1.81660562168665,1.80840483285614,1.07927623022647,1.87309522471382
1.86292219664844,1.71035795247092,1.08644559176198,1.59008781608343
2.02061581737791,1.86617297645676,1.37029532334005,2.26693431802848
1.88921528685479,2.53996002141251,1.14135718956323,1.97188603659268
1.95667785177844,3.10746609686731,0.927916874896919,1.88529091260902
2.23504207709152,2.20972450967488,1.35940257996459,1.80488829511997
1.95545617634319,2.35170146444269,1.30169819963645,1.86718542777724
1.65227600970207,1.80915689711576,1.0799760679729,1.78138115229594
1.68145239180243,1.72366404470658,1.09280693610371,1.80660253040929
2.09956581932819,1.51490485297331,0.88956857664441,2.34106921824483
2.21757168556266,2.13803162482347,1.16091384833148,2.25008042701829
2.78247372466814,1.85503437490349,1.24912259074053,1.34998366867149
2.29032997998613,2.08366216224364,1.39104370783065,2.1123387353905
2.60988837679778,2.00342224770082,1.62684492133032,1.68035347244806
1.62853440380963,1.72407681225024,0.885418461217936,1.84734848387562
1.5933142343754,1.75273228418356,1.37896415997996,1.7941517113321
1.53362747619906,1.9112081880626,1.41490016551998,1.76312378595064
2.86243862999683,2.18721072570112,1.21278992984144,1.67031725845931
2.0087145601485,2.3800059577985,0.912759842924669,1.86466240158659
2.29125328924013,1.8370333589152,1.18641788321713,1.8509012965094
2.59004195349013,2.26490556252066,0.88467396251268,1.52604268933883
2.39405319142949,2.50393382083245,1.11610949383673,1.57448134264282
1.92101321852486,1.56583447840795,1.0125714392953,2.04306260231405
2.17490734458986,2.30906602554136,1.17443998295202,1.29600609089713
3.02019300398771,2.24352118585025,1.20172982478987,1.85488074682893
1.67153319189301,1.53176931698,0.907837335409325,1.20456274596717
2.188052928801,2.66075580666934,1.42488029020065,1.65433431882879
2.55416558337849,1.513957403429,0.866066715190197,1.56441672830887
2.33668652085057,1.57432131144745,0.807435163338737,1.58693213676864
2.54635205107676,1.42386644379151,1.04126851942591,1.28286156497677
2.56148070085481,1.35701980220772,1.04011694475623,1.20590586513976
1.76625853852877,2.7922174094014,0.872561603765941,2.49579823418082
1.34386142016202,2.03261898747253,0.867963822181278,2.34227864209991
5.552892519179,1.58740902706305,1.69559916021593,1.52774891230547
4.97875538205278,1.63898023817452,1.87933853072319,1.45236547377776
1.42690888395319,2.26574709531616,0.854054213063637,2.13217922587094
2.20802141144644,1.94301904197441,0.927290123904768,1.69980212749668
1.92669861829613,1.95915879749116,1.18228500850976,1.6845486515286
2.00573511449676,2.3050453281236,0.793436723899876,1.87006795536771
2.72317113265628,1.95484008607974,1.20020070068109,1.55582807270041
1.73074393824948,1.86856679986431,0.803030748870251,1.75425482301488
3.1348636124905,2.02103529449931,1.03897968687762,1.68092884913314
2.4989111061067,2.29985610698882,1.00164594263027,1.55667551148064
2.40954881201829,1.44540472362274,0.928634516145464,1.89005606114619
2.44779811721413,1.57953070019527,0.772934191716041,1.44955352654133
2.86650549008227,1.36801478646387,0.941449824957126,1.69743063880232
1.76914675344797,1.77569591417239,1.0013813463134,1.66436146771539
2.90378931071661,1.5375603287857,0.955986928232543,1.96024467308915
2.0774243050855,1.9598061059615,1.12614411535044,0.96393260558782
2.15283708123808,1.89869692452741,1.22973259517938,1.36562228976769
2.61975639061938,1.94442015003044,0.827681942239619,1.09576460474354
1.32264105841001,2.51887504070227,1.37672414635351,2.7443272389897
2.15090763198324,2.45792759398768,1.30498201194872,2.12113790280554
2.39058684617619,2.70216140392117,1.61274011780208,1.72226102631775
2.25337464605185,1.45616497500698,0.852538141430735,1.98567000543172
1.40747716044506,1.52019904144803,0.80898538568173,1.62492150548418
4.42582063668281,1.94175131233108,1.25345987788335,1.62670743963901
1.56626430489389,2.1220656163303,0.960844579143363,1.71327952869269
2.07060354559711,2.20250019241095,1.09524141789946,1.76985516992403
1.60060437767603,2.16402742121895,0.774817038758122,1.65055789143577
1.82366490218347,2.28731785162812,1.03464180625217,1.50463658422703
1.80143348411794,2.68326509886784,1.24869886355122,1.58848255460465
2.53927752676317,1.99210905414714,1.02023309763785,1.78457623412935
1.73514821278367,2.02377088955845,1.55932092703057,1.41504091940875
3.37351961387955,2.11516151954016,1.76769023661064,2.13353336299886
3.57609078140172,1.83892163197516,1.18807915432143,2.2642648568178
3.55351782187218,1.9269091453163,1.18839565703471,1.81676855239058
3.0672041221026,1.88670888712832,1.46486329639075,1.67991574324565
2.76986180013691,2.29012287883749,1.44273635917673,1.37328711280906
2.55506090214628,1.91325469205224,1.18646968640981,1.45714466093069
2.28009654924526,1.84486431701064,1.4918505037389,1.43387065489067
1.93370088390771,1.77574217837974,1.05410146782411,2.44454991168947
2.22913082149352,1.87152083429507,1.04447703145243,1.37197570108806
2.25303348490326,2.01754416631754,0.747641571373094,1.9546942932512
2.19864846474441,1.50213711837105,1.04647030079999,1.67699473532695
1.7493283678257,1.797939612817,1.68774882696131,1.23696356658041
2.35521856846127,1.44514620553037,1.01619166378564,1.59394862137986
2.79243416630698,2.21862202977998,1.25651257971955,2.1939517721058
2.3033945919286,1.8617113072159,1.28838713135398,2.39023953994461
2.54534472125279,1.80260202951696,0.735560196224167,1.49515278415911
1.75489608359876,1.68956926003054,1.04073649261774,1.90678668646908
1.8063173456231,1.65532437433872,0.774325861090396,1.80230664621252
2.00187001681742,1.53509789125277,0.951944781548665,1.95331475017699
2.52613027622363,2.73213312697192,1.26754017065057,1.55741869099968
1.56044706483262,1.49099879297704,0.956993085200811,1.95208027757895
2.38145049994005,1.80556396531573,1.2805082675544,1.60485223362069
3.15990454819911,2.30038769541458,1.05215804646364,1.29245536776603
1.78052388835996,1.69484410023054,1.13358362905452,2.09422425475595
2.34762481034466,2.19664476916307,1.24100059544325,1.75160093925736
1.46895754262459,1.99508988183888,0.871081390683034,1.43430339231088
2.36422080288448,2.03895589044821,1.18166134634618,1.73283484866241
1.88195057377164,2.32257581771995,1.43759193329848,1.78803571680708
2.19692123692422,1.99806425288752,0.766666946078064,1.60862162029351
2.23547616152615,2.36396970235719,2.1563882043299,1.82297654068104
2.19335354378953,1.37035624384505,0.629428105590973,1.65120157936044
1.92648615718057,1.97953541981651,1.94898331983003,1.8128779883109
3.93433389675636,1.7030135739779,0.96756541337949,1.75492603844882
1.41065959878411,1.95917707782607,1.55136578998644,1.92620450288606
3.92891239930929,2.10429626888715,1.17424871192544,1.45052639932069
3.30781003123327,2.23422327690092,1.11301815679091,1.44063704602991
2.3188999401038,1.90776133225628,1.56624199814798,1.66200244614935
1.96634630265179,1.54759762687116,1.59613020874176,1.6276717418661
2.10593235090612,2.09480108015702,1.01513216699402,1.36163780125774
1.74971123400853,2.01824965317566,1.07928491698073,1.73911805429841
2.46035641281185,2.55805234127186,1.07180121019293,1.70310261609792
2.20901232128181,1.86352683473014,1.54823976810361,1.48799833229305
2.4915099491626,2.12502882516975,1.49527440975004,1.32957221022872
2.48572777918451,2.05891948339316,1.05946666901487,1.77868007239793
1.53726512337657,1.89629396842707,0.988393680734244,1.77436599915101
1.87682456150012,2.50084242085715,0.654649256237674,1.9456257282802
1.66294303768313,2.26124120552178,0.803950549621664,1.85172047869436
1.92870374676094,2.32957456701825,0.888733176426977,1.65210189735721
3.64460768353682,2.56826278924105,1.17355196386683,1.62441826144909
1.90338826363691,2.70567162051055,1.08774040274247,1.94247083195277
1.77864111046057,1.45213413492182,0.871687978253696,2.03087637484374
1.67687623626269,1.83121656574236,1.16943190295244,1.58345531869466
2.61354306837362,2.30859599382953,0.875321390443737,1.39526741057372
2.30693994658443,2.53713879687676,1.02330683442998,1.60964480802519
1.75469308905327,1.52894247312996,1.05774625649022,1.63090478392366
1.23258675964089,1.70473224933443,0.819771822119353,1.55124841490155
1.81175291123993,2.28122546770891,1.27174886929131,1.6947303924798
2.82318412121625,1.59255904721634,1.58020601596119,1.36017993800481
3.14733452219825,1.7371809193439,1.99579924511258,1.99997110987562
3.08306846320797,1.46758809093606,2.72963392822729,1.97032589146989
2.84259555921306,1.66347047948538,2.70482474116159,2.74517824578485
2.23104875938357,2.65657229333452,0.598201290199835,1.10101921131055
2.17912249686409,1.57895652900419,1.20502802371329,1.9322095822685
1.94188642751485,1.82770416261001,0.868773177651834,1.38347906837526
2.34428502488712,1.87561083736583,1.1423874724656,1.77260238122048
2.14885574690811,1.69359507173039,1.13173753871903,1.15588678575756
1.92448819911862,1.37640708934331,0.617067304326413,1.68347309086551
2.21595536239791,1.93447503829921,1.07921090951976,1.92332281223605
1.87916001535414,2.11631063378535,0.898811096264596,1.3256502822506
2.40871749271548,2.47379277504544,0.97069521775001,1.69080646210035
2.25553082879148,1.94930563914875,1.6193909339732,1.71867835307979
2.70073056434271,1.68612207424615,1.0633147081358,1.2982120590303
2.66817521018778,1.56027391197495,1.65309079923122,1.4316489620404
1.45483838998536,2.67364186765673,0.708892096322455,1.79813251074078
2.40216409384846,2.48733119461544,0.948945957483832,2.14345856847153
2.37812407191271,2.48356526138905,0.957516149661033,1.53825348667455
2.15270981516813,1.57346291884838,1.16901596034197,1.85926879461907
2.28484577117967,2.03869589772404,1.33579300329936,1.60692486459545
2.7055871293376,2.35557630424061,1.13141223192954,1.87166623446306
2.0445574106384,1.73918178239097,0.726336006060219,1.64720590131012
1.79507282340601,1.50962994818453,1.62884156903307,2.32882986519957
2.7119217781191,2.08392254253402,0.897079777778884,1.41424990799763
3.51485595878146,2.37517425198478,1.1303935570517,1.87352657147635
2.73756268683062,1.56401594186871,1.12585004397374,1.71180293220799
2.52029294579058,1.65781437907344,0.958433720593808,1.8284028112269
2.48058788609723,1.51092985798866,1.04889330065416,1.73033877927654
2.5704453987619,1.44816013238497,1.22551407401821,1.77876485165782
2.51451476084623,2.02138849412267,1.00778465723913,1.4728375225825
1.5626002523915,1.91457789332494,1.27971032658765,2.1293825464656
1.6815653689948,2.14913610551416,1.2572167397979,1.83434882631185
2.26916982278725,1.58284369202878,0.83830401603878,1.57765488435812
2.54001715312677,2.25370154033947,1.69328689629791,2.19779827250195
2.45239925166652,2.69308868650489,0.906002858671991,1.51637389994011
2.18727143204227,2.15943825197108,1.56988127126637,1.69003549776183
3.35267957171089,2.13572413173504,1.26694137713718,2.16310231503177
2.2142961793032,1.85042205509648,0.857038100851392,1.72945859365042
2.31970607450947,1.74671718561451,0.882810334085446,1.85659646811009
2.88334349437804,1.91767239382856,1.59187123511371,1.69671638871856
2.56529655161617,1.87592186985084,0.942199407825185,1.60785715316086
3.21776385950533,2.19915668744859,0.903322281370787,1.29496311187482
2.73766632311135,1.58983635303541,1.20509127704185,1.40145874117321
3.2485309763345,1.9292184514612,1.31607203256524,1.28474621610138
1.74779707116995,2.07322308189016,1.17879900911025,2.28184841443491
2.34735574755351,1.80762112922002,1.27951218318205,1.59229993522586
1.87394210113497,1.96685401489788,1.1909158205322,1.9422243055251
2.69702757638653,1.93466585170649,1.0391039490751,1.5828038520029
2.03176725013132,2.33733062819906,0.864300090605297,1.51091193936827
3.15116288573065,2.01396557872744,0.96615149653332,1.71594418077706
2.73562116915155,1.83110788254747,1.09076950444289,1.68565261453776
2.46138766920416,2.16737403431227,1.5001503042798,1.83380119166486
2.08912649748299,2.21325007635702,1.42844066585788,2.15640251269923
2.04144326707432,1.92751155790952,1.13292030550807,1.44006297240502
2.5142349505775,1.84586950912989,1.1122958331815,1.52743066239377
1.8862506967867,2.70531927743379,0.935321020000042,1.88653576657146
2.34849145713989,2.7906880264558,0.877185221877407,1.81528712760361
2.56325165618263,1.40111433335345,1.36782133098276,1.49346849877205
2.49649116522715,1.59011932228226,1.23462653511451,1.4114292594458
2.03646753248665,2.54335307672541,0.952809536357855,2.29557494174174
1.86498673459249,1.67659193087398,1.40988336580015,1.97848520015372
1.72547843833333,1.73026972397076,1.52166592364137,1.77894647260466
3.06685000636233,1.91498064869583,1.11479379780328,1.53283820522681
1.36594145289576,2.36623112655803,1.2957214166895,2.08605877578116
2.03347185776446,2.0399467245765,0.79129256058986,1.81907666782806
2.37074807243771,2.62449211532661,1.2972213053599,1.90536315187801
2.00396993817233,1.42089472643226,0.919276009462063,1.63930054716435
2.58539156996236,2.34793499930297,1.16960670993153,1.60121952121527
1.84530931061069,2.37332988138383,1.01266188773824,1.72656762956999
2.69471555473519,1.81396907005993,1.00736274936799,1.84953945790067
2.1652511085405,1.78123314494738,0.952532332761004,1.91257325015788
1.76286038023852,1.93677658989235,0.793764070165514,1.76502545975603
1.96204561644524,2.07430828976912,1.38389252864952,1.8352881454211
2.17669664919454,1.94844679282079,1.21623660384421,1.42342879354414
1.93386994659049,1.92224076602527,1.2664038488388,1.3629673096261
2.39104754933765,2.2386499000409,1.10658316698583,1.96498576319726
2.41750477858215,2.47498609008757,1.00056394432347,1.46896017961673
2.69751159793747,2.1384346838076,0.828909175550682,1.3125463725332
2.19817569222904,2.58519847334005,1.31298619404477,1.7252164830954
2.40702575195363,1.68776981747164,1.0075989073387,1.68356961869857
2.87755988046538,1.50938513853966,0.895814828900256,1.58324674563162
2.76000430036982,1.91496194323655,1.13504002495203,1.49534375411799
2.02149278252089,2.38602491738916,0.879472005039421,2.15538102621084
2.01223620157018,2.32243496091674,1.03017832695113,2.19224230837582
2.63358415683134,1.82484462076776,0.764950912201101,1.59084262324712
1.74362788876505,1.70321641945148,1.63406480406846,1.51967290088295
2.23499323290968,2.32834279254581,1.03720078906654,2.03769717757155
2.09814593786615,1.95538829862656,1.32407971267173,2.09208977863804
2.35324243484713,1.63232078306511,1.54506061262277,1.6480596086716
1.49921641579366,2.09041390126267,0.930161458150612,1.45849587909553
3.44205794839353,1.58179408771668,1.22273225236434,1.66001002449746
2.32234520490142,2.02123367569467,1.27350880755859,2.18665750665246
2.27180857945515,2.01968460635483,1.37625065708834,1.75219420969617
2.32444785609179,1.64866639619279,1.34479609261432,1.70159674479897
2.20247302643489,1.7271506230479,1.40856743855216,1.31041425714694
2.34564757870178,2.19396979338839,0.730177654632573,2.26318120068608
1.67716996723089,2.31189988708554,0.948691418021326,1.71920699557058
2.42213388101873,1.8469667767446,0.895810063381446,1.60480194529463
2.69101204022925,1.76930360402768,1.22926459565759,1.92042987571695
2.06105276095489,1.95434688695782,0.983545807423959,1.43578909904457
2.44299037292283,2.27557814664296,1.18199748298344,1.93134977002161
2.43956773626568,2.6119398347256,1.11782895045517,2.02170828668998
1.60200210510709,1.6640421693775,1.06804958957787,1.86801577495216
2.39218327510947,1.43567885157004,1.1273970385565,2.22606536572104
1.64898161861066,2.66718437744018,1.00877282214975,1.3095294813232
2.82265705126285,1.56534013580781,1.34887616906748,1.98895602087378
2.6812337591859,2.3603498262922,1.42889106896807,1.38552698100276
2.75754929709364,2.06321625891824,1.26588224025309,1.19849692184356
2.74763709215444,2.14995934845385,1.18248504168435,1.73981499819366
2.76081402329469,2.06226710292307,1.31027528380813,1.8398549844722
1.95864390000104,2.14392396175217,0.983386151844804,1.68567090891826
2.20002300455675,2.51336602242676,0.929403577660664,1.40872252672504
2.33409394006053,1.65501402354797,1.1797276545647,1.68675536421072
2.37539822737904,1.68272969252121,0.879490863639189,1.75287711944466
1.81422370732837,2.40578804865152,1.37548349715716,1.82300928711912
2.65135711112835,1.57578019944334,0.754256075149352,1.5066355427921
2.12023134084618,1.93970405197268,0.62077074506651,1.92973121095347
2.87870484961433,2.1816161886976,1.53289487899151,1.53507882425952
1.81908372509668,1.52460156454878,1.56660743233822,1.76397834642309
1.87205035281517,2.45882460962298,0.977841158377151,1.71964269930283
2.0498168422751,2.40601907684391,0.99976295274332,1.70270851043277
2.67228066426106,1.88758510312161,0.948657899269368,1.83579879207022
1.78029851933024,2.07395332205447,1.26849226636363,1.68180382880321
1.61784253148629,2.0836106490421,0.979663149546542,1.63397210887864
2.55699067270155,2.14949455490548,0.934145727840489,1.77872803082666
2.42084430235775,1.80962102184886,0.851143925269005,1.91340346707971
2.34622968181702,2.24231039121165,1.27214650030299,1.67417281968721
1.99680421505722,1.43971914400549,0.778401446148106,2.12956890589598
1.55927339516447,2.68076814315967,1.11194021741081,1.72864590358189
2.65704298550231,1.46119570414479,0.882726765811723,1.9321968287212
1.83833764727984,2.67406135668472,1.28736633053344,1.88154392961122
2.7592354138744,1.82096388499489,0.966717362510305,1.56626485889486
1.97265935115273,1.89617440383502,1.1753843189,1.41972426571016
2.02815821404505,1.88335174549945,1.18843974667799,1.44294161609298
1.94123330930969,2.01290587460446,0.762089484302514,1.63442651021549
2.37455305978896,2.0025158829897,2.12603236872929,1.80744521394781
2.21913381761299,1.98663584006608,1.09209385348004,1.51420843436267
1.80518688395177,1.60414142686452,1.40299729736195,1.45679757352709
2.66994837074289,2.19586095334766,1.20902308587026,2.2624377974461
1.69821481054393,1.9717887699519,1.7476991285846,1.46579093427589
2.95613632617939,1.47886714975342,1.64414371623767,1.78634983169948
2.03618176292701,1.39388920892971,1.22432417264877,1.61863699646123
2.8995633453354,1.25146549431968,1.0634988144586,2.07108500711877
1.74902422706003,2.80994560103746,0.996041034898667,1.85823313184711
1.92567856320919,2.65078537079832,0.941198266211631,1.83841795808566
1.86218692802314,2.75736564070609,0.922938543818632,1.70093074318111
1.84547422143297,2.50538874854865,1.02456281411548,1.78216254487428
2.44300645075123,2.15143667836138,1.2652234671675,1.41314230624597
2.22657706065416,2.27961958356264,0.79652080799635,1.6025515081186
3.20318780338999,2.03283908614226,1.43006320427999,1.6875167850814
2.33548895094943,2.34988118223989,1.36904078701644,1.74419845473116
1.97932550523922,2.44881559192916,1.47043803464543,1.61110255910204
1.52304258211626,2.85402108740508,0.777088866976425,1.44782082315145
1.91559184341231,2.21057155695665,0.825052929857835,2.06789195523036
2.00831137696721,1.26127880741338,1.27218468332982,1.66029758543979
3.84942924882722,2.86958559378453,1.51814347247971,1.57250479403661
3.71898658572326,2.37548398167601,2.03011309875684,1.82941936236178
2.43104785176999,1.55899506765825,2.24262220069787,2.25143460616082
1.77234740335761,2.43238307705509,0.790958856918089,1.6031857948211
1.95515265707678,2.33708666223397,0.842400168849145,1.71123261584209
1.88606513347618,2.12688469596927,0.93668433676655,1.93469632306607
1.72699003281841,2.40852635130558,0.970135126414675,1.95731939075187
1.58693776815128,1.66829703877602,1.09128733679351,2.09565646684033
2.29726534054564,2.43054411961826,0.900777864938227,1.53313002861172
1.68323359844605,2.87894654870519,0.944362077622602,2.01023836162386
2.99743582735036,1.53052990611346,1.16943233609195,1.52371119103353
1.90030992263233,2.30370326981977,0.953221631644483,1.94383387223746
2.74349314585667,1.66168972015523,1.14908752932937,1.56934505925934
2.55326644569157,2.23696067409873,1.39971049870009,1.44257744836587
1.3175387612986,1.90508794685176,1.26115003166255,2.15288309855352
2.74440174934237,1.75110850883413,0.790916974949518,1.36100946676878
2.48426328280603,2.28602392054123,0.95027261469509,1.59094296315472
2.16147665780393,2.05155808639653,1.32312682902774,1.71511906804146
1.79386967418539,1.5105567247707,1.30096653236442,2.38803882325981
3.48821370527163,2.25916138292734,0.870164190842441,1.0341563334839
3.14160108700326,2.37318959463831,1.60905330287453,2.01765918752414
3.24817987870719,2.76837371116249,2.09735112281949,1.77272520699675
3.23455582802491,2.67998414456545,2.09292875745904,1.819487981933
1.71143618634811,1.38628909974398,0.995984171576688,1.86338188724929
2.63163820566901,3.17218658752649,1.11009930106881,1.43960342581153
1.76125799875751,2.51801674070214,1.07134609486661,1.7595298061684
2.40642916559002,1.85174880593343,1.18659366163903,1.75716310200696
1.12381802714946,2.20018094933571,1.15095189294166,1.60562820478768
5.24920388399609,1.89319755675697,1.299665718623,1.79828310864638
3.72787674858464,1.57009759864794,1.31597658300842,1.43220521154517
2.63859165842883,2.16563640219967,1.24896011156484,1.76840719955128
1.91221539205809,1.87698377441681,1.72735686531247,2.11836147629919
1.95879450866671,1.92476517853543,0.634996512229421,1.63320435476965
3.08795389430408,1.81664552787489,2.0253572683077,1.51957200695505
2.04931357491914,2.394918215333,1.40112550507931,2.17449419889939
2.12881194639885,1.98534963154727,0.78471244667609,1.37311256913109
1.71599671903582,1.78909043673191,1.13643620736911,2.25310251873679
1.64484564583368,2.40476816013473,0.78485060258755,1.66977418300995
3.88245516009443,1.43638747986734,1.82119436356711,1.5206945527643
2.30159312473056,2.97480996038522,0.888678281112282,1.59758333331844
1.56206845697041,2.39949704354803,0.779474829779845,1.57614218604474
1.63982551047783,2.10123035088566,0.5812114283346,1.62773417140948
2.13237723669613,1.77140229539051,1.91324115913815,1.66412379072977
2.26861293109797,2.83401474590407,0.874923540014965,1.56977116007477
2.8686883929029,2.70490976890248,0.680568987279656,1.71268951047803
3.19959436279955,2.88285060300471,0.637262331625633,1.69822937231752
1.83808606916379,2.15641076271788,0.639779758270655,2.3649095254266
1.97575359741043,2.09882711271522,1.0508044515983,1.76053959950445
2.38865826200642,1.88235476318145,1.06095707107652,1.68858961178367
1.62444670824526,1.91097283201191,1.23124186257542,1.40743126647483
1.79768278790457,1.88968769665964,1.29807844757564,1.5663838858585
1.98811266056172,1.89783817596836,0.943921791818538,1.46058076808783
3.0818774558678,1.65848268256024,1.13439659542356,1.21012103593707
3.16746605943349,2.11585348879639,1.60117137967953,2.16023740574155
1.90792986685752,1.69284398971725,2.2875014803257,1.78289467278922
3.01026417249391,2.24160397436654,1.09450661005249,1.5308811902907
2.00803399049656,1.99447053442137,1.41091933770388,1.98488860571255
1.67575680842956,1.69258396048963,0.66535530266764,2.07573502564207
2.05617280579698,1.99757305931936,1.0183699244614,1.77189801700272
2.0238518573851,1.86775721409879,0.95170803471032,1.65957400125556
2.26253644173247,1.89847528421061,1.15649511226581,1.5579152345803
2.48858215866985,2.2024188036044,0.870051325939167,1.98505587250487
2.23759221854617,1.98646306811245,1.29483584347505,1.20203962683649
1.67621853978447,1.65298325189412,0.778948631741835,1.41359839902737
2.14839360573568,1.61859922880644,1.09576229113778,1.79700309135674
1.8118228382679,1.38084087535051,1.063340819878,1.79139016473297
2.43082841611677,1.62404238275876,1.07648569180045,1.85074109720226
2.06364340683627,2.13771314046233,1.99477124066486,1.53144581218477
1.90216666363231,1.91263062758428,0.802839784620867,2.24101380984415
1.70285641917267,1.85402977455431,1.52461199111889,1.59678782254763
2.45636167815485,2.18397506933355,1.14429230297152,1.70111344235111
2.15922684988213,2.07892262320432,0.984045142934221,1.61966251878861
2.04335454014812,2.22457330215852,0.859674157386635,1.5753427054804
2.78509096300454,1.68932789607798,1.13265594119188,1.4481079264074
4.26978229189641,2.21915933769816,1.74819175807304,1.42983238649965
3.75492420714343,1.97447075238257,1.83605484768678,1.10827704696139
3.58965487006596,1.55096319851905,1.19012311919877,1.57874154808291
2.60970915037203,1.90955922467265,1.02866891572183,1.65107450999448
2.38540677137644,1.95902146361888,1.38365062263695,1.94115738357935
1.78708551375955,1.95124998671237,0.796591283203504,1.87101284252682
3.03921515985216,2.0394527040782,1.16617928513439,1.54990045069962
1.73704699242135,1.76461669657177,0.811491021336164,1.65739969262178
2.20205718627019,1.98294516698314,1.02689747311995,1.71456468429766
1.7439552645036,1.57839609433373,1.31137951583806,1.68843149428377
2.29059503385376,2.05706514345056,1.29957161290732,1.40716254917207
2.47054178039073,1.33458793083057,1.05389543417619,1.65001245553151
2.07666288001049,2.20510219479448,1.00677224564143,1.41499875492625
1.86411137015767,1.8953063985032,1.13856208403288,2.19865450275678
2.34882643059153,1.97823217242309,1.02908423773037,1.25769457913865
1.67834960588544,2.03655727386616,0.701882879924756,2.06649984684254
2.47680069963997,1.66524279783386,0.732731112334517,1.71729261576994
1.74067349792386,1.90233159539515,0.934067620125908,1.44786661693504
2.34354114822598,1.85514948040527,1.20562354151932,1.91106475512587
2.50262301972731,1.7141842833078,0.920496340579347,1.33665973634463
2.19815862161995,1.87967712890169,1.35299122605777,1.62002127314813
2.46471539404687,2.07600303598172,1.31979079017449,2.09568915783504
2.32658505120942,2.05998160586991,1.14275330132083,1.6112871551017
2.20700303744171,2.19367520242421,0.92118728196632,1.55998808051913
2.14064081726142,2.17134874509512,1.19878625425158,1.46582107042877
2.7472265258789,2.16314083358134,1.50970162461767,1.97185533094075
1.84498791848901,1.71047753270733,0.678377596858409,1.64314065354217
2.71906122557461,2.34622002388134,0.824189872575168,1.55888312791559
2.55907925295523,2.02654545446847,0.909783004524989,1.90895444598885
2.53651049510816,1.86640500001566,1.2866359376204,2.22403527861625
3.21640016317553,1.82297339441465,1.01908989353474,2.29701713027074
2.31197600181016,2.0085947587215,1.30090947576377,2.16647943574646
1.78616923877758,1.72181187617877,0.991278478212626,1.72873883237068
1.80601449540396,1.81132744270679,0.957806064309967,1.71466476889048
2.76115223082285,2.34359673131377,1.03101713508649,1.70010553646079
2.26359093020008,2.03805835012256,1.50373841669686,1.69073954355294
2.24710440607328,2.00584541522752,1.30528534964915,2.43061588632202
1.54685814926684,1.78543713406602,0.766074576232525,1.35741072950187
2.47777478168055,1.79468001898308,1.32282725920102,2.4772847759742
1.78690404188332,1.84525984601751,1.35249146074036,1.56320836080427
2.25940203869827,1.94865176147431,0.785504626970221,1.41866483690331
2.43149078965188,1.90649893334641,0.834316295704112,1.67162616243573
1.613882128906,1.54499680013062,0.766774799354827,2.15395679036326
2.4620845315893,2.1838523476093,1.51243199628604,1.41160372600323
2.91611279177609,2.99745942387543,1.73076524610541,1.6395245249654
2.12803663690774,1.84354559174988,1.70598121152514,2.1039793067814
2.26077535001635,1.46063553635863,1.31258037096422,1.67286264037431
1.93920585207792,1.8931550540873,0.772266938123551,2.50126384919662
2.57640093350358,2.56157392617683,1.79070147207041,1.14830252089327
1.21260113563948,1.88451010415846,0.874611150432589,1.22368687668474
3.17616607478876,1.93073223398537,1.087146569111,1.92089208341269
2.48637290615689,1.88393452452566,1.19919178339659,1.9712344740543
2.18454099022213,1.80508998168365,1.07552239674848,1.23439988158122
2.42549361806318,1.78499352517391,0.800798216815226,1.64223754442831
2.15720053193908,1.67283457991189,0.950988656315243,1.56187784597325
2.70756863785404,2.21360037681464,1.15698865921554,1.55714144313444
1.51970695796263,2.39471227515518,1.25840308871566,2.09605572027854
1.76070796245778,1.90889025576218,1.16789526304061,1.75959077052066
4.02367022318793,1.80439971034638,1.04319152894654,1.83361564602343
1.88694529048256,2.30577553416531,1.19395377151815,1.95412798475101
3.30182656492164,1.50683968905515,0.814293852156719,1.74510189902675
2.73770982952618,2.27589791142831,0.614852306965861,2.07521596657709
2.78051890445618,1.48043780163593,1.82300508858294,1.77760892008895
2.46160295343525,1.92280611916394,0.81340578699454,1.6073375391477
2.77850364363989,1.50222710061638,0.730970663035982,1.20093606270678
1.59352929422648,2.52633695844872,1.2983683329643,2.53434127834794
2.74895456028871,1.56491135766975,1.01283948260748,1.35928505858833
1.7233868485656,2.30620361486981,0.792448275184187,1.43440938691125
2.41795904331171,2.172564648922,0.908404663166489,1.54368560335792
1.33470257030327,1.73091978823159,0.827401270006768,1.39228739903966
3.16876330847679,2.48483782556517,1.47113862682505,2.19605761674528
1.31569490032685,1.6455841394036,0.773791201614774,1.12526630889725
2.90898237426701,2.47290537551052,1.46732957076144,2.82421968823398
1.98956346122587,1.93700380797797,0.947511780002936,2.42614368306629
3.41330280646662,2.08086875423691,1.43120020068442,1.65947154269427
3.28353569483067,1.84299296821852,1.1784474242204,1.5813543563118
1.73122529205183,1.64223522180371,1.12659583677913,1.4988007858516
2.97075747828761,1.4317662758132,0.903448153133406,1.2861921734014
1.74385307005666,2.00882379476665,1.25683709444554,1.78093210940303
1.43785845477816,2.24338142337488,0.91228588800639,1.93741017416466
3.20760738288228,1.9995693455257,1.19927715909725,1.6038518476567
1.59045964989791,2.04981467668265,1.29729867246176,1.51479076376132
2.1702675606478,1.96619913742956,1.05044312320527,1.62059593254155
2.15394697779429,1.91932324444528,1.27663518013916,1.48863747468014
2.62620198333175,2.06891145789566,1.01867856549968,1.64284996210699
2.65867504194317,1.65707450157651,1.69218742745206,1.44840782940181
2.16103150151114,1.80721081747464,1.18787882363709,1.6376201540141
2.17057638321192,1.80238738027297,1.25295198969265,1.75217516145768
2.49058149605667,1.65683725684467,0.703882168048067,1.81924401131525
2.10918960336997,2.11162854076987,1.76210883822507,1.52719057471915
2.12935704256914,2.1166476622267,0.949112247016547,1.77475387090897
2.36484010501897,1.86219937924068,2.40130317016416,1.86601951160615
1.84055334774968,1.76178193650617,1.07954746960532,1.92953130534807
1.93559896138372,1.69838452361524,1.26125296251969,1.80310064356173
2.70356043311542,1.77190225098378,1.15535799555937,1.65069065987827
1.71336640819532,2.25537336888893,1.14197765023323,2.18733927207038
2.54145035788476,2.40121906889679,0.860893411572436,1.78037172772385
2.68534589291497,2.06764437327052,1.4746885201037,1.66508069601538
2.57805475488825,2.01007054254288,1.10321187244253,1.77233240709503
2.58722042497542,1.75104625078252,1.42398699842907,2.25136707794133
2.25451238510361,1.91378740639007,1.36741549625052,2.04985646382765
1.73862012610783,1.90937245283696,1.14113322480439,2.00031646598621
2.64035863691021,2.01312966288014,0.96928848261329,1.59325962774954
1.78996361749727,1.97681303265482,1.39713506153892,1.97871796620938
1.63498932100621,2.40335720430528,0.847774952106221,1.40433261748895
2.03192772855994,1.89277526637097,1.2487406810746,1.63755021950626
3.19307003395731,2.39876892396684,0.861983095391657,1.32848506276392
1.92748634213664,1.76898187752768,0.915663403780227,1.52621819905066
2.921433447432,2.54246345160183,1.13994171478227,2.09917135772104
1.2524907496828,2.57826417702319,0.765711213574923,1.65970407799304
2.94254285866997,2.49032943113594,1.22506001169773,1.49627184320193
4.64691683935302,1.86451153701329,0.779976764783001,1.4035163238042
2.9553038785191,2.23751385954108,1.25154223704855,1.84376578283052
2.66843149197703,2.09223644529716,1.09125509978305,1.83944643904021
2.0549824613225,2.31968953550755,1.06058117610349,1.88854501882157
1.86809602895033,2.57778524985325,0.699860331912621,2.07309876069724
2.22071401121532,2.65946573917433,0.90568381438125,1.97574572160813
2.48348301681511,2.62490933032072,0.821579634214297,2.291233857673
2.46373385992556,1.97359439543689,0.769887548585922,2.00281235334033
2.61962744087323,1.62450820417464,1.00219248401465,1.76936245272162
1.94873980582479,1.61282324447987,1.04174870884031,1.60623356977238
2.84079000582779,2.28420263983113,1.1007092238936,1.88074218658528
1.67318254850806,1.6454666880186,0.999962496204256,1.77097275293161
1.70334407393398,1.91623441528205,1.03950099019453,1.65684687778127
2.0287753501834,2.26837567217682,1.25376007633924,1.77067866680315
2.016080901137,2.76879724078179,0.776467783223822,1.56732614816225
2.09318595430755,1.55278013094933,1.35937520730796,2.12395123704534
2.27152866857188,2.24023722960729,1.15191235816908,1.6325554660153
2.39357640365604,1.78618326782313,1.17804419053306,2.26541075707105
1.7902689483222,1.35271529539799,1.41301618965236,1.61759476414906
1.77311292249457,1.52868095688322,1.16176446051872,1.96673949263814
2.34405008074738,1.669173867788,1.30207633829173,1.71273466180874
2.45044511512711,1.73979522692908,0.838187187960653,1.73351154054011
3.31822337760094,1.83841597666192,0.913582066752696,1.60525477330292
2.81374410374828,2.35374032529009,0.988960732513118,2.08579100812553
1.9447882679577,2.45721099968981,1.14994632104014,1.46063701039228
3.39787601637841,1.66617193052325,1.24468734647514,1.67560703860144
1.9543158045969,2.08136800294733,1.21875600243544,2.2817841601813
1.67370806942805,2.14772883884518,0.845996900250415,1.06470762548582
2.05270905673711,1.98271314754257,1.47738781163814,1.85812860289949
2.22015447334851,2.31459640897019,1.60545961074254,1.63548731472868
2.66231377078158,2.24612684667118,1.33975284820386,1.60393315474522
3.26157078737214,2.17404620753007,1.54446621737957,1.6824541323892
3.24275983566044,2.30473199657979,1.38959029416877,1.50820533104402
3.46578183163772,2.00834656404893,1.49967688914614,1.39808887356687
2.55467483917026,2.2583267824494,1.97683144838886,0.847252858060129
1.46414234771666,1.68500075137624,1.21931077984997,3.3398074394498
1.51959472818062,1.75011040647529,1.32468370811815,3.11986851584313
1.87003905466711,2.23531358348349,2.00031183316523,2.05589310999323
2.31602785178149,2.07372039092854,2.07620051842872,2.36007348482845
2.15004471172779,2.15483336189014,0.998545211435958,1.17373931914631
3.21159777035172,1.64875457499306,1.44694346181067,2.07975325197206
2.56335695522882,2.07624586791357,1.32149058936868,2.11940130096093
2.48546429192238,1.45573803128271,1.494436137238,1.78596651573257
2.5952160741708,1.93173353227143,1.17977547559947,1.60114163847119
2.78060591643736,1.93995014866919,0.851788032105735,1.3447795678871
1.70832105925573,1.69196292359363,0.732183625616654,1.61308685914674
2.12864974046906,1.63660249381919,1.4680346968514,1.92745817994647
2.11950887827934,2.2892928485241,0.809505121749547,1.51428747956312
1.72467272264961,2.08817208130473,1.11259671748761,1.5774446782914
1.61318475547133,2.09744162795025,1.07968080110035,1.7077340647526
2.19005157686178,1.67621777361288,1.19336721364721,2.32460484165138
1.86365207018586,1.68768632024323,1.05522646164342,2.34360742832632
1.77488110351712,1.80086755716412,1.09891297803394,2.38410945944151
3.28907188580424,1.82778331604489,1.0864735321857,1.30540396190378
2.64764133317175,1.96322469863869,1.08661089232977,1.70396502330944
2.2127237511507,2.3216483528888,1.18253049335945,1.71132221942117
2.34508996485349,1.82777732966908,1.0625329697516,1.73694792056664
2.31562802039259,2.15438485387031,1.41098713029359,1.84242708494256
2.18952380517362,1.9574214904328,0.735743208575541,1.56442056878176
1.84796159146558,2.42981236630495,1.72582319143353,1.56469937408955
2.59940314357665,2.39080322298074,0.63730753892146,1.9102231792649
1.62918538887335,2.19768452362875,0.946434670384701,1.92342806402145
2.4460566446978,1.84511938385691,1.53784379535388,1.60802788046599
2.08997734721884,1.95082100298395,0.980712429292661,1.6667565547026
1.83404659804818,2.10744227148171,0.900325992244171,1.53688556640526
1.50950539627761,2.02808032070868,0.991311157005053,1.50547514763231
1.54473514361027,1.88136711092245,1.05189853334666,1.57016427317384
2.04926653066779,2.50948603760824,1.00257747346004,1.79624195326075
2.12498808317929,2.07999360282674,1.25892408638342,1.92788452431944
1.76417361650833,2.13940943684061,1.07260938548335,1.4799304817318
2.39810622152555,2.07266098130365,1.73634021022702,1.38500883452732
2.53439351154623,2.03320030021136,1.52283232057593,1.38327190617941
2.26559679543614,2.24972373920378,1.15694444680001,1.65847624250272
2.64904157274125,1.64899877882389,1.36593145968905,1.70293628302316
1.74290541593439,2.03199993581035,1.05789882057984,1.98000511286312
2.38229048527498,2.09440804895925,1.1082732210999,1.7458217498881
2.15707006116833,2.07219331026866,1.06351272758879,1.79002285546709
2.28381506581975,2.07205479291499,0.905467236856691,1.8426738405938
1.96398988507346,2.03690186122759,1.28046739652122,1.56336704044483
2.28098206417844,1.72245734897834,1.59803320852839,2.28635133496808
2.63478935162028,1.83408337224078,1.64128589768248,1.37761765339599
3.04865534802082,1.57323905909521,1.3935600040051,1.23065779728039
2.84534217955443,1.6223399698803,1.42293411855326,1.28520575350133
2.53901688352542,1.63535139221895,1.23856294803406,1.6517297261209
2.63547788494143,2.12559574396702,1.17960610022181,1.2573394504568
1.9637150544987,1.75046265295992,0.949585943238467,2.0163392843028
3.55521162466832,2.28683228075256,1.27157337700231,1.33564345035553
3.16869094855468,2.35886208101637,1.14500068084131,1.21698244123434
1.9000488770201,1.95955731437853,1.30485288135392,1.99226412258058
3.16893105110617,1.86167162181847,0.800423392158939,1.44766423578158
1.68842436462748,1.87522538458721,1.65006993823906,2.44979394856223
1.75499012426648,1.99986824186618,1.24787547877412,2.42511639180292
1.90703398767651,2.15313070028002,1.13109492153453,2.00715000552558
1.96643071310632,2.07084616044829,1.08257104116375,1.62928488934717
3.03830302576743,2.10834287477171,0.846840342525516,1.57500000709195
1.76417042293395,1.78769190782114,1.80306510579512,1.67246024929886
3.21122363754288,2.10069635989472,0.708836611278058,1.41911815829742
2.21871601412097,2.04239374083721,1.35974540467873,1.59033169048612
3.08639387479215,1.91805156978627,1.235910956183,1.62998731216611
2.89988160681687,1.32639161464908,1.19469609927506,1.4389741717803
1.89507585167238,1.51670378659499,1.20056485182698,2.06571352235757
1.89953886324171,1.5064790856392,1.17269655446283,2.03302735653979
2.5793806973774,2.18757133039507,1.50054630162054,1.47539387499292
2.14411639331082,2.21320006518192,0.848331122622513,0.992773387495896
2.1306095599743,1.83576510533034,0.906838328856836,1.29454981333888
2.22582347067821,1.71343956762564,1.2431238336113,1.94179931703876
2.30661620654639,2.20050644662529,1.21011901270553,1.60828809564325
3.44694289207652,1.41500085712724,1.0636613399978,1.69919484779628
2.43468754951801,1.84862382609054,0.949650770042439,1.85182789951887
2.63830461203018,1.58654564443978,1.46134428005834,1.68433430846244
2.36080291961731,2.2008958852608,1.22068989265724,1.42473037648539
2.38843420212239,2.10267706293779,1.41451801145457,2.01557642792027
2.06819858295761,1.60410587103726,1.20268435559412,1.58207765903935
2.10546959752804,1.59892044692163,1.25296918302335,1.61790272342384
2.33102246017062,1.74341231665105,1.50057861285495,1.53463178208824
1.67446610611602,2.22253586516528,0.777169584099991,1.89185578288341
2.32221234292568,1.98530806734854,1.73896216429638,2.01939886969803
1.23168338498207,2.12818637525247,1.12090452613769,2.04898263433867
2.15230552695405,2.37929127789941,0.83218787606946,1.70347458955336
2.75861915263244,1.42006079065786,1.12982255713879,1.6726103647342
1.71531118760663,2.52297170850695,1.29699108305607,1.49707767745395
2.75908373223091,2.14678261755827,1.44260563609666,1.90136400776237
1.89107856391415,1.83830001703596,1.05617436440702,1.57821576400437
2.58357304944739,1.87640517109796,0.981482300210449,1.61351332000142
1.73452960313497,2.17225769633935,1.01793007242698,1.77584350212252
1.77531259288625,1.63685901199826,0.922410353984846,1.4913185564237
2.43368098495459,2.0017347942048,1.14765428563457,1.68720152794373
1.58421474986066,1.62785095673808,1.02837571616949,1.76702554610856
2.31280502985467,1.95442595894646,1.36738923623501,1.36439408281348
2.78120550110768,1.54029938377414,0.821054573759753,1.65577470367331
1.88279749340808,2.35414992519619,1.05213962451465,1.59592035195318
2.4192314659317,1.76519501374448,1.12150705491588,1.77857735705987
2.02637153284277,2.29406382143903,2.28106085172174,1.70049296092014
2.07919571704399,2.15545467754563,0.534226470772619,1.39587464365416
2.20820982261123,1.71106568977087,1.09862024798331,1.69337823220901
2.93671496650281,1.48393290619168,0.931917893964276,1.65710795342228
3.23846204831984,1.63892232509359,0.925724368985946,1.52789593863998
2.53852941237036,1.86096470050421,0.975134575293901,1.59521168070974
1.72705833955963,1.89529782703699,0.989512500006351,2.10488351376747
1.66742965960162,1.9524196277902,1.61370972747154,1.89074110805282
1.77244141808106,1.97701321513563,1.69840614277524,2.26778661139196
2.72026171839642,2.07861981986965,0.729639727365095,1.29563070162119
1.7622888343232,2.02552491235494,0.772468568167019,1.46197773453832
1.84911878044364,1.55722432730807,1.36481688120108,1.78469557101287
1.85338060958055,2.39058464481955,0.939307963534216,2.44062480554016
2.28547912946825,2.50698389699729,0.777198537899636,1.71213864192491
1.71422039731589,2.39758501454286,0.649668118210684,1.61681125691447
1.47111025374836,2.67990433280522,0.978292426135017,1.48873811394354
2.51931895734182,1.73100876381435,0.900993770280146,2.0013698620481
1.26262693523803,2.78283957256642,1.07093989503844,1.31105120439633
1.39796899172258,2.68478172105291,1.05878165946752,1.34397497215753
2.44235336460488,1.82170150143613,1.07411967613565,2.04496875806342
1.81201011945829,1.89037869510855,0.92663942369508,1.59859965442749
1.81731606251474,1.85249975372564,0.900778954694783,1.33184556260029
2.57060360311182,1.92988023065333,1.16701564096307,2.24855758634921
1.55511314038516,1.63616260593481,0.765283905033395,1.70886604495429
3.1958556976368,2.25405214827981,1.43933754772141,2.00350176316576
2.19823155985267,2.36775151957108,1.04958792270449,1.64741184804005
2.59301778923276,1.56912967675639,1.26137079243494,2.18780735910355
2.76507552891686,2.39186138840796,1.37273992494301,1.21394377093533
1.87995211259413,1.95178210631509,1.01242222911818,2.21041580718582
2.2590665463865,2.31164539961314,1.14911335119253,1.93895115497676
2.98745723611705,2.54933084459972,1.89859678552825,1.81138338806806
2.07158393359464,1.66514695409543,0.679212019705092,2.52056793899085
1.8909166865634,2.25702426880928,1.21212759578389,1.68859243185476
3.16954732572676,1.82532278146264,1.3494376604514,1.73243343891423
1.79484424826644,1.92484782326485,0.757531839645046,1.6488413623897
1.89592749871584,1.62634537737855,1.08775311913916,1.51178379515702
2.05696665391861,2.10495645220314,1.05281457047255,2.34641896886824
2.08005056459939,2.0665871052195,1.0157445621475,2.33373963472301
2.07199154585733,2.11012869346636,0.683890374441987,2.05637645811308
3.10442530818941,1.70045401988234,1.67352130234612,2.01301886083777
1.81758108505966,2.71941142679731,0.758986906425574,1.46575087356407
2.40310774245442,1.66337603263171,0.877973883066389,1.66140296292898
2.83878301968725,2.29471663903366,1.03974781884957,1.60447807022393
1.79882271101207,2.18858799359463,0.732286946690724,1.38712756657892
2.58335666680057,1.63410906061837,1.22889159392663,1.60557027953209
2.11659542266914,1.58678137279179,1.12053349913084,1.64382279905545
2.15777475614962,1.5920976178984,1.15414966173235,1.56458788978019
1.96434609267264,1.93130255453252,1.12929126039494,1.52384335577253
2.06800904797929,2.12275932145846,1.59251334504296,1.83817404504134
2.38052202441128,1.89412658376754,1.75624788829455,1.79616806151274
2.63991695051164,2.03562162029449,1.05704613648493,1.66490062674204
3.23441142953641,1.97729525134824,0.877298106017687,1.57304831622301
3.00667918053253,1.91260266946477,1.39626196265389,2.13750311237769
2.1725619033429,1.59319338935208,1.27773775734931,2.15422663141015
2.22886301203427,1.96779162606092,1.19367483029742,1.45687195295873
1.99386973937764,1.52224887876429,1.75501643109552,2.05011658974898
3.01033263473945,1.72800877081526,1.53051538843072,1.21738179282341
2.04471848957691,1.63854301043331,1.17431818522173,2.05172909163222
2.18036189976668,2.053015299637,1.19146137630407,1.53860325665606
2.43019735035066,2.23767726650684,1.2471967829425,1.6730640897045
2.09448114710423,1.78785656355521,0.975492404045179,1.76008025687281
2.24722826666423,1.49900554948297,1.06265405459665,1.90306997880314
2.18766900784795,1.69087603411535,0.866888585591104,2.29768490564482
2.69434459527549,1.83967495643055,1.9567342718952,1.88943858403019
1.7037186413125,2.34224311639542,0.885114887626526,2.17194361517003
1.76297914276465,2.04680691159409,0.627523047231662,1.68078318865315
2.69610027308503,1.90994251054391,0.985219407523947,1.81142129994971
1.91885862691988,1.76151481797419,1.44996145908094,1.53578368739779
2.26548797491192,2.07833352442016,0.82881972331641,1.54069077796683
1.78215799938715,1.88846996611756,1.23637421290212,1.95605017779297
2.10535939779193,1.76615839571304,1.04503631694672,2.43384196891827
2.38969991834581,1.64108270032465,1.02090889846805,2.16516035240513
2.54003119719151,2.00806110788742,1.1392478239507,1.73904613340066
2.53443234273861,1.56299805982816,0.87006997762739,1.40845211799511
2.40608058534954,1.59598666032036,0.840554018950828,1.32686920005238
1.46888332919485,2.37584488021088,1.40269584224815,2.04345448571888
2.40011672389697,1.61842711756069,1.12062449307467,1.6515202436704
2.37355552805355,2.23666700365351,1.03138828748443,1.65434771212272
2.00772095233326,3.11778890993068,2.42183550759532,2.49695574321487
1.78575019166187,1.48406321244582,0.694323213376719,1.26564766026595
2.64178504170499,2.16641455832193,1.11851576650935,1.75965935736454
2.10819195403004,1.77166408555304,1.42954478985062,1.77367554325601
1.77250778186384,1.7799869795249,1.03553352094985,1.56588434687227
3.11166401624817,2.72018070789671,1.20988745600485,1.66069344125585
1.9199317798261,1.84466025427268,0.986976113520605,1.84148214942386
2.18570055558025,1.87579678296656,1.27676853432953,1.75018517521697
2.28627235784964,1.8551230509354,0.891941477034431,1.68651313697908
2.11019328225677,2.26277449300621,1.00624284780105,1.72245615720749
2.31022964963513,1.76870664661191,1.23602132019479,1.55983760521477
2.16557019533686,2.26583972138322,1.43083735569858,1.70570010398198
2.06638583699917,1.53054339289336,0.925050793860306,1.45503279291172
1.78574897050931,1.76145864347143,0.780951172088252,1.16054658896091
2.06657577205892,2.00792248076825,1.19741945375773,2.60579047728983
1.79150344434213,2.74397888665253,1.04091065779043,2.23979656577371
3.00701096357658,1.46140338971758,1.36337097209863,1.29857543352815
1.52505388003736,2.9671007470164,0.983850318882638,2.15607381599389
1.62293152211661,2.31698138281519,0.837751993626209,1.46324837204017
2.75402008147145,2.01881629421771,1.4142495947455,1.87509037396768
1.71151276373389,1.54043332804974,0.969172170848406,1.52555196232187
2.20020659766319,1.49658427788076,1.53793309271425,1.68419749875386
2.36956638002313,1.54410527077716,1.62397579424589,1.67571619358084
2.02687832931121,2.40481161229854,0.873457461057072,1.94329391344575
2.29555052190193,2.00207428939897,0.81297508523026,1.18603011328776
1.9627194614515,1.95427802977685,0.699797096352117,1.3392678466051
2.17618927788417,2.0104575609785,1.79415664514323,2.0002111620083
1.76297285657042,2.04839209440495,1.09299586843417,1.9789915271076
2.10039570026165,1.88630892509546,1.14056833672932,1.89782564996784
1.81854865302318,2.16103022053416,0.825591598224012,1.56689135163905
3.38123529931646,2.32491534453382,0.795055557198785,1.60208150260541
2.35431678905849,2.44418627845213,0.956572909572818,1.73309084621026
2.11499309592491,1.79007911854625,0.956898087817508,1.75869109501378
2.45854030305514,2.28233127259807,1.48639590693409,1.70610445546324
3.0005693502539,1.72333532452904,0.852632217952633,2.29333616681644
1.88124241728738,2.01007015635447,1.38726227802353,1.40216240951154
2.92036951513802,1.61466092027986,1.53763758393865,1.6578362150143
2.07898084762158,1.51606734315465,1.35594563930033,2.28233147681913
1.74874356881367,2.10145897121436,0.635826161916565,1.71773413243847
2.97087108627329,1.8796276894578,1.7110356695368,1.53360439232276
2.32051803109931,2.2658153312664,1.04185769029754,1.57514035640709
3.43838228791657,2.27098561280322,1.45063771078614,1.29151558312317
2.47224367877926,2.07818328680636,0.919038003940162,1.31858518631833
3.3656537991261,1.84624847166977,1.39112510973138,1.47997576075877
2.53474233746751,2.1545973811995,1.37111210113499,1.63708903640228
2.88184283935867,1.41552942289539,1.50214845638466,2.02208966962759
2.03941228460429,2.70226553622474,0.807222564028689,1.45030005138537
2.49294788127908,1.54548695085171,1.32191161265048,1.61720971458095
2.14444249918642,2.24638622573944,0.988856337869098,1.8982996653228
1.65375438951794,2.28853266711751,0.919385455239682,1.69863788366519
1.47376608437143,1.87922242560431,1.0227762437731,1.4399849424143
2.17039769544802,2.27637930625503,1.19217078187334,2.21570425418618
2.15486328360767,1.59819824094152,1.09686945303997,1.54174656868164
3.35258959350306,2.30049749021613,1.26028002320882,1.68093171070384
1.91686114650023,3.02865103964595,0.941553413350337,2.30318565087753
2.22552798259313,1.44546032434588,1.35348082673086,1.43857419529397
3.02787870538435,2.41566145226207,0.955554420214506,1.76758073734813
1.95202462533764,1.27453325216388,1.25400213785386,1.75080367113522
1.70338966425951,1.91984737464285,0.93190730375971,1.69433825600468
2.92417986744296,1.80212277213344,0.848711300784757,1.63644125372267
2.41286749834234,1.8141314469639,0.880821580704359,2.20854654571766
2.36310435900092,1.97212433196948,1.04527485634082,1.80994394240295
2.53738951426695,1.82935584291286,1.0113059725406,1.50927278053849
1.60380136644638,1.55127878431283,0.9301455890422,1.18660099458701
1.64932713225796,2.32117350027798,1.06369683175923,1.97981045790143
2.48945298007824,2.73043198721942,0.750283818318658,1.13438991360784
2.12619048799057,2.83588372795081,1.2873115607799,1.68021478187651
2.00467207118977,1.45913309825038,0.804575488970143,1.4436633318031
1.96802167944006,2.76800222815478,1.09780206854026,1.70390743781551
1.86191755331802,1.40626521795588,0.77547593402778,1.77915435389896
2.25610123293284,1.57421094988555,0.827989798240821,2.27564442928355
1.67435926690664,2.5373819879949,1.35558498227942,1.22819117276986
3.44865691064136,2.60441144153242,1.02879995008413,2.24348907392962
1.75282547906649,1.36458153671724,1.74179764049197,1.49868010556764
2.83092350202788,2.79128627429661,1.3629929568188,2.20297125379185
1.74799054165996,1.86934070272639,1.06324442239461,1.38796387399419
1.75898368245554,1.7718008796757,1.51496002845097,1.64714379017095
1.66770276474708,2.6026812166806,0.681650369209565,2.11493664749809
2.63377260768326,1.79405089347641,1.29146479420835,1.66930064179079
1.81735174136208,1.75747753040361,1.52682694113556,1.80379021627843
2.1371907267272,2.14433976493299,0.688758217019685,1.61398696054191
3.20960121510141,1.51146311806902,1.81603086154122,1.78285386129214
3.00859681727754,1.81304679867915,1.37149131896686,1.79373212602548
1.96194522934702,1.94890548077262,0.983607567959967,1.53452855091173
1.69817130629784,2.45470520404927,1.14319361193829,1.65660759766732
2.89667575462078,2.11768283434285,1.1515009649975,1.43911156736633
1.7924968843281,2.13214493006756,1.14372481081154,1.87077937635951
1.83781441091173,1.76241849666579,0.824289830949882,2.54961461125875
1.48426509971536,1.6798027487728,1.4930530711968,2.16297562591415
2.16555704117571,1.9727921749851,1.24039520289055,1.25795324946656
2.34245895191445,1.73500729234471,1.10824465195366,1.27052994910116
1.95356632128152,2.2674788874577,1.13092516898241,2.1879991246736
1.88842366942939,1.67638360536065,1.0528658836579,1.49108238936189
2.65356829932131,1.83454891425007,1.06483229206394,1.53589874595888
2.74967520095857,1.75158672942285,1.65849118948511,1.5256958821597
2.38022655624043,2.13695218182908,1.71018444435244,2.0333915679718
4.46821323188634,1.81591434447614,1.71043949148826,1.3306006093474
2.24271155827586,1.68599647893186,1.32288782749591,1.65676942628993
2.48015857027706,2.00958157501815,1.36287383094384,1.72610821739636
1.88998827678705,1.72063046353324,1.59838855531238,2.66940309899839
3.33882826972778,2.18011527670252,0.934740318398111,1.94315753926545
2.03847064381582,1.60471186872149,1.12913146999585,1.25333987716898
2.23177315473166,1.64112585314632,1.43419127435686,1.32774749026245
1.92262300439781,2.36849968675068,0.906777442821636,2.12264764095532
2.2010059805582,2.16113228096481,1.00883837873631,2.29822646849198
2.37089794793008,2.32391082558881,1.06103060042607,1.76463744786364
2.0579103710868,2.18138922845979,1.21781807860895,1.84152949207775
3.18429187538252,2.09542344591097,1.40995289581802,1.34882860048244
1.47645683891141,1.70177202420766,1.01958329464243,2.00186186734283
2.16889211467958,1.56982269631876,0.734468507047863,1.78644626516026
1.74819000488985,1.68661728514592,1.28367332384949,2.17905102894475
1.88611672582944,1.81933442936923,1.40330412494799,2.04485091808528
2.10019252548581,2.37127369321461,0.772809725467941,1.53641337824074
2.79322443442344,2.71261687425657,1.20370694811807,1.55176826852685
2.78915904896412,2.84352752215224,0.785242481591286,1.48708286519373
1.66510859915699,1.77781411363654,1.70493688313999,1.74663150198625
3.2379393251487,1.81166730093297,1.42619371883995,1.41229128600782
3.17148755953728,1.72928865394966,1.40581447892539,1.4759228696194
1.50057545212383,2.09167492516071,0.905549777442238,1.89289428727969
1.68161082039346,2.34008611699367,0.779052926680103,2.1949910996386
1.96839884199012,2.11422167179298,1.01849546527675,2.34127673004491
2.78234277706425,1.66108022350687,1.05294306463856,1.2974799868801
1.87606353991147,2.10611602329634,1.19120311702745,2.11271847237307
3.75882514105262,2.23001250782833,1.2651413467739,1.93320682485967
2.58725500703776,1.8857159082995,1.05943009636398,1.73387056614995
2.60053845609863,2.23151395321964,1.69073677349093,1.56854386592509
2.30507298221806,1.38552240171861,1.28604790205795,2.77820457617636
2.17883830496849,2.4280004957897,1.0370071416452,1.59581175642861
1.86103429741262,2.27567575256661,1.37894420887509,1.8959250834951
2.4190074921769,1.63174308450814,0.87874027582838,1.58931786827427
1.87545544689382,1.97021930541772,1.16516658864136,1.72359446249226
1.93536827762856,1.66487980907612,0.813546984336229,1.86920577234387
2.23897174483077,1.92392580671925,1.26987681849363,1.49708023965606
1.98261807699229,2.4049041172698,0.843807648059967,1.93598208142328
2.00846107268082,1.39499914220676,1.12546093902881,1.80410225680525
2.51691697772862,2.96544880667441,0.941056995281092,1.49144973241893
2.0611393132422,1.46999673866759,1.45751374839753,1.9499359877778
2.42111396444188,1.83843325428821,1.18793820131548,1.43878041891942
2.46204888672574,2.54249623916661,1.31667523392641,1.96933423196518
2.29603629982511,2.37403143082834,1.50028943571188,1.70130853179819
2.24251058114642,2.6833212953921,1.4042782360613,1.65548564981014
1.70235235799998,3.04134429214271,1.08373441625634,1.26654051017216
2.20617572634241,1.47207030777873,0.852501706526201,2.4980657016296
2.16285999547447,1.71943217191544,1.19674761971132,1.54110366691225
1.99887468564262,1.69332006163697,1.29144888065184,1.28927625562068
2.01820484285302,1.56371236499615,1.1521541637408,1.65931964994273
2.34810263177769,1.87487466467607,0.653684969970625,1.23965578429627
2.98382642669643,2.0207377333715,0.862957443763936,1.06210425194921
2.9392826149544,1.97592543968348,0.831215004211274,1.05030258059211
2.21745021891999,1.99053893915763,1.07009052762901,2.96597353108962
2.42081455585712,1.60695255937016,0.729483330631563,1.91294497955234
2.0818516511423,2.11894385369353,1.01383667200842,1.64906494682679
2.17512484293955,1.60658373720167,1.0038807511395,1.90661745593114
2.32300033498911,2.01579316780278,1.09351759111792,2.25052456915308
2.63000433184988,1.93625165780164,1.3025064663674,2.11581039315962
1.24628443201238,1.93333593662739,0.666296541712821,1.78432033861502
2.60737435877935,2.43089615296549,1.33622641554788,1.5489085677553
2.70910153001114,2.07288969693576,1.18680925235089,1.48821632419553
2.24808341578325,2.14459518781109,1.21766537386128,2.28795992422948
2.50571162469253,2.09774083128858,0.904524669778117,1.65612301468292
2.33111001220485,1.69232794682585,1.56579875743001,2.24533756912107
1.96598444500074,2.71213775119912,0.773972179963286,1.35277458105914
2.27749651974246,2.61140979129156,0.935831505804592,1.43193440639684
1.79951666890464,2.31818988006921,0.995758887545833,2.60091961621658
3.7246181224153,1.65907237366862,1.47061694674592,1.02212555100683
1.3033057380683,1.69115634202394,0.545725532718504,1.68731292110341
3.23715916568272,2.27274552458109,1.66335351819746,1.66786159657189
2.14924226426892,1.95180295156039,1.66627144342962,1.39073663604279
2.84022527028149,2.19041343503662,0.751978056841939,2.05244553656494
2.66461237586829,2.13137138925101,0.842402633980148,1.98695987450758
2.95743259306305,2.12504556097173,1.16140618050254,1.45182090604739
1.9288276550983,1.5073768478794,0.79756147900052,1.82636729917938
1.86893559634929,2.00338142046306,0.892067653440903,1.8088830473528
1.61100615383274,2.46051554200649,1.17097706610674,1.69327105699649
2.28086221737128,1.97529892380234,0.908280809086601,2.06906849628844
2.26109811186854,1.76285114788093,1.30988042171232,2.74975356919514
2.16000271382715,1.61361883453229,1.16162718711637,2.33366136339106
1.7012464546026,1.95390449240974,1.08623675966036,1.39670444156118
1.85982819734003,2.57977690823396,1.42477636255064,1.74426299098478
1.81442746868047,2.70909878207223,1.08187770750293,1.5282663595682
1.85974338050448,2.82202804721574,1.16130622789231,1.39804918560504
3.18415375384493,1.44933925662715,0.923947763152003,2.24126601494538
1.93547493464553,1.78468300320364,0.893869689284057,1.85942624049109
2.48022972734792,1.89770060039242,1.53992917739857,1.80490441926595
1.54077671361181,2.02782003010756,0.959241128768378,2.04245146327475
2.7411614872762,2.10503776021879,1.06272671855551,1.38243449827973
1.72732951746691,1.82694132436456,1.00345237729303,1.56371865578404
2.86369580032074,2.42694203117514,1.01769111248837,1.84100031975137
2.07736819764958,2.03425635331802,1.3032857898603,2.60140800562261
2.28505718315382,2.00352827543614,0.938203664688962,1.45146569734087
2.79048169753342,2.19858558192886,1.26357100640666,1.56631033941543
2.19373930476214,1.72846824275264,1.22284724464473,1.96036098207636
1.63053665839934,1.69858062745029,1.1286716406083,2.38974789493931
2.14587389644584,1.88532436910673,0.963977750610612,1.72505233798936
2.31436188717043,2.21585537654359,1.02737127461315,1.68482667743791
1.54409050423366,1.93539864366657,0.948704626040566,1.91955019793958
2.12776283719637,2.41324643307146,0.890568796528241,1.71858923245544
2.12362792176008,1.35421691313801,0.844929021043054,2.25575630959908
2.1905828446832,2.64750699366563,1.00741892029003,1.55760280227267
2.66282205985515,2.07111859454547,0.608453561396439,1.40277410718097
1.97002007791759,2.43001265683976,1.21272524059111,1.66026589145222
2.71392619367563,1.4179203224122,1.54282404211141,2.11826441088792
2.11502704903543,1.62061830187765,1.43598154197234,2.56084034156188
2.5226634751961,1.87983625298138,0.787563238360471,1.71152031228711
2.47369286549863,2.12425809473334,0.959566273970367,1.56932102374977
2.18353519484589,1.92033463260401,1.31464828849778,1.93907675535399
2.7289784588126,2.48413541217402,1.84247696811813,1.7586036294536
1.98586540646503,1.90062867113026,2.4552334906821,1.96615366445815
2.91799309785841,1.8419517912318,0.638601019728495,1.28943010856861
2.24287976763449,2.34161412651423,1.23139115283837,1.84791187464268
1.73296129819661,1.71438356451222,1.08602871290161,2.15862186202069
1.98213626933435,2.23802262730242,1.11837715560275,2.50659296916536
1.93149899248807,2.02740578055573,1.18928495186979,2.64886791859861
1.46463675838564,1.65138022146298,1.00979520013371,2.41758483244945
2.99218561511814,1.62946850203204,1.46501142958796,1.61268840520616
1.61131263797959,2.37641160737182,1.03700149953275,2.20995161894168
1.89807580257633,1.85572997762829,1.23201533557006,2.53816128857555
1.91578027511729,2.28640100526967,1.36671905678191,1.58718770618916
3.23045165742577,1.54607904924075,1.25431859632737,1.8878800164274
2.77118423236817,2.37914466965689,1.48197287739897,1.85057752989631
2.06456103471087,1.53441974103467,1.57283523780731,2.92974359012981
2.60871332722202,1.93537483042861,1.59436854247756,2.61551223955239
2.10822275581809,1.84307573472581,1.17784148132416,2.40425548687525
2.36219847443971,2.27737701718364,0.865214292452983,1.89566057122225
2.03209205519687,2.53824301638985,1.26521471350566,2.19883013388371
1.5745081565832,1.63614564417172,1.05679405557849,1.41820712465962
4.58545391690556,2.47185935810882,1.54717535818031,1.44085496966592
2.03640593609906,2.39162227756224,1.11526250841903,2.29135587762732
1.99420093821233,1.62286243887328,1.23469959742563,1.70781863257146
1.89383024410718,2.00549743109413,0.829084589804967,2.36785418957322
2.05555760282882,1.825176128293,0.720791227501536,2.15411291820434
2.70140806904442,1.89019077554307,2.42524795016239,1.32910994752111
2.39937620981936,1.87675288862066,2.2728687867877,1.34684149505413
2.59883653819134,1.80254354713698,0.672865831322489,2.00616294013911
1.99737623819493,2.16068002492192,1.20605301497936,1.91565427520513
1.9714841547849,2.37092658814388,0.753153081173346,1.6521086708908
2.09567787976363,1.73880317997514,1.28706665709851,1.75093061076226
1.87492505109646,2.16918014887502,0.852413688430322,1.40024938867794
2.10380993703632,1.62630933730366,1.20801870508582,1.93907764658329
2.38003986633522,2.32266116529397,1.1457047584172,1.42642055918543
2.15182132501531,1.73802896967404,1.11700780251977,1.52568019427276
2.62349532445448,1.90721733837545,1.27038060202332,1.40741022917384
2.63076081361549,2.26040087251742,1.02207839648332,1.47743810931624
1.75084657817801,2.07795967923525,1.24925803632324,1.81129647828144
2.21207041213311,1.75974696765335,0.763391617087368,2.01870363026992
1.69429144859412,2.36444070626713,0.801363087709356,1.34948426017917
3.12846434161978,1.99602813077776,1.32269081148294,2.70656076040922
2.10287640866047,1.81712017723916,0.938795107584491,1.33314672619523
1.9628768273619,1.55425625198365,1.20376196726973,1.26393633020045
2.78949062122077,1.9675081616961,1.02149280240133,1.6085204555908
1.94111820871814,2.16856505526043,0.814629599656749,2.12610513151397
2.45350040645047,1.92319291263359,1.35678343540967,1.21712278406527
2.02272039029374,1.82147554888785,0.993139003514577,2.52327066482488
2.71227629717414,2.41911774096339,1.2708218886514,1.25731675454677
1.6175822721051,1.88840630619461,1.024934191245,2.10607035830591
1.97698640943881,1.77366406417414,1.06906761165174,1.44307228977596
1.87699974515926,2.36005221262245,1.10824275428316,1.49982808002664
1.6837545822665,2.21225189331349,1.13496868453951,1.49384096212351
1.96067684433909,1.91796381149723,1.25444044195632,1.53191127824963
2.11625418112063,2.3394630805404,0.795591196573587,1.62107012903573
2.34668835413856,1.58060800159454,1.21434926350517,1.66469838855601
1.94439160287757,1.67694936166155,1.02013787652187,1.88863457926229
2.36941255743515,2.04324685398748,1.65947287477276,1.78291850877083
2.28009121012005,2.04233098124105,1.54401947896283,1.48877771002469
4.53532551627302,1.45037480728432,1.48230944187155,1.33917345292344
2.62984625021665,2.20016278684709,1.5761513881136,1.78010967559319
2.10036535304405,1.74837009150933,0.803954963495366,1.38104747749758
2.41243250148092,2.31949918803493,1.15013409564186,1.87282103883794
2.34586661388314,2.41745464850719,1.0937500416997,1.83494866113574
1.60931101372991,2.24174089861147,1.00201536852696,2.25675473441132
1.7727979756095,2.60071105617712,1.25305138093844,2.21521564079245
2.31006342097208,1.91619465853551,1.08502076386376,1.74302069005288
2.55750744471589,2.1283614921158,0.839647503378876,1.82552502744646
1.90434479566987,2.03903882964734,0.850267135176038,2.10626390569537
2.3413770044222,1.87146459071141,1.15809983340372,1.68872267478882
2.23870924234417,2.00950041195119,0.957346577830582,2.23486924048907
2.99298873987265,1.93979307750725,1.01645692340079,1.83485144905934
2.95567974054212,1.90873772088318,0.962866581097334,1.66208699038433
2.4518862311592,1.70637879067302,0.797323610761217,2.51079364428088
1.92832724905755,2.29628701394244,1.02538934666554,1.14239532993751
2.18046726765892,2.23099733490306,0.986042190585184,2.14785402155342
1.79677965146459,2.4753353057216,1.18368892205762,1.32584341864363
2.34498539449634,1.66080559439234,1.03296538423237,2.29624091466123
2.84896073636699,2.23110275318306,1.18723163842826,1.54472272694997
2.00677266012836,1.73182074937765,1.27027030230116,1.86811869022291
2.3638651964779,1.90317631977934,0.817177322158278,1.27703700036469
2.4388716167292,2.4361842893231,1.29990127522802,2.00798166381012
3.32135456080699,2.24327966338363,0.895124571099647,2.63411507247886
2.01663239996526,2.10703660790671,1.23958185215978,1.61038029688988
3.15851114133532,2.04251065707876,1.30827566689229,1.58550785275111
2.74581045031486,1.93681201995891,0.920462663085773,1.49013571136625
1.90992463137323,2.1876641783524,1.19409561231786,2.26639058936501
1.925277574086,2.21808805427773,1.1847505588655,2.30426166325109
2.12341106191803,2.49635853381303,1.42469231439126,1.91028982809274
2.45667736036591,1.8917487091354,1.29019338210525,1.59786114907066
1.7588692003207,1.46210595562761,1.031445897877,1.92676875493112
2.55903770172622,2.17533195498968,1.05609636893786,1.6365186864049
2.42816463801877,2.26436029428156,1.05000605690429,1.67934474445122
2.37489783613227,1.83885506694362,1.34340453704251,1.7570961465388
2.54717210467694,1.68853798150943,1.12221343659138,1.64960975112664
2.79886841970398,2.74377896383812,0.936190848669063,1.70035116998516
1.95336453865962,1.62327363905798,0.648294416457319,1.17906854138496
3.07773417284152,1.88964060882057,1.46136228595124,2.22031562865293
2.57061439830442,1.7738748900199,1.30550579431479,2.3313835188351
2.07940201565205,1.95768796457674,0.859969200843027,1.52223890479738
2.0785285070951,2.26705856314687,1.15101583164239,1.86818749645518
2.24601081070418,2.29915782399638,0.991329487274231,1.98163045847226
2.5353351903504,1.93826319276083,1.03789337297045,1.93388175933419
2.16542519360679,2.58806340525033,1.42676474549199,1.42529426849674
2.07221340989719,1.97274799437643,1.15106689492763,1.71822019904802
2.7941900478506,2.16705030877693,1.29264881765023,1.90167114546479
2.77045209259163,1.56962365139056,1.12822495006861,1.39282740980486
2.90285329627657,2.87020380396287,1.18670443178995,2.30019549920431
1.6404778627747,2.15385790840654,1.04048613860931,2.47029938700918
2.36844218426366,1.7574186004687,1.20789607696622,1.22853248121127
1.61843535283149,2.09837290167652,0.929499931252096,1.99807784040816
1.90082805589799,1.92262382388357,1.01040985861901,1.18239490409984
3.39997081262309,1.90886566335101,1.5800768826267,2.47779334143585
2.37555029794641,1.60292412226881,1.4622164734575,1.94473347099221
1.63129403734413,2.71129889620216,0.904598209885805,1.66737016698514
2.36450652846569,1.82413456027615,1.34036740804976,1.49372613189359
2.12323856125269,1.77213803864016,0.838515471090162,1.58757718494366
2.07264287593633,1.68573670094421,0.894973788174977,1.5821506989746
1.30280618416115,1.94242091125326,1.45064162096447,1.9721769802208
3.19482418653586,1.46068221716563,1.34284446537364,1.9703698006888
1.1811000049037,2.10208712403304,0.657031836366574,1.46565173095624
3.48684319774932,2.40139737901393,1.61543462142788,1.92882123006606
1.76220103774456,1.98522720013455,0.877730299712762,1.45821970072718
3.49713595286605,1.97097615370454,1.19508042795679,1.33783081568469
2.61883808565702,1.73929759568422,1.06840841463314,1.87657502249446
2.89457923182408,1.69289638887392,1.02369342647661,2.12543803627009
2.68580813756445,2.24941815449617,1.00933195483032,1.78226774349275
1.7876413619523,2.36349631350006,1.12044861313465,1.48499292296802
1.4053166787038,2.09329822150002,1.06822675318396,1.78830255213612
2.80929759131261,1.65935721804651,1.04067933111496,1.65046934265212
1.55169952312782,2.30985905062496,0.911167948798577,1.62213627842705
2.27222015650232,2.29296222349132,1.00018718682592,1.6854630485353
1.64748596365567,2.21641593546077,0.767388865631969,2.07059684584197
1.84760661410483,1.79064568274626,0.989263818165158,1.73660728589681
2.32994982955974,2.19616209995905,0.838364405731072,1.57743633323319
2.44502282039891,1.87526325371386,0.972989284249058,1.66204571331311
2.09169778116186,2.20716526762265,1.50912280970691,2.21383985653254
2.50302854110919,2.13196708606619,1.01280763087426,1.83624826339502
1.80824511961804,1.56624870423321,1.27747565041815,2.02994128049795
3.53969560158188,1.83038127268139,1.47621094778069,1.567230997401
1.51586794438537,1.92940272314807,1.11015767671982,2.13343190070644
3.51892779365391,1.92118926325329,1.2098409403367,1.38647438200577
2.30329457421535,2.70565290142629,1.06628509901899,2.38879242963472
1.41687662955181,1.85848792544917,1.23150615867027,1.75695972427466
2.9970637001123,2.02142685562358,0.869744896491261,2.00766973435515
2.92957767087715,2.25084668680064,1.00885412390335,1.79722086973651
2.16850056812282,1.62352980996774,1.26193950073144,1.40726958295091
1.97024823174111,2.01157533441011,1.14651994047175,1.39852243623639
3.41955213365729,2.10956569744426,1.30856392562294,1.3589688225218
3.10937431482654,2.24775586490628,1.16118005117782,1.23253219111618
2.19664948263244,2.01844787356098,1.10383080763245,2.07766316770078
2.93197578209333,2.22318845024458,1.3342115132182,1.9507156809636
2.88587030100585,2.18920036718075,1.44887622196477,1.82667296954196
2.59151961252031,2.09798239898781,1.06521973042429,1.64540460583263
2.239717564976,2.27401656566095,1.09226613119588,1.6297506052439
2.73691875562254,2.20523232896269,0.926510363873666,1.8188202822687
2.31533297967232,2.00438323020827,1.11335643089261,1.5863196536451
2.08908807750069,2.75993378471141,0.820396384668812,1.44202638055798
2.99969756252504,1.45626754606941,1.63884146945467,1.99933260902407
2.62942133233036,1.29198538896156,1.41287349662215,2.2081493632855
1.87123926959053,2.05026304484389,1.0372995911588,1.44472166718967
2.48082615939711,1.61891705934305,1.27196272905776,1.73160487595766
1.96609111422618,2.70191814393765,0.697392442070185,2.10389758020148
2.041960232581,1.99506255598658,0.941136033039628,1.97301488008237
2.17813150959616,1.65792446898832,1.12868396822297,1.62071385994826
2.38435398652509,1.56544478900482,0.895926572398837,1.83418554723412
2.20895127406254,1.57313930222315,0.861635594742007,1.84566260973246
1.97662233881829,1.52346026004874,0.949694069855566,1.47735551992254
1.99810913580035,2.4576281925484,1.00387992953629,1.21077598874489
2.45660651778651,1.77027253658122,1.3130824576262,2.58014105815032
2.3152027811957,1.53654166568101,0.698451535903365,2.32677217564872
3.75934569331125,2.53849008510186,1.5734757929953,1.43455729621602
1.37594316674845,2.82898187121289,1.29283024133259,1.8395594220705
1.5780797080857,1.68369431950545,1.18368050339717,1.73681655276219
2.70261424894461,1.94156708923782,1.03139571340334,1.37983614393844
2.50805144758257,1.91538493938624,1.1286688939308,1.43753395709945
2.45280458220533,1.92131183460972,1.22314360614857,2.19656150727578
2.61697193968154,1.88958897530151,1.46737668786087,1.05896769717782
2.96616642007538,2.1221163769594,1.60539487917878,1.18995719417541
1.33383013802629,2.26109581808861,1.04948658999336,2.99895331902683
1.40032731424847,2.4267950623442,0.956070829412806,3.00042186158735
2.37223159221554,1.73345163967052,1.05310953914061,1.64111171581349
2.63739518775627,2.45375801227284,1.19350160570773,1.64922355132933
3.13168506154627,1.9814825586898,1.34576240516503,1.58686900205015
1.75650726702956,2.06749431680438,1.07913654487213,1.89788965432933
1.91768392253299,1.94636898918894,1.21782914357317,1.9531416920945
2.07984551476309,2.26814543649781,0.874251646086862,1.47435941689456
2.4869548185159,1.67538186885765,1.28170303847789,1.77928502208762
1.91332418165105,1.53446020546279,0.955713275654471,2.16688307031127
2.09464992119113,1.74709131565686,0.586120413737194,1.58365260573817
2.02676365502457,1.77383574299708,1.10785552531296,1.89414996579388
2.31942832612423,1.81092178355872,0.896808684832018,1.39726863067825
1.9679573196469,2.26453197079797,1.79770071103732,2.2961656296238
1.92541171009953,2.27988232879522,1.88139267706435,2.73930797908762
2.69264288204777,2.105668402295,0.699261008437567,1.15342740705931
1.96559112631641,1.7908640869355,1.00338223636209,1.8727863595921
2.79468713925064,2.22906894392226,0.866703446011982,1.53702748557872
2.65090620582591,1.99539947137212,0.845128504210513,1.61596296643725
2.34010978029794,1.98273673711021,1.01865641516966,2.09961474796665
2.18683006453022,2.16386981269538,1.04494763681086,1.68883200994204
2.41087220051817,2.14244420752532,0.947879611621119,1.76152117734869
2.20005787192989,1.76806390334886,1.18130010716893,1.61137745280552
2.69971609570193,2.25287381975386,1.36625149171052,2.25134658880996
3.20148224683141,1.89909163934185,1.00802253169604,1.5482680396379
2.75422388420849,1.63951911601457,0.917854514981864,2.03944442941814
1.86804702625895,2.14111410182931,1.09434990436412,1.5558732454037
1.73642580524834,2.54253859165354,0.872940528433361,2.31073596813934
2.97486483835948,2.30737684822001,1.09654917332374,1.58386182959759
2.68929574234952,2.2740933158213,1.06785366855551,1.81121039284322
3.04858687864721,1.93565326221296,0.946764036063658,1.91336805196023
1.86800177041505,2.06184589729694,1.28338937016918,1.56690876973482
2.88644265949037,2.08749547783041,1.49856251869169,1.74416944866554
2.56008531302822,1.77486759149603,1.16114426486518,1.66481704528285
1.94497420976141,1.79119227206055,1.2931865356469,1.37017927826949
2.71827677069756,1.87933614171974,1.53638563780747,1.5438290653906
3.08355643365095,1.96428614541513,1.28027984100354,1.31026286202946
1.81051424236308,1.98067787632874,0.839265647222799,2.26321172138584
1.98947632654088,2.05018190489713,1.20300788716421,1.52740663822244
2.05239795140076,1.75607940238543,1.38387447955228,1.7537286675471
2.23642425369082,2.14909292757723,1.20421488535929,1.8951132613266
2.21973836247269,2.29812951495159,0.761188048895034,1.45116723875912
1.59923346822458,2.27662616786084,0.876524257501312,1.72262965878115
2.18708165204261,1.67455582332927,1.05329068738853,1.67422448016951
2.53182183896775,1.87122413672308,1.07028103823922,2.05280140887683
3.05574717773954,1.5827089747521,1.3654599518232,1.80827722664125
2.1443389821845,2.89663537421254,1.34223458458929,1.9533383670753
2.80713232230192,1.50486529853721,0.862922664107405,1.40889456548506
2.12074231242543,2.72077030867793,1.50058413219029,1.79961125460383
2.0838794060224,2.66359801529344,1.00731063856601,1.55122271930187
2.65500169053232,1.66444086275265,1.14883870832043,1.46266690866025
2.52867477698512,2.11134502838635,1.18040537104773,1.30757759870112
2.30203734747574,2.05897124897387,1.15364324568725,1.34667949580461
2.49449590160236,2.04426603466617,0.903325250146399,2.34544962681706
3.27333327772819,2.407978817792,0.903298886455753,1.84753123401306
2.43669064304189,2.03248190655855,1.18490555859837,1.56468295922733
1.85187505261322,1.73218310751963,0.703061925450974,2.06581292027479
2.75313473506694,1.50593778778287,1.16755865703586,2.17282073061582
2.33799861145453,2.86398562671044,0.929441137103854,1.49533340137437
1.69638731126669,2.52773655125399,1.01941485274353,1.94569336035127
2.42353113821854,1.96442944629609,0.804513932008385,2.00222908512596
1.9613082888187,2.15352643683982,1.1550271243639,1.64231250316797
2.96194194006554,1.56882615377929,1.0698017719157,1.75244083443191
1.56590244170927,2.21631546669614,1.51795971445378,1.91530047353017
2.52132169030739,1.80648916758237,1.30774046782397,1.57252551186587
1.9901899975506,2.1349155600051,1.23273720179294,1.74604040549343
2.13904357192822,1.8313453448456,1.15081468060551,1.7011973148252
2.29885682589117,1.96809308971229,0.985549639559921,1.39844908279833
2.36027325068602,2.12125556931891,1.61360648961619,2.05322699199628
2.24752248575102,1.86585989575426,0.689527207043105,1.73851823018843
3.47720966597609,2.07676884577879,0.996342071249486,1.75777259962867
1.31128236811433,2.65632106286731,1.0155141609623,1.94379872919874
2.07642756242913,2.28856186068805,0.794796257249032,1.74092141468261
2.41329976767046,1.81791404193939,0.908383565838635,1.64403922818058
2.52851102929499,2.12146798641082,0.813462391747258,1.56010723128333
2.29498409292144,2.35532290377619,1.23385262122888,1.77049074406266
2.98991923300993,1.85215885138325,1.32534119409358,1.5725828140839
2.88942859507493,1.65425934728889,1.16804557306415,1.83871162562165
2.01983888169328,2.05474792488278,1.87283068368451,1.71282865436514
1.95517221032938,1.86725794116065,1.86724047206847,1.6115023609868
2.01117585488134,1.42525939006672,1.52455658301641,1.52960577983263
1.9226820351242,1.47585371537811,1.47248683758286,1.61530212836167
2.66913925673855,2.5976771562721,0.88080029469567,1.65891849155294
2.75273359137915,2.55881582452339,0.721023468700502,2.00284357694536
2.22204059334086,2.02456165164995,1.31906204286284,1.25943475816681
2.27553732908192,2.12674412290602,1.47257341376666,2.45311806112995
1.79504230979796,2.04547485534516,1.30434116273768,2.36349526533627
2.03261106742963,1.92925997889851,1.20221437291113,2.08750452428012
2.89047755512127,2.55757305423659,1.09009825786788,1.4019542378259
2.29607865165043,1.75090665044425,1.17520074841367,2.38944087980424
2.32792958320231,1.92862513322656,0.730032557260273,1.94017435104637
2.50445703914314,1.74535243659253,1.54624370708335,1.65115486200459
2.89454446696145,1.74718837153582,1.46439414828409,1.71388201329141
2.57660851763848,1.83959736034732,1.16557250985395,1.69678091622337
2.14885831785001,1.84013191806538,1.12486840763457,1.32035796271417
2.15023528453601,2.23047781122747,1.371647587444,2.51333601609506
2.30942826791809,1.30866549995998,0.799448397378296,1.53261186820756
2.82339884536775,1.49828330598604,0.888556917443946,1.71558115060111
1.8741083175065,2.21114477437792,0.855533194193907,1.36921517984919
1.7756737121659,1.66671755717992,0.849210807132739,2.81462691203572
2.12908205771842,1.4976015930332,1.06678949935202,2.4950002492609
2.18322394166527,1.46795381244621,1.03135535698005,2.52685722553721
1.75239260721748,1.77457177983357,0.749384501897378,2.28450076377983
2.75860313447342,2.20504528436147,1.18521532338072,1.49998200146241
2.13659182822222,2.23664066842827,1.63508142561606,2.11009681678954
2.08067481230489,2.04649635009188,1.16585559650486,2.45916147878389
2.19706085094614,1.80434762042108,1.12429016372222,1.8900166902257
3.26068605463824,1.74287831068038,1.09340524807237,1.37124534830115
1.61776037694264,2.32792597369781,1.2091778613303,1.77075174912428
2.7228327264128,1.55718433786824,1.21590222375328,1.61045178260458
2.26788985403312,2.21310089520386,0.75653288502693,1.99022270941094
2.44622034748221,2.4859494543704,0.975093881597367,1.68390482563426
2.16294734335371,1.47722357472992,0.961309837991802,1.52066377939348
2.06097767162376,1.48606946438774,0.94654982508979,1.54077992339733
2.8019768317418,1.45959270226504,1.1421340195657,1.79845572253383
1.7226307221883,2.28309534361159,0.838301169539902,1.37496607197091
2.16608061956342,2.65391892887191,1.00559709481509,2.2820571383059
1.99356656818022,2.48661462797814,0.809549838042734,2.4453263284427
1.96385923625316,2.02165297022755,1.12092465795572,1.71808898688935
2.15887068493557,1.69398657939712,0.835768492199134,1.72030177516325
1.9055272769864,1.95125250635556,0.883233974302515,1.9026047666356
2.36102829410814,1.48228072573752,1.09837763058101,1.42120836221192
2.4801651517457,1.63428556620292,1.35277361871796,1.58278612211854
2.26557883490122,2.07155722544664,1.25693875584904,1.50148230086724
2.66013440460955,2.25472893178547,0.885456979284918,1.60369147539396
2.33401965312616,1.83639779173085,1.49189944886961,1.83379228850211
2.00292647988644,2.08473682961999,0.954962634177318,1.34396989914551
1.89607482245183,2.17647060630304,0.915434372729597,1.43836140477398
2.65807211785145,1.93248351951724,1.34879912574349,1.64658643180113
2.05148808825123,1.85875300922292,1.25322968001342,1.61123736119084
2.92281818499958,1.62449196049751,1.04188011250889,1.97658184204483
2.22335082434799,2.18115644407595,0.960436146012302,1.37815856701178
1.83710319808832,1.49914112246401,0.973447182161598,1.58152953379815
2.68705838816513,1.89793250551576,1.95651536918677,1.53641105382854
1.93056235862751,1.84022626714546,0.954370697432418,2.1157855727673
1.7936665536997,1.85586240133741,0.961388587653417,1.52430025281872
1.95861711477262,1.95073940555676,1.13707244062351,2.5095439433181
2.77722152607892,1.9931791931947,1.14848038913838,1.46788347274831
2.44562513708395,2.57762968534001,1.34363019258996,2.12815191684456
1.72812294359613,2.5697541232207,1.13444550425749,1.5694468350691
2.7410653712753,1.6231552999359,1.1661532003849,1.67297576088811
2.02503345599597,2.78113107761479,1.04335223109238,1.73015518761513
2.37655834615762,1.54796196193629,1.22243611483299,1.43390463792936
3.11129800681602,2.3682855111473,1.22419239621003,2.10342831899424
3.23503261399228,2.05960592816681,1.44626255766502,1.6060018822479
3.6085258731479,1.89228110047385,2.05366472423599,1.57770636306213
1.31368457610864,1.99336043094999,0.609869714552007,2.20058860959344
1.30179923556395,2.27186846635912,0.716813536741331,1.69680202085791
1.64020974999582,1.94463399626894,0.821732753898988,1.73722838388149
2.01293275175672,1.4193691864982,1.11768176356085,1.13677565796682
1.83036050555761,2.18422978184877,0.897214093531133,2.16040234132966
2.06530445101098,2.26596649440701,1.40927669718442,1.50308874015158
3.24084310600847,2.26350509285269,1.33637108773635,1.6140446555453
3.50725751733571,2.10063024897687,1.03564517474805,1.88452673202862
3.3204005801454,2.25606232664043,1.16092917750796,1.69432494398144
2.21472404617524,1.4173778262133,2.46376190806951,1.55553072446647
2.86222158953539,2.32901991481036,0.993554816297932,1.50844162962342
2.7361445928111,2.17182237235469,0.843499064906614,1.38010308053709
2.77520515683096,2.01199303872846,1.08015520876396,1.77653850649814
2.78648983489596,1.42726692764046,1.20801117087004,1.72251375217552
1.37189808252917,2.25277728852129,1.04091624184283,1.92121256780006
2.35619490969125,1.67584911243362,0.997877008822697,1.59289794829964
2.38023613637865,1.66851673225967,1.00197907319941,1.56583106153683
2.46422852057494,1.44648098918996,0.95350713118653,1.68814002684052
2.51130289213496,1.63577868837542,1.1682052324351,1.88956750649742
1.97416946576609,2.04689232882722,1.12778659593197,2.14777022184303
2.04869854387211,1.82311621126237,1.38285620642584,1.36342175672766
2.58460776936859,2.15548006430286,0.950291707726657,2.34435536863776
1.86005233135992,2.05556006985208,0.778174789407783,1.99624374282818
1.64883077528697,2.40111766188694,0.795269230603698,2.12972237926056
2.24400079943563,1.62896842008263,1.22069558127335,1.32836799791415
2.08632716312683,1.97507770733895,1.09823996591355,1.23759929185427
2.96685344766209,2.22486582151855,1.66553335853165,2.45916120169452
2.55569216829614,1.7862247389264,2.43462864011658,2.01656336491738
2.02449266015405,1.87935977545115,2.45675239099386,1.41414157459598
2.31510145352922,1.65195570917325,0.753501562572299,2.0430011466795
2.82618300855112,1.83546858824023,1.15012733749894,1.49578400665441
2.51947534006794,1.86649379488544,0.880185385440657,1.68086272584909
1.59140625733149,1.69084994888805,1.06709081133148,1.75340511414418
2.16793691692241,2.3195399440326,1.16053787970245,2.01467812837362
2.15129665616112,1.69974978755577,1.01928649160944,1.31759507226282
2.35702725164823,2.04809209202574,1.66866763655476,1.83277204109964
1.90076490403901,2.20831955531141,0.841322656473034,1.91969567715541
2.87888677979897,2.05816579225416,1.4523174991511,1.76926731083012
2.45487404903031,1.52469280861446,1.00756035208377,0.858746034753953
2.33265711909397,1.77276708351162,1.25234598128465,3.31051613644402
2.18441108255063,1.90452522358366,1.04804232745213,1.07753010488541
2.40941728184067,2.2910458088375,1.6415418626215,2.70352250888533
2.33020455211071,2.17551228629462,0.736028923705204,1.0329451152986
2.2842530892873,1.7351009762,1.26896075043822,1.56178458017058
2.48054769069486,1.98952083736899,1.43245605861224,2.05697552271714
3.41587983596251,1.87875441799283,1.87705683222215,1.8907348406728
2.02970106232643,2.10270791240566,0.914248529533515,1.62015804947175
2.99646958894172,1.86405546743288,1.17429686792773,1.78107262786195
3.24203574199784,1.89136183613327,1.37545786417048,1.86836648523268
2.38121933449814,1.91544291931524,0.983503651015109,1.49247084623883
1.58890971848029,1.87086777015614,1.06734388856183,1.52223901087431
1.44961255778901,1.95223713369429,0.945246738630058,1.58838728538052
2.36959965424711,2.08596391807757,1.1425556085828,1.93575264346635
2.42899482715676,2.05123924052024,1.36164076113198,1.86504031406928
2.64973900511915,2.30212750869914,1.05668967002202,1.74357260846834
1.8144335445317,1.78110598623422,0.921119318650439,1.459470506418
2.76656841293595,1.84954953845236,1.56365252553253,2.04002395320284
2.73545435143515,1.82565559741185,1.51582796880808,2.11179671396967
2.06617401033576,2.50771451229572,1.08199130845345,1.46837295157795
1.93956257937246,2.04557709099557,1.34919329056864,1.37647570513338
2.59851205124244,2.27233942019654,0.901187142406822,1.91744193812737
1.86029610332175,2.58240713870633,1.54078424847708,1.44372344453894
2.02317337176094,1.32311376398298,1.47208982669106,1.50189683501703
1.79349182482355,2.40621384278205,0.962609984495183,2.10055902757375
2.9469184625903,1.76015791280051,1.70532376252144,1.29128966183518
2.88734071795215,1.223859491498,1.14457980753944,1.59547160675873
1.83890469546348,3.07099957863494,1.1655427298354,2.06133983625048
2.39249505187149,2.52390092392395,1.0028349983413,1.36176688455122
2.33794014830094,2.04052359329982,1.31074288221437,2.01775604904489
2.55385720807529,2.28781304611585,1.0532068258391,1.45019874003696
1.96016069223758,2.01507621848892,1.31173403060462,1.90002171939811
2.13821012348638,1.51109811306527,1.08798620152999,1.5641556851486
1.79612004657114,2.62766167799406,0.830992618483841,1.68787015522669
2.1788390557728,1.9255257437314,1.62673218642659,2.08235172506278
2.20031462208022,2.11788517377523,0.955029453202762,1.69293734218714
1.93302857857208,2.23851732147427,1.4521929580628,1.78063231630324
2.48291064208067,1.64863427458335,0.735555634330652,1.81053892953798
2.53630598025239,2.14249360782976,0.955038105736766,1.53550976833819
2.6291364987131,2.07507900231178,1.13582093554222,1.98215233399532
2.45874897305191,2.12509600754959,1.22248396051336,2.09693163517295
2.03547654005845,1.9347893749846,1.83474043863114,1.96157784592697
2.55270806547649,2.05638823498368,1.45663143345976,2.08200489827773
2.88858597403822,2.23806084322272,1.80320858012397,1.5370620965036
1.96407445087663,2.22919875309452,1.10516580992423,1.91837673046724
2.22105438809453,2.24642610696749,1.04890299027051,2.37145555779801
2.50533006416794,1.67877632066589,0.835804885601238,1.45197667268374
2.36739998150936,2.06567859864735,1.51779292717009,1.79481575871166
2.95726324412387,1.66193355463868,1.56630253934141,1.59568098259796
2.06274905353603,2.63529201379849,1.6715440634929,1.47684904376469
2.33758338463137,2.20599452361931,0.958621409978134,1.95343965623749
2.051662183376,1.99352557217584,1.19396549437741,2.12409255488983
2.13279416730514,1.59930596427912,1.70102914516423,1.71443085488943
3.32917650219986,2.15330324632294,1.25526141800584,1.69031836235552
2.6775836383666,1.37089218216002,0.923520713535175,1.29885815087853
2.09294016537036,2.19791452723281,1.21577018242297,1.8039127421906
2.55152170856242,1.81118495118193,0.848018868629672,1.28550348122934
2.16583743116209,1.83847658936778,0.865515551029614,1.30375030543725
1.49847620290613,2.07675089976494,2.36670644922061,1.6299674564116
2.5481283150749,1.65883597493072,0.578791496636615,1.69614171232193
2.20826098800029,1.67470382581702,1.08110243797637,1.50650570579687
1.72778508717629,2.45140854580102,0.88056479849423,1.68586389655348
3.32721348027882,1.68916969303588,1.317480102372,1.61341285896269
1.82236739529644,2.32027176247467,0.866122743619029,1.92178283511888
1.90546312955658,2.06185724975995,0.963386942685961,2.17657765353327
2.01675241575242,1.77481044061394,0.934452152809445,1.73873124943877
2.23165888031708,2.78696767470944,0.795458593005741,2.23020856939485
3.02317047721066,1.39430453367707,1.34119141913466,1.25472144762433
4.04127976579396,1.4082603448358,1.54604360526713,2.31268496854663
3.43961187927016,1.59054212792507,1.61413706830487,1.81370189505533
3.94066129572721,1.59108192808788,2.10383495605157,2.13537320891083
3.61546280600567,1.77085284397941,1.29600614253373,1.6253879870946
1.47480898870271,2.17750613235187,0.752727269334538,2.00249534076242
2.23495794268762,2.14414541190246,0.855418773227657,1.63677229778208
1.99440944042485,1.86133676485702,0.864334151014034,1.9237245144932
2.28275969425522,2.26066240231497,1.02952110351932,2.61429149923833
2.16856739337225,2.53244805194571,1.07425533786987,2.27284744338431
2.03417982802603,2.22582093735582,1.29866148568571,2.25765824418441
2.14117153487871,1.72946199999082,0.770124067189668,1.23384856256945
2.34898874004777,2.05320741103992,1.69444115401718,2.18974320169002
2.51534343591748,1.46088160335286,2.48132395112808,2.05801470392732
2.10219892152448,2.27483471534755,1.00039797520759,1.21915914848007
2.70766110402745,1.77258826958882,1.50303482748552,2.60265116648502
1.60566374711321,2.40324632407517,0.91779755436831,1.07222733129367
2.06705740043084,1.69391879769919,1.20610506859709,2.02196571668628
2.03092430372091,1.64424319740383,1.04662882563812,2.1105263747846
2.10181480279517,2.4873240032367,1.13843029965751,1.6793051631659
2.22402825872251,1.94038617200179,0.836262145052852,1.47011105790958
2.29490401564511,1.85513899523354,1.74908518837352,1.91589103093462
2.50824878991925,1.63261939978581,1.75390319319883,1.76909889039517
2.97998892311957,1.66384417848529,1.33718960489557,1.39631599485541
1.85383416981419,2.05195317817281,1.10479663113698,2.06965261501526
2.21132928535351,1.97425929495,1.30269286435455,2.17023856635445
2.14796522822461,1.85993946596259,0.949501643841166,2.14748798242721
1.86808181366542,2.03703598586495,0.954024316206121,1.63557776977726
2.20260524709528,1.78015051163753,1.17078819192953,2.01142038793127
2.22608798841428,2.4014126609912,1.26729139329281,1.36111070484573
1.79355778479973,2.72101397200776,0.787822709582476,1.76539353060502
2.14903004281318,2.39512507749535,0.973761628696563,2.1035206657285
1.87803329959517,2.39131415015463,0.829200313589615,2.28777605543648
1.82561579332584,2.03387702971699,1.03299768745034,2.09284535124427
2.16236774788764,1.80642461927211,1.17045103061323,1.91015887068809
2.06170709137798,1.47435972997955,1.84603386991639,1.89841247850361
2.24642990636547,1.64728857909438,1.5478722908316,2.10670349305032
2.50293204358207,1.44567794580531,1.47957522588376,1.65584681069475
1.55483554627262,1.60182673036217,1.32395015785143,1.39281066650784
4.28580606921581,2.33427845995019,1.15178824093192,2.12442356475174
1.77373018294606,1.6218407105898,1.59272139971785,1.42488817053121
2.36466042761805,2.34486444732517,0.887149736213008,1.69587708651495
2.77432617226754,2.49846938827418,0.877306793973658,1.25873271980576
1.72334850429229,2.48423750112714,1.19242658798236,2.006510415001
3.09499212620142,2.42428177954331,1.07529918328025,1.43558288202449
2.70963460822078,2.20691916710482,1.28349945115948,1.63318247714502
2.41635198407534,1.81945017131802,0.922194559446034,1.62743848724312
2.24014589145155,2.26154773613002,1.42842232008848,1.92188177946493
1.95897380233365,2.16877022106482,0.974314751499971,1.62322057435941
2.55586453046033,1.93587116169691,1.37892719459553,1.79423194338317
2.85940688071444,1.54546924229454,0.945902164452625,1.69922812804167
1.67066645756203,1.99329976442511,1.39254786455459,2.24531656071288
1.89245134420811,2.11965026648388,1.34219996011292,1.53521660434812
1.65070533747255,2.01931177333978,1.42969951955164,1.92694273907352
2.11401372689055,2.08632888957267,1.57180733731827,2.02093538995319
1.70603200535105,1.6584019227753,0.837504492092844,1.58095842701407
2.43685469861818,2.26948031060251,1.5764176195591,1.56393091720331
1.7077618090065,1.76876909402785,0.906211268226093,2.27935288153491
2.48302763842202,1.60945033158092,1.05390332936393,1.76670736048519
2.777471258094,2.16798681939089,0.976821145386781,1.62193419880823
1.74733850199259,1.83028038560407,1.03383256347208,1.4159518919968
1.94344742675438,1.93640780951735,1.16266780307863,1.90225545738124
2.39001242399752,2.17640262023533,1.33539122137569,1.67067648794373
1.91661584456445,2.14003059164106,0.810397861539985,1.77348008406634
2.06325958305555,2.27995574306057,1.58283746656185,1.42114984063312
2.06222932038847,2.63252538507463,1.59586696719626,1.41357319979501
2.98554883943161,2.71582244619922,1.37130129318689,1.27232127846747
3.17780092722627,1.84626094802702,1.21435805885863,1.35427928274317
1.91920574121826,1.93122076939384,0.846602747737776,1.72123677645656
3.02432106323403,1.93722784795125,2.0040072981204,1.34672558232574
1.71363489981032,2.11399810313027,0.903355717662393,2.49262916499944
2.42374600182974,1.69953431482529,1.76110089537109,1.16241031615145
2.37868400483243,1.46010654322239,1.89773452384282,1.14040041035022
2.95942081587528,1.67184881869958,1.24570581092906,1.86319241755471
2.36652775250621,1.91469258369122,1.19351643722348,1.6967729620964
2.48133231410468,1.85804081154863,1.19954458764797,1.63508355666216
2.63324538348854,1.99041276057517,1.13705242634752,1.51832505782128
2.47105105676764,2.49344805517684,0.97405101951855,1.43146647255348
2.45112605131653,1.41689207031899,1.33523651761298,1.87822824094991
1.86970072729764,2.80144619909242,1.40154056024819,1.27379182137135
2.24202238510194,2.65912398709942,0.889564981485078,2.18310828681914
3.55880006230169,2.01149348426113,1.78251279736389,1.07953662954641
1.83594523712114,2.25793563693263,0.628954918157848,2.49852617639363
1.60003643566655,2.47985082010397,0.562194235985753,2.2892242507828
2.15967055999899,1.9381215116196,1.40893189671873,1.90250486402908
2.70293521878939,2.45805729853187,1.87775183383418,1.58254153319887
2.48915102580054,2.40909590157971,1.45752122429417,1.71083581592392
2.19149456176795,2.06287808663547,1.2560675639716,1.59423438249852
1.91551529309635,2.57514653206102,0.913261248951288,1.73410121479271
2.04805683858446,1.90247512708918,1.17285303710923,2.20879205393268
2.62966810942465,1.82706989635924,1.61614793234262,1.61473320454073
2.77518107505174,1.90454348913393,1.39014509135897,1.31978639943213
2.59705070919014,2.00640707520477,1.37152078708762,1.39746908666647
2.56628692011285,2.39311556501477,1.08811550756253,1.97078239338214
1.80952866518219,1.99509605158545,0.900243148496633,1.38686207962089
2.8816937989043,1.48731326036237,1.35408125372529,2.10938940490087
3.72289657391342,1.86731378886928,1.45067860341549,2.0940102829958
1.63455080314178,1.62538732597418,1.12230413164129,2.31273984359335
2.23761424861145,2.54316403533204,1.1023501848137,2.16090634088902
2.38317022533705,1.91412985952781,1.15542466266323,1.54376095769601
1.77823743432435,2.13565042458091,1.27312109273989,1.75670664857378
2.50355085711273,2.13795271675737,0.993711911416992,1.43413402020302
2.11413274590344,2.00746651154182,1.17416687859719,1.56973118486545
2.52138871424794,1.753711313786,0.880920601188442,1.50709477863499
2.114341403381,2.10294990004492,1.34534995232514,1.6813078455208
2.52903284082515,2.31259225010948,1.05206366024567,1.77236318409643
2.51616043241948,1.57814418037146,1.02712081485339,1.59818712586611
1.81858926598425,2.50671691732691,1.33613356912344,1.83940682676622
2.61848752125938,2.49280628552872,1.26168764942631,1.48947391960156
2.60795280311966,2.49513446839648,1.27235174781973,1.5136090086434
1.55260147573181,1.63901997972999,0.716691537145427,1.77584962585648
2.02192100267246,1.85999246309094,1.62577245277686,1.68309427695536
2.17607758334982,2.29730528070087,0.807783489028389,1.72490911996015
2.42599740536909,1.69115942617364,0.631497142367778,1.97715739943831
1.7886185466805,1.49280218339954,1.78358350147939,2.25103410123064
2.84689482995207,3.26809450663937,1.05713780832677,1.27780815886688
3.03856440650366,3.39898727870389,1.23124456058753,1.32571819031844
2.35169655321521,3.63125583657934,1.08221029318817,1.04138489789905
2.23077813472565,2.47340819258697,1.33127813632609,1.28748991285751
3.00694328153137,2.31371474290325,1.66281750910297,1.8853198056308
2.08554888691325,2.1942308460935,1.09528036162375,1.30457239497712
2.25523773094913,2.31951901064952,0.853291883282935,1.80361672005071
2.01791315335417,2.70395441012652,0.766211632268357,2.08966295786001
1.87028489849645,2.27149717260756,0.590667602327872,2.02191919037444
2.48223470541481,1.62850450295514,2.00605791825038,1.24407501789687
3.05811427321733,1.67318071535615,2.47555238851465,1.55132391956573
2.61355715197617,1.69953028136928,2.53149042533969,1.52683772419056
3.05231177127277,1.60027907009911,1.97703287278943,2.15446918239987
2.39590023551273,1.73126838606544,1.22601479959004,1.67338675560975
2.54677218532362,2.2216258810281,1.55341091882189,1.61695018772062
1.92760659119593,2.14488886198642,1.39197050020793,1.89959539612941
1.87609937811486,1.71386761951564,1.44769302949737,1.54421537737527
2.07028843230668,2.36248152193602,0.682862610656681,1.91765435875016
1.43531327969916,1.61688355666411,1.10194705198597,1.69060535395418
2.15421329331658,2.35564436593735,1.28974854513187,1.96448144140117
1.75418494870336,2.18689523903481,1.27001179730302,1.5864905432391
2.30019066491078,1.57950202572149,0.962451775610372,1.52620336097919
1.98924211887793,1.95046454810069,1.30697591105906,1.6178169761961
1.74438099633173,2.14335737015878,1.16792547027827,1.7637099674625
2.14210458014532,1.81972104160807,0.711858832123924,1.67531316383876
2.58396713950548,1.72676957168278,0.904217091189568,1.85945833021262
1.6638269213876,2.75680146382601,1.26821203141328,1.59903441548595
2.42905501619759,1.95894814532229,0.945316003638319,1.48127554181119
2.29276162512542,1.84626795581095,1.01202801171142,1.5431511763877
2.16882560129773,1.98154380790335,1.33160300005999,1.83254564073252
2.47619069720509,2.55790544948926,0.993420759563433,1.94653334723806
2.90493527938151,2.00599074588874,1.67668888722386,1.76831916574017
2.18962736898961,1.98637074559918,0.926603410847306,1.5511185872458
2.28072567657357,2.48129536875248,0.896048643540057,1.33580299581859
2.61992193719583,2.31767102393837,0.986277891476596,1.62182869594708
2.97784949687833,2.03994780583833,1.01504638468024,1.37046527121577
3.07167967268776,2.28528902869468,1.03744684412251,1.33793893646334
1.82917579196852,1.75990272728479,1.29650523666115,2.09602179256878
2.45633949456448,2.26704109073648,0.959392302749096,1.56160532900071
2.74684626274793,2.46405754269015,0.985821490130014,1.5083523777776
1.81559485264192,2.01295499862536,1.79533491754282,1.99279529642779
2.78655855635765,1.92441955491699,1.08360471733122,1.61867477936245
2.332852486345,2.02232540723896,1.19556080536805,1.34520218574544
1.96347069746144,2.15722899064458,1.65183044066953,1.46210199741481
1.93898531732698,2.3751627471268,1.11391801803521,1.60171926941902
2.16286184021301,1.46750827115268,0.875143617356,2.11993615690326
2.21180272702074,1.49995953836192,0.816433406163812,2.63778812870221
2.08912028013628,1.99750037724508,1.30920819862738,1.27291375334797
1.95629792903782,2.44217334930154,1.06028357157969,1.38776899171605
2.0587500575366,2.57288678273749,1.16161461695069,1.4377942605389
1.78134038955871,2.51659525874221,1.30745163464702,1.35365822011301
3.18886686989088,2.44227449485728,1.26730419901105,1.58845380685831
2.35776464254434,1.99509782109969,1.51791992482799,1.50043666890825
2.968539431734,2.04771721449249,1.65377448629002,1.41367841263388
2.95768468040664,1.73596031774764,1.95677226901917,1.36023328133675
2.9313460883465,1.83509540065015,0.738394362993632,1.63051220261789
2.4443893702883,1.62994856730121,0.881949672614125,1.54451388626522
1.94161106752625,2.46879192076114,1.76861357309962,2.25226500919784
1.7737990905181,1.38577174675769,0.855570952900262,1.47922864792664
2.39921969929387,3.00693061705007,1.06086294404987,2.09976116679979
1.68655521609521,1.57607885137416,1.11565402643755,1.55927881200892
2.77577988114934,2.52679623711315,1.02240013936828,2.17943775457786
1.70895864809739,1.95754610958568,1.01551440855165,2.03331782774021
2.47061009630674,2.11013387729542,1.16304217098442,1.30141831486697
2.44584722053658,2.11619963457775,1.23367506568743,1.26233466846141
2.27594627847717,1.8908860324576,1.01579396854038,1.25107256750218
2.25707650456907,1.75640712803815,1.03015518855066,1.18712796524208
2.42062631434073,1.93300593582289,1.184718940409,1.74500160807315
2.5507728835599,2.23397451599837,1.36971424095667,1.39920425314143
2.55329102883968,2.24700561594361,1.35838939966262,1.39730632995632
1.80268404808645,2.08448207616347,1.07584843843569,1.83143769626107
2.54465008164612,2.18096677678256,1.0074509694502,1.87230266354531
2.55512968863531,1.77132665925918,1.41125112748739,1.77258229641293
2.37518544776949,2.95743219776653,1.01398570499853,1.75577405755318
2.30053066427536,1.42311733572642,1.4623563953162,1.6530478434392
3.29845294866528,1.56435563641708,1.54818344457116,1.93515887012989
2.07961848049436,2.2988162133069,1.56126220216408,1.86730809866257
2.85589306318598,1.94978044677195,1.9107939498241,1.93792225023647
2.76140285487739,1.77667481338724,1.21334161214465,2.090885715415
1.95752869916255,1.85014040766305,1.08309955194838,1.36601314070882
2.38854177003562,1.93672285320363,1.20245387189784,1.57656437396811
2.58142247073886,1.94660396996557,1.20004821900147,1.50550805124085
1.97931425889464,1.960770400224,1.20274477965449,1.61883702907068
3.17564527938369,1.88131358569209,1.19351341256497,1.64556617902609
2.8601943213231,1.75191567091645,1.24608473171119,1.82662137991816
2.52380770576822,2.33489544692324,1.07665446847462,2.3706546737386
1.65049714998659,1.69405212107732,0.837485534899325,1.60829003848085
1.97498413481158,2.31091969050533,0.925464221299876,2.23332048538232
2.72135696886839,2.08037814756603,1.16196625442921,1.22481751026675
1.72335713876568,2.1818448063531,1.34759495774993,2.4148981551748
1.50037261208644,2.22370799904965,1.44297033419622,2.41068849551855
1.78577069081564,2.0420940648524,1.56776119376936,2.58639004640923
1.79732621078431,2.09305406580783,1.57825520566712,2.85983401620447
1.95321300709777,1.98661620542901,1.33735454398868,2.32101542922174
2.04055477210095,1.50098519301796,1.17766578486501,2.36826527556824
2.37344359826951,2.05844104365119,0.839363905695329,2.0410841771007
1.9411924494781,1.90724340101762,1.11398514317303,1.20058907321808
1.96955773732792,2.23120452754247,1.06888990433412,1.79429512733921
2.84682843259581,2.04798658314208,0.961072733320317,1.46450366231574
2.20823736007235,2.29312731963891,1.28221848220852,1.54501627826582
1.93488692099528,2.18768997022314,1.39187337391632,1.55487976972544
3.05947771631361,2.37370635962635,1.64308678047071,1.56240739870129
2.09280137269127,1.29232263035131,1.08570742004017,2.58127902053798
2.15107295698791,2.25256697285009,0.960670571951969,1.09865399784579
1.96893009795484,1.98110988672304,0.852431809688212,1.05153207388016
1.84865710872904,2.27984249161572,1.31576570666902,1.90622213134298
2.0322666964943,2.3337614518139,1.12934812554673,1.2635300608012
3.14727646945709,1.81775056814094,1.09342897740319,2.21804853211739
2.98783532869593,1.95252459506097,1.25577838114705,2.19996590842603
2.73730260587919,2.13667110637008,1.79583793955625,1.98505291576022
2.74655695188338,2.0634035603485,1.23133822652256,1.458074710193
1.77361261433612,2.21982498510074,1.58667700473763,2.24572086994652
3.14374814135314,1.79253755386621,0.865865030832755,1.45030907841721
3.31484007102798,1.83237748368837,0.852200819973279,1.50362823013163
3.28624725466872,2.37741683350005,0.727037908564448,2.16686178061326
1.89705248383277,1.91746265239303,1.17108991662333,1.42249414050772
2.40632267049608,2.11792987086955,1.5202589793718,1.60664009539346
1.83848298580206,1.53695789174702,0.81377735760436,1.69047895861756
2.1756685233431,1.56388252102624,1.04557121211757,2.31727919890765
2.04276390706654,2.34121603769788,0.794057687822235,1.32651708570811
2.01616611292414,2.15042914777897,0.770593003835354,1.26433878026959
4.17912578111976,1.62177532902978,1.55250718024537,2.00243013791127
3.34617941508477,1.93073450987736,1.22552795937648,1.64138646872276
2.64810596455424,2.28577985808952,1.20092018557517,1.58709597915406
2.74017350201831,1.73032367451047,0.990192307634497,1.8123666894083
2.03359853038422,2.64794765839457,1.15354376687127,1.7911896869722
3.42765398169065,1.72901928927897,1.10429701384325,1.59115965732277
3.55437100404267,1.61454257316354,0.960988029512452,1.71130597075665
1.25948937179461,1.71967517070882,1.21279652948738,1.83043479216808
2.86261105448146,2.03462843234325,1.10688198499265,1.47976573238583
1.60737280733315,2.01201953378894,1.15792623703058,1.83553588209966
2.22417943453598,1.92248664923517,0.956634441603671,2.44930434167434
2.04475882026701,2.16443483500848,0.994787498770944,2.1191714798285
1.89474954586453,1.63408119357636,1.38798177664298,2.42368913750402
3.34963057682833,3.15451513502766,1.08178579104619,1.13163852888729
2.41170394007077,1.95506484217443,1.49587796999365,2.00330950120473
2.67744593190835,1.80074020687814,0.830012566038394,1.47975391623281
1.59738082026734,1.6998523932449,0.839336725758804,1.40027490721521
3.01676387115243,1.84952616890994,0.844960883574012,1.10849297743658
3.18551743485466,1.69719669002401,1.06897154466583,1.53417540821927
1.62105339399875,2.02747870244754,0.881812352797192,2.09764351615739
1.5434988856343,2.31312185550267,1.00131333243714,1.76969887810582
1.96696250826695,1.99833790202172,0.888916804544875,1.20553334747523
2.10942837512842,2.09485537921396,1.18567408075495,2.21835723248624
1.66186133259673,1.89677448086497,0.602572100196604,1.46801869730374
1.58602378173501,1.88536388434749,0.601244361095267,1.41061489760627
2.92615951668091,2.69063373432546,1.25056987407043,2.01731393494646
2.13147171445352,1.67480609198378,0.92312559047581,1.38469434875466
1.56928110700021,2.49593896681879,0.710298577783934,2.20829762427429
2.89837076506819,1.66784474483466,1.51948993722302,1.30964761580794
2.49679806729155,2.33290954369632,1.02893715575914,1.56428684424846
1.72624214295936,2.21544463325557,1.03951455277403,1.48750212772583
1.98166458782552,2.23960141736459,0.688618429169109,2.17897387353642
1.94231232796457,1.73869576237517,1.08939000428266,1.32360905317404
1.79763881591754,1.90606961138678,1.08237939477196,1.57422596962891
2.49237953446411,1.81487430396032,1.50298182193303,1.71785659328156
2.6349632140325,2.39993754439467,1.2555679077456,1.74730311259223
1.52292295557582,2.09386453985858,0.96745330444933,1.38336634668899
3.49185856004502,1.83828701527739,1.40038001300089,1.93799402639416
1.61442185108409,2.19115208020874,1.10715866299565,1.65172206838842
3.48888985948823,2.16547254876191,1.07273732777468,1.65514430094022
1.98839356844286,1.85612676141778,1.90014255697334,1.92900378426816
1.85355233998334,1.56718267452117,1.29986938478512,2.04584194343794
3.49586079412484,2.18723429048253,0.979369068431145,1.80472126705276
1.75873328946707,1.56339814024312,0.789137080351546,1.56054000883706
2.43852633765592,2.18304145845483,1.35946583404565,2.12966479287552
2.21682405350494,2.2644893490733,1.18082698002342,2.07340905213031
2.60989697365107,2.23170718641998,1.45890352487556,1.45053342054957
2.4636900857306,2.1839610259471,1.78630901468837,1.58125893617217
2.37563212319825,2.06228585298486,0.797497517258282,1.91723223289915
2.15635953506196,1.68265251188508,0.934314259500265,1.43259401825525
2.18669263842066,2.43356407589768,1.23615203161359,1.65688704319767
2.31507320931636,1.58049819542654,1.16156706545399,1.78011382193906
1.83639370164292,2.20916869268842,1.42771837001053,1.75564106141221
2.24055296856117,1.78011717362867,0.844350091234575,1.82298861916721
1.94956803337149,1.99357901421488,1.26792075119858,1.71718115296843
1.96577562073348,1.95644176281804,1.18590548170549,1.5408645660472
1.56163756557813,2.10379695039647,1.06074020299908,1.68379712229249
3.10418090748718,1.83247818854584,1.26543247417832,1.59938711773515
2.56131186954104,1.81922102330937,2.37502061622577,1.69803536590797
3.17960531949193,2.43091646396952,0.576616960973342,1.36034991994169
1.45660473423761,1.96566327206597,2.02190759108592,2.08783611006723
2.88129847210942,2.02242343612461,1.09754659297657,1.03385734793507
3.01986576940315,1.98153921858053,1.06353087427587,1.01537718791776
2.33093693518074,1.68449748342884,1.10438822422787,1.27422853683611
2.21611626125497,1.71694535897851,1.0621402620688,1.44683298740343
2.58931654822984,1.84912875654207,0.683832878275263,1.60480885413367
2.10934521452275,1.81672625342492,1.0227042829354,1.34687516155735
2.36720914004931,2.67225570767284,0.804179112963483,1.94811808188169
2.3843223394494,1.42608607329066,1.2578653116534,1.52321652323876
2.50079915736558,2.11055400335407,0.911071400831762,1.29824192133776
2.02397570113692,1.98795346717577,0.935119913164739,1.57417775174237
1.67870401093837,1.84973673518241,1.06147978401903,1.74339363790781
1.56383034748578,1.85242541694794,1.22249030943718,1.4196935265993
2.58789143997452,1.70866220350371,1.06186623620592,1.9061084667941
1.91908811151682,2.1684869204279,1.12715923802489,2.05208336067906
2.25538627559368,1.83805721946265,1.14112003912555,1.5353879031911
1.85669229627864,2.24031447736323,0.919381966778651,1.75893879578101
2.20672702894749,1.76286089447922,0.997664850779209,1.92714009819117
2.05022536616869,1.76586688711233,0.679173827383046,1.70152447134535
2.62583717332469,1.53084058696633,0.743801191210752,1.53515041955528
1.80347610931395,2.16566911770446,0.90766537060712,1.74311098758729
2.58508631371423,3.02819280800546,0.878511584217034,1.59968538081806
3.03618502026488,1.7715430362817,0.966488906679981,1.44189775999235
3.25374646635811,1.79646418199359,1.28916531789697,1.44322298797027
3.13984773685756,2.19929384577544,1.32534600293975,1.3193287770538
2.48463812588302,2.55390673309609,1.7916345901116,1.2083489726546
1.84799491139583,1.64512641157583,0.637906140352079,2.70154172789602
2.00346342658716,1.94822767670318,1.73154293740677,1.5389833230537
1.74495435786176,1.91186630117947,0.894960055285313,1.58940309455043
2.86918274638376,2.04983694724903,1.10308137662772,1.90578032176177
1.95349101854917,1.80873245998819,0.876125063958043,1.4591336855133
1.84526120983165,1.96393029687466,1.14222333713789,2.25460573782799
2.73779481411501,2.45092249649072,1.07334115204116,1.14111734919016
1.57679398854097,1.57787231341221,1.33121134613726,2.48394216764054
2.81357152310275,2.12659667134775,1.26174366231586,1.65329563246706
2.72731683449289,2.45414095624202,1.24227276666019,1.39245110308645
1.98724992135293,1.55343365465354,1.13634690106623,1.9373102427206
2.02386146474635,1.93420470515701,0.753550667623569,1.83096509895304
1.59395908260225,2.3425135067958,0.919123734212593,1.60790078675314
1.69540950342937,2.24066678240478,1.13865089544961,1.71465128318498
1.69363162069313,1.53331687886253,1.0711196978683,1.32573536574903
2.33568782510191,2.30430584256118,1.05635139642813,1.88950251243609
2.40201361753165,2.26281135928953,0.991064796941315,1.58408613962983
2.72746647231217,2.38579157430993,1.00497159862632,2.10230637410414
1.75036077310816,1.97723651129106,1.06399594917465,1.63079725736678
1.77623146104804,2.20492898256231,1.42999252029368,1.76191045084364
2.61314808118952,1.73276439024694,0.687202406234055,1.68329611793754
1.93059340965285,1.98169490815459,0.871759859714376,1.69812941189782
1.52847810511535,2.30717818785281,0.915118279947346,1.67248519475478
2.08478601750619,2.0693117006631,1.1652539841868,1.84447573169792
3.16849555625835,2.24460881283895,0.871730627645406,1.74968127449525
3.30462134617265,2.17338659651148,0.981706645019347,1.41277400667816
2.10938551861737,1.46233168409466,1.46291921822484,1.91844264033237
2.11696582723397,1.50833957190128,1.46988910566609,1.74896907016481
2.62118047386025,1.47444644718075,1.30839006475336,1.44509052337769
2.59764861573689,1.3579997884841,1.38923538055711,1.4171365570884
1.8701918038734,2.38999861244398,0.64243767094631,2.0332588766741
1.66359724661167,2.75390226759691,1.16687098521286,1.93234914326145
3.36132293975189,2.06191216081323,0.671959473618757,1.89875081807646
3.26298854644331,2.22648889845649,0.726598831953194,1.7491030436761
2.11031833293229,1.7043271639873,1.58880337352831,1.54065051258164
2.63841681016685,1.87651084482156,1.00965791426387,2.02193269327036
1.29451187275236,1.93229654964262,0.753584429827438,1.40552075952846
2.21546885377156,1.85392906181524,0.970799880091624,1.32833636133277
2.58798134217228,2.01937106277067,1.2238192529062,1.63978312183963
2.7854296821826,2.64408406709186,0.881918010094323,2.06240310456403
1.80194360275481,1.81822889093151,1.58215995896665,1.56058900156977
2.15013580514991,1.52666696551834,0.814005135562446,1.59745023021028
1.66576390745994,1.95145770779663,0.88426151530193,1.84911785204859
2.90094752241625,1.63667036438763,1.48573390487693,1.40396448007545
2.16193006322363,1.92502470494693,0.991271986433431,1.89997026531954
1.96530758843057,1.44496659595267,1.08067900309414,1.98154785950715
1.98677589381501,2.07448410696328,1.02695022116008,1.57286733063281
3.0615382358373,1.745167607303,0.924379995468913,2.40883537162959
2.35637708276835,1.70582794003251,1.019611108115,2.1448635510705
2.33069629877317,1.68097991304179,1.05595907394713,2.19046813658833
2.19536218592789,2.50386415319046,1.14349238270599,1.40302722808462
2.41725836439701,1.48879924790927,1.37597739532745,2.343622739973
3.40682511036347,1.81980057350771,1.35617050322541,1.07012267987381
1.78329876537861,1.73041488676006,1.43024810773488,2.07708193516055
1.65368258369925,1.48347237952747,1.38124408777623,1.38790356565271
2.86084041481453,1.98792331159167,1.06051313224999,1.55353429734856
1.594214271569,2.13323946036724,0.825079442271911,1.84939669887911
1.92731621167756,2.23179549366603,0.716597977214079,1.4743429515727
1.88309824633524,1.82065511569718,0.818479632170942,2.01381121525767
2.11994605550309,2.07432319573192,1.19961374070611,2.02339677175687
1.93072410117602,2.03388405862593,1.03145676462026,1.70964770238237
2.22377632055991,2.08536387194804,0.994874504203454,1.6274710450715
2.62079959768499,2.21877067615897,1.14617530303283,1.91201716754517
2.18127440447427,1.58285451593825,0.771832458889517,1.76715144932267
2.41984350276731,1.80794579265773,1.31256921440186,1.52156406492093
2.56997248295219,1.90508406839587,2.17833819128996,1.68059197382866
2.80894227977089,1.35041282739901,1.0052604810309,1.83813889778505
2.11706971638792,2.60624506523487,1.3215654140184,1.71458084747911
2.30727325161971,2.17134831837925,1.26897741972148,1.709036025791
1.72616341135913,2.10848523277931,0.892851789249209,1.55193582987608
1.62409467694066,1.95890729413493,1.47920303015028,1.61945598107719
1.79600671122557,1.91861739973552,1.40337005110735,1.93749815849339
1.79752466982191,2.18687382673741,1.39783449319552,1.64895355122626
2.79102918770563,2.36902010760967,0.804767136683057,1.36013465998541
2.98202142401973,2.40978002156206,0.803496007943785,1.37034198309247
1.94346029622778,1.42214071238333,1.3677276062983,1.84870055203487
2.27983775359751,1.98902686256566,1.16186859441464,1.42431491335926
2.33030591296238,2.13559490244781,0.952813411557873,1.28300062884322
1.95138805887222,1.62158253638216,0.925347219612697,1.37507230319263
2.96278919212369,2.19169959264381,0.964615266022431,2.205609043099
1.26252579330619,1.76576260293094,0.895366124484861,1.90285946608836
1.35688782284111,1.66367033137828,0.855839339494781,1.88629427975397
1.46981229549562,1.7378661852586,0.771140592466616,2.00606441350445
1.95798364657685,1.62041152491951,0.708586815478128,1.19336338815002
2.02933453296526,2.18103651297593,0.950461947009996,2.01873545193715
1.70331890745041,1.65252098868313,0.928562163057966,1.43661667031074
1.95834839774372,1.72277195162312,0.78486082548689,1.95990583340182
2.19262694888806,1.63228855953454,0.818839526387151,1.93910131039611
1.75655942574725,2.69331817625899,1.27077096428458,1.86010345481927
1.46411018212464,2.36516393666712,1.52701183196409,1.87205878968908
2.68394193810421,2.00680516617788,0.907282210250748,1.43536332066521
1.66273721139302,2.12503298184258,0.928304825927156,2.2147816233083
2.31890007076683,1.75928859954255,1.3482835845239,1.52512599527162
2.20440855415647,1.90139216637358,1.43370121454404,1.49441932682709
2.05116437664428,2.03571770507567,0.856342091082601,1.84050809072503
2.16684629265017,1.78366945258074,0.856324746949934,1.66440206874477
2.26976378657621,1.93307264385603,0.952682338862302,1.63381461834236
2.0048715789478,1.85368518039625,0.741870750997023,1.72169311010498
2.44373600771544,1.90047896101106,1.35940524486636,1.68976402780876
2.10087649264272,1.79197485945226,1.34134984455992,1.66951091541148
1.80066656276495,2.04266914586127,1.01036454435625,2.00005938952897
1.88830103043638,1.67471003353864,0.918851669701001,1.54147089747004
3.6615643447891,2.09435145544607,1.48905688958512,1.88845332402057
2.05459949139441,2.12444378681182,1.58022053116065,1.99402376730244
3.34795036883502,2.13387888971224,1.5179795924169,1.67782382371071
1.87148624924231,2.0909235241351,0.907612990555851,1.89855743401514
2.33367048448871,2.03350826926988,1.00293376542658,1.71611055963408
1.84844878328763,1.40807329278718,0.70595590272125,1.75410604959097
1.8178247768305,1.64797463675104,0.833363508107678,1.6514218980386
1.80052559575107,1.74919246089165,0.724705704222998,1.55079569998964
2.37036340721597,1.69632733433467,1.52721082059337,1.96487997562553
2.25591581388379,1.67374556508624,1.5931080257937,1.91351400951424
2.62006964238935,1.70236448348772,0.678140966987597,1.39981718645752
2.10251819009171,2.35959553021073,1.10202912195727,2.09031048348337
2.20295973249045,1.80265130328248,0.775135093281353,1.17345095223425
1.7845737552821,2.03364896070604,1.3995460029842,2.16215943200676
2.22811792379898,2.25754199636806,1.19648381963408,1.46208938577502
3.00537973037699,1.66781304397626,0.965055692822035,1.97026047203343
1.73604938691507,2.27303479750512,1.02304148612187,1.6348148255519
2.18898952680433,1.64012613222087,1.05952693256393,1.71764118470958
1.37448872967248,2.15505773815849,0.926244008034966,1.51455670384232
1.74943757247432,1.97404102622138,1.01906278807194,2.2162694533294
1.98566965862639,2.11694304969734,0.841338856093831,1.62901870130491
2.26485555647661,2.78773642020378,1.24712541646108,1.79194448551196
2.21797672898554,2.15935808036761,1.23181535914253,1.66860839166508
2.49481178898868,2.23193764559658,1.02286982416658,1.76762157035057
2.07495529660121,1.98460347147432,1.07929437548358,1.38537811764002
1.97433066188248,2.43373119893077,0.922980747998767,1.73883821377079
2.0536804226849,2.01286982451652,1.54575370375302,1.88808576225272
1.52291322065618,2.28204797594643,0.903826748839953,2.01671724647115
1.46810862976496,2.31186514377529,0.825271662440827,1.88904880238358
1.35550370749535,2.19063637054299,0.828388442196252,2.08959649459252
1.89177112440999,2.44909291669554,0.940289892890328,2.43086573725262
1.81102461694029,2.33644068459135,0.96035849741697,1.18947113120692
2.39326267273168,1.63015006576543,1.31469972583304,2.61869599785063
1.78634704040887,1.81596373272098,0.935192110219316,1.33716080349043
2.43033617810301,2.05480353771078,0.937872911257338,1.94489890448489
2.82906939768923,2.51910518136111,1.40098569288115,1.70310076500427
2.78499257649976,2.40495826329513,0.875425806370373,2.16686072600772
2.77940610399133,2.39443675620823,0.823669379367494,1.78473553096972
1.73578556749514,1.88862144963616,1.47825374590123,1.91886723443671
1.97225722215064,1.94089915267357,0.822855647502164,1.57090578973124
2.3960081858536,1.95215460336728,1.67480222828389,2.05931297034228
1.65244360439486,2.0875055359315,0.74139580032289,1.58483274642849
2.39097903236393,1.65114991015889,1.52332848631236,2.00574512627503
2.19147930214677,1.93961103423437,1.10450058540225,1.70918039691908
2.6257353263915,1.69002508778823,1.29033483545409,1.67612532309297
2.17255882911052,2.054370398634,1.00741671050657,1.59826678435861
3.50253484200005,2.33495360059958,0.89955565538311,1.68215070198948
2.15281724565646,1.55700438012226,1.42682718730433,1.37316375669803
2.35144870123072,2.49154046536768,1.01696901147147,2.03513015567562
1.68202896073578,1.53644818918553,0.788976966725171,1.6026280465606
2.1512462414586,1.67289571633554,0.657002208092362,2.18400951091727
1.85794120727884,1.6702752396525,1.14826911004827,1.67712354851846
1.94216867646174,1.80404336110362,1.11792771553037,1.6872664122378
2.31606441835963,1.77339921412464,1.02463118067148,1.61338091919903
2.9765039390769,2.4175552820933,1.25115522100466,1.39429936556958
2.05212597810462,1.65651505905844,1.04513224051556,1.95321264563027
2.16672437132023,1.64442709780132,1.00793141224372,1.9554606247646
2.35281371832997,1.88897314343733,1.05698287539707,1.89185408887827
2.39815676143079,1.91062858207422,0.974682746987554,1.71521295632793
2.13447587674482,1.94097866442397,1.0707387548936,1.82490188889317
3.52962490998974,2.00001027223968,0.976236436589679,1.8864598887715
1.35005417420057,1.77278469941829,1.3745180438557,1.62407419138591
3.07862945116758,2.5046570098323,1.30056588750526,1.88298126014252
1.25410909668361,1.74458510305638,0.801536491097868,1.51250738076697
2.56471707318949,1.99643926717781,1.35849216397665,1.9215783918909
2.51998665432131,2.37566110506191,1.52543718068436,1.23760159744416
3.70836350611643,2.60067366366344,1.64172624286628,1.5066402944202
2.85030952498929,1.83830563169183,1.03511889083872,1.98912270241418
2.68739411638567,1.54710402372957,0.965407778211645,2.29772138132562
1.69516749121149,1.58131758861493,1.14468029799599,2.25844275606838
1.63064263941535,1.82693801631739,0.680077716710735,2.19281769555162
1.96399755083472,2.03655676773674,0.9405232302153,2.14483277694621
1.89838286779133,2.13807017680121,0.955582914161161,2.12850686035995
2.51184979156478,1.85283410790222,1.71930506153151,1.5018474502838
2.06337331827057,2.18757263559714,0.974593720955742,1.96617508475663
2.73229593316298,1.52575517790149,1.26998231678515,1.61314309307527
3.07500432065987,1.43021532843093,1.08401716455447,1.5751926786405
2.14491638581296,2.44613353342445,1.32299659053512,1.92041085888797
2.57707806695591,2.38990102804071,1.41336874753167,1.66259465704686
1.94870632517501,1.79781105897683,0.784925583835445,1.49959469179812
1.79639104501305,1.86442630459161,1.48666318811492,2.15994961070394
2.32260770861073,1.94866575123822,0.750208109982762,1.62085144587216
2.03133658964898,2.089208057243,0.718608555176285,1.80698972919292
2.29941188162687,2.76766735393321,0.884935949589407,1.689721676699
2.25833736404238,2.22021699263776,1.00709800642013,1.46508713090114
1.94102060823224,1.5788420034493,1.59676526151316,2.30146617973575
2.47923039720568,2.2404045228905,0.848471588156176,1.25445735554062
2.45129392298202,2.12458846647345,1.57749343794204,1.64543550562805
2.07321394291108,1.74579593475319,0.764655771262915,1.73405106847979
1.86531898625723,1.83228304812919,0.750054827438289,1.5729256139007
1.85527977873472,2.27215915564685,1.3191300378219,1.95180633559736
3.17583674674424,1.83029970717231,1.27534135319582,1.18504138221749
3.0221722733093,1.61913691879061,1.87401807753481,1.39697821595885
1.93952475731508,2.50170096593377,0.899413633199665,2.03833152036755
2.32095352607513,2.17989364864646,1.46186371881658,1.79731378571787
2.26912072718569,1.76274375059133,0.735392684343984,1.66682434394658
1.97142721720267,2.44402113989969,0.79898959250296,1.39163883868155
2.10024215495493,2.00971233568301,1.04048830322212,2.25680717055258
2.13485187414794,1.99140525906589,1.11808172219267,1.62740512125662
1.61335765041309,1.38854397339859,1.21808886594605,1.40726548350295
2.65030196475134,1.9097036706736,1.2066305437229,2.04703323736401
2.23590991588711,1.95519408936821,0.764827245318612,1.41825337863562
2.22065170807021,2.26128531748371,1.12247088615913,1.93616270449909
2.23127067780485,1.90095416056897,1.12608877895754,1.68867738007751
3.1854235016405,1.91369004808737,1.07192059759333,2.21549155937445
2.33982817158799,2.51791955239675,1.07324184567178,1.83308687370126
2.73653403598983,1.8120924686187,1.28026787835385,1.23962854028382
2.97886821150411,1.92539453916828,1.30970105429722,1.55366148025857
1.6940430743682,1.58603580576368,0.750322478518468,1.80904421421678
2.26195513815677,1.88783461068018,0.926697857179336,1.55464287035747
1.95680828420892,1.72603902063992,1.07789858517015,1.93577292889328
2.19103818388648,1.94946327102269,0.772352136967695,1.7369975669952
2.31613377787404,2.12661898211712,0.823342895395031,2.56163031649082
1.96115172011128,1.93062442214989,1.66601460221702,1.53346950143798
2.86763351076217,1.68243842571111,0.73035907516784,1.83707564113371
2.40182885589566,1.92096763082324,1.52542639818078,1.34875585252303
1.84454472453677,2.19031688486298,1.17415881797067,2.07490926804126
3.03854606836384,1.97448364539201,1.56466216098844,1.56503493661155
1.99212850368806,2.29399472941617,1.13036912973261,1.75872883409055
2.19362620626472,2.12164167747073,1.07340386276389,1.64503987190852
2.02288431990978,1.62155052127046,0.822440599512156,1.36917412966274
1.95691354017067,1.98010617070163,1.43072744562202,2.24073683175916
2.26172969128169,1.89233849963113,1.08938941676636,2.08223001316557
1.84670579597036,2.37209309439948,1.12370777871529,2.21233554298385
2.42485091911725,1.71016545407569,0.900325487113064,1.46654689772052
2.47116835245554,1.85848988574982,1.03162460543492,1.28317653013012
2.11996650659322,2.02392753408035,1.18429207370486,1.58700337048233
2.49541118806802,2.20105005111149,1.29307077570471,1.71470984368092
2.21320241286938,2.05747756586988,1.55274648631079,1.98103172530949
2.517261841038,2.26011022126538,1.38463470197898,1.692702786067
2.13341241111434,1.53949464012072,0.767287788143701,1.68947921719499
2.10501434589284,2.5660431341861,1.00882603285627,2.22879415775085
2.16211694333981,3.20893850056728,1.27748268761728,1.34860898660177
1.88578432274302,1.54298398319836,0.873689331369607,2.48085689368573
2.07656721187814,2.29008229866688,0.900672511083116,1.68974539509518
2.07570241003126,2.43958848233124,0.936898660479626,1.758894121192
2.05573967281915,1.48365969005265,1.86006162941869,1.76967453022565
2.76629697781653,1.30631999316923,1.63241105211563,1.96859807536624
2.91486490111279,1.61357044363181,1.65275953574993,2.83483560276397
2.86313190818814,1.86215366403222,1.69750473392624,1.79669338545014
2.1018930690373,1.76538332455752,1.43392513884133,1.32816949353221
2.0005050628068,1.71829594722523,1.82642307571703,1.2045538885567
2.96091548577732,1.62286471771067,1.22101136390559,1.53034225637763
2.35286990210738,1.55370509075193,0.898011312324237,1.5371601496623
2.38166080919893,1.54334538898054,0.864897383923205,1.51785414624019
3.20847061358252,2.29985685323906,1.8282856191749,1.60736706365223
2.06413217835737,1.66390399590263,0.89170645093075,1.59222483128184
2.52195186143369,1.63681329869523,1.13136894040387,1.49525369291499
2.61032048778512,1.77105226555175,0.96784161642071,1.43819119945485
2.23531081337567,1.5425788574808,1.27472551875581,1.66437357583321
1.65011924541637,2.78346116825218,1.09244111156518,1.75098462693313
1.9974196449764,2.51858251017122,0.930482563029684,1.45352321795685
2.83389649035928,1.67983896058435,1.27665259334771,1.53671732404838
2.56203304603728,2.06144160203496,1.29641736764386,1.69678959503588
2.66804067386776,1.69320178311046,0.969255835769615,1.7856284694595
2.52858627288992,2.48024669378073,1.63193532588638,1.56781482766408
1.72913500518461,1.61765848781116,1.42927154863311,1.69175050461495
2.15012546774341,1.69064512961673,1.09283120745048,1.47192844717239
2.36339664797034,1.68583765294391,1.48205088745682,1.88174891963993
1.74865497177436,2.44910596987235,0.98388513245875,2.18463623905145
2.90357392322189,1.79771761339507,1.00642384840927,1.5394176262265
1.94995702373685,2.35315352560998,2.18878290000538,1.90187583251757
2.05140880636261,2.22439220772491,1.57609824076153,1.80743318572851
1.49986834522564,1.97494818268471,1.03516517184548,2.34595095667812
3.31807847347928,2.05099378550084,1.22830925680996,1.31807150071557
2.22027016500979,2.32677299282415,1.29040256284078,1.77368839235294
2.81722144800279,1.96947220443665,0.992041997208743,1.49367052509759
2.49146323655622,1.73716239937222,1.00159114421857,1.69449157681417
2.36955515436744,1.93809403831694,1.01456603511085,1.42347817150211
2.46049850425216,2.21540116414561,1.02649484562489,1.97646954060652
2.27423904740732,2.33306955297184,0.953956319835755,2.08520100345132
2.20581062569804,2.05302135320154,1.22028521997519,2.17130379561818
1.59090386286856,2.3832483042464,0.981812781993285,1.35825754934272
1.40898579578905,2.5952485877523,1.08761053053952,1.41196879761978
2.21615196759507,1.88175879678472,0.787113414248359,1.5501126267562
2.9668800578442,2.33276443352711,1.40122793750583,1.46677203101654
1.93806130728045,1.86753236123406,0.897475195438702,1.48219344322018
1.7275528671042,2.47842449452364,1.59527590131639,1.97013911368095
1.82717384148611,1.28511020744345,0.978154630648627,1.69419837715495
1.89654438823131,2.38615254897428,1.03048869112248,2.09371451230527
2.21232500997538,2.61834156504262,1.0423061559286,2.0586406171719
2.32718070987712,1.68773158224119,1.00558878255413,1.16543881092952
3.18183408636457,2.23210366991552,1.06451862140564,1.25011573465782
1.60398299990932,1.76519175249674,0.916098985071603,1.57234858112679
2.22352421832823,2.08214442985539,1.12249598550168,1.77446805789722
2.23075806043973,1.69101706390951,1.59732004371611,1.40614621831013
2.59663857174313,2.02972192455201,1.40864042211121,1.87731404812161
1.59716265309446,1.93128004745289,0.962749543847656,1.39519609407029
2.20533556300432,1.56257625316768,0.858299484862198,1.99888083385865
1.896430104411,1.88144087052428,0.770284737767888,1.72687414810542
2.45776751371483,1.99793979608267,0.939282722320427,1.26712278804503
2.5064802167759,2.01458363348336,1.75296425757204,1.70128494420228
2.61498810906223,2.14142257668906,1.55859038689839,2.10162352224952
1.59453757553383,1.53121422996085,1.01645099098877,2.23882489924058
2.31908739420582,2.04127543589274,1.09820515494103,1.58512347080413
2.53335505066393,1.82025336028454,1.2573923578953,1.64823765811669
2.71733861369017,1.87951258143704,1.2144706810902,1.56048872794682
3.06140567117463,1.84862521536196,1.30805488182912,1.53620575502812
1.60866042879097,2.01975016804083,1.0490182089655,1.68336852780374
2.44069313881522,1.98060661782871,0.887661577942998,1.83262089503041
1.97228398284559,2.13289030940761,1.16689989156724,1.47175998494619
2.70001404912493,1.86840855768385,1.12324293405312,2.08108822412727
1.84128626884413,1.99417986927006,0.900569601564156,1.65127921692161
3.02716298763549,2.04171569291718,0.954569640852465,1.96325727152671
2.72358626490862,2.05850416946479,1.12374255370678,1.9693620709306
2.51942975428456,2.00585733009833,1.23091707707908,2.07765061991436
2.26691958612749,1.68232617414182,1.17181221144098,1.79787426876419
1.56045383849678,1.92591554362116,0.932851640948473,1.87323413020496
1.81195452690278,2.1481557933265,1.22795013191228,1.82394760025248
1.735343113282,1.54880440458123,0.936328894722039,1.93525664477895
2.40552913643701,2.61931984846617,1.09283935008589,1.22672889793321
2.86321878402843,3.06001051540815,1.30656446489253,1.80584675238306
1.72458829307827,1.75804082310979,1.1760307505012,1.33748693118921
2.97858905281719,1.72676247079981,1.32308482593434,2.01433572958068
2.02186713895587,1.78883190750039,1.26301975371953,1.91684081121568
2.65161553147879,2.06021775935916,1.39342153458242,2.33928370657574
2.09248563052935,1.77162065722515,0.930527335233375,1.32102291651057
3.35971598439059,2.17566892576711,1.44815646370053,2.05940871732838
2.68355791182204,2.53098326674661,1.02675083240698,1.86948344735528
2.85510980634228,1.75531101566942,1.00260100987643,1.89993560105382
2.60046357272439,1.91469762115478,1.55190400164218,2.33163396964418
3.11387498094745,1.81961346523258,1.31624513770939,2.45017206744944
2.31744002527993,2.00005227251962,1.02886164641605,1.77639346396178
2.39913097577475,1.93160818008079,1.04604784488911,2.09717209249566
2.68329310674387,1.87940449901689,0.999456939537059,2.26557975574204
1.65533572843295,1.78989514117313,1.30785180248203,1.54979092865121
1.96687596814189,2.00738177814063,1.33693632307058,2.00152024007673
2.15645872157215,1.7065165170617,0.890315627372993,1.25751199028553
2.2451469184483,1.87171845185236,1.00367955857131,2.09356232502276
1.75251493295772,1.6787278039391,0.895361398699463,1.5633108444312
2.53713721108015,2.01875872932265,0.992722369774536,1.44351498714154
1.81771288414198,2.21591610349102,1.35594123557495,2.32334738104856
2.51937212398035,1.5437594246239,1.05663611407692,1.52010324313161
1.81558555240618,1.84468457947522,1.34555821731052,2.10046798178596
1.76276124320577,1.80034909276236,1.33036590594519,2.14602873151955
1.65428935061417,1.87457209279857,1.02913009712967,1.69868224348363
1.97847830757046,1.8718041957537,1.15475411223914,1.44663671781578
2.49439225432235,2.19694095122338,1.24715689568509,1.35952539361815
2.05388456369695,1.96950762933542,0.896331602113937,1.53345769957121
2.71691264846853,2.42341640670497,1.80913383228101,1.88865213763228
1.98544662159094,1.63487650038073,1.02436811933039,2.04101613553626
2.86265161570972,2.12060340821529,1.0575698922133,1.46420558412117
2.44208080240114,1.81737627082081,1.02501073274569,2.40357120068734
1.88407383115196,1.90518303994615,0.951116748586696,1.84127350124547
1.84179863072043,1.84261696496234,1.05620531711053,1.81149510164558
1.7793405447156,1.49716287071843,1.09082722589267,2.51496623015145
1.94342514898043,2.24946667887029,0.826914048554088,1.5168795680007
2.36095599280885,1.73097273743664,1.02977207494329,1.35579753164096
2.3782304397104,1.96350288597625,1.07304177071977,1.41161893660884
1.80063331132851,1.81197900775897,1.01809484746803,2.1344580010105
2.84456539450549,2.36637568643518,1.23499871762341,1.45759028066013
2.3750777826072,2.05926152383479,1.2072500784444,1.7057475342726
2.09737839666891,2.10301760024818,1.24772116601272,1.79074726091779
2.16641422628358,2.17501380194986,0.931970257942488,1.45949372075584
2.03245813534579,1.91364983631497,0.98071174336827,1.60578482503373
2.19917900108739,2.04853297746457,1.13766080813638,2.11726845266567
1.70788905878023,1.77559404950433,0.940862673503517,1.7592672778605
1.5320270645647,2.24085203922621,1.14759924797029,1.65358787368836
2.36313052518718,1.65512903124979,1.41725803303561,1.56451105849033
2.08322633824926,2.15275435740271,0.977791386760067,2.28680924060512
2.14221292277701,1.92037618800038,1.25988387514304,1.36825985479554
3.31776884825345,1.63402017034195,1.00440475293656,1.76499095362573
1.62935277127853,1.88729718129745,1.02306047831166,1.6056989756042
2.82595127422292,2.00198687509324,1.21141508192421,1.78947153057408
1.61140597278117,1.89456491592063,1.04068105890519,1.8819488239713
2.21013059303916,1.838090355567,1.14418608854656,1.73535447690643
2.91929173539307,1.71348350448796,1.2263005148003,1.58721878451818
3.10414647216568,2.26666583086785,0.981027894425313,1.63478052777209
2.25607451386142,1.65609388887007,1.23597765893058,1.58007926375348
2.50956905502347,2.21798716168423,1.37171916816805,1.4263806343249
2.45782721707568,2.60318041144615,1.04414573224891,1.56275050026955
1.77752516064044,2.01098139947871,0.889323497206244,2.18956206603698
2.7083614525245,1.99373061763755,1.41940122181407,1.58836406918907
1.67163820116877,2.37747720053509,0.754207870779073,1.87172011096742
2.2245742216247,1.78759158163472,1.40406778686741,1.89013246514649
3.31588045282811,2.02842282150671,0.841013770279989,1.17057945628275
2.39073294382395,2.18697396504872,0.936027344835142,1.49044360691844
2.08155163643126,1.94350123438885,0.874608806713201,1.69708530947828
1.89781999640967,1.97294904687365,0.8569278160178,1.84200203388107
1.63532304862889,1.81517598752984,0.938496824820583,1.66553479453805
3.02039021930968,2.03372158570119,1.31170376275646,1.99204721618393
2.76551654172395,1.8755451965112,1.30612093619722,1.9346934374029
3.31917937681497,2.41576123031944,1.03389261571655,1.34126716788667
3.35560299461628,2.55699622464109,1.09053505477256,1.39661341360898
2.16558299885427,1.74617940286731,0.914437376427929,1.896566088624
1.58110788632014,2.02847978519141,0.932352865271178,1.68883570948903
2.23334846259454,1.34826009249985,1.08696170926217,1.62371558399676
2.23247364332713,2.89860444151379,1.06499821121084,1.6312045964263
2.70484775708258,1.67097300959783,1.17021968621708,1.64738793975751
1.91933635160653,2.49529026055019,1.29089544607632,1.83460637715536
2.43634666243731,3.2005214978358,0.697036277077183,1.75019045134502
2.35168624001737,1.38314515007102,1.44639575571647,1.78266627553885
2.43815779314891,1.34448213212383,1.22245531844469,1.66676679909999
2.35636936997652,2.07334843880007,1.53913012862376,1.4867290347286
2.47587226167741,2.0220228505601,1.10666053422404,2.10904021239787
2.98082680588672,1.71447017653012,1.96114542003689,2.07197690879512
2.22688879780943,2.19435487628625,0.721934529838067,1.70258078980414
1.7519753481635,1.85071188791798,1.67219242062327,2.08346300554324
2.70999852984115,2.07559630713429,0.839403893963738,1.31948141487776
3.97773252791268,1.95444239769203,1.01444693149022,1.54884826324925
3.31296555927067,2.07762340016729,1.02882440142738,1.61811103583733
1.88158326312667,2.24127316729459,1.33716820204862,1.65450057666707
2.82863896187846,1.81721992887972,1.15950450566632,1.90079588938923
1.94185139925508,2.21301917333538,1.22816761597456,1.65828234395693
2.24866923122757,2.01366610778252,0.789451284878695,1.53448237372421
2.31390458603827,1.66141596855532,1.25141826401945,2.01037420023833
3.08875387472581,2.13151939791207,1.18537795717332,1.44612253867098
2.09131517933713,1.47878279707146,0.92670623580829,2.78562945958977
3.60392192233803,2.38419424710264,0.945623782644638,1.49650973150376
2.08118387590582,1.72019728936478,1.00327494976945,1.67345346939137
1.88257133891767,1.85417510447062,1.11265750077801,1.64889613280992
2.25407424389739,2.1184425628117,0.995956601717279,1.66459539382769
1.7594546836202,1.8238367086735,1.32974242553937,1.81242651931116
2.23334668714724,1.75799250758529,0.995834835489093,1.99671989764099
1.99660666047205,1.63182905741313,0.824919418857917,1.27608471882928
2.20271808696467,2.92818050305242,1.34887944771632,2.07246975646254
1.50526520392987,2.11355501935716,1.1760400936986,1.58149283641607
2.40280881542627,1.59560118397011,0.789042460194286,2.07776818216747
1.90558180550731,2.07866315062805,0.951338196964444,1.35540504372369
2.25982303806518,2.33382536564359,1.05280227985925,1.5444818482987
2.30136539999388,2.17496636892579,1.68276200688199,1.98843418740928
2.51112614965193,2.13888145197393,2.1663304605304,2.4006185813511
2.74107773496744,1.81825255853188,0.654998322829567,1.19786052480028
1.80510437462921,2.59130782377416,1.2363953040599,2.00493827730236
2.67103215922029,1.79668170582096,0.920996573004998,1.44997665177316
2.50641805160992,2.09139255515017,0.842276434290801,1.81381105373173
2.39172274053741,2.57933146016125,0.717679781383471,1.87210319604706
2.1976213703536,2.01500982279188,0.885744469906292,1.82267793685201
2.18029983351017,2.09889832934942,0.950182539692996,1.89789300428426
1.7745489694258,1.93785062940225,1.43798565497094,1.40807575073669
2.9821583778473,2.23557262815268,0.740482370683271,1.71620067919513
2.50690815741201,2.22043187976006,0.73531117105281,1.81591705766146
2.00424227109802,1.92797681593424,1.43516693990282,1.78700368390181
2.13057092048875,1.55938011976362,1.58713497201574,1.97296595575996
1.79767720967399,2.36884231323173,0.692667348120459,1.24296095634316
1.94025149432398,2.11584419822556,1.83110305934012,1.67028056231488
2.386025992393,2.02180653767578,0.739868115806067,1.97751279974784
2.75024310072312,2.28003639291745,1.01744392445311,1.59882550699328
2.03324649412402,2.49934917715932,0.872304003823639,1.50748562011793
1.8816201155006,1.77802278911225,1.66361709498235,2.18565087464521
2.27536687119057,2.43110048994269,0.796514249999583,1.27146021451083
2.10601882169583,2.4306220473524,0.933426646302671,1.42663104360137
2.75770183817204,1.80131646417651,1.4743501555517,2.16828935418088
2.00204412976314,1.98539902430049,1.1799489776372,1.50444287382011
2.55639807318173,1.98831082354188,0.984212739540838,1.9036575910005
2.14946833896481,2.06028890524224,1.12384973745375,2.0277376673573
2.1634226543835,1.79988876580008,1.06367531617007,1.90716933734047
2.04395081431416,1.86922945873448,0.650006302485488,1.8690506064915
2.06919576231398,1.6296848792183,1.26866461247494,1.5994625681034
1.94161606652287,1.77748016969338,2.07688595363598,1.55302908284058
2.84833190834128,2.4246682418092,1.14238781981925,1.61349521483153
2.17059852940195,1.67553024125384,1.30742779748459,1.72970246159087
2.00168882121267,2.46607965590771,0.836266354293897,1.91275660398347
2.40864759986444,2.25342021724183,1.01948553458012,2.49262777246345
1.97368873026943,1.98768150175367,0.895384262746573,1.88693453289259
2.23984439931379,1.55622105831607,1.18924526723401,2.44379835790826
2.09903701339654,1.68498880867314,1.46704057530164,2.55735738055874
2.38314146389603,2.27008662441154,1.24051528155625,1.99205172716845
2.22736901540275,1.73031733748467,0.967530844413401,1.61921170729148
1.70210461138297,2.14459173128264,1.37524990264415,2.1010654628557
1.91038155573622,2.24097083417844,1.23180274630843,1.64420120473801
2.19391374777999,1.99561092473905,1.01249730011817,1.32391626812906
2.1907820546347,2.12770559515278,1.14194113027858,1.59936353731777
2.19475132661604,1.91876656976173,1.24299110344607,1.8805843984773
2.24976828239925,2.18371789724194,0.985772230016019,2.06835554055419
2.5235717044703,1.78009752512088,0.889027485347934,1.84862329860857
2.58125218267273,1.6767966255826,1.04093033598858,1.84690771718795
1.82048276578751,2.24353963838751,1.19364777058173,1.71587273863825
1.53650028763942,2.17758416822502,1.23755876773312,1.76044030978417
2.405303719381,1.90100159630693,0.808276508814403,2.03664316289147
2.77738787107947,1.95088032989062,1.29187309860923,1.20567674812503
2.4373346385631,1.65614441795098,1.2505206664317,0.902844362270357
1.74297991208978,1.8908483371177,1.58147232890045,1.60665252537362
2.92894947060027,2.07627141646205,0.640190105094089,2.19595006586113
2.39016649444493,2.02743694060219,2.3130073539764,1.27056880751677
3.10821678112399,2.05811930441245,1.42337079947944,1.53050988922698
2.54838594398874,2.04504905310426,1.42971347111527,1.59187089802715
2.03048196718233,1.62386143960027,1.84233178328034,1.83101739795377
2.12029987706675,2.19865393306793,0.817716215264984,1.78644282668327
2.48736536622485,1.85911428789701,1.35336262207798,1.62423824135011
1.87501937283311,1.90017980940277,0.815701105222738,1.65191566324902
2.21067728260129,2.25456036946867,0.942719978922575,1.73577332090505
1.99090639861839,2.57035643612592,0.923649539090062,1.92819239838199
2.00594605456068,2.17287719356382,1.01027226649185,2.60250927346789
1.73688133687066,2.19959538945898,0.997922763584618,2.2460109330673
2.51777624426482,2.0943627999015,0.884269697760108,1.80537199536585
4.00659910834005,1.8251336628512,1.32578331436127,2.16712842577608
2.85172048632106,1.90800439801969,1.91470791040464,1.82314749243415
1.83315568659253,1.85876195981841,0.819227798610374,1.70264971328729
2.20681153215003,1.98251341004788,1.31526815997277,1.90343668323636
2.06159553106553,1.65184019160024,1.59040660592599,2.24662611339344
1.77042368012692,2.15364083781099,0.718847443105408,1.69676603840876
1.76506204061269,2.19529453763492,0.861466450486808,1.80610774650947
2.22504385182888,1.75549463461194,1.77561561152142,1.5131129822206
2.44628575006189,2.6833396904266,0.797890310026264,1.73005906000076
2.4119227919978,1.75772731257506,1.36964534729501,1.52511288869509
1.61415382601833,1.98755805958914,1.37798583169625,1.63818732531459
2.49330869389687,1.67301454653056,0.620045513758406,1.66506425917995
1.62009070983038,2.03449769303311,1.43287335750988,1.61075438873442
1.59305202321574,2.08736536207345,1.95662557380282,1.37395842428936
1.8188975594799,2.03210321745191,1.08998859407532,1.76864682966877
2.31338412347927,1.8112125103504,0.991028382259856,1.68085768176949
2.21847992872377,1.84220288753863,1.53527108410725,2.50749030913709
2.05783501605631,1.73727539344822,1.13372958288766,1.11690880905219
2.44560197419725,2.21123743751035,1.14065850248957,2.40456633655982
1.67001963387885,1.83415641884655,1.14809735614984,2.97914984963657
1.84769965859853,1.70679572032026,1.13046263666307,2.65359289076663
2.35952292824205,2.13439123532932,1.07735772600205,1.39344889570707
1.52628389359267,1.61469094542981,1.1748412908752,2.64038218698355
2.36432130952878,1.98784240828946,0.903922843396117,1.77354800253851
2.26175192799193,2.14134748702854,1.0489619273903,1.59383008617593
1.99821176155379,2.03029985055687,0.894930682589612,1.50209431461742
2.19763123625378,2.37804365927022,0.891040356715197,1.52180926917381
1.65464386928832,1.61059750593691,1.23939172269917,1.74340172068955
2.27154889162487,2.26472159964205,1.20708683712399,1.12869587044191
2.45479260045367,2.38144760356498,1.14033371443344,1.12757176678053
2.32993008039339,1.81842641683766,1.15189926708774,2.35660129564063
1.84073109589273,2.00469214695772,1.32044095320876,1.56986851777515
1.93786010642757,2.06976356040625,1.27247544129073,1.57996562243838
2.44544959721723,1.34682853739084,1.67751744964199,1.99023827707088
3.2449452927859,1.32969069270857,1.16947578202398,2.39188128736957
2.26424319378743,2.85038350719516,1.15332646836067,1.17207666489788
1.57705360830364,2.67539044665148,1.27620899809438,1.32048837066567
1.97432793023521,1.88522014155225,0.997803296525131,1.90466520929645
2.06352566521675,1.77080605564831,1.28039062446448,1.90345995713894
2.25618036421689,2.02151711650505,1.16371200107583,1.71387143750369
2.10813541919299,1.70513216481188,1.17221123246813,1.96586380359503
2.52148578263004,2.2728407632175,1.86246265512334,1.49547719637544
1.79793438428602,1.8117453292895,1.23583691396841,2.12144068220442
2.28946037030848,2.2748612849637,1.20736089664337,1.54706867799497
2.35828702584738,2.08892540278174,1.24221593022416,1.81943156042347
1.71993151389933,1.97617699119183,1.30112282234149,1.60088924068353
2.36946336131362,1.78706012504324,0.945042354263801,2.25430518093446
2.28911672409074,1.63651450505029,1.29148140475847,1.13497049939816
1.96556346421055,2.18986605758661,1.33627491010469,1.19844189097074
2.5249778516017,2.1834020098862,1.36647608623731,1.48325989589793
2.13887118114878,2.17992911546027,1.51375624259671,1.46035308079661
1.70423300104064,2.45029048565267,1.57601537947306,1.38621471873648
2.82940366717895,1.80966612078323,1.3697840185556,1.54842160400477
2.59216498781506,1.88574996096692,1.5141616791192,1.36250013521575
3.33894945039495,1.85451334012243,1.77080801188256,1.5672172111047
2.43511865813151,1.80982522789917,0.895413721448922,1.53977994708417
2.29577897160893,2.3607930844625,1.48604644087302,2.18343950740675
2.32385878750914,1.80781172778949,1.27084590669108,2.6304087065973
2.2655014658297,1.77926336759302,1.21348916373834,2.6859915491938
2.36598789945224,3.007679253315,2.60329010275179,2.8001482368835
2.29753742607215,1.86664224890182,0.971441336062759,1.11450679724336
2.13416633970466,1.78131923645572,1.19726402547019,1.97509994539777
2.29173897607984,2.31611693747924,1.29111089515408,1.80856503231135
1.92579594787679,1.77995892979208,1.13150072061755,1.27411424602158
2.22671982045066,1.8152199839917,0.977714375758714,1.44108763532325
2.34897818434437,1.83880189394344,1.01014380412605,1.42835671543462
1.87813299690924,2.3209526084881,1.04512619444884,1.76546612203348
2.69971991267044,2.63559554137806,1.22769481552128,2.23109958369274
2.28299152004131,2.11168042092861,1.33879530184699,1.34648837534885
1.78421927117577,2.18076904355195,1.03090279779728,1.41446146894062
1.88761651700175,2.04293425673888,1.26458334576369,1.85942223355116
2.62130327450044,2.08288324308207,0.89859992362726,1.7442738856863
1.56212618341248,1.80485109857544,1.00354085546306,1.51249447897766
2.00150430618632,2.4429352619442,1.64422265929044,2.02849538834373
1.74247085586062,2.18873405013429,1.53193987995858,2.02548021959667
2.16871001852386,2.0948315510328,1.56315713109428,1.60786757152495
1.95788760387237,2.08875768802766,1.75949180103347,1.45363985078848
2.68325140404832,1.80059405835963,0.826320180407194,1.65656017726202
2.21356545271407,1.85626977764042,1.08502783909469,1.909137124559
1.64124587090877,2.0920623661713,1.02206608111318,1.99685399279707
2.82198817657956,1.91608074982505,1.13457472767182,1.64330083694155
1.53292896878379,2.49682252597773,1.07475404262856,1.92123259197795
2.50522426792581,1.66800325605901,1.16631668422835,1.51911508275474
1.86697256129376,1.76447574013695,1.07026559744115,1.53000050554282
2.26292812814828,2.1551603054274,1.40859933809639,1.66545355466947
1.98764716439318,1.96840594633955,0.810158699560691,2.01288992280174
2.37251827463231,1.842229172165,1.04429136548581,1.70469708909933
1.83186598551538,1.90875326390343,0.905454370520529,1.69250455162386
1.54755713648558,1.78876374963425,1.18653111072227,2.05609538187215
2.19119593111012,2.19961024626269,0.744496088909899,1.29798925913941
2.04997331777275,1.7400705575104,2.02338050390661,2.50422749733607
1.98615410309598,2.10515053706424,0.613920846228753,1.36453567932669
1.74740784750922,2.03500433119879,1.37358620750061,1.88865555516686
1.57280878457091,1.60823065187101,1.50642888054589,1.40926229690083
2.4331308929705,2.2036815629243,0.674076976468159,1.91898378329356
3.41705281570618,2.14298713595166,1.15632355156004,1.39343243133076
3.01959470054205,2.21446109030222,0.925139377427936,1.53771041279664
2.44491939816166,1.87177113515459,1.31978242954934,1.85362800493329
2.50350124691154,2.01351858744112,1.0405138404866,1.49215307154756
3.68222962095233,2.09158963888767,1.05127871706078,1.3265312379063
2.47744701557886,1.47127489958947,1.18786688051463,1.54996078853691
2.44841848769038,2.18926470413912,0.920991420115209,1.83334655610402
2.75868129309095,1.84223191969885,1.16585521736156,1.57280947613056
2.02869279988023,1.83405927560753,1.31255316032487,1.96045790618068
1.9156305368597,2.35551276147966,0.70688563854047,1.48313889997078
1.85456624172596,2.07241186359028,1.35977926460191,1.71984235495058
2.13306598752929,2.06829551066385,0.994515710679736,1.50418497725107
2.28277743099976,1.72423661708044,1.35722569191001,2.42663503515118
2.4456965607078,2.00346458331149,1.41802355096821,1.63804193367672
2.66201874570576,1.98718288279571,1.32829790896338,1.72822962361722
2.86760955304395,2.19425834721497,0.590759302818942,2.06730609397629
2.06443376393283,1.94915985260952,2.36154424877497,1.79236109361163
3.14461096981347,1.81482287126351,0.622385022292033,1.58343127542756
2.6975294185136,1.90613212436807,1.4797831009004,1.69543651846065
2.20486747869954,2.2604193841519,1.30194551462693,1.56695520451153
1.91871375050716,1.59119760854888,1.44711371397575,1.84776782604825
3.09582607842,2.13952313666631,1.21471595172968,1.39218115808733
2.57070593916246,2.4780997953009,1.41405072167073,1.38376186949475
3.03402018814171,2.11264175423498,1.43249779950066,1.30977305820047
2.33003794302764,1.90682753229197,1.06947650703863,1.71931619037568
2.44363379239615,2.01753632816614,1.01505507199652,1.72596421281167
2.0832400218369,1.96893659720032,1.16572400193067,1.72098622553849
2.19827956148576,1.79378372413604,1.35091667194726,2.04496997268469
1.8386469689177,1.6734584481152,1.08599652244771,1.75809096640124
2.08551914218557,1.89021097684627,1.81953507746158,1.61195036740228
2.13493241148929,1.99587691894076,0.687266506792471,1.40838661886085
2.15141588670084,2.09789890101731,0.709499289812145,1.3892230820508
2.63632524455651,1.85058307601355,1.64011415121678,1.9396557005249
2.38126855366135,2.28306383520611,1.04352948486521,1.93063173951906
2.02026966321721,1.71036495165435,1.28740852239829,1.58358905993072
2.17166184987425,1.77786011495307,1.44461765267906,1.29836274092606
2.29191088924861,1.16141353862913,1.64778943725345,1.79885956819195
2.69031340700292,2.85141908433351,0.859910770400972,1.94947874033063
1.78794874514917,1.53379133407849,1.28693619652535,1.5159040274458
1.77702600756235,1.58107002940726,0.940119416506566,1.60693844826931
2.93993576828988,2.21807647314847,1.14454589821206,1.58911232743942
2.05856850471649,1.85489987850613,1.11549524908553,2.15891661388271
2.84686985206176,1.83010486662293,1.03616225349181,1.2252958373076
1.71986028450306,1.85468837577013,1.56484352314389,2.25342021035508
2.10617515651374,1.78131122327013,0.866182145308874,1.88544965020016
2.08306037332276,1.88420949681741,0.999347701438106,1.40261039622701
1.39419542433415,1.95970129410287,0.69969741934789,2.26275878393506
2.56380326550091,1.95054209784236,1.54549943436879,1.31601318303579
2.00367545136728,1.76169434678371,1.27986782743417,2.22790948028364
3.24625109353526,1.74832963185336,1.24112973171624,2.378731877523
2.13137372515951,2.06976680632969,1.11526875218645,1.6839229322678
2.19954346749506,2.05475838257115,1.17994334457377,1.85954934867832
2.24591260938843,1.67190610399104,1.3691501610406,2.13598243471036
2.47833775859634,2.00367910681705,0.837477264024021,1.73111607251404
2.00014332817393,1.93740264075334,0.920715476733477,1.92609594536866
2.26147956715406,2.03428450645109,1.68088763990168,1.64284300831309
2.91065522492934,1.74595814683593,1.50367857729348,1.38805358653836
3.30693765635131,1.75751823682271,1.84722115984187,1.67283182031199
1.76760799531055,2.45083422463423,0.882822209947403,1.41824230046999
1.68124225333284,1.74297650764681,1.08938326109817,1.91799083511038
1.70442724083099,1.88838663863371,1.04518325069203,1.7623125525513
1.78403833254252,1.77947668342632,1.1156201857014,1.59655371457791
2.2938413219219,1.74327395290679,1.00538590989231,1.38367640923283
1.84577864889447,1.97040256003561,0.939002171362272,1.38310230071738
2.07637844257917,1.77138034418902,0.983930019470064,1.66645757527761
2.43253145583745,1.84891974937936,1.02750144632659,1.41185789936592
1.99230687998141,2.39087888175783,1.11851576986409,2.0767443221424
3.17368423151775,1.81555563956357,1.6755362392299,1.65218596472836
2.12179783849729,1.82400384526574,1.01348301749639,1.58501068115283
1.5085762459776,1.94802995824369,0.994870769377078,1.67945905764674
3.19779182471328,2.46772722465672,1.0023390453987,1.69270157229727
2.13475333018655,1.87039299437736,1.10781849326486,1.67438589523133
2.79680743013728,1.80678741238063,0.680898549273924,1.8742431084812
1.39958176006092,2.0074223352438,1.13700012275554,1.8079659900991
1.37889988313864,2.00325428480943,1.1365254462236,1.92349917207949
2.74742307413766,1.83476849071326,0.852708132608239,1.53655921334981
1.52114404496683,2.54165340835915,0.865546676409964,2.01303440506105
1.88246844049525,2.58537620255731,1.07675975482872,1.75232492538926
2.48717387768716,2.21657471268215,1.11376062906515,1.51308971556372
2.11736698537266,1.96464868557402,1.05332274054929,1.53555051066715
3.05089747581382,1.86587113425857,1.25063037259917,1.47675987162641
2.30190753973061,2.44565509818384,1.9288688227743,1.55970264915573
2.26213541622526,2.13991919192583,1.09738781466578,1.70345194937227
1.74435812358929,1.87889628579261,1.29855156326461,1.54340431109814
1.89682488680928,2.11314528067076,1.10562382381924,1.79205564711302
1.70910499396318,2.21157850565523,1.31848232426676,1.91837512466088
1.69932813895913,2.29031717218951,0.977531242938972,1.89197355931289
2.17625891214073,2.22433157377168,0.950867016764114,1.70074574875088
1.98776961910707,1.86295460092095,0.744390957329961,1.42713169656547
2.04295564834058,2.09073265304153,0.706942897152154,1.67051007502547
1.90804656733096,1.7286193061064,1.34041659891367,2.09640362278606
1.6564367455114,2.38685771170305,0.735018001495075,1.67914787339512
1.89838437519318,1.7890343137494,1.52158003232547,1.69170382404556
1.87229479732049,1.79306019726676,1.62700807756552,1.74554699465116
2.42820162051928,2.22924103051095,1.46605515713374,1.79081603845532
2.35189160398669,1.80645951165082,0.940706594584104,1.34190065114516
1.72673048701376,1.44104988341613,0.720524546938506,2.09317076139116
2.07785822602307,1.399164257418,0.693003641636243,1.99750221533612
2.11803295825293,2.5443387108747,1.2459964596447,1.58040664433464
2.71232421561894,1.91024027362315,0.853365794298907,1.84627652089282
2.74961088522147,2.09701062326588,1.01904847595156,1.8965962532302
2.40862429842034,2.27028654704266,1.25380458538881,2.1195865349635
1.99783183137882,2.34282351284648,0.876908969033046,1.14461199245977
2.45534184586733,1.5439093912342,1.15430428160426,1.61288786849314
2.47320293964376,1.83965948737388,1.1182731632205,1.90185205672069
2.74537249010769,1.64397672989531,0.962246052390227,1.82444052529131
1.84874813234378,1.75468222184452,1.15103496270114,1.53623002143944
2.71779223349495,2.39963736917332,0.994229697140771,2.03192596811985
1.94516888971562,1.48366749000229,1.16288574086888,1.31674671679364
2.37503109493678,2.46819438262182,1.10062091587052,2.1559216471328
2.15192037502346,1.77262192047858,0.883999720249324,1.71750750518398
1.7307198067048,2.02103499224751,0.961667446252197,1.72632896130802
3.31914656877834,2.35010269043424,1.48341632194176,1.63718303559612
2.22757855432613,1.61280243211131,0.875582177313146,1.83106298958334
2.20273506562143,1.99181529533969,1.09783918185225,1.44635127766693
2.14499048364328,2.31724029914145,1.07800027224033,2.25685955166122
2.62726589850818,1.76905643167405,1.4994022292945,1.34368643105405
2.05550451475098,1.99746255276338,0.855783791523011,1.77127160756915
1.92628038506952,2.00823131219546,0.8583351644438,1.77202092955562
2.39446702243562,1.82480932523249,1.28252350148052,1.83255338999047
3.4217003424999,1.7247945808242,0.868211709999078,1.39965389231353
2.43488919098295,1.79440375756448,2.17691174568461,1.82477905502973
4.63079398568552,1.7274863252089,1.0678933985753,1.46870803013036
2.36242651984887,1.78735708899828,0.902590034824048,1.19397256547232
2.52425218425056,1.8486300589296,0.963488079859113,1.29431783652799
2.57391694420157,2.18005467561832,0.926193144247352,1.71027584565677
2.17208111622191,1.51420694967331,1.31619250461142,2.0111829210756
2.75418574042735,2.31763512094763,1.00100042019772,1.72683484913561
1.63324530800276,2.36374844826982,0.763087529377587,1.39549147074613
2.81322774944788,1.6580464153299,1.28620702794541,2.02588287622665
2.62110890513365,1.53968980224027,1.37513058053038,1.99320208101192
1.96362310728399,2.62955729306784,0.815135854500668,1.41315865334187
2.04867263513325,1.88426381990836,0.730418865570686,1.82183597751475
2.57587825119201,1.87894829949192,1.66003274828087,1.57711227676043
2.48583095965924,2.0394591519334,0.789388923947844,1.66116045339153
1.93568490374992,2.02400385148594,1.85282034419135,1.89139301307367
2.2678444352584,1.56851470801894,1.1875026020708,1.62790587988301
2.49319549756813,2.84811321354676,0.987803373777701,1.52109629024501
2.40397332216422,2.46526951547709,1.45002575033203,1.77741165774682
1.92254815964193,1.67954450920002,0.904838094853572,1.51348260969142
2.76794531681328,2.08523382807758,1.18865137548489,1.87612146637295
2.88132831833749,2.08005135341633,1.39081799679252,1.64261807377592
1.80174662666103,2.07939147573592,1.21590898918059,2.15995596081531
3.0686338867356,2.01404338135359,0.860014955455015,1.40739733791019
2.10798345616997,1.7686446708574,1.25298548339171,1.69544309968719
2.13544177996323,2.22443821246973,0.93618718262492,2.23297996191855
2.99203943532964,1.97905690059496,0.874716116780558,2.14929948356456
3.20720407884603,2.37370356514658,1.16867350888183,2.09879166202936
2.85873343603174,2.0451743217035,1.09598700898679,1.94379109307546
3.65791106186495,2.22115792616064,1.45405857669879,1.41413934541619
1.55060846873752,1.66611100386183,0.820465620597875,2.05289477716308
3.8177714986125,2.15723346259607,1.00418398498672,1.6201348903833
2.31788664784219,1.66759293994263,1.68762576366636,1.82885564210009
2.46204007082334,1.82230167022499,1.33715084102285,1.63496983648674
2.93177935697293,1.66429424565793,0.966625643981974,1.59840548129066
1.92328901589975,1.54577039841896,1.19980130310249,2.0130344040954
2.1022263864022,1.57751131638107,1.10490814384725,2.27075158628796
2.96092249156071,1.67930379006988,1.3525761889645,1.85586404869031
2.44049002641234,2.21510635308994,1.62609536064915,1.85958832964404
2.06320338631494,1.66680411397479,0.770098240696981,1.64188299558114
1.91829183509947,2.4304491235293,1.04918213310655,1.60538575747662
2.53565729084518,1.76370311693058,1.11645747301401,1.59365997657655
2.32835188841607,1.88684600511548,1.5985133973498,1.77334203120957
2.95155022588387,2.19223915093244,1.13464130921403,1.56257934356191
1.81115211424582,1.7839727502754,0.95205479109095,1.89567735121128
1.81497494046536,1.78480577697258,0.974222614262415,1.86706735475945
2.82886493218305,2.11099352815655,0.56955350517891,1.30165325428767
3.23510685294851,2.34818157526424,0.597620837041006,1.29412925328
1.53769174702722,2.09993798245767,0.769744693859177,1.62794571198367
1.73324844998129,1.92576042733178,1.49561057546621,1.95839461536321
2.3637205094403,1.87166673344444,1.05097196748431,1.58312996038378
2.0675707874109,1.81271944842145,1.33864151387629,1.82063031437236
2.19323396501098,1.76801518712989,0.824011554715739,1.83226207139471
2.41270036721261,2.03773446273605,1.26585359555622,1.88324143335985
2.25250004998355,2.22451169829077,1.06804784863876,1.8349330528471
2.4013244387534,1.58233952076794,1.95788157918567,1.60575546066722
1.73054964960558,2.26143415445083,0.618294297610711,1.68707806729827
2.13648583173682,2.30625183919316,1.24392845141023,1.61822830543043
2.30399644444626,2.22413019716282,1.06720894274848,1.62527238163268
2.98571698396702,2.29079959152048,1.11396212792369,1.61272668681203
2.5348468362328,1.68310718835143,1.06881532082484,2.19240175838154
2.90103662144829,2.11203524036957,0.831342617798878,1.36064050508706
2.94314714264644,1.96395691606178,0.957434518054645,2.65735235645689
2.0044770704671,1.88877680137839,2.17711705294599,0.851431770636915
2.31588581443689,1.54706618783107,0.844500862608681,1.60355267726723
2.06926398089211,1.75473838819072,0.890884584743834,1.30123242000139
1.67652792614469,2.02248998591763,0.835351331980422,1.78082745861848
2.73650280275537,1.91564583006768,1.36628609197716,1.52752131121209
2.12652791309738,2.510239149065,0.94282115269735,1.79888805396036
2.33253398654206,1.98835438852722,1.03287932547161,2.15031117299485
2.17113974068353,1.98423510328283,1.48527350893865,1.82390708072657
2.35346549678825,1.85144710080957,1.44240940813243,2.12354764985801
2.67969115982279,2.30135833118615,0.895287975532912,1.32432277126692
2.01213963741903,2.18625026798863,1.2382365196431,1.1845271579895
2.60380354338388,1.94514865304219,1.07569718561319,1.58363168625239
3.67733380389178,1.72666541874415,2.06677194381343,1.54307566784099
3.46329618320435,1.6710850126793,2.15962848474603,1.70635502059145
1.52678695713937,2.51896363144302,0.89159010878337,1.92905792055304
1.83273990254518,2.15003596052488,1.17818597965412,1.46823768101548
2.30328077952412,2.07773461874339,0.87946864365681,1.35490614827362
2.14038637931416,2.21011157952054,1.12603352710376,1.88706651332854
1.86076116468783,1.93088077837039,1.06696127965254,1.91986530155384
2.42677684296021,2.07472416820701,1.72311283018506,1.74628222299994
2.50422261327487,2.73993108451321,1.28745723944655,1.67328976507339
2.01814906968084,2.14867536182041,0.979087814529677,1.35363859695996
1.91440486179848,1.77508058301298,0.898213032941492,2.04119518811114
1.72827628357754,1.76498924157904,0.990250519214526,1.71539941014037
2.70433498147233,1.49658036773052,1.10920776512351,1.72759916355164
1.71918424677423,2.61442548599487,0.998641424416864,1.94347311874122
1.65074584238664,2.07225413717096,0.827709958236166,1.70706374190777
1.54960408427602,2.06334737167398,1.03239438804652,2.31103914781071
2.31860829311158,2.42699234820187,0.828861936843549,1.52972931525993
2.56142320486237,2.12506371819588,0.806597536607002,2.02231855808757
2.69935466684298,2.52842138840962,1.15189119087426,1.69370775761502
2.10800357051988,1.25335113828532,1.00590933346156,1.73773807553127
2.53122833611757,1.16989396640881,0.732243293347831,1.58328558820347
2.39644199411383,3.17070967798024,1.85913886011049,2.19629678361625
2.44147665843683,1.53227886032392,0.792334980758132,1.45270424465738
2.22213126908405,1.83397241335225,1.47925163374468,1.45059275208251
3.37531156842969,2.37386478293745,1.4756147316133,1.46322392498125
2.35424890836849,1.79454465011508,1.13824008879149,1.68014944089637
2.50341405567089,1.9087819737112,0.947955017420996,1.96102729784844
1.60467035051855,1.56605395466076,1.5100500456159,1.44565908193438
1.57294263437168,1.29500455574277,1.12974935876056,1.70856786326539
1.47940903197172,1.52965637687609,1.0925976165208,1.64213850387517
2.36047598579791,2.07100434501728,0.932931493556815,1.77054777661787
2.239621908781,1.85750621781429,1.31008621136326,1.48951658542153
3.19541375215248,2.27590758220174,1.09645156696696,2.05239969887813
2.0704557927074,1.81495183135217,1.21425707556315,1.25056008360587
2.11058342386566,2.37239044069611,1.54177253627138,1.14780251182628
1.75015615212285,2.44163374656575,0.850187644617697,2.41918838035088
2.52929033881517,1.88691970745776,1.22844264542217,2.07156683066711
2.55060999965787,1.82597406492382,1.14442415401496,1.91784759918088
2.55330585585495,2.26228119045301,1.4544266875446,1.4666116624426
2.79411394012979,1.89210820198596,0.791411783600174,1.76202675255935
2.28709082076087,1.78833999917006,1.372086872657,1.66195925479103
2.30231973682164,2.27827199005789,1.2728683534663,1.31553043015921
2.99110675488537,1.8742203888015,0.923793068134398,1.67020520788583
2.31567173444673,1.85910295758106,0.986563925610453,1.6902371071736
1.96293578006788,2.59058050258585,0.704582863630647,1.36853355781585
3.24676073883784,1.65636768369886,1.12780453312457,1.46710558142397
1.73303771085623,2.63011609849206,1.18018780324969,1.78902688877806
2.20466013961391,1.85944172612326,0.995177668003898,1.62118733446834
2.85147455379901,1.67123815693064,0.901899473220007,2.36498012800324
2.181651504154,1.99258326399774,1.459382757355,2.50517007493751
1.7509136097072,2.01011271871224,0.716314551095307,1.15604559483421
2.53272917566879,1.71766394856632,1.56085666410502,3.05996341375241
2.53615420126058,1.70309596938642,1.5529686819284,1.75670767853519
2.30222686172823,1.95413828660688,0.984296057955858,1.4966446994981
2.615867251414,2.86130365868256,1.0298458681902,1.47710013279696
2.84945615709715,2.81776135566227,1.05275484179934,1.51132810829417
1.45831916936901,1.23064883984343,1.24441602962008,1.8663426465077
2.22375714883935,2.70219805279051,1.06937369815008,1.38476845865722
1.82615240968668,2.659969018643,0.822168650833744,1.59575214367532
3.40317256426418,1.49989528108872,1.43785094635155,1.90349448825468
1.50051249796275,2.51229168086592,0.852543119625647,1.79045959034991
1.31304823241779,1.9404853713629,0.7695678518913,1.65058477623681
2.79482858845409,1.56875391715173,1.68900017745373,2.16028405606766
2.77965337424416,1.64373703878691,0.877393674894962,1.5087375664533
2.06541926673057,2.1217906388767,1.10071580905952,1.55831835870882
2.36904579489326,2.29556304717438,0.920685441509558,1.50789022530083
2.5620331902166,1.96120513832728,0.985802084520945,1.45151006041222
2.10548483563433,1.8873352144752,0.825930008094823,1.45121325301973
2.59592578996342,1.8101512575734,0.854833044247489,1.24934920743123
1.79501014839533,1.52368933785675,1.2795757562448,2.0781684230208
2.60591734513199,2.06152257321808,1.01999064850779,1.40707391211096
3.00503448714541,1.95466473641611,1.03682088684678,1.49578191490311
3.04191618186402,1.59264584443696,0.954952457051709,1.60069280808895
2.59746751500898,1.7614538082146,1.23805322820142,1.36991725922407
2.89327892966729,1.86130957252884,1.34918190327887,1.14291590959429
2.10436750797277,2.53111439713039,0.988459386871404,2.78734196208705
2.88415561861066,1.82099081908474,1.55726589225289,1.46726346007778
1.95891420467989,2.11577377693628,0.802126047782148,2.02376426793228
3.18717447073784,1.88745226780428,2.05312512316734,1.4026777569381
2.88608269838968,1.59487836831829,1.86542242345316,1.64243292841886
2.23745309919174,2.36366097189139,0.656249514327696,1.66659549683301
2.33746308966477,2.34651604606296,0.939160080844748,1.47898979074482
1.42106676790539,2.1635683331244,1.19665305145673,1.33979648445175
2.17984517470817,2.38014015806023,0.844163537983211,1.443878681474
1.70996673980396,2.39456432713709,0.983727818822925,2.1328273815359
3.04936155120395,2.06474771840471,0.690365620889403,1.56328850100715
2.67793014973079,2.08421317846393,0.970978875387503,1.89838655568915
2.28198036241788,2.8209603561674,1.15528810235606,1.87890119417027
1.91532029524415,1.50953055766502,0.827491194016031,1.70261769947386
1.74951708609658,1.79350484435011,0.746856453430624,1.83151794682793
2.32232460907542,1.89410321101257,1.11789223610462,1.59113182598241
1.41354241937538,1.96456429586271,1.0316917237979,2.15653706214098
3.09447419634802,2.15243671846654,1.9430474822806,1.64107157381024
2.16796960091338,1.78987381439073,1.21429247758073,1.75350814362393
2.32254610995924,2.59379665903306,1.7957148320474,1.4864610948705
2.34482528234239,1.32515423127185,0.834085753443486,2.00717193225968
2.03619288077717,1.59670089306928,1.05337519291918,2.03364276674033
3.29017838328508,2.43140068335584,1.72316129795141,1.49025661033148
1.83196066744288,1.60730550780451,0.78048856566502,1.49950182819871
1.75937125986274,1.89092256443968,0.704832644461647,2.20883155879992
2.02880255027489,1.87478081917883,0.990425668180381,1.90438657047911
2.04370121320417,1.95317293818038,0.766958514309982,1.79658578207292
1.74125280018035,2.0709215103518,1.26033805029637,1.45883639176883
1.9378330335063,1.85953989640018,1.00545853893655,2.00868333044118
1.91261516193849,2.24607582899462,1.03215626497258,2.21836286891676
1.45564448950941,1.64020807709436,1.40108821940983,2.1766647114586
2.55362419454127,2.34914735913254,1.51828897577553,1.46087422561235
2.48364692330045,1.79826098803784,0.897871372518231,1.70039459868759
1.9395196182435,2.16224409320668,0.729020703141354,1.64519805353259
2.31187345592222,1.84105097623372,0.826588154121027,1.89278931373757
2.32948621321036,1.92035461878992,0.798273261541003,2.16981390264601
2.00587832009125,2.34360367088861,0.856765201223741,1.65245519736208
2.85762111666991,1.4571258716143,1.26169755970831,1.67895061162694
3.09818396040903,1.48496560052312,0.985111364090383,2.04027503996014
2.11633748104034,2.71772557114058,1.40988270770066,1.3980895525901
1.6035017241817,1.8034276945428,1.31047084673621,2.08871374727676
3.15891218696045,2.32142058607923,1.19998175666366,1.90851931112617
2.44006214371038,1.88794746508732,1.20817647889483,1.28612650792267
1.67327872221757,2.62689052359055,0.968471474250329,2.10974608185803
1.82061203877544,2.53388170370575,0.823556750269562,2.24839734050492
2.01973527370812,2.56786208408447,0.853246999751086,1.78633013956152
2.40509781023037,1.64534423379507,0.849658127915254,1.5471522766553
2.21762265864454,2.36213344065225,1.10721435704825,2.00397213442801
2.1820746666418,1.81651912932213,1.23388363058159,1.99747916882357
3.93190363854773,2.63523588702424,1.6389645226953,2.32289752411031
1.87656731280544,1.5612950346946,1.09477663938894,1.91381531592414
1.44080387028446,2.18698797053704,0.940035830286729,1.52763510863627
3.60346168556243,1.96747310088295,1.23570772746069,1.82462399548747
1.73456602549249,1.81479154524841,1.26731128400428,1.45811907451077
2.38945158149586,1.68621642206504,0.973880597516691,1.31947265338773
1.8852784930778,2.05950442885452,1.33686032981761,2.1788429192742
2.30497903119572,2.02609626697478,1.65610385962278,2.01814513032514
2.37258745849689,2.06277459449772,1.23888375255198,2.04767808729772
2.05934293252111,2.03156258414633,0.922379424245475,1.62571799196063
2.20027604938023,2.18378505429498,0.852815058991997,2.10169088024459
2.10515752386181,2.26750615866693,0.95674503763097,1.96327319462779
2.44913771802241,2.05393553385672,1.00088370838815,1.65787941893478
2.23056718765868,1.92184346378701,0.855352828812707,1.63134136803363
1.84819879718933,1.61434754497936,1.05317297953675,1.45132152514668
2.18364845816115,1.81300417386755,1.1213089577473,1.82141217943612
1.58290055162236,2.08177649937708,0.870335691075674,1.58423002043892
1.83228715272357,2.07568273276671,1.47495782262337,1.82660858208588
2.53275448894946,2.23790524961986,1.16866942898739,1.85831053794999
2.35897868688706,2.16594311592547,1.01351153963063,1.71933895774808
1.98063701907817,2.01233550889641,1.18246189713988,1.49917506305463
2.23724376955717,2.3730198348606,1.25387296965195,1.31838948429313
2.09865087118489,1.42560250829776,0.840006810958832,1.87146551072545
1.82222295345045,2.14934740867797,1.52146027533763,1.67732125735175
2.63750222724722,2.14899994247497,0.968876494727852,2.06628006373568
2.91973974986505,1.7543772829787,1.34288728420162,1.73676629464141
2.80500690321429,1.45580024225115,1.58008009221192,1.76891266272792
2.47180226801596,1.65341423169903,1.5958419004275,1.52059525416282
1.83256866613757,1.81621159109761,1.43639418411668,1.44521399616998
1.82998507085577,2.05290401887919,0.820994331622765,2.1425187097591
2.19763098722716,1.8224545393305,1.05629695303005,1.30302116618062
2.13344881499295,2.14121049251584,0.777309461189841,1.77727890011342
2.38582004203891,2.16504063303571,1.0458226245455,1.6575247683539
2.80028303981231,1.68522787754222,1.05417471107462,2.0835610568845
2.45685394799352,2.20365459073807,1.62128926569253,1.97261972893155
3.11934446178404,1.62446489878811,1.73540686920135,1.56564416119803
2.97198626312285,1.77422884642598,1.65913110465301,1.60236615965941
3.02194023254507,1.80014007844808,1.67560658086787,1.63025931048436
2.93883626939136,1.9478553999032,1.32480040196371,1.58322383360796
1.81066307187178,2.07350907732096,0.892250735159896,1.48611945962561
2.28103893647574,2.20049228729501,1.27827590363231,2.12538062974161
2.31231035885356,1.79837650133103,1.3436239329123,2.20665541259941
2.49841436006387,2.03008803589672,0.906920764130535,1.87191934023519
2.33626994909298,1.50882205151046,1.0339366963285,2.04676912959503
2.41975911071336,2.58424177197096,1.32159282470739,1.58831945427063
2.0994242742897,2.06904449295381,1.15971687423798,1.64595338179001
2.21638798535543,2.06366801727094,1.12980079052169,1.68252097538082
1.88646494886131,1.57332291037496,1.05207614997339,1.50981836890652
2.1765357872678,1.70634407546712,0.972965647565067,2.41658698113049
2.28132782949616,1.73259455409443,0.84793017603421,2.24259179324147
1.66953572840995,2.12451883176032,1.12120713401878,1.41562386063601
2.13113406561491,2.18734904014604,1.30454174234292,2.22240298092707
2.30361893799693,1.73310275383473,1.58697164747249,1.68645415814286
2.52839320939991,1.76830985429708,1.09517319111908,1.59377992313155
2.02675239417836,2.0684939580225,1.1955160522369,1.35269094701935
2.10003286094658,1.71961672898453,1.16943950915033,2.18052242265172
2.53038690784031,1.9691438279913,0.94122420170681,1.30552927889971
2.8722970879386,1.77890032194679,1.28005786605227,1.35242014242106
2.93908502080597,1.90612189201483,1.1078451297936,1.61996463490544
2.916839478544,1.37732807323445,1.27693106744589,1.57232757874598
2.00187834391133,2.24946557789986,0.889060984704314,1.90839128286763
2.34139812292161,1.42627668310904,0.975231321180648,1.74344432830988
3.69685581617541,2.27933253466749,1.18824561971735,1.31943660961673
3.26872746972392,2.19133956572288,1.33935941196045,1.28653740285982
2.22830374704838,2.24198353458925,1.10728599878154,2.0440218842946
1.86538900066261,1.70271477809537,0.810802752379329,1.85583236420417
2.16613289924324,1.65835426978801,0.94865948194111,1.74784688150177
2.80667730358619,1.75578061289533,1.28330556711392,1.69259038668491
2.86891856022682,1.74987067954518,1.15752452756608,1.63321819128764
2.58562176676978,1.80207825338629,1.21866337621832,1.68372995304062
2.10128221438426,2.38017974488419,0.685209945806382,2.10284347816848
3.02815955230254,1.65413275802111,2.72579046290436,1.44401467113108
2.40556164428147,1.88447080375231,1.97807049164072,1.63829012907096
2.54977218196102,2.16115055176642,0.604161824731117,1.68370594868327
2.01426050437636,1.7804473529811,0.67070127803127,1.78864070538014
1.8897640548396,1.88111667945914,1.14326762277402,1.83210157659655
2.01154932363074,1.56887301980754,1.17989174347968,1.61986307770189
1.87425156008086,1.83620910974103,0.798970072253007,1.92219743004832
2.14239702955157,1.81992451189034,1.16128199382559,1.18431579630877
2.23198838395641,1.69338877732354,1.1733659409375,1.96973974095145
1.87128338460953,1.97344125198095,1.41326418993175,1.37613772324911
2.55190297625651,1.95772264059953,1.43512301486443,1.71399916553222
2.30683358581225,2.56856120389283,1.21585812020772,1.56997058797947
1.70434573021432,2.75878836380082,1.00923278817407,1.80541866646554
2.65666350041635,1.5952071120461,1.08378893093569,2.34693607677225
2.25847463565699,2.01954970580198,0.993947149055559,2.33916814541124
1.58005692631492,1.69777462130685,1.38151506550896,2.26651660276601
1.88451070158144,1.63948042334633,1.60790801871028,2.60930389942189
2.41584483202865,2.21489507108592,0.668575956762145,1.53895767079421
2.25203238684085,1.73627164690969,1.87929201156964,2.02373800805697
1.7997252447373,2.40699292931033,0.758028857661765,1.89718693559354
1.44890414212993,2.70792786996437,1.27652601596512,1.84362251270175
1.85946808353074,2.92018038811341,0.868678664350718,1.9472192603623
2.85558650969711,1.63639014372255,1.29053744858203,1.77433033390517
2.16832895700216,1.66045195635695,1.10431232768875,1.4786233078272
2.93642733910892,2.14322379983178,1.13530049330419,1.50898712054767
2.06686191403808,1.70772109207958,1.09806229140378,1.70710998887874
1.8780779809704,1.81751757291011,1.02411677892482,1.75455473244278
2.95278564022209,2.26043621381952,1.65875513047721,1.85184743537355
2.4935976040703,2.08174541767415,0.997586147169401,2.03320698887073
2.41704191968278,2.0507493958826,1.46113132440784,1.45712227479015
2.27473200644411,1.92219805649074,0.906072663730242,1.49032117591907
2.00113362369153,2.41926424218852,1.27041209575922,1.78279542379561
2.22047525189398,2.38486108984928,1.23860516541237,2.04040035195183
1.91105550729877,2.08599582108947,1.03745213890883,1.52030286489894
1.89419168325265,1.98652778042328,1.00542160811727,1.77348521097681
1.89264107404988,1.83330534294316,0.904225858136627,1.30054751502365
2.21102218733023,2.08779821062868,1.18737881302639,2.2027930745009
1.52247020237743,1.7567953724073,1.08946323601243,2.06081167742867
1.80253941807043,2.44218492870589,1.1408995320559,1.92652231731181
2.07766499530822,1.65969540098385,1.32850848511304,1.84761414142318
2.37678919910865,2.24999608770053,1.08779983833652,1.70109941855117
2.46182436640794,1.82685686567245,0.86520797855529,1.88413557333264
2.20484815055598,2.52289526239444,1.13069030941981,1.48822123627681
2.57338922252917,1.97421471402633,1.01837814308582,1.84627114161338
2.39096547958239,2.031607926488,0.868232566425997,1.51993682123852
1.99717128657228,1.87130271007089,1.43845238079397,1.8634806578939
1.99723673275673,2.22641442810425,0.730345604702687,1.21613774617628
1.77772910236714,1.67407233863125,0.911550109732518,1.92767779722182
3.35403808638632,2.3894013626615,1.1804440021916,1.37861015531329
3.28330403659482,2.24895860907916,1.24707515128085,1.59511834593473
1.80636163572204,1.84269345997085,1.18803957681487,2.16477442179972
1.84570410709737,1.71305110730081,1.25404981009676,1.95442156443169
1.67243494146417,1.97936813447178,0.728954365960759,1.82340091652383
1.66472049330092,1.88771038208929,0.852607302590843,1.68731636185729
1.4230402840057,1.7172894374284,0.958201780290084,1.90709622672407
1.84705571008113,1.42137227504965,1.1322289568391,1.66690841042391
2.50783368124428,1.56753717728802,0.995889837880244,1.46880444391439
2.59761096458257,1.95480988352527,0.918745193636935,1.42774658221251
2.61199407353171,1.72568786480677,1.03603387422574,1.48490643808019
2.01105007687456,2.26446928274361,0.710622378317258,1.79161580661969
1.978073665547,1.59415578876822,1.04617613042317,1.50502905824603
1.96554726863468,2.05963619608375,1.35532173149161,2.13566112837344
2.84707259563463,1.55145748700873,1.10946283995569,1.55708093931807
2.81936194232681,1.80293418477967,2.250854839389,1.83161748896063
2.36283938931426,1.66594715461399,1.64786102393485,1.65462124719595
1.72497886394198,2.02657898645138,0.616332648734928,1.70317345386561
1.55267548781872,1.94110399296199,0.84419023068395,1.61425765231387
2.0326128250174,2.35764156619269,0.740363330595622,1.37332197696033
1.72639033776996,2.49725856447221,0.939973728539244,1.53087311082045
2.16858929987298,2.23700859700679,0.892297348872639,1.80688510770237
2.4130258269972,2.13477745492866,1.20075351931472,1.58137158625797
1.87637884712532,1.63309251632063,1.51770175323754,1.79387287205516
2.30460391378545,2.23123208146907,0.846931794091981,1.47442541433507
1.87069484587051,1.6989027838412,0.850458496062876,2.04993192276093
2.10767693883244,1.82797423463079,1.01074807559526,1.04682895748104
2.57924812737629,1.99837478662911,1.38179696877867,2.48688646816611
1.87775462313151,1.59648737225116,1.09497478562494,1.43762776551285
3.69686974778378,2.31018271589795,1.09626820189066,1.93943275581913
1.54429112108917,1.99797214869026,0.946084858580396,1.87245896333818
1.57398065534547,1.96224388829019,1.12461829746851,1.32139278989071
1.55380521166362,1.90795313078772,1.24566703817891,2.18428026479211
2.58517490359655,1.79285630303913,1.50135640785381,2.21528613996857
2.37138534611503,1.54471381521072,0.96352041435399,1.77196757372185
2.80073002687257,1.66509633081501,1.07860194896672,1.14236654586324
2.86262518757456,1.54712723166204,0.982004870012485,1.18609138453286
1.24068174129639,2.64450111549591,1.04785311538239,2.12928070884415
3.02723860547971,1.78425172283523,1.18335015511906,1.54509904269461
1.9616952944018,2.24892259368923,0.979092827993362,1.7867343789616
1.96703956475151,1.93260143357963,1.00886918317614,1.63564044847423
2.10481607327565,2.0208911937189,1.01980733785085,1.56131813257458
3.08105983754712,1.6342557900709,1.25704468009694,1.94058221388251
2.29561471473616,2.32303674018265,1.10763340326655,1.38564153749072
1.99960454010487,2.41146534403028,1.14502520843,2.03051488482823
2.6759592554068,1.62205126997478,0.70260974738773,1.4206646191787
2.36317700925881,1.70534481181867,0.831845061213402,1.35966314725284
2.83711813278214,1.75967320971682,0.859050411849821,1.39383308309512
3.10403002773659,2.14251080902326,0.793169044753817,1.2562260597427
2.07286254522025,1.70799879777235,1.23718554833174,2.32357749783449
1.78462958497068,2.00698386098638,0.979020867553398,1.49706279570381
2.26707783125493,1.91787333228553,0.938059997229326,1.9143955722772
1.48978579311848,1.92526249441191,0.997124027381967,1.97106983179384
1.4493049330831,1.95770815834941,0.881768900380717,1.56575286222627
2.70929713171492,1.89238999274381,1.00627835895622,1.90760661580208
2.85214172043716,2.11573338825437,1.16769761841668,1.93143648712694
2.03285677565178,2.18160615030464,0.971371107956543,1.60559688547016
1.6286335123433,2.41799492334356,1.24125693338051,1.5514829521729
1.91973102134582,2.03601046167943,1.13713677795463,1.70790553336692
2.21672474036972,2.18902168512981,0.863514710944923,2.01822799323493
1.69237031092316,2.27500853282023,1.23121291286433,1.5337500859587
2.69310930334335,1.63048895484485,1.24183718949275,1.48932654974819
2.22298262397057,2.22773455554086,1.05330202645763,1.79146443383123
1.91033694078551,2.07932670202407,1.00004715900145,1.62474506931461
2.15160795829335,2.11032633058514,1.17243883523891,1.53258927937296
3.55836874331323,2.46180847341305,1.22294931070868,1.58118442170747
2.30181352315733,1.86832732778627,0.895128393311326,2.17610915863669
1.81073484118814,2.31894836617197,1.20459823322854,1.48737442840986
2.50785747195528,2.05971579909299,0.930424797983046,1.66990127215865
1.55197805385134,2.25102652649263,0.918919213892791,1.68990252557232
3.59728238470507,2.03284805777158,1.47139628873537,1.72828262664411
2.43142742588397,2.31395623996801,1.49154302710835,1.43640054353657
2.03670220502238,2.25487328231712,1.00894454046919,1.39500483035731
1.57519477986874,1.91487956005467,1.14751294898527,1.62025079230476
2.56582123186726,2.03944446186453,0.794518429855207,1.50784085384611
1.55028843921485,2.00341669368242,1.03258541967785,1.46588218661632
3.18455528091227,2.34599442649561,0.945592069553014,1.87221722049676
1.63806272346391,2.37927944356076,0.961771447581957,1.07249212075082
1.39481425947128,1.55647047139859,1.04360157835275,1.74148321059712
2.32100645674417,2.09174207853033,1.03647287888179,1.60266154013853
4.28284405245845,1.6618357230916,1.06217604237893,1.95193171313337
1.93888208353825,1.48283410916747,1.12349287278354,1.46627013946932
1.8921723330684,1.47658373018429,1.09374546912211,1.61289377422763
2.43075589474411,1.59277083684066,1.48883163296739,2.03680971974639
2.28436314971728,2.1441502603998,1.44784383743341,1.58249014352151
2.39113946585214,2.11039646897035,1.42680594414303,1.62245069621874
2.63024748107782,2.40336100520182,1.61377530799485,1.79971420558106
1.66539765792756,1.65157669870911,0.862684819052539,1.6723216269374
2.05862576961874,1.68043387551341,1.41907915725228,1.90702959010808
2.95109605988656,2.43127333329475,0.929744165234015,1.66386635075526
2.17672126057585,1.5140062517864,1.72693039290713,1.32823030221211
2.92153609185346,1.77836049715523,1.67484923290854,1.87228010761815
2.22069051554035,2.16926701393602,1.40846994262486,1.40969010241886
2.72881845114981,2.20039245042275,1.37746989741834,1.57011385003987
1.69948953405541,2.05347913909908,1.51876312380356,1.62197466861358
2.11489981543218,1.78288770555132,0.573189034804929,2.17623028918035
1.73277621835233,2.40764985305104,1.18374535695253,1.44254304415762
3.76379409219317,2.03942297684769,0.769538377817145,1.92602984494564
2.48860985456176,2.1285056120005,1.20599137314375,2.34045656205646
2.19926396731844,1.68548675897747,1.80492546735935,2.02691597419172
3.04845507259241,1.86080626274099,0.871977231387221,1.41755171551101
2.6000306540926,1.96248656720069,1.63651238175183,1.70482991078226
2.36077094712069,1.53571935876101,1.72587816706951,1.62194410413747
2.30844378835632,2.01805797992502,1.13599417842151,1.97209718113627
2.1055454498439,1.92041711450664,1.02381820111113,1.8355398742112
2.26314617168295,1.50093404415092,1.11978936661225,1.44159440255655
1.563780485129,1.95995083971996,0.882284790762635,1.91585925441176
1.51434961321007,1.94329173927597,1.13960476421087,1.88303444780512
1.5232088447803,1.91927265680274,1.15848845248779,1.85375255125439
3.21039055091074,2.11114369369217,1.18614308153242,1.68244090021818
1.72875444088427,1.8192983812769,1.04151297692041,1.90380076685126
2.71040311929011,2.24567716454346,0.90494939742577,2.0165888029147
2.48206139841491,1.71210983578845,0.835393500596804,2.03681599990586
2.49181836946005,1.78939651715489,0.780134890588812,2.09057125167606
2.1753092106368,1.60417528806058,0.748516567529329,2.1431774751072
1.78581006505515,1.67862045893398,0.706123255371812,2.22136795049975
2.17736470129312,2.32181214954529,1.59928482255425,1.26086798948425
3.0877943976802,2.09357460390494,1.86031994201879,1.11803219939738
1.9990265157289,2.47088876376256,1.09220171868805,1.12529557830475
2.14502994038585,2.52595011769931,1.00907760096893,1.06676870406471
2.48358492201357,1.94958609641243,1.11288208907379,2.54766555800817
2.16997202711874,2.35726561585231,0.915861080495849,1.19238396384621
2.21591269064063,1.51928878861118,1.83772716232697,1.97660872185547
2.6163459422128,2.70757776356657,0.71468101004192,1.44217805593717
1.97416398390742,1.60926583231749,1.2988169945512,1.9781563565494
1.69497502466559,2.25842798049748,0.691726437991765,1.31814017316229
2.3423732039378,2.30641384959475,1.1129300049026,1.74271789719003
2.35326601527544,1.90722496774114,1.21127416583857,2.22340012916799
3.07555548750911,1.91482992825634,1.22178929889288,1.62284811283945
2.77783537850097,1.88461922010518,1.20432440959725,1.59417220064108
1.93819369737007,2.20327643380289,1.25693905389292,1.85376789347726
2.32322197190591,2.51514501301659,1.14374526485381,1.67159528429351
2.23738220551174,2.27330816150139,0.953644693711808,1.92145512861755
2.04765725388235,2.55513690354349,1.04565422420996,1.19924110022824
1.77259977379144,2.16464287793717,1.01533339620935,1.45032449584279
2.60045769932247,2.48365258578013,1.01363204846485,1.45618854674674
1.69632194995126,2.21981168225097,1.22442652678686,1.9651562555987
1.79251085839264,2.29788477105659,1.41869296893901,2.01721291223987
1.56963654064278,2.07437177502568,1.48562926626565,2.26879101508787
2.16043122127396,2.30158525711258,1.23489359986559,1.75430435255632
1.86104079999195,2.38611178253145,1.03325561580004,1.92172856540201
2.48056534624727,2.08989971306502,0.786331010331035,1.64841901124207
2.17672213182429,2.0014167720846,1.45725944083421,1.63168738455327
1.39442050630659,1.53094558740678,1.11063996626459,1.6224644156246
1.97496103778229,3.12684685007593,0.966952692597151,1.66886848730021
1.87311255445379,1.41790915077629,0.885788262618674,1.58294571671037
2.0837656825681,2.03216207258081,0.919291250426538,1.17099461939093
1.56123808080099,1.5795270827583,1.12604877301784,2.2270793373555
2.38444012290099,2.48392800270952,1.0005656011411,1.8069745377563
2.03930158599006,2.50007366851962,0.790676436209558,2.18373401575916
2.29451320560199,2.37864600103954,1.42704927584187,1.99643515865356
2.87677881623808,1.36601562211781,1.37578826526283,1.46544135695253
2.77874829858978,2.21435282535952,0.833040374423115,1.37217000918303
2.73831810632413,2.0166360468789,0.988921850370222,1.32313337348542
2.25842770809926,1.95961842905623,1.1195236230353,2.25289859907285
2.18641996241415,1.69213785926252,0.999614292318188,1.89863442372813
3.13530710674037,2.16118184784546,1.63313618642636,1.425568307062
1.96530968036436,1.72938374577868,0.779814173633847,2.0026165615629
2.05289911032498,2.09368263042665,1.39715096858666,1.31022156086182
2.07302448521644,1.96569765876571,0.98818964885067,2.13235325781448
2.04641309026518,1.89131279238033,1.22245800985583,1.56910777555048
2.82821239706456,1.75841013776067,1.61466751802177,1.89341292975101
1.27192482941739,1.77665200825532,0.816853892440253,1.47260820621555
1.76501537616114,1.88092502616179,1.02577441266451,1.96736825076541
3.67326307983916,1.91369654810315,1.42370204669644,1.43605388539397
2.7697023882096,1.74085471959827,1.54344414811403,1.63210881222757
2.66736661139769,1.77638399624294,1.52290695269439,1.57327136874681
2.37213539580091,2.53694961247293,1.09844943787315,1.85436931373347
2.49979613912671,1.75955558986481,0.961663280502129,1.54096348496525
1.82306062429136,1.79131930231104,1.04045828458698,1.55763507703032
2.26464969345773,2.1881726090915,0.96262709538286,1.83475463510201
2.66816294596785,1.40078097257182,0.95791108564227,2.40649000879479
2.46535845408518,1.54956843981305,0.840549231144347,2.73039739127109
2.46811855036439,1.61346420713009,0.869482441147163,2.73623323264344
2.59931877302224,1.47291956719213,0.934586123932774,2.17539297636582
2.11591900989603,2.19340172707522,0.961186227918763,1.45362196444102
1.66688980301138,1.60931685307252,1.46018744739645,1.39412145521658
2.60884787713605,2.46472232049036,0.730019886571754,2.14058093142335
1.93395940391135,2.10521386969026,1.09206957453774,1.52872991503466
2.44630662679508,1.83185114506067,1.19708039276744,1.87875623620729
2.18931850808038,1.88590195929883,1.44611985638713,1.83009446334136
1.54048446400643,2.25232808199491,1.62240231799577,1.53406336392459
2.61457689197515,1.67344297419503,1.27473445587085,1.68945231898462
2.89526098089233,1.64962431371478,1.14345746746479,2.04513578256625
2.38979862133335,1.90425150369829,1.03949193275896,2.51550530387423
2.83645784735044,1.83253462967819,1.57824485934212,1.98326134774134
2.88762355454267,2.06807266167851,1.37223828899763,1.89771040568327
2.70018564765344,2.22658857410534,1.35979326553384,1.39167598974449
2.96219823455345,1.80385274491038,1.10414580905343,1.26395288844076
2.89656691469799,2.19873054675524,1.03227488351496,1.22838991452777
2.6985953522111,1.69803492917761,1.34417269445635,1.8917876426071
2.73978633655485,1.91828094001987,1.8502646980856,1.45813836970693
2.15686243738909,2.00618197254118,1.70074069427162,1.47648507618432
3.87400407275883,1.59934674206885,3.32754266439828,2.31465666781907
4.18131134391484,1.64200195052465,0.91873241891223,1.73616578975473
1.33877924809639,1.84954084716546,0.927231687400737,1.32291753199738
3.13962299709726,1.89456838544499,0.983101139100197,1.87601424655309
2.0762774734227,1.4908724864801,1.33093311542601,1.66694355523887
2.50412931739279,2.0122887357589,1.23693311449082,1.72292023534803
2.0976673874628,1.58444460497499,1.43611027154092,2.59554892448903
2.42795406087067,2.01326654791114,1.2525723758669,2.37651633638892
1.89612654097238,2.19318296009996,1.10922380452754,1.66553847555147
2.31038820704012,2.56159463736225,0.766988406231831,1.56210193640553
2.32435160288422,2.45770979608169,0.788292389976234,1.85103910745169
2.08570972974815,1.77874489210494,1.76802906661529,1.9112496890295
2.13521691739692,1.66294979859532,1.76435550556437,1.76080991474632
1.86772110180609,2.07038284706306,1.93605588067203,1.47339039355782
1.67029617589795,1.73050626270614,1.89931056400283,1.55106390829189
1.58138654616147,1.72711531962917,2.08763469091827,1.61264050723903
1.38928615191948,1.49301217813173,1.04300793928733,2.01008395716652
2.47185924669609,1.80020801281525,0.770845178945914,1.78441281798352
1.40051218092066,1.59793398844658,1.18679727229179,1.29784917188193
1.50783954890025,1.59049858324558,1.05056842454406,1.37181462017768
3.54017822467505,2.52116546719556,1.38889278218719,1.99340443057037
1.9686049870668,1.98838899775223,1.27708643444187,2.12542101066247
2.3622089301518,1.7061469718286,1.2654644377651,1.45837165845126
2.63919569892907,1.93709977447235,1.30070541793145,1.98805068709602
2.43494092898609,2.00861976191242,0.948613476590417,1.62711964472491
1.76605622704691,1.73986920243776,0.721166946186123,1.57663944002262
1.46749397897859,1.78522756482255,0.642324025612503,1.70108446409227
2.89882162419891,1.52812156479397,1.36395538408253,1.74579863786012
2.93007099188587,3.20589059802868,0.809566680898675,1.42277307241522
2.65924767961438,1.61224836314164,0.844430990347499,1.35173985454688
1.37268654874909,2.10510425189616,1.02838743971247,2.34170743354366
2.31491020485705,1.72022746496066,0.829934585903659,1.90452839671289
2.00917039021001,2.62252169173452,1.51861734408321,1.48894773715689
3.61742156878685,1.80556575388728,0.886534152453191,1.5292800156432
3.50238414641012,1.83865421860435,0.827506947989428,1.55868971070223
2.16102817384582,2.00504065236092,0.98920292867188,1.50762824422085
2.51102338675485,2.27830092509131,1.97938047812161,1.76556346400133
1.93093549744984,2.20831245302338,2.21095814133013,1.92463031429378
2.2261992255905,1.66851141164303,0.594699275943894,1.34744132189644
2.93381116186574,1.554907096565,0.7995387031966,1.29540305079257
2.68104362582822,2.00458631453785,1.34217148840813,1.94583383988666
1.71860666184674,1.99022655092447,1.44049889345885,1.74727445023066
2.68687751991517,2.03638835411347,0.888852901100558,1.77796686152116
1.38108926331311,1.77820251043429,0.943967049338042,1.6167371999394
2.21236227099749,1.69524063136919,0.802363776762128,1.78220238053453
1.92310879981956,1.85466899770786,0.693505917700125,1.35440360725673
2.06165344896657,1.71570109257896,0.968884124684838,1.32198521966835
2.52730740195748,2.56482531623115,0.762573165420238,1.4993812693836
2.37077542386068,1.63525532318004,1.70320847087309,2.45373066913521
2.48104638150948,1.64346262097121,1.92544351252743,2.40812168231091
2.51648370669907,1.71084431097525,1.99343691839042,2.26572286900194
2.19545505036018,2.07822690424166,1.2348879869335,1.85376936713411
3.26071900750652,2.22407092485168,1.40459396779836,1.45440048885652
2.55067152309191,1.93786504658216,1.32171566244294,1.33604097725519
3.00825623330393,2.59817335853348,1.21272837774067,1.78944466735286
1.80121383792391,1.58136373995354,1.08124383648312,1.70420295850535
2.69786777315909,1.99907663857542,1.11246002393671,1.63439346405186
1.74347666302059,2.59587815118796,0.73180499805052,1.74423282278747
1.81399148531285,1.93737019223082,1.0402059003829,1.90942679198624
2.16144203966322,1.61642730361292,0.759737706374787,2.02264557062712
2.22728768567678,2.20168826374035,1.41992991374481,1.72861136564646
2.29058940897726,2.21398566616253,1.27511181805382,1.75568208093683
1.96079010676514,2.04599959185226,1.1688162207258,1.71679169093066
2.88491714994656,2.29189654146001,1.65378055218572,1.61462975473436
1.4216980410974,1.62025856259669,0.948973027185877,1.48891305531658
2.33861169936128,2.07510712234958,0.81000769995982,2.02192703505137
2.3461304113303,1.95370015953731,0.78504290408586,2.05135150258499
2.56086462328104,2.05668766826316,0.931973949524647,2.12866706003371
2.48797392217636,1.80911852824643,1.05565889463345,1.48813673564977
1.89398583650957,1.92402893525273,1.10621164679721,2.0355726565707
2.46891446717297,1.80830228866146,0.901642858684993,1.87811127561742
2.18119003363641,2.0087511091348,1.72065587650013,1.50941581252537
3.15917483026162,2.16088436488793,0.834667729238919,1.52180213973199
1.73199695953592,2.40988838300131,1.25061780824108,1.59611827799046
1.92404238642087,2.35811373684596,1.00844554665149,1.70525164388369
1.80366773924589,1.46720834162229,1.05994867526809,2.26893433078444
2.58709925484672,2.78372182649589,1.64164939253246,2.07473503679611
2.06374303217539,2.27824051767903,0.794119845288508,1.44982501851722
2.49329185276967,2.62752014035347,1.07170094817016,1.99939665735798
1.961936313858,1.49647962985219,1.04348911300749,1.26026261764711
2.53008013177975,2.02102698738016,1.42395647769875,2.09837800658436
2.7065330320204,1.9543262585275,1.14287767511421,1.93713188313724
1.94337253499306,1.7904631055811,1.33472818308915,1.58022090709374
2.0859598737032,2.49450083301184,1.11671335944546,1.60775562954705
1.74370409605519,1.70053980452628,0.863705773193517,1.50496586241775
1.86932957156632,1.84502712453138,0.888380335250051,1.9643366283335
2.17028993482198,1.95776748933072,0.847339169452092,1.57320037453009
2.2612744560383,2.05793321650427,1.14555523666343,1.27414270211246
2.15909747116852,2.12669899976351,0.860572210788016,1.54790663773845
1.44409579665015,1.6257216726198,0.733428025565088,2.02094515644981
2.86694696588262,1.96189973170644,1.47498422955142,2.11700913006233
1.81297452193034,1.93575890037251,1.19361294772095,1.912027251366
2.10546928382062,1.92983396616819,1.24924482230528,1.92490825806579
2.40955244089906,1.6078965346571,1.14868031459297,1.99730945919743
2.51553450784365,2.10520509447632,1.57823497883179,2.48793877021102
2.07439120094973,2.00702082515088,1.46130507523596,2.03979598941715
2.70721730760692,1.97572213984089,0.77395820462716,1.69714814361732
2.1070465243044,1.45853660501063,1.16777750884506,1.8608752163912
2.16570256697414,2.40002939769091,1.11430264479648,1.47000019543964
2.0088265513509,1.80555875063295,0.900598263746742,1.60597934267234
2.07860247693342,2.0053593466088,1.335066454554,1.45933735682495
2.01507559603875,2.70668460041617,1.26178007863508,1.22541900685803
2.05005385679398,1.64145226017555,1.03115874097009,2.38249951456995
1.93042063296379,1.57279529984546,0.970131072757842,2.11154414319398
1.89145276537673,1.68511484778099,0.867418562955407,1.98054843595559
2.33086857746292,2.26460844090334,0.823023546961275,2.13037424841641
1.66722740490289,1.71256493989984,0.829057559932948,1.55889054698798
2.68226399406475,2.13450651390846,1.19093020144761,1.75611639212929
2.0083836583414,2.18567693062524,1.44197638428467,1.62410714706066
2.30270695939595,2.37456440921768,0.869997001676844,1.95096285253803
2.21112458753531,2.16163068399412,0.962021149308644,1.49118507620211
1.89001210513024,2.4130283093321,0.856134719823259,1.37059628109849
1.73547903303609,2.10450102163546,1.02160261241658,1.61611737235091
2.42410926642019,2.0064102888572,0.971569623052953,2.54629081535375
1.70223636602835,2.08770201886297,1.11777930066179,1.47058665136034
2.60039731778215,1.37203383638921,1.01944980996157,1.4791328068236
3.07556033081151,2.60336192525695,1.23183517148879,1.62325413917184
1.83878016675342,1.69058914119209,1.48650153384694,1.84280207343669
2.47197873729429,2.60718313965038,1.0671896990394,1.87043441047574
2.04363369733096,1.50531897472357,0.846957934616057,1.56171920400086
2.59455633893017,1.88734980033295,0.863081612663004,1.76997930901129
2.85895477979501,1.77478679320125,1.32119427332131,1.46997196462474
2.74795435220799,2.03312033947608,1.14892448890971,1.7773542084514
1.65831723084911,1.44859880291691,0.954486890552789,1.32595202297688
1.83657533156583,1.63995158769747,0.920428153438015,1.60247849826609
2.61860942822484,2.18209484001278,1.51962189059995,1.84876988553758
1.61118776111947,1.64763758684406,1.41025443830164,1.56261880756116
2.47631059910572,2.34128057770388,0.687798798756916,1.94345356229066
2.24824103134068,2.21896266759055,0.738902941799584,1.71986157994169
2.44611012494965,2.61767576424397,1.17051212693432,1.53897561556444
2.39862625715755,2.69311078576724,1.31665719294521,1.40107691987047
2.53471760685925,2.3186793892372,1.37207034672856,1.41751915538279
2.43906246972337,1.60011454619217,1.02384001569608,2.136642688611
2.25190148769215,1.43824716761184,0.944855013414083,1.9352381575055
2.48509735439853,2.62945711157701,1.10740966748031,1.52854177756104
3.0967379803484,1.69703928467872,0.840192477930888,1.6240422275918
2.29971315759731,1.5689686183641,0.961006126240399,1.5081706134462
3.20011467909209,2.35593529939261,1.1901978692938,1.46058645149086
1.84627150964687,1.84559676555815,1.06205405534693,1.93029491641487
2.27816784368732,1.90412830505624,1.56543307143321,1.46566334012411
2.67545272791313,2.0126025757527,1.35463062426285,1.87925106023707
2.2322561254614,1.96040564761732,0.746534932529127,1.62514156905036
2.04945338597461,1.95988825753095,1.70550466754926,1.81332478618801
1.75865166866312,2.08490061923184,0.974522538264277,1.67297952010671
2.86682451699105,1.83497091246769,1.55476729308957,2.06666993474201
2.69675301720196,1.69924749897863,1.43063182344444,1.99790203343567
2.85549540527918,1.68241772923989,1.69771193416074,1.61064596092752
2.3610201072754,1.59149878389624,0.720977783781745,1.3865344327403
2.0449168703862,1.90861879021539,1.18169451590947,1.91381056374662
2.07236774743189,1.85865518799459,0.992766128752003,2.22614744742043
2.04898757319295,1.85406139489378,1.06570887382265,1.82524013680944
2.16450680853877,1.983380604702,1.49739235432484,1.71327613265823
2.6813941751005,1.33180330868345,1.02592376779351,1.39347749765517
1.90502816796013,2.98419504067493,0.940223989277996,2.09671994290828
2.29256088850879,2.32226561389809,1.40643540401483,1.79450306229462
2.69756168702302,2.78402989327612,0.79807549981794,2.0909271679304
1.77714323432355,2.00854017389439,1.21539524347734,1.59638022616444
1.65713761278978,2.31116726592504,0.928762456189418,1.32438854794352
1.8494929839704,2.05295216973771,1.29051013839446,1.81870439370468
2.434541837856,2.13318070231955,0.973174152332235,2.19966967609828
2.18177384749817,2.14964501731523,1.37468041795197,1.99794938564001
2.04266840246826,1.74349138565989,0.925716224234709,1.5657640270325
2.45491701075655,2.11019884240641,0.712102424175412,1.30469601870637
2.54623338937443,1.89343233423661,0.992559020356645,1.48461047916585
2.01383516733701,2.16438967847674,1.28387975462908,1.73672976339668
2.49948392883781,2.07297667467833,1.07038987111194,1.71642842479676
2.43332726024045,1.90262267280817,1.30042720622586,1.71202811715393
2.26789965315437,1.98604883328503,1.37410853134441,1.75480694679345
1.66894160068325,1.64309509651585,1.03199447962762,1.80604312994582
2.61987211798115,2.17976977475764,0.788012864980329,1.83445510232026
2.01954214116464,1.60332954361342,1.35454051723058,1.62752885005213
3.062000150931,2.21894981910596,1.58121303060475,1.36173581992524
2.60081171978371,1.97697740127523,1.35843134972813,1.39333752417469
1.91456816080099,1.61314664014426,0.652676352740134,1.74768820386839
1.95132448222337,1.84815555565632,0.731854165360889,1.46548999737514
1.59790367924038,1.95837935939406,0.802233678316935,1.554220668015
1.58224178761224,1.94231310673605,0.784494495874272,1.5732536223307
1.4653242550248,2.44633695622859,1.11481980020249,2.18069046674551
1.53051403077894,1.40429765742944,1.00537313712682,1.61990765522908
2.41504617670283,2.11270043217753,1.20404212695976,1.79245121849371
1.9315622568928,1.80102413568165,0.823732169356905,1.43602777746244
2.24448346672543,2.16035660660493,1.07252601410919,1.89522619691321
2.28107112587057,1.88024995639936,0.850736415402472,1.19697510360195
2.80208141851406,1.79944062053633,1.20292115596778,1.56973320924511
2.30197051883895,2.15073102641381,1.37551272842176,1.51889679254305
2.31542641398144,2.09936395320466,0.705981674667976,1.70486752068619
2.39811011715556,2.09798730564676,1.45539833997386,1.81010024298764
1.94454114389294,1.68864749902492,0.910209740548258,1.49494388850858
2.24622184225467,1.43868632930083,0.884891260721648,1.35570456638941
2.11506230135029,2.44785709954979,1.31167567282772,1.66173913812253
1.86830123553182,1.51314782622986,0.777706654809176,2.29707686258175
1.60083880084933,1.56459886635464,0.764302676748314,1.86766598747897
1.98950829532328,2.00537485861458,0.990319987989229,1.96246461218534
1.9767495335749,2.30443213540437,0.850434011959551,1.55934131413008
2.97214454081606,2.25735509523405,1.04087754711355,1.28445428080228
2.96467664989902,2.21872741408665,1.0681806825114,1.21908095766211
2.8013354208925,2.04113156592895,1.05755911021259,1.24240764481414
2.25688043227669,2.856751634299,1.36996946214464,1.62187354701551
1.86025390097607,1.63887683260131,1.12357691239052,1.94128919912407
2.71429278041742,2.11763816272378,1.01520474387773,1.84424509352723
1.77433212215142,1.64831677361604,0.797254773513401,1.52217572859452
2.05821651907729,1.91799633841714,0.914620931511274,1.61892344148646
1.84610097812131,1.67569241365818,0.982097693671145,1.73151137443082
2.19173278826655,1.42951414241287,0.910323306102594,1.72498259453647
1.89820235390145,1.69120954586512,1.12383136041211,2.05007336932291
2.4944917007512,2.32602039992654,1.21746785858578,1.66847388068854
2.55311088966124,2.7742623288828,1.10082703163957,1.5026390760514
2.5467908932014,1.4818294298089,1.4695425211604,1.79564076147611
3.7030415340971,2.17378373903016,0.880132456783508,1.23950451872933
3.29481848388262,2.03130503738465,1.14642976494771,1.46176424289473
2.35778027106747,2.07477577493084,1.52005810055409,1.48904729802551
2.83848775219853,2.66224806144868,1.27976041657411,1.56235123406799
2.64994356445458,1.79009153357584,1.12643380470064,1.80492195676
2.2402140644388,2.39017219952761,1.26400175507209,1.51618390489542
2.28119663134617,2.4836076713582,1.44211650053762,1.72435568128564
2.35784493261561,1.94398822020131,1.65981878915079,1.85771297465887
2.44156539408689,2.03672959149812,1.63403223544527,1.91437774580284
2.01480353646807,2.16974618841325,1.43863841666272,1.8011871829433
2.74589785667239,1.42770371568863,1.19280994242578,1.63450885044971
2.54878516072988,2.45132065619395,1.04629686471338,2.11640793695643
1.80383048397994,1.86778263653291,0.952090364900496,1.48054168514732
2.08911169845306,2.13176168720984,0.892562067797276,1.57893983613458
1.69841450112465,1.86236650822143,0.990204068889209,2.52077936100292
1.9131123370166,1.99995994744339,1.17227702704535,2.02406049773927
1.98850888225459,2.35514164199276,0.840089186206853,1.71424508421104
1.86408253462806,1.98017089647644,1.09992813366555,1.63496253591862
1.61074253284962,1.44715797894067,0.896857753288059,2.04218047594176
1.65835380905606,1.88090576230814,0.963639390439766,1.63080053869354
2.12406914564428,2.02904169936411,0.88636324682558,1.67883599605163
2.29811073320937,2.04068779520218,0.494577981941825,1.43288319343656
1.96765461887494,2.01138993051409,1.9061746360756,1.8668546401535
1.52997806025047,1.56404234421272,1.09895331624098,1.15223023528728
2.58947136104735,2.063031880862,0.863473252366395,1.52734762502374
2.02730021661182,1.58501819260188,0.638662537844069,1.88655459341838
2.09006883855288,2.22526221222192,0.895803014654915,1.57534349838971
2.3473429052622,1.93164036902752,1.11834583107886,1.85776049836613
1.8446060379749,1.64360376296891,1.67915577650397,1.63849822072906
1.96748580350395,2.09014994703851,1.20572582564678,1.37903543129271
1.92757147740569,2.06489374560112,1.05602088531917,2.06830034233057
1.83375869910336,1.64719766351538,1.00437847701623,2.01947812955234
1.7484395222605,1.41555772556787,1.04477041856373,2.14582372059393
2.34415675570364,2.88045143762319,1.19073792218287,1.39160807128364
2.76182380793369,2.43935009533118,0.858562310797425,1.69989726654243
2.70376454097583,2.53420783684575,1.29346827678101,1.1606400857308
2.7370813455874,1.41228572527773,1.44291810435357,2.04168232700006
2.38336478957059,1.8817172458253,1.13132629466035,1.88372092121431
2.61039838997807,1.99985138944022,1.02351879918576,1.66814273228156
2.03854761221018,1.99973185983048,1.97412129614703,1.47396532637168
2.78925471100355,1.93789565788724,1.95770012725726,2.06763480627497
2.14933753398935,1.8890926769073,1.57246985353569,1.25394549893585
2.12608907168547,1.82705312001971,0.837309760692946,2.15530277068306
1.81715335853871,1.62036079662511,0.939520391192842,1.89694919554387
3.28698175167477,2.53232795917249,1.20666133515749,1.50874680551267
2.49277178358765,2.45929874519438,1.127281626154,1.49662670397374
2.63415708802187,2.38606392171062,1.32048676862266,1.25388998067791
1.68857133036205,1.77451472151271,0.946870124952268,1.90652914117359
3.16501999205634,2.23596924135955,1.07845585150531,1.53523846298695
1.56269665150665,2.24073466109616,0.928543358151141,2.1540749460879
1.89912357141181,2.59950385934598,1.22932711158893,2.44328342007268
2.00196795740135,2.09605658969611,1.12648739829962,1.9176779339793
2.06249684705525,1.96172485952506,1.17298574810332,1.55722762795517
2.81031565513179,1.75621279158014,0.984605134382563,2.10291649008533
2.02204299686239,1.9902347029882,1.37063817747325,1.4689504161393
1.62003165824462,1.80107008956839,0.87871992049254,2.77215199787749
2.91496736001332,1.85683459502474,1.42209735424229,2.18334308614711
2.08060696011108,1.94824424769324,0.982813533767561,2.24414506254246
2.91328198698545,1.58688660558868,0.879727234177511,1.69115379266452
1.50688610817424,1.63955471627833,1.02310554610744,1.97184370637757
2.68249072905433,2.1717590839416,0.797987440077442,1.58578742911024
2.49982811499527,2.24681618673864,1.03002875052536,1.53756847634452
2.76492825756832,1.64759956011951,1.24048401940877,1.35156366046817
2.8466231777039,1.72298144338136,1.35666759288534,1.15492097760499
2.55112342214071,2.12693643060238,1.30333464000599,1.32337436782943
1.82417583078051,2.41618365146567,0.750116129529072,1.66717137402617
1.80672374778125,2.39334872666601,0.950390259606365,1.8246129798595
2.08928793152223,1.8581098464653,0.876153078796554,1.67483050174034
2.12492808957996,1.9549972312223,0.986381880409483,1.6575811327885
1.899925719022,2.06630392879352,1.25669774442509,1.93390219284098
1.81946973246904,1.47279500614544,0.83451567214396,1.53990202844035
1.78690818080767,1.78469375608482,0.862980224208203,1.56212175150381
1.92528299714454,2.23824735329778,0.985185557516752,2.05228295695568
1.47204648288239,2.45132458257724,0.927488106019758,1.49537814705617
1.50558732221212,2.40341743023005,0.928821236193713,1.52173935033678
2.21434999885595,2.3826710387169,1.06129767691539,1.19736281897384
2.16274397603826,1.3432556801933,1.23581753077376,1.81304555114663
2.94939297392655,1.65807817436586,2.22974360152962,2.48748798275561
2.20044119857182,1.6813992043762,1.1158681452511,1.29044197890204
2.06075659964401,1.78978701255682,0.929608132444196,1.437380756911
2.98925114260201,1.98678344704204,1.05892539339623,1.58210577911182
1.91765620488174,1.70503099726907,1.15198957871637,1.59461466300534
1.93790330121099,2.15355791610285,1.32420177704686,1.95117903322106
2.44235903203798,1.67460955868927,0.780425772096462,1.66647572859368
1.73585083781905,2.49485328981306,0.886616149608683,2.0757672714186
2.36025532353792,1.48482559099025,1.17148017130939,1.56298528461735
2.45401173605807,2.58529198633622,1.2711858483006,1.81975454796657
2.0158341644339,1.82262933375026,1.76626688009713,1.5649603148767
2.21791436784601,1.71556523323735,1.43284700846567,2.12565352456886
1.68044159712475,2.29991816237399,1.6563417247318,2.16725253982224
3.08729438546984,1.91800355072709,1.13822179714635,1.40406028675314
2.11221818368432,2.11705637563057,1.1420136166573,1.72348423564352
2.31560469529715,1.73714075996307,1.02301478606586,1.6636117817818
2.45594843067364,2.62321649292375,1.59590860367375,1.34217066711796
2.56594786989874,2.72504259569646,2.07797772045475,1.31729185232241
1.43082428323766,1.87586795932788,0.762162988249541,2.24905355649636
1.81977450878161,1.91323345502265,0.756879798844037,1.95963573492809
1.94343388802002,1.94102274074614,0.767843036233921,1.85996259962516
2.03038793965095,1.67779760931744,0.813363922819206,1.83210267255685
2.26529754550136,1.80737561821267,0.963734773068992,1.66289880212097
1.9874188548099,1.82085543145861,1.26907379957602,1.96081529470075
1.97284112507643,1.89813973974524,1.22070878342118,1.60413587631692
1.91200258236311,1.73055009887965,0.82809937885372,2.20081170904961
1.89215490153394,1.75840612321944,0.906009818017741,2.22043336363662
2.75683524026109,2.50303239120452,1.2097840800445,1.58160943778295
3.72612955496173,2.21923047758414,0.706575843439951,1.96085611557645
1.32801376092023,1.97630813003456,1.95192200514739,1.19390576187106
1.70608545195405,2.0255094250948,2.21613550834605,1.33483995921743
1.4589602312091,1.80455605288458,1.54974444329647,1.92212842721369
2.03490388473321,1.98624022462088,1.00693012554157,2.10528588210768
1.84847597456008,2.1250362286672,0.948501598758511,1.44513806602673
1.88777915295148,1.46768142278235,0.925688932520434,1.37712131557544
2.1971383422352,1.36690901254593,0.905711165154447,1.86318304007378
1.53606165045752,2.27406373457283,1.2185914018462,1.47208342638864
2.82760991006915,1.27327439479626,0.983073930714557,2.07246159456165
3.00877340350327,1.3382688985459,1.19858402951861,2.0963640225188
1.90747370158145,1.43425989210079,1.07242438859213,1.89644203661551
2.08535777736619,1.87330824965273,1.21483532726486,1.79082280677726
2.44662991889658,2.37426923829271,0.7585202320863,1.52977867944617
2.07820279793584,1.66867424195786,1.68128169993764,1.61412502593277
2.32070134259863,1.86371522728049,1.61119480618444,1.37887601551042
2.71326278670967,1.72874085987444,1.63964194584977,1.59265058453562
4.54252508788706,2.2509624770158,1.20079582004948,1.51103408211381
1.52242758023065,1.67430200075848,1.43262712266055,1.73600634111158
3.75376962696622,2.66927522505469,0.690003109693328,1.39951735955211
1.92057489736957,1.81004777892502,1.24444809395211,2.05182361551044
1.64933074776333,1.77526358890845,1.14528324419007,2.07426124912445
2.28528758709925,2.11951036602614,1.2961892907878,1.80798224036504
1.97853939356118,1.96477684970873,1.27156410949084,1.31978484029102
1.78902957801588,1.86635631994532,0.952267138794031,1.64629356242356
1.70328877249561,2.63399856024464,1.00518677835081,1.63284416628337
1.89773742212405,2.16268493604254,1.02415402950456,1.50693643135439
2.06794995991415,1.79010930759221,1.10182027430607,1.48479525061316
2.1598458917633,1.83858037874725,1.13834306649703,1.46170546198344
3.00182137077887,1.8992815005181,0.95065754972511,1.84637833728964
2.45247667151351,1.694432972299,1.50212795694283,1.36029424282151
3.81062923162213,1.50897921604232,0.883115168312088,1.88819728400003
3.07161202551982,1.88617267227884,0.947248955596057,1.87626301044448
2.11855230804397,2.45789733253336,1.20665968261754,1.00820941295207
2.51888326401428,2.27123838701133,0.876486957024638,1.36380187365579
2.04009348156623,1.55106587770424,1.00080404616909,1.83277334859802
1.91253155184022,1.58936574837631,1.28184571610768,2.00771252838285
2.18509749052495,2.56878145641097,1.29255864475539,1.39970731832418
2.25550894377335,1.50665781430216,1.30137442736294,1.3016589906254
2.82663668838554,1.89554959664254,1.24782427365094,2.06187110308579
2.76909917736856,1.64863391431302,0.985478903866459,1.76448414821322
3.2117951473069,1.8682427276734,1.2458307463574,1.83608159105809
3.23934644506419,1.85148486812725,1.12231681509725,2.09402703546388
2.47832325157584,1.50936540997243,1.08481650546247,2.46590116135098
2.27773384762598,2.36730174219672,1.16688560012359,1.81741043757309
2.85232989241573,1.73370084895797,1.21743703826736,1.76737649330933
2.04681310415449,2.25137775946494,0.861779526027232,1.53307684421141
2.14787159654869,2.33089414767379,1.30930664720651,1.82063665907881
1.51872811373667,2.2626879632527,1.13399801669219,1.81305503983663
1.87661953397884,1.7873414222548,1.16932136033756,1.77041941264846
2.02104794544202,2.37783898825844,1.58663939271958,1.73211857308721
2.25966639503202,1.8755269154774,1.17771998168625,1.51559809585952
1.8658567289061,2.1571887563375,0.840252543791159,2.05858920765334
1.86167390866229,1.8931161205961,0.720835534199736,1.94487062274302
2.10042683148225,1.63665805673613,1.02045950294495,1.60116962365345
3.61733578173118,2.21772659230188,1.39780301457412,1.55929931742605
3.34149467230694,2.93268387849017,1.0789584941904,1.57254130580891
2.51245413552287,1.94422297283154,1.23274953847286,1.47810791823272
1.99228871963836,2.13207858518043,0.915538795468954,1.63903983318188
2.90468978426745,1.97873088948855,1.46010238000292,1.64088002639573
2.08754088949007,1.42586954333361,1.00530044810294,2.1195065012848
1.9318095734982,1.68689096566949,0.747691023591919,1.39538063739637
2.0889934275322,2.81393377703031,2.0073780388054,1.7777161094656
2.55656023599519,1.94399866774148,2.34640290078575,1.55814050383376
2.09854877914273,2.30732338366063,0.554440986888777,1.68813645593728
2.25346535456577,1.6725354971987,0.993884978975235,1.30869646788916
2.94729630604456,2.43019282521686,1.15785919964741,1.84289810498541
2.38272640529843,2.22259545092393,1.38495897948127,1.73892458672233
1.67008969847348,1.72165045616111,0.889743770860537,1.62856826141808
1.77131813974727,1.76076296311745,0.628987168761037,2.14211360212435
1.99720713386998,2.06692149058105,0.955942027280408,1.88372627611998
2.84360681700043,2.16597798753151,0.704435584872495,1.88101966423187
1.93284355631532,1.6185314435451,1.2334265656762,1.61671750292847
2.26265910594844,2.26065165321385,1.34130200574388,1.52513798746484
2.22553489208278,2.31101675104574,1.09763916307129,1.83006507224751
2.3951392646354,1.92536691889924,1.2249299088948,1.58877813016879
2.42867986453255,1.79010609257981,1.32172324679875,1.41493756316679
1.81201017671833,1.93785084621486,0.984926542647726,2.01110827609943
2.84587073150427,2.28350059506388,1.02210013241565,1.55549350299902
2.1084187354222,1.97753856473055,1.78333090545787,1.45914007841095
1.97560367031249,1.67350252982875,0.807784226890049,2.34132237029042
2.9709065758598,1.9786482665825,1.37271020227991,1.43555561263381
1.98860206947481,1.70699495030152,0.822972683003828,2.02044456467916
2.29324176720205,2.15952359131656,1.53163136141732,1.66506341314249
1.88588654285159,2.2167638852647,1.05623489099554,1.69618365128447
2.26558676470969,2.03367041807603,1.16012879723154,1.52470161620625
1.725472449987,1.37164097860712,0.787843277537679,1.12401326109499
2.42997658605497,1.93754091792708,1.12845406858035,2.36506876421142
1.87572791272001,2.62278743396195,0.879015694129239,1.45258044120171
2.30223558912765,2.49247538836298,0.944493544435536,1.30574179473677
2.99720986955764,1.45785789932282,1.54584704453227,1.71493442392195
2.25847112696599,2.24036022241986,1.06962526433329,2.10076340049521
2.19689849459676,1.46558903167886,1.90389552722255,2.05005624033192
2.02115579578233,1.70827263470336,1.63036452062706,1.81886740381539
2.04026545645122,1.67851909529168,1.44350022813071,1.8551071783397
4.14861662877739,2.0154320606793,1.82651354663463,1.556193008292
3.0545719245094,2.23333164759976,1.00862395125936,1.93263877310783
3.72855213979371,1.62193969293712,1.58039814932731,1.91696526825629
1.57430910117817,1.95271216993867,1.15011108945993,1.56471588488275
1.69482057589817,1.77420390579882,1.43454395699914,1.36221145922682
3.20501829769949,1.89568069266891,0.885757784368184,1.82714860008179
3.50370243706617,2.17359286059043,1.60039533564167,1.53444996745682
3.17515711337295,1.72889855162264,1.14445935658409,1.569392550499
2.65262407383348,2.46778960663471,1.05370662740947,1.71465858301362
2.28252373105071,2.08267546461047,1.22636254409198,1.78780287963419
2.55709116050269,1.72116373337429,1.0985330674914,1.99030510486829
2.77267749895229,1.48065013081971,0.989094519929742,2.07342680206391
2.88773064566729,2.11347614438025,1.06158671179257,2.16988516297044
2.48371205473871,2.22206772661087,1.09140654263095,1.82929455879984
2.44213632622505,2.18082313633551,1.12200111967337,1.48934005044604
1.86047192422659,2.44315529860253,0.746821923032683,1.67671247693714
1.90038697655487,1.93694598918255,1.14805714426383,1.53220296397142
2.05723590081062,2.30005836724703,1.04660053373004,1.3098338144827
1.91773342487291,2.32238139025237,1.23844029209196,1.31195463970512
1.72167921841159,1.93130600368453,0.785109620438305,1.63342750494471
1.71073259491819,2.12224696383243,1.06143555538894,1.67833149340771
1.68162628898766,2.53939946467982,0.771331710019616,1.25264307293781
2.27792576704896,1.89519150132047,1.0529507498974,1.83161288063501
2.15118613112707,2.38601866684296,1.02107236783374,1.10655883343753
1.96915925120668,2.17206566482467,1.11477195670654,1.73926327277937
2.19665863605249,1.88718392175982,1.28696445125041,1.41849219293835
2.21611076077375,2.61103642912799,0.732417510070986,1.32780034033519
1.96783616836078,1.66711681980384,1.51980018856523,1.87185089174241
1.81323818704356,1.84012202871159,1.02147837421992,1.26215157434906
1.99386881168988,2.0343725196944,1.13504482885551,2.09444779167871
2.90080693083266,2.01073290164245,1.16397548804253,1.60607176073605
2.00884296782327,2.1333140143037,0.969627783435948,1.56680860198402
2.23790572279534,2.07838841090259,0.969395147094139,1.14702082581498
2.17721027815889,1.89332217844775,0.836650293321295,1.06620393437703
3.67673790158613,1.94949692309945,1.1231284507528,1.4470892879886
3.12046292313276,2.16780551073664,1.04244986073607,1.30055202481542
1.86239541043135,1.83580347963499,1.19640810515457,1.82615323204426
1.37685885428878,2.25609341053212,1.30335958464065,1.73017228710201
3.53097302720821,1.93044061673813,0.888604591229865,2.02201430610523
2.51391814107559,1.89026280757571,1.45002926830409,1.27320402985864
2.57482305595181,2.68619369682832,1.0600249479128,2.29521045872735
2.14352450044787,2.62251896054051,1.46071597797226,2.72140973327154
2.48753963243404,1.43972140872208,1.06632697419924,1.18960977226036
2.45915058247697,2.39046326172117,0.772451653897884,1.93839545053593
1.55985788338062,2.20679715438861,1.14465861064276,1.86538837952364
1.98616051785406,2.41153418824764,1.343752999893,1.49138397136947
2.06076729255023,1.81077489790893,0.994154791638649,1.46223388730581
1.93263306979752,1.70314513305387,1.62191739828444,1.76756470222706
2.32470187570316,1.9722140851607,1.14571333258593,1.51889578963433
2.37206066066679,2.45257649015945,0.90883692212254,1.36936539474638
2.35036420588211,2.30821223476993,1.07355462630368,1.35676439804062
2.46809288869005,2.12693962941558,1.23183792301216,1.56267252536052
1.68596493367473,2.57641634566241,1.19491221281734,1.34066954075623
2.47742051105446,2.46228910746653,1.5202735171888,1.39709464260177
2.64470522490367,2.4963720851297,1.3964073353162,1.58472218465277
1.96477908594609,2.02930479066938,0.808460045942501,1.67811986470922
1.82495700849101,2.08314289652783,0.627797984520555,2.02807010929322
1.78087979228979,2.04109255232164,0.62009817495253,1.90009296405215
2.0660972683518,2.61506223994896,1.20837478555535,1.42330213691843
2.40346261523809,2.03880001813268,1.17439200818811,1.44741483804331
1.88315758051335,2.37761372719987,1.1580580555913,2.1314536002016
2.42873185594775,1.959777342308,0.912583536315002,2.31814809866245
2.40460802585076,1.97878094684374,0.976906297566562,2.16601216391434
2.45901330153388,1.86356164331768,1.0048270918585,1.8280637768351
2.35373004805438,2.0306074199396,1.02552829960164,1.47399297088942
2.33212694275034,1.89923581434892,0.877286178823464,1.39903400996801
2.1833627871244,2.04892738405915,0.855812705708727,1.64460769025509
2.42012235106182,2.32685246469313,1.58951766962298,1.33090556751513
2.14086942702728,1.57302108856452,1.02531791481621,1.8805702209179
2.51046653823569,2.2365998329671,1.24034436195402,1.6536086048603
2.56348671473136,1.87368313198662,1.59138709539311,1.57363309496497
2.31764087876723,2.08520936727739,1.72004485367605,1.56251436802671
2.99883707316026,2.57445029445276,1.31433886330059,1.7582018497745
2.30894692780602,2.12833989576772,1.29470097051933,1.8249974256045
2.48466991347124,2.05510620364109,1.24089456812418,1.59372981298954
1.66777039926573,1.82557749629365,0.682613759490907,1.8162453902959
2.39550565952476,2.55812580299924,1.16167510611374,2.22082379010989
2.09484853847877,2.67465588641546,1.53439090185182,2.31779100585911
2.6289401407879,2.5223144650218,1.15734927292402,1.6076806076521
2.45507477210444,2.71304365864522,1.05792244538147,1.56826127187769
2.13313197236863,1.84471973543879,1.29014343404271,2.13759154383535
2.18666020878295,2.15769858091911,1.00632607404298,1.8268870137963
1.99761431006097,1.74099575545753,1.14212081732176,1.36779823969281
2.35722105140525,1.90627614190495,1.47873201803673,1.51583895958246
2.55927543197692,1.48853894019178,1.85879277886752,1.4172437182204
2.98011212963804,2.20537850251893,1.50218807576201,2.1302528371341
3.02082635795583,2.01998551739022,1.43423767572649,2.22827086671753
2.54510608058536,2.07373368580318,1.40934386437817,1.91046643947165
2.86472690968927,1.99703643630829,2.0441753946322,2.06557398469238
3.004442994093,2.40356823380521,2.04028460477832,2.0467575437143
2.82663561970862,1.89554465811126,1.3122718948138,2.10186249952702
2.56613604865379,1.65025328042567,1.04791169524112,1.91485806491564
2.98783650586521,2.13259669557696,1.04676850755024,1.65246361537503
1.96794605613959,1.90345490899168,1.31136230083797,1.74555021234762
2.01212282234639,1.66476400828263,1.30858049914653,1.44169543379665
2.19447113571779,1.89579050307852,0.941537840281642,2.36509478307104
2.11161529128232,1.75910986829533,0.891845638397059,2.47648341750739
2.6778633379271,1.90047245980345,1.33753231546742,1.56070221731054
3.62579536526184,2.0311965861566,1.06153376433342,1.63192358631429
2.03419954013149,2.08518712867391,1.51431288996761,1.69831363481741
2.25580864420807,2.0370697124432,0.711458591546376,1.75857461854559
2.03835798581448,1.64305311944445,1.08759942838514,1.56422709458532
2.02290852006525,2.62333109351619,1.36534189183823,1.55485773922215
2.4756306238017,1.69660207682622,1.11534382161658,2.10108632755192
2.33465280003134,2.2352258419637,1.07138824319238,1.61639306699583
2.40260262680733,2.18420734054274,0.919865226256585,1.56872258989744
2.58185788285229,2.06014131454185,1.26609552255945,2.19402319865751
2.32636164858444,2.11608359523561,1.97436246174609,1.23774907763629
2.15633578476665,1.9188538562468,0.688861678170623,2.26287670168119
2.23657918291288,1.99023711387355,1.9483873677251,2.11829688850316
2.69502809762673,2.2094074828431,1.10411614589222,1.32300346258919
2.28485682585065,1.94762330561031,1.8919633142589,2.25138941722948
2.21167818154583,2.03188372890236,0.755496300057754,1.41764165462298
2.5308461178177,1.50873473765284,0.712213448585902,1.55917673649198
1.80888964812675,2.1644552483996,0.930538558776724,1.45030694285074
1.95211139480879,2.21352338293439,0.934010074246812,1.49078172323886
1.63823355878902,2.21916252018657,0.783774939995249,1.26360272578128
2.43878351887791,2.10955946239712,0.922576490539679,1.94957515375449
1.32515588957146,2.11778104351891,0.987760689258913,1.8388493863057
2.73191027669808,1.52597345188137,1.17599599418547,1.53908283000011
2.48590969646932,1.66828159258485,1.31658625428036,1.62104201102804
3.23689585411382,1.93716262100063,1.39900604684708,1.73802288208978
2.90193389062022,1.77950361905638,0.690816240117213,1.76865605382075
2.99343317278478,1.46226616493125,0.791112066792262,1.60058118089723
2.48407108596585,1.98350224174647,0.842003309266734,1.55245892092442
3.61096203813321,2.29776279279532,1.12909987251525,1.31056601148777
2.1709889706078,2.19587882132046,0.908864936019987,1.39544694934245
2.36295400702119,1.95686166874033,1.038318407412,1.57410172387359
2.55789940189621,1.75708211724242,0.850659662690394,1.88200915201275
1.87783989377715,1.8618842082939,1.05665362436786,1.55511987689157
2.27523344335106,2.12121986593051,1.0501643660203,1.61672623630739
1.97687124824395,1.59191542662655,1.12620058077185,1.68140107202725
2.31221907821989,1.76402086391745,0.719276942868121,1.25461465633246
1.6447134949071,1.75148048501173,1.08625426817971,1.26464454603832
1.58022866494054,1.76790951362875,1.22816573702473,1.30605601509789
2.92666539138281,2.19978375988782,1.08092057719047,2.25576618114835
1.59968317911127,2.18525134696949,0.912138583544036,1.82437044564275
2.52865986310341,1.91069606458053,1.16345919361474,2.08179180916948
2.03858480613851,1.82246327399179,1.41000393203626,1.35835057394231
2.12546155313384,1.98543010456957,1.28630476070521,1.4058186086987
3.26974443489952,2.85393077731199,1.82492886563302,1.98909610167322
2.30245348353784,1.96299295070189,1.09225986109862,1.35752801595388
2.36933165867912,2.15322307693204,1.20176389413271,2.26152719053417
2.20780633216375,2.81655719799242,0.983289950492251,1.81187325950521
2.1273163724493,2.35549722124742,0.840978176073165,1.72401357067713
2.91628637565038,1.82967489259001,1.09119690572338,1.4597721231437
1.34286100788269,2.17121425998534,1.17426069713465,2.24611412327385
1.48970682277862,2.02190965621791,1.24145070538133,1.64911766132899
2.89938682016629,1.28444845345711,1.31568397862653,1.25787247899496
4.09496693587377,1.78716141559777,1.49137941849438,1.37657946287233
2.01654834025074,1.92347307567412,1.02686039383868,1.63950167780623
2.25158953640996,1.6663187601348,1.0353425360243,1.59689431352907
2.33343259081787,1.67547832745499,1.03529471603431,1.56365527688382
1.77291323662623,2.99541875626991,1.01264514062796,1.78720892400129
2.82454569000639,1.82537925380293,1.14735818993925,1.66412689390192
2.88844018975069,1.83125678855711,1.05558577900639,1.80958062043423
1.61772024482496,2.47496055407663,1.00584405573398,2.21286661331154
1.69280581456501,2.47013117092115,0.914872573705049,2.26593970181378
2.50790299218284,2.08424524601809,0.989211320774659,1.71159945152006
1.63011928574431,1.65435254674753,1.19201866873084,1.77716140869234
2.06991881726499,1.81827054012841,0.885929688116353,1.5976392190419
1.86650690813572,1.95012504000414,1.24292409434273,1.78586127315055
2.84234188216701,2.00901507271116,1.71419173729556,1.54677567603225
2.0968802298383,2.49576431123463,0.721808342049295,1.83964242621767
2.80703257154239,1.96833738487148,1.63323090258921,2.01279135603828
3.20067282214191,2.10496519009425,1.59293310743963,1.56771087700099
1.70894985082918,1.88555906000652,0.895112129303657,1.58921102069599
2.65233263792423,2.02739498992678,1.47254995836286,1.46578970570418
2.77186947113214,1.62005368563447,1.35808853244756,1.58530441645424
2.24430685629876,2.73352552020144,0.695217240331513,2.00039467730791
2.11208440693845,2.83243535113585,0.720773615542107,2.00107113863423
2.48673373673457,1.62260045862346,1.2669101985283,1.46952127557174
2.53275445509093,1.54924806179879,1.28145332742693,1.40957022130677
2.22873629817181,2.37832424270643,0.950308155221824,1.89763153251468
2.4753792648667,1.86987841892914,1.4184328832788,1.53593663007219
2.44423998154984,1.75257635857909,1.934786607193,1.76100469155887
2.46605912041385,1.71673369974189,1.57433715550461,1.76982438530053
1.97906110162253,1.79074014795382,0.965319087216473,1.38722821475632
2.4167674171592,2.02529763163174,0.728339326608874,1.95154653522023
2.67644489193737,1.65813244735642,0.734592196538048,2.01398455748828
1.39568374177177,1.88816860998006,0.983796804601933,1.79504751370655
2.13764022724217,2.0131308286821,1.18371916476834,1.89035371844157
2.3360026579809,2.09589834775884,0.763258896264079,1.58937261923994
1.79714543600421,2.13094330764475,1.0337202709394,1.64579037302321
1.904273424771,1.34117546124431,0.993852121345149,1.71309241549578
1.43117829374901,2.21935076125832,1.20600916991255,2.4021989680152
2.72277683311788,1.87947877367798,1.15562901576277,2.09724634636843
2.04496835826992,3.02168178018255,1.45511669991013,1.5547010988904
2.98748215745067,1.38005501306204,1.80441036411446,1.43200975896913
2.86386068854282,2.79424586614004,0.728635565350499,1.9246771619732
1.94994560754117,1.91006588926447,1.69327668955473,1.9548901946091
2.23632835130983,1.87224703777024,1.01970617999994,2.00984510234138
2.91678164561904,2.06768186381592,1.44306577159277,1.5622890924615
2.40340073952115,2.1852762383413,1.70133457162376,1.58324723557881
1.87747636363438,2.04765019764309,1.63124724428614,1.18001485917929
2.18340315388211,1.68407231865911,0.843007815100426,2.24361845728111
2.27492817797866,2.34599133731547,1.16688602573921,1.32226540332479
1.64680183465109,2.97362553492372,0.811737275805722,1.99661163371863
1.45202697876118,2.81244656411572,0.988306519369794,1.84213080642142
2.12676011747083,2.07682946550414,1.09142961985065,1.6409010812018
1.70294834399615,1.99308049603757,0.836103829291429,1.35224462707031
1.68106459573923,2.19896425620519,0.751246467515435,1.55121341598221
1.95336882140834,2.16380913008394,0.604425697311761,1.29921225206083
1.92291501142277,1.97780267827032,1.88040820617879,2.35284456793089
3.31830831181677,1.53384137220055,0.990227267429278,2.36430845385548
1.87833000410595,1.45095652397648,1.21308666887399,1.33470021953776
2.27339246074157,1.9332336066097,1.34142655321882,1.92535320938872
2.64819641801627,2.2561801476732,0.71084552662066,1.38851646329165
1.96845227840276,2.87642480763986,1.29399267213708,1.72701146589238
1.73379879528852,2.79451789599147,1.25848718142604,1.82867322198183
2.17637266133021,2.79919826241266,1.29646719158824,1.46302705684671
1.99432568021851,2.36651071208952,0.930051181574553,1.59761727594032
2.83978086225888,1.94761247935758,1.62145862705919,1.79016097285263
1.63154856326538,1.81998804905933,0.88809656867216,1.74554861382051
2.3590060762894,1.83108090259108,1.23075332827875,1.99004306999463
3.79770529025973,2.07236158647167,1.51449268895311,1.52753906366219
2.48700293517327,2.33844427108744,1.2830199666938,1.87309434746161
1.74915524360603,1.83327233589019,0.90592205691597,1.50710676077831
2.26327681056504,1.97518707952358,0.87293953172964,1.62887083185068
2.01961221934591,1.89231987142149,0.924075147060242,1.74655383483538
2.02117610528452,1.7964395760102,1.07287193835014,1.58738261859349
2.48475917718649,1.83467225393852,1.135381583822,1.29530757870194
1.52386887071037,2.0763001843659,1.49346065624567,2.36982217886937
2.64975859705629,1.63111903718124,0.753788997067051,1.47344401464349
2.69534131672506,1.57020944816539,1.04976195260863,1.73661006717237
2.1421429177579,1.80614525612191,0.862362790470481,1.41073752796959
3.82765623557207,2.02011480429437,0.988186193720423,1.53270046257408
2.570560171408,2.46051397728856,1.23579560722889,1.54237403776598
3.33034479073656,2.16974039529686,0.971511334317197,1.58470625892231
1.56689739702284,1.93568243259597,1.20424713485694,2.12355904125728
3.64067828497007,2.05859721775651,1.09932607277593,1.32733144637524
2.51756553007736,1.6283788865596,1.09558257020667,1.49115896179748
2.11032773924687,1.56504716104026,0.835439774337378,1.97276618114768
2.17285437989423,2.53311733249463,0.921158007447959,1.46354946366113
2.35229145046803,2.69579100445594,1.09468787052268,1.41594542158684
2.16096848423118,2.49649310767479,1.82667730922359,1.21125661256878
2.34494198217522,1.93446680338172,0.57475213774188,1.92372062255658
1.75433358883398,2.42473510539918,1.42492902917687,1.73694328840718
2.84705565808689,1.69047352888775,0.909638852043933,1.64566319347641
2.77883348131991,1.43501927749908,1.04798308876806,1.65042601609969
2.03390771886873,2.01873289520957,1.14774308158428,1.67402158916472
3.16866405989936,1.72626002629759,1.37919576919525,1.75895873262082
1.38784820122212,2.34103754599403,0.844222779485672,1.80261204441197
1.97472476431443,1.66730924242525,1.18077534396252,1.68632379014082
2.11048119881453,2.09166547053834,1.68298046600207,1.76254474226791
2.19309614270243,1.97591649119108,1.15419950487413,1.49885407193635
1.92334445756318,1.94945455832991,0.84675782570438,2.11953545153752
2.06630727158987,1.78849379545291,1.13357794140168,1.53788178717398
1.90653591543252,1.81249894445795,1.13358935932708,1.57943851052496
1.4628767675608,1.89272602564221,0.955571489013968,1.97110175658961
3.46026071873066,2.03475669213717,1.3290404280621,1.40987322478129
4.01787073041133,2.34254316640942,1.05473734393124,1.31368895547493
2.09135912085764,1.49886653249774,1.0582397877431,1.9592820184293
2.11296843204863,2.3531239718361,1.94667886171611,1.65128508562304
2.0517233866091,2.24567348223844,1.21579050416905,1.91359553752278
2.0621169102557,1.89200309235464,1.68482496670187,2.11938194889364
2.03188952841897,1.9374344283477,0.849267879498304,1.7042821086584
2.0081930947422,2.28329558863815,0.90894146894862,1.76631556761366
2.3944465000773,1.92887428854203,0.714413893729876,1.91290461454314
1.83299489072811,1.71687841904266,0.834936786968669,1.88846517273557
2.67678472413204,2.13890467872658,1.0094111790358,1.85334955018497
2.5077565077699,1.74173425320305,1.19115990344287,1.52847774861197
2.75481724729464,1.8276997588021,1.35912226937718,1.36992651315426
1.69495087109298,2.18606988941825,0.681300149188156,1.74852648010393
1.92261927481012,2.33503317275946,0.644998889543776,1.8015002044222
2.11674069630367,1.83632483437181,1.41558655106871,2.63830062126685
2.48624179910531,1.70254947236205,1.08896804367557,2.50336154508527
1.93947280227533,1.92007811944325,1.4160831854935,1.23143693651259
2.08724936596096,2.3976118793594,0.982728835883722,2.08861628257106
1.79242563680862,1.78259176284106,1.42006452465423,2.03494420756471
2.16070745237397,2.06021274484637,0.798077864717089,1.45524011280372
2.49319018680217,2.41594170918868,0.911458789508198,1.33477373090722
2.47932154113153,2.15373542771431,0.950285380110173,1.7607299481625
2.29156824303684,1.53421526370746,1.05497912007224,1.88850877844448
2.11940536436017,2.13551722838532,0.611658876082393,1.40629268777986
2.55405154801275,2.74958504858467,1.81974754067648,1.93206921627416
2.50318875063326,2.77240704069504,1.64561941903948,2.02544832949158
2.14243730683887,1.48441040435819,0.813413369677474,1.52184378780612
2.48620118432972,1.99667966222372,1.05139107416752,1.61369990960458
2.25516182723729,2.10886880992105,1.11982308481887,1.41256945981211
2.04938047885786,1.98268164525114,1.08523293306463,1.60172432335981
2.3971345044885,2.02473494736159,0.870710668653548,1.6737080914055
2.26462413640264,2.12951923602544,0.896305086741907,1.6470680586937
2.10541827274916,1.39567271166504,0.855121318126901,1.85683050685123
1.1545638412196,2.09229740443152,0.954223819703308,2.05209349049001
1.45965710998506,2.06069443175486,0.729462554257484,2.34098531613973
1.9502250274404,2.14455861232585,0.853144807684809,1.71203239186461
2.15170463743906,1.83085809153296,1.28406566006129,1.7857997012245
2.56116594549029,2.19931119823792,1.46829652509736,2.09890728364003
1.82971951962249,2.23027354490651,0.952248029914169,1.74054823703911
1.86429498730585,1.72127072251377,1.14853438905998,1.96393716617244
2.3428933786081,2.22658325498285,0.853392690296981,2.48669555323063
2.12842964714396,2.13841678241149,0.913016043044332,1.82257834389884
1.75128256940446,2.23477084601516,1.40466417264816,1.80988756525433
2.31170263534468,2.1779069576423,1.00219468686826,1.5956000426008
1.74948695605614,1.87461839696947,1.23437808570749,1.6743994948675
2.05875150457617,2.05966022960813,1.00352388376325,2.03246740187974
2.44850666380288,2.04903432867923,1.39131663767977,1.80777396395728
1.9855067357453,1.98167870666493,0.87019906883884,1.58469563578827
2.12476392201293,2.06329257701849,1.15761014274966,2.25648561698363
2.9701553256488,2.27153240486527,0.762702802976553,1.35013874923343
1.87700534047321,1.78289894793447,1.47506253724301,2.35011274659385
2.60894847961861,1.62149494270382,1.01510866075345,1.47972299127343
2.29867973392189,1.92484520406533,1.09339297740383,1.47463055319172
2.11196964439574,1.99358013673051,0.9217513731212,1.49984250804202
2.8595415715851,2.05476904860907,1.18171185497688,1.55470755320283
3.06015753544243,1.93133498416652,1.10331139364881,1.30735183649929
1.84243168383765,1.89950768560156,1.2849463532712,2.42748100708183
2.21874323727808,1.58299834872827,0.95366283017614,1.20080952736704
2.34652560415715,1.97759872682574,1.28023022423089,2.0027969261143
1.58322786104675,2.36366519060966,1.21376574710714,2.11961486171262
1.53119757432431,2.03598945777679,0.631402377282527,2.22885868097817
2.37216091191709,2.27007877110958,1.36708562632755,1.36993104742312
2.25675681152403,1.95222132696372,0.858484877613777,1.82816549499827
2.63560845874303,2.37274783775087,1.41556002416656,1.96158323637648
1.56679664805952,2.09322314157023,1.34330093010652,1.64167356854655
2.02548227471941,1.98983628353644,1.34258826289653,1.79133795666163
1.89571452917289,1.70985174212508,0.854363567625185,2.0092989691532
2.46790344839936,1.52773097825132,0.91781294458386,1.75997006283348
1.6683139339682,2.92079857250269,1.29522171874192,1.95264247433569
2.40753310156175,1.39652164449627,0.971067809841102,1.60845060135141
2.44642593284213,1.13662853801404,1.18803771332678,2.02421631431491
2.26238374541661,2.89843848885525,1.4867980084423,1.49239544102956
2.54820419040262,1.56514839013542,1.1666977561071,1.73766998682358
1.70594867417672,1.99439434234546,0.969150339004751,1.50579166964831
1.66705584748646,2.00892499669961,0.886183374611985,1.65703049357286
1.69427164930327,1.58320670857102,1.16848729706525,2.44485334444432
2.1737081809804,1.63155257791099,1.01073444661815,2.31164344113357
1.89746566962633,3.0876184272936,0.933284239368311,1.36179830759646
2.4956692269084,2.65037968683198,0.989634021491419,1.6347480039838
2.46567913918105,1.77101102557824,1.03587411868145,1.57849108396496
1.99683292515301,2.27486715265539,1.12562835145931,2.05993801792713
1.76605608351945,1.83321810458303,1.01198402704238,1.98128568234738
1.90392539373704,2.0375417528829,0.864805259761045,2.04213140261224
2.15192636001353,1.99251971059417,1.11076687027072,1.8771084796834
3.64049430066206,2.03090133036973,1.2454812300396,1.28093295081374
1.93884453919495,1.8430857286416,0.759805110199526,1.88735170468202
1.88599776852877,2.03154426727722,1.85921807900226,1.82300921980982
2.4766392301939,1.84523284809318,0.843554554595118,2.20105090887891
2.69712385004412,1.82206753997228,0.78368114226532,1.87614936717564
1.85677615159058,2.45453807871142,1.37851729235367,2.11309725294374
2.95129469489971,1.80131367455293,0.843629853084328,1.19547827513344
2.48396361335033,1.57026912718924,2.04607408475811,2.3468888619278
2.14054660144203,2.62354516957938,0.6824453031673,1.51038761812081
2.92776563078845,2.73840765881061,0.886780286738636,1.47129749609543
1.64797688289711,1.96192336707379,1.17743376341497,1.8787165051618
2.54469936572078,2.18893996195965,1.2534636282979,1.38811332226414
1.56009098165845,2.84629974825355,0.751567999632508,1.70402715928928
1.56703736727745,3.1162300234129,0.77619943378421,1.63837488447596
1.77191426043049,2.1602225874132,0.718702329268784,1.83293815871054
2.18461764523414,2.15860198452287,1.32242024047732,1.87760282602391
2.08254443839348,2.48008115165872,1.293147895845,1.63898144643649
1.82483169966279,2.08542900497791,1.47908222107278,2.62541088791511
1.95841007524661,1.95762332247903,1.3455754205761,1.71282226703585
3.13411812864193,1.86683785123461,1.56037483401978,2.72808506749448
3.06829044989337,1.84791519571895,1.22872425741435,2.49789400402782
1.88321497078302,2.01200317004722,1.24617402397338,1.07599414032357
1.96265577181682,1.99759848391561,1.41990156778728,1.2409123790873
2.06827645122702,2.03338123811675,0.969258209018944,2.10644858426192
1.78338203353977,2.11674348295051,1.01156933288377,1.67618435427247
1.92869831927996,2.15940431911611,0.924911215083876,1.63190790596289
3.03444320507633,1.98272571661371,1.2311830350046,1.71758680240999
2.0660030885652,2.26163349732498,0.755231032055371,1.69072757320304
2.21656628015508,2.14742323699061,1.03637718302202,1.82211326707111
2.78835923763535,1.50305807361193,1.34626315885532,1.89729756493146
2.15143663226742,1.53426833314569,1.09429612942566,1.69012144878277
2.5036697455149,2.45211074677018,1.16382151226519,1.87930767174539
1.74361487348423,2.09021184061531,0.914343313485165,1.56583728943248
2.72605130387791,2.05560907574934,1.16351406890006,1.83222701652851
2.69651906413123,2.01569043862489,0.71800630126566,1.92884331534897
1.57064455256193,1.55153222658851,0.825991825046527,1.91791134416777
2.50000706671979,2.08292674692569,1.04467231023357,1.54031711849983
3.21830303654027,2.32954379758841,1.27155982331873,1.83477181336177
1.78691537682714,1.74663329730338,1.41088290676023,1.4886227874224
1.75499552458447,1.71543498090626,1.4565662721694,1.43046447306425
2.47474444804449,2.30658853812568,1.35471367716561,1.60516319384074
2.27870787421492,2.16376282668541,0.735296953857445,2.43787497200258
2.72455575078371,1.95242922674111,0.841462266738232,2.40584159647127
1.90799796293216,2.18407317718058,1.3691366175824,1.54350304693757
2.79336300511843,1.73058822783346,1.05937488628533,1.80754062075916
1.8467753246271,2.35663477031287,0.736072597293339,2.33934324959468
3.23140283564472,1.71543467435807,1.30376940291951,1.77265264660344
2.28867138832799,2.20514199908461,0.797529396201729,1.98462526565515
2.10790233906524,1.82957807789203,1.09079411989738,1.70908548854789
2.51170961896321,2.25538630440065,1.30783484405687,1.93817811693198
1.72733031975503,1.96230502355654,1.11637455650484,1.74925570488257
1.67112708090304,1.72222512307876,1.19800241193095,1.68266985613495
3.10838400211442,2.37001151578223,1.22482989440456,2.04421625100226
1.71667675182739,1.46028022332189,0.874547691100732,2.11836546024241
2.12206222674217,2.56278361977047,1.31117249504389,2.35381518269663
1.76177280458341,2.0351072987,1.08906010936452,1.29845703860197
1.70827645683978,2.05279037324473,0.986468909729151,1.44139997258345
2.55420555233298,2.32250324114813,0.724336253178359,1.75786303231117
1.98480470619144,1.79851665665998,1.67525783700907,1.7624300145476
3.69703809398577,2.58336369341828,1.08331378050015,1.37514312879698
1.61569466011012,1.37883074543134,1.27140648874767,1.91808830260747
1.92084170687057,1.85791013199936,1.04192141087315,1.76568128929443
2.37782599869786,1.6986623032508,1.76469693731683,1.37106283224427
2.36502295595392,2.47636389774345,0.926517828782251,1.83693867512558
1.54024343755045,1.53457953811319,0.841419750634511,1.66865697712125
2.12805038468894,1.70493703569835,1.17913575061133,1.71720454226879
2.29943272221883,1.68647300692875,1.23657212458959,1.55354444932319
2.60303483282834,1.77439556759081,1.27626032658983,2.10515060976393
2.53176880778803,1.82075575740615,0.802418718272998,1.5938707727133
2.68497353661174,1.73472359349192,0.699245627515464,1.69768581425074
3.0884587149396,1.98467407607046,1.1189993834275,1.47409688360259
1.72670146581263,1.8828862003478,1.07418987285029,2.06167320702459
1.82980133952746,1.93236283170751,1.07289697142949,2.42692070733805
2.15738724213676,1.85413346660816,1.1646457147828,1.22331802181655
2.27829662991733,2.17344906392176,0.856871017892715,1.30609101513069
1.99823641895468,2.25957344452755,0.986716517593884,1.48809328841964
2.39395585596544,1.88693447318069,0.936401105465556,1.95541083721751
2.36409603871308,1.47952300760823,1.15219088242687,1.88147010335181
2.35501323694907,1.51386401248532,0.939481619194974,1.97811762128826
2.34189280027085,1.83770048829992,1.00601998067464,1.46799963918256
2.2665671169978,2.04746424388053,1.34855823793209,2.20729890466069
2.27768645635137,1.84946782976979,1.23736926727095,2.18132940021664
1.89248731600647,2.4158362126543,1.10352476413127,1.88104239399488
1.97579704964649,1.70695859322201,1.17627745515596,2.13437568011534
2.69064096088342,1.7878602408437,1.18438215763124,1.58843152240024
1.95149713075005,2.07846893401943,1.2318493186135,1.50787570202561
1.26522595273401,1.9411817629192,1.76254611435913,1.60302787876709
2.71289230689888,1.90711844488699,1.25359084921185,1.76572207827106
1.68868353386578,1.9587971003332,0.86519575245962,1.47867592174757
1.56981817049846,2.07032380433892,0.881443541124162,1.44076227826277
2.11725939097096,2.02033428021065,0.972203487407763,1.5115921610563
2.10717031033013,1.92058703474491,0.668994125225086,1.61092602523078
2.29070687137988,2.01524117461582,1.39026668274306,1.74130264760636
1.85091649997538,1.60737688268626,1.15884362480613,1.9145201688146
1.64002058801173,1.56254101670016,1.09035159029298,1.89155800763387
2.39286519687778,1.59558509287896,1.46147538058591,1.85978540764282
2.07764335141473,2.41377532290599,0.751339545697348,1.4758004148217
2.11243606038919,2.26179509943729,1.05425775169845,1.41276663427011
1.46185321569479,1.954584557016,1.04485039457771,1.76672265408969
2.58556752529449,1.57742845391745,0.774632986817381,1.71010284683677
3.09176564432824,1.65147669670571,0.992121253037912,1.7406282414043
1.63120629363031,1.86333476599185,1.1419552429661,1.36202113864251
2.62631461095939,2.06452229919826,0.77452533367438,1.5986837723826
1.74929637870769,2.17440162357158,0.98011085872277,1.75201102924673
2.6975387497028,1.5729666301616,1.56686244246555,1.91319038282051
1.67187850590666,2.22000737051606,0.843210561092708,1.73045835263532
1.60800012516057,2.05191003997389,0.908851399325325,1.63561501540344
2.91103931196268,2.02242543970044,0.9871753395338,1.78209978799582
2.69644757765916,2.45308761434759,0.970561365274466,1.8804445071376
2.42180832321712,2.51499997062422,1.3848351642992,2.02126195242617
2.97234081709416,2.0065482152877,1.65763000916871,1.97029005199995
3.04950461027094,2.01207147884738,1.54971543299624,1.93222866463282
2.92163455158446,2.12769201667876,1.61512890423011,1.74874671621847
2.3204557192748,1.94988528953806,1.17308074833017,1.44759436547547
2.59550780694849,2.09598687136434,1.16322007374561,1.74646206356239
2.06098629824531,1.28292852329265,1.27028194143118,1.78806071065414
1.4848451592239,1.86034705361382,0.886619285587081,1.43219114920694
1.58791138089319,2.27055822538273,0.728732932684789,1.52429013185387
2.97639515214676,1.94548107037632,1.34403410564218,2.25377905354793
1.83985689838706,2.15664718853879,1.2664007230459,2.11662782011337
1.97008925208445,1.70242208079259,0.902707380978596,1.42952744273354
3.03354529247795,2.25170651765448,1.69633285719469,1.6238212408341
2.22584361675843,1.80958387211105,1.03657907588322,2.08769126339596
2.40470476896513,1.9465933344317,1.75925913644055,1.60408398916904
1.78848754482256,1.80033248755859,0.748460245671317,1.6670679279824
2.42853277950519,1.69147341217738,1.03513499806626,1.58784868844327
2.40632903088872,2.31572753480852,1.51190917254478,1.66438635282594
2.24887324024022,1.34385929968768,0.953210418640447,1.72695918221272
2.39518703376621,2.54003887012847,1.40165929136989,1.82721150580966
2.91127388181466,2.681507215878,1.36656390449044,2.09377731426467
1.87229002974849,1.95796119804385,1.18570754512744,1.86940320664879
1.82109169874017,1.86276182219306,1.24620882838173,2.10214206951276
2.58200779722453,2.26600609770695,0.972925753868784,1.58632441746061
2.2978627703524,2.70924764026299,0.920002995662618,1.40010658583832
2.42401534658081,1.85758918023286,1.8272708935769,1.97733413065273
2.30155925317131,1.63549433643848,1.29139924082893,1.93162320265333
2.3700874044891,2.66918907460214,1.0929800803859,1.86801759605149
1.66749490467531,2.22779221405697,0.907307809259272,1.89775308833149
1.59726798451131,2.57931048535457,0.967867862573649,1.60335200272451
2.07588522256562,2.5044441999033,1.24059649321073,1.69874932187962
2.17731180447506,2.0343495559522,1.06404975927936,1.64014555907245
1.95856581011993,2.49277164408248,1.01629626034849,1.78658494579046
2.59079164962157,1.37642592038841,1.57293700884588,1.4316385159055
1.99577802926967,1.37288499300792,1.44449468935407,1.60655526131149
1.4131953061944,1.62736239724767,1.16515770785078,1.9164699872528
2.13629855308414,1.80093181455731,1.09995419620177,2.14015495162554
1.7991176548949,1.88558387593952,0.961970364423116,1.69315912773717
2.08890732281484,1.62189374805524,0.90641011306144,1.55984084217257
2.67040174996369,1.45679950791646,1.03297933448756,1.30356938430213
3.33937807251113,1.65671864672982,1.41094074162421,1.32403491559388
2.18698814179375,1.41785434132512,0.965820498475627,1.36124456613106
2.07765730909031,2.68891301464026,1.01663602426552,1.92740810453797
2.07295177659399,2.44454341241394,0.824416066996191,2.09896992211066
3.18942976660565,2.47356546853781,2.31884680963263,1.71720600408041
3.47470392215638,2.68070482052245,1.79729668134168,1.93920304187156
2.45504227906498,1.53861499978471,0.905730280260059,1.37311713126859
3.42494236112124,1.29332982059424,0.859075617898865,1.70077658195691
4.13199787788485,1.83120499778094,1.14754544453714,1.66976208164182
2.87321065483429,2.13313305893908,2.00934026276129,1.68874804592548
1.80309696496302,1.65452742055759,0.999042458757002,1.81198203364511
1.58532468294376,1.7828764385291,0.878064010950201,1.54821739490266
2.05725294617298,1.68104950237271,1.37285899639412,1.97434373592248
1.56104418607832,1.75996989601696,1.95933374138302,2.39871081934148
2.55379416535443,1.8180736039475,1.50953995997629,2.0802570911099
2.097465982928,1.61622322438383,0.832233044054517,1.3932542161712
2.31800920590963,2.50932963890313,1.13365684457119,1.43717544654543
2.63925101615239,1.46454887126448,1.25239696671392,2.64428026046802
1.90194794532526,1.67612172535928,1.50710837228491,1.67120608832685
2.39602009995265,1.24077746772622,0.711203371759597,1.48849015021677
2.91513308381986,1.55818546913896,0.83031916965423,1.53143842739155
1.57960036239555,2.07176800309472,1.1754780921711,1.89229118783251
1.43062320331877,2.16963985929285,1.21025887395364,2.12506120293072
3.5228064095643,1.93904916082969,1.03659587510001,1.92796389264682
1.7217416625947,1.93673946113136,1.08174134421468,1.79101355056466
2.0730139902087,2.11830578164923,1.48884721121868,1.73596082080421
3.07372528590243,1.98431058521882,1.91835870116205,2.28149616211775
2.23212423598771,2.31076126949567,1.76669547087472,2.73755336327493
2.44639943653492,2.55734726072661,1.49906436622831,2.48439898820114
2.76870840857301,2.35922338339851,1.77402075701592,1.89391320608086
2.40798874517301,1.95549261968297,1.00078525946812,1.43714664567011
1.77274634126823,2.2091527253042,1.13903613473134,1.83333611769664
3.0206375026782,2.4741971985803,0.9651479791664,1.51650991118426
2.35816987131382,1.8326613740434,0.747320378640902,1.28439916779803
2.14615846376049,1.92783400731485,0.92106326307912,1.6449816253122
2.68834669486365,2.69914061087177,1.04312927281988,1.61842123069526
2.06837778355164,1.36075543058371,1.29593975783341,1.9559380408954
1.91854997213833,1.42212440228777,1.08303307957047,2.15142569074897
3.15150930053211,2.31279286189815,1.43959318403577,1.67600356064822
2.25552112797539,2.11469109525507,1.22084169612162,1.63704331647481
2.09395514654149,2.65441422927132,0.794859763712157,1.39328301691478
2.07388028485873,2.3891878731637,0.876238500564008,1.54852958459329
1.97491189045494,2.26326358011323,0.727472236896028,1.92497569523726
2.20892874545945,2.04217385012054,0.94942076613779,1.62892328906441
2.10081850892618,2.24740355034339,1.15656455182165,2.32174843438049
1.56733737255325,1.9131800691836,1.11837115618767,1.72564466902365
2.10220811401123,2.1248142043442,0.794850684393861,1.88935745185052
2.27507807121216,1.81855339873279,1.76732814748128,1.70431360982608
2.51406904866093,1.75202426932421,0.89621386594314,1.67145271107747
2.49832136272608,1.94097408306893,0.964155136370181,1.79533706324412
2.16919741256538,1.88921978523122,0.837719773347314,1.6556491223915
3.15905813894696,1.72182108291714,0.878245975551352,1.36458689116053
2.78865394979619,1.74980376349941,0.979552696027152,1.61467776593624
2.17401503889359,1.7729106336209,1.46986866676041,1.6012597438188
3.24701970274922,2.29106004555575,1.20114302713609,2.04889790659495
1.96451531087014,1.81892241264918,1.27908222411023,2.00396260694539
2.30827203368835,2.05295500315338,0.884928341617589,1.44199844807844
2.18172391065577,2.01111022059536,0.877566929677524,1.30469951578101
2.20949910609281,1.94540168703228,1.29192358400276,1.38105973303065
3.07281841845517,2.00538898314254,1.12972878342255,1.70558719503591
1.57582612083284,2.23412229970225,1.39892884352747,1.63969239131751
1.75556625494641,2.29994496533719,1.40541455127194,1.7455336796115
2.66308892645795,2.43909383315958,1.26590303585072,1.79019578296917
2.00028141194483,2.023737148389,1.13630494886928,1.80197793052212
1.57511886631163,2.17819174871742,0.921918461029975,1.90368632943014
2.68146900790669,1.847598695439,1.51755461694546,1.76679592498385
2.06842468661958,1.9075180912634,0.795014377301037,1.74907068844335
2.38931978711031,2.06455857560881,1.43826680632397,1.69648453203967
1.81056836864813,1.90287801796713,0.937223366380307,2.37447201779021
2.43656985484057,1.95530261832143,1.31687612483875,1.16190255907385
2.53884972980075,1.67306646805258,1.52375150506394,2.19686708405184
2.83450407310633,2.49811964737134,1.13766219611467,1.51707942381711
2.7382217537214,1.97076477797825,1.26712200997035,1.60963439825731
2.50828388443914,2.09101916120683,1.10935244937917,1.48798572941219
1.87393904229671,1.94724694370751,0.891525639555125,1.87409529939663
2.37237852022712,1.93538932141324,1.39074214287462,1.46232086342393
1.87137622524574,2.05824365388366,1.57264142226557,1.95311177882698
2.14791200123906,1.99520464224299,0.975948669361852,1.53833110035622
1.78126131421948,2.46016422240044,1.50505444654666,2.10012176340375
2.41707429184039,2.15365828485126,1.00304048849266,1.98041692171018
1.60068548595363,2.57161194684014,0.845689842559021,2.05746473424296
1.51641841304362,2.54734126362268,0.866372706534624,2.20031210307215
2.32628719838851,2.38045514017849,1.05411741150226,1.16404596097137
2.03093060004447,2.95570005442996,1.21937019141075,1.88048675936591
2.33094343497718,1.55213982633616,0.992611726552694,1.79078260929902
1.55004103307439,1.7717258945204,1.17610477185418,1.99276534750537
2.62578631401777,1.56987030069817,1.27620161327907,1.32360730868156
2.34220941256121,2.04178766671135,1.53749429245384,1.27006570696506
2.26420037718443,2.03044710888872,0.990940411862787,1.6141857037972
1.91884922021776,1.85620888010341,2.06344039970835,1.49859738184528
1.88041973049447,2.02010396629869,1.08084866544522,1.85443488356628
3.04193077279281,1.98253952094196,1.65011056987837,1.5646318006912
2.94703804610354,2.23048612462044,1.23310184546446,1.56420031575868
2.71582198435674,2.00358720787559,1.45919680643745,1.68174869338808
2.06969570128045,1.51392002439595,1.28959635750579,1.78351042119438
1.90025071592956,1.51099286151761,1.55327856627123,1.49034317459555
2.19656089656195,2.66741349784861,0.808603410517147,1.77465042068342
2.35382783185505,2.21257633124305,0.911335969940674,1.78373584996178
2.42463256986738,1.99770444375704,1.22604744625915,1.69938425481233
2.8283318785155,1.67670805920912,1.68104136363494,1.83796448694965
1.39627873184452,2.21096778595179,0.840382330904231,1.80464538453368
1.63595990984646,2.19251629409736,0.77385045765838,1.72965655778016
2.09572207079693,1.85718040706142,0.765837689782106,1.64875603709664
2.85275730803252,2.74544880069114,0.981090267366675,1.2731501376123
2.59528613466568,2.07826056673148,0.994290579349667,1.25278340227044
2.65214177406342,2.13412971530767,1.01672631552258,1.26031394176269
3.13346466946317,1.95856617151325,1.32052629831815,2.27435732912906
1.81956043645282,1.96181410509364,0.831296305044581,1.50933362395218
2.06065272359044,2.31219459625639,1.32677578545534,1.90853771321579
2.80714165586062,1.61340344605706,0.928938613298185,1.57345341841254
1.68390860193044,2.13222142479665,1.49863845854079,1.67755074063454
2.73560217711257,1.98470747077249,0.750777333907306,1.89846377683167
1.91317203769778,2.03874542364833,1.33393315495145,1.61684313652607
2.62115871544678,1.80966057786435,1.16682337939076,1.73296185930346
2.01674042476352,1.99638339015448,0.999503975404567,1.96524604472384
2.24968977092896,1.75743371863744,1.05386914858148,1.2980384788827
1.69942023050266,2.40181755231108,0.688526380807179,1.27882624246826
1.21728069585168,2.23549758533653,0.902469916389675,1.11392593507334
1.49811916157907,2.01890246069214,0.886443527012261,1.05116053431781
2.26531481366796,1.7337243374974,0.891519340431832,2.04452929824325
2.13911652652278,2.08257806138937,1.35193683877914,1.56130442724678
2.11467718242694,1.64328693695531,1.2479332935864,1.48761004115015
1.97810669355072,1.85074901498754,1.32019173053965,1.77511967319811
1.91393284244804,1.75821614941402,1.30289877635027,1.59545780834391
1.8497507058768,1.5954408009351,1.41681928204897,1.565898940708
2.70092206693701,2.42647911418134,0.945930144503531,1.98889955895139
2.02818120194127,1.70312571956219,0.756208257978464,1.89835547019392
2.04745722241397,1.90159950048606,0.957894003396322,1.68629838257197
2.68399687885133,2.15251277311374,1.67197070910386,1.65873722468561
2.86117468703629,1.53553143245172,1.35995382148665,1.68438024573449
2.89450509015062,1.61090005828396,1.18483093736187,1.79385944377253
2.20230712727829,1.65279449300787,1.97517343975996,1.90658574789704
1.97018659802033,2.42832552538955,0.756317518760761,1.59533068581916
2.31557775908557,2.58813276311061,0.845593864003017,1.83474571798928
1.7815776908208,2.03712944938162,1.40005007835158,1.43944928536046
1.51254929515693,2.33942597515812,0.825862326642684,1.52301991196301
1.47244612245601,2.48445885440148,1.20066043716772,1.65873646229035
2.12365680607793,2.1886909287146,0.979241699393807,1.91223820336381
2.19633454531968,1.85106383467425,1.08524497100685,1.67578477776135
2.28593972457971,1.92974315155638,1.27927979011899,1.70494139166649
2.41233313564091,2.2895686792933,1.51089838636056,1.12713933580287
2.23504108165492,2.45700910079818,0.756249740858692,2.27916274776768
1.89354423354071,1.52325179033484,1.06094955949134,1.0583018087224
3.29925218467276,1.85931036833164,1.7632298411922,2.02407813948074
2.55810522954592,2.02114803725261,1.62223225350062,1.94700239528363
2.96166984535177,1.9769644286331,1.59892374679651,2.34992660703372
2.20235735965128,1.97548620240918,0.971574807311903,1.40902622362562
2.17624466451488,2.93929252314141,0.973088313819824,1.97630002130508
2.07618428088882,2.35072022053235,0.725681801542227,1.89822447618602
2.29621702721257,1.85776415963796,1.01561079204002,2.00828753458185
1.79798767434526,2.30093170716385,1.03656733794807,1.36458809352673
2.20176377086236,2.15564732328573,0.653100173174141,1.75754576686483
1.43181975040838,1.97532245741382,1.16927351096563,1.63626869937262
2.05062429760515,2.31485019308167,1.62762909356608,1.72415681384476
2.7200765157345,2.36766332583657,1.39045007020226,1.75110353670896
1.51130754606491,2.10082082767594,0.760114846424728,1.86751087225011
2.36262291352071,2.79187375911403,1.38076681583898,1.6046679385304
2.02834026151231,3.20823052263539,1.38916609269202,1.43942604156351
2.94925833933305,2.52133188367868,1.05314366891457,1.6704094755993
2.48277722343624,2.09931414568633,1.09382964945849,1.53038754208383
2.45447390421415,1.8663779222032,1.01796168319097,1.39694188304866
1.99260695894978,2.21829946892461,0.821926402499213,1.99243693091623
1.62584184959139,2.01471255697422,0.987431163301303,1.72620444552309
3.12350816224484,2.25854708574563,1.22375815710601,1.81376040828016
2.53153717903097,2.29188850457469,1.07334626955047,1.66709890079392
2.40664940582905,2.21519027317526,0.928187584185217,1.48242925406327
2.77882037375476,2.10004064906139,0.954975373864497,1.55679989151334
2.05355745037,2.05673957397398,0.978184433260151,1.8815291056247
2.19620979371363,1.97052077108471,0.907652497639018,1.8282955493793
2.29997344981365,1.95083134233583,1.02884469467526,1.71234769395304
2.18071940163247,1.45185525270333,1.29313863155947,1.66059683550947
1.69517833411919,1.85522805382948,0.820231467384657,1.82944644459274
2.36213692193445,1.72419656813575,1.21775420317384,1.77697283803636
2.76045015417555,2.20716933343219,1.33170874665787,1.57695716552479
1.85124171030445,1.61116440716615,1.1872322479808,1.96363161518559
2.71601291702407,2.59779470863602,1.14446205094352,1.33328470175634
2.6254237636364,2.9054840053616,1.0578144459176,1.04886476079663
1.66841208371939,1.42977504666693,1.10932845696005,2.65613401347224
1.98092799686757,1.5175551471588,1.3541248856186,2.22654708136146
1.80666992780723,1.73921778790018,0.878466216407173,1.73090985716951
2.19654997270462,2.14164492173181,1.0393551224882,1.65645100589122
1.76799616787336,1.68869189504676,0.961078893950677,2.09059428455366
1.85425556657441,1.92403721510819,1.13052904847205,1.78638936781562
2.68780860341428,1.68784938418688,1.05533452000884,1.26362902627613
3.26605071471532,1.7614408400834,1.21529582431377,1.63232753119787
3.29066067701437,1.98498326137735,1.42584739713266,2.12473066789616
2.73768855119337,1.74623457164248,1.59441228135024,1.998690204318
1.95866013746763,2.11098312101692,0.997585210121001,1.82554199499404
2.13220591818627,1.8476049902085,1.05420323871763,1.83432454930076
2.34768169276892,2.19447291921544,1.31081192036622,1.6042861297126
1.78209546493298,1.91332778939144,0.996451219040322,2.02701246847943
1.86828948692687,2.08758567473101,0.898163024905927,1.95108162279655
2.01769428617958,2.32069535700489,1.12879211239867,1.45957922192833
2.18110914302177,2.26468978726182,1.65916394281091,1.75782553118998
2.38216848843033,2.40587880789548,1.62891218995262,1.78954827129401
2.20932706969773,2.45034038228671,1.23954653695596,1.80132522862003
2.18434447591796,1.8823766476078,1.17288765541119,1.74554772433836
1.83756621911833,1.77805127717883,1.32291671024056,1.33253452952038
2.45816294213038,2.13623955337348,0.893184480166421,2.06896732514387
2.07530984912132,1.78327830440461,1.46106566092857,1.29817863448763
2.02772922981234,2.19476956521878,1.32880403912195,1.48072578338014
2.0418000724974,2.1015619067356,1.21627557981724,1.95514952619304
2.21612570001422,1.96287441542342,1.20214614318126,2.5778689597314
2.29400000177942,1.95797844349289,1.00072956788115,1.88668402582574
2.28516394784782,2.04566645427681,1.44149752714733,1.39341539906112
2.34171619128693,2.53277209030654,0.951583282615744,1.96116682492381
2.4252478855264,2.93095207340647,0.935400241340431,1.92399399283744
2.43185465347591,2.59981344298792,0.865835793409489,2.0082628328092
3.56862097448923,1.70595848554613,1.6160973617115,1.43125637885406
3.49769542987008,1.73331450855722,1.71481993884498,1.47363684146976
3.21848904010667,2.22943753806988,1.19931512695402,1.29934292955013
3.27188356469912,2.08878341956902,1.02004702423578,1.68513007238112
2.1174393128478,1.74935531611798,1.12183850929452,1.63252257229064
1.55328377340889,2.14365187237311,1.06775999413712,1.41509418690108
2.57994393811813,1.21844624616514,1.35527578704884,2.1327865867469
2.45741325960649,1.52315322453587,1.07319064467105,1.65101003810109
3.00651528538481,1.71770125618071,1.65353105987215,1.41933383291807
1.69364469302655,2.07770838363497,0.706064018556664,1.78605707182002
2.26203091566291,2.09790686591876,1.26251729193343,1.90487478694948
2.44477958754728,1.67168049276654,0.97255152022055,2.12437555795463
1.99784095421817,2.15727484770842,0.988161788984005,1.41752910105998
1.95767682980226,1.90444450322621,0.906035485061662,1.38283120480648
2.47191472220725,2.3062865741573,1.40799798547965,2.21539465793154
3.37086434998311,2.06886853285268,1.71783331849728,2.03444084360818
2.12252841462593,1.8918700738073,0.928952440646174,1.56496689307034
1.66151748812017,2.13111232705161,0.808172152911116,2.26504570962214
2.56673758227581,2.45117399523852,0.627340197474805,1.3435025996353
3.20189788773538,2.20221253081755,1.85606694522995,1.89107588130588
2.53810443666588,1.57934472861199,1.34563420679752,1.93850341493976
2.30739818829441,1.50904819924745,1.0711796254205,1.49856851462047
2.1285546143385,1.87263406202063,1.25667434805087,1.24231911152545
2.18722742954286,1.97147580366097,0.767065022469857,2.04433496765117
2.20791864905093,1.97314548764586,0.671957186940207,1.79888705267984
1.51301697647914,2.31287899389692,1.36782508023341,1.90873183406732
2.65045127565296,1.89122960388704,0.900487062930333,1.47524450664124
2.33527595727684,2.00895280086842,0.962600213804815,1.80103691854563
2.0038264459616,1.8904247293111,1.11251287967558,1.28201787537043
2.16563807767028,1.97419445212772,0.9681777399206,1.37630188457146
2.29920275467044,1.72815396257177,0.834770844525301,1.30131811807065
1.56497834437629,1.88646599887773,1.27207022453244,2.38670819803633
2.7847100518057,1.85492665472827,1.08302548824014,1.41021322790874
2.32155200086019,1.81914976030979,1.10254670735365,2.02611804191452
3.06778983120927,1.63207480954192,0.927938982362223,1.91350129183044
2.57712270934949,1.83098151479527,1.16509677976148,1.61331924199676
1.35167508269119,2.52747179759276,1.51933032185067,1.6637605600914
3.04034746575975,1.63698133067303,0.856820824471311,1.48586922400205
2.67456324609874,2.23552525206095,1.11231922108244,2.20307218358884
1.93138054811628,2.07162021958831,1.97238143947922,1.61664934521667
2.26814040958213,2.13561676455672,1.62278415412972,1.45198963193795
2.08000494034521,2.06963796442327,1.97539691738678,1.67671243648087
2.21663959046147,1.82622640101909,1.09572227210769,1.91101280268276
2.23101335804067,2.13602554787242,1.20979816906779,1.3688085151731
2.44282719571007,1.38473291124585,1.00111630931867,1.74666184191811
2.26923519626814,3.01441275614776,1.4532709828112,1.46792005420053
2.14351785193293,2.47966953802417,1.14742287861698,1.82793127455642
2.11355165026571,2.46887215361956,1.20424993603776,1.95776219298021
2.62004545819987,1.66875428388311,1.09482597733221,1.65875276470593
3.00264929996574,1.7303578088992,1.20406323044425,1.79514335347008
1.92156660410815,1.98085533432044,1.13189571608784,1.39564909394288
2.78658059016296,2.31547214394831,0.963041516902414,1.17346939854469
1.54318534277764,2.17756426548931,1.24144438584963,2.30590739507042
3.30742855031676,1.52428632144107,1.1590077225476,1.48259072543317
2.65611991914789,1.67187105148371,1.16108149112529,1.61180592469858
3.42693942032508,1.87204231501503,0.921013860937246,2.3738412460938
1.3428159425563,1.96756177076602,1.28137318767083,1.84275658348975
2.492399374448,2.09207677910075,0.740861189905047,1.48387036807963
1.74454991033528,2.10808321583688,1.12782745814551,1.58189354624909
1.73588150439315,2.07463610889101,0.992029651808499,1.68165952299578
1.8763474533058,2.20099033746536,0.926734299940104,1.50796666383677
2.13791082022402,1.84427127274141,1.46821618182129,1.66226596123991
2.1889063475215,1.9325937296767,0.99955310999392,1.73442183838242
2.39824278605291,1.68438639269578,0.928096682630719,1.5598123744061
2.37888975281444,2.29416796401204,1.34116174625772,1.77073825267418
1.95603847680947,2.284971107782,1.3169950401617,1.61393275583718
1.7234721708955,2.10080949998993,0.953079689700264,1.75734855107959
2.4230811788799,1.84072587630889,1.40302262158913,1.68035978055284
1.97943202546731,2.10860447760593,0.905459067526337,2.18318645886095
2.43274025956448,2.33846508052775,1.04048645745813,1.6898181678442
1.88366003746322,3.02678282688264,0.991998444900558,1.90952689906279
2.53124544962575,1.37491712871708,1.2412074249901,1.4968247986813
2.48800495302809,1.52171657342588,0.949056709825616,1.73080051569624
2.43903804385642,2.08408066617608,1.27250214969201,1.53767179033484
1.81029224271075,1.88128237821522,0.739869051465452,2.17001444731217
1.85497456034837,1.58369702930419,0.924448726730068,1.73501830858414
1.79694270512845,1.71118318270561,1.25764228049618,1.82091974262932
1.53753750520459,1.6600513270319,1.19755566637996,1.52987310653218
2.54499414122695,2.06911706216006,1.60766583134802,1.36775178920954
1.57030181430561,2.12501024253613,0.837563918120797,2.08074800140078
2.44322900763417,1.75602368760431,1.0342097342534,1.19471280198482
2.60132793608727,1.6381702765356,0.916040419118652,1.93485228659813
2.61186433971342,2.56198367317833,1.07790637061173,1.34441807363299
1.68148489212894,1.95113609549807,0.994689853610991,2.81557506136921
1.98331806256854,2.49242334523364,1.04205257386126,1.92799893484217
2.75590801520047,1.67394065459975,1.49416314551754,1.94567844439591
2.12386851531479,2.29905151281257,1.97020089769541,1.98294141363995
2.21226601409065,1.47938584744444,0.694781151292459,1.63212246398644
2.63195442098483,1.97444040967083,1.16319661968116,2.06866117611207
2.02509913429204,1.92915294223716,1.06240653807406,1.50842405213467
2.54492735113287,2.56196317269263,0.942770735266327,2.25002705174004
1.94075956023282,1.825706371653,0.875160230208692,1.58128958186264
3.10288402169331,2.2005766624017,0.809230437173115,1.8287276150544
3.20796092293325,2.08652867051424,0.852825246702406,2.01323635513489
1.75708387677555,1.88551329767735,1.29962088083395,1.96118214140004
3.35902038847576,1.93805505591977,0.856295524046363,1.8491195568724
2.36141464355073,2.21693154720103,0.972152662348846,2.34289495022317
1.86300522074526,1.80733049792543,1.0092375743133,1.59092758685123
1.83790717043335,2.02328968818857,0.907397972409308,1.59042977851933
1.73318116871049,1.98704742304135,0.571917796524539,1.77594082690463
1.68711422120893,1.21845074128022,1.42711990734387,3.1346050987642
2.02711215400281,1.40992861023368,1.32695246760324,2.39097294579741
2.15104296905001,1.39975420872776,1.37906953838595,2.00689516487229
1.77002465375102,1.40212085103007,1.15343619876825,1.9815112273215
2.38438730687943,2.11362758741206,1.08248121959776,1.82641387728939
1.8849910416059,1.74006316409776,1.27892479381976,1.41755263389197
2.25233577208193,1.46379331184864,1.03136105201794,1.771545832952
2.46705732186578,1.58848748038628,1.09751351689082,1.85486899293707
2.64667321550141,2.29910194046153,1.25128832421204,1.44568166997849
2.08329816987204,1.69792129714112,1.0653056814718,2.27157704090394
2.11934069735936,2.17868864320939,1.01642319174367,1.31768583301283
1.79738795528955,2.10637513611438,1.42460439943513,1.48319312830729
2.6281792084029,1.57241241445341,0.887373318419086,1.79644314045885
2.07222692692716,1.87644517166437,0.713564786972628,1.45089865878862
1.63439660838884,1.59502395455152,0.928561930987495,1.77502172300934
1.97732402018438,2.53097543385189,0.664136533951122,1.73434355721966
2.13709300332608,1.43415618319148,1.80209844424721,1.3731179965165
2.92484268303619,2.20664663290891,0.853878474959628,2.04972931459057
3.3353157269915,1.37474582413442,0.88934566445529,1.61209966246027
2.10663279788954,3.13771501656809,0.825921309364716,1.46457368814942
1.76564604714112,1.60909698268056,1.16701113633638,2.27139506138931
2.53407963632855,2.38489459762326,1.07686944273639,1.26902990786873
2.45594008788981,1.68719715930965,1.24947152439082,2.25814576997068
2.19022472345002,2.05199611489687,0.919867793136253,2.13629150263785
1.86460775801086,1.88471259697348,1.3247218304051,2.0809687934044
1.6857918303672,1.74011792676193,0.860284303509779,2.08431549781219
2.38171807211146,2.22196915577149,1.13576582160945,1.87379350711604
2.44944024529872,2.32216887261491,1.12364930669534,1.71285653142717
2.13799902909761,3.73758483928184,1.20042294586261,1.1688077289683
1.96792310674317,3.18825151287139,1.08982735916713,1.09113671320726
1.77014116247432,2.25286885043355,1.45499023231988,1.49226099366763
2.39501588638476,2.53991962109717,0.660860884892411,2.01328442719929
1.78270465278877,2.6775438011547,1.91765307125507,1.51368082363893
2.137979635819,2.21354935936399,0.820239235446716,1.97081430539562
2.00541924526316,2.4621036636119,1.10313069631612,1.98981093487466
3.0886575179233,1.93037024835774,0.978355306684667,1.20165759475292
2.61685412885922,2.0434689415847,1.49748536911431,1.72370346677713
2.48615786258286,1.69784886067288,1.05692754912447,1.86192735231936
2.35859402591148,2.09365054704481,1.01713100079835,1.5337024713872
1.40095287206517,2.16059444088659,1.0440165542506,1.73609608208599
2.11767890263978,1.49181302590833,1.3690613825013,1.95847015760911
1.94819316679309,2.01549479412003,1.12512159885771,1.89359627524663
2.03507557792178,2.13815168142458,0.884387124400443,2.06411954761363
1.84073768937309,1.67053180211144,1.01398761836501,1.33254997230513
2.84878838119646,3.13334857034296,0.933862024998609,2.1336513860735
2.94276347229436,2.70451235166487,1.29886416758,2.14900990603125
2.90426096371499,2.28256125619042,0.854700463082972,1.66880563616337
2.7666126384955,1.73680359365627,1.18468517233795,1.5345642487142
2.95484710833154,1.70228433699281,1.22365206922201,1.56257172988372
1.91439695042167,2.56936229771234,0.984956585131287,1.65085634931513
2.50754062577182,1.47461264974408,1.23788194320912,1.48806474828489
2.76650195978803,1.42005274660287,1.05465449670467,1.8535108890292
2.78328498631457,1.33713299198265,1.3656877644831,1.81647219937511
2.59270919720095,1.87941965511039,0.796255611785981,2.04552263063407
2.84473216625041,1.89104452605132,0.863157861614494,2.07067423462669
2.17095437207942,1.809421068061,2.20073182563306,1.48067268823812
2.53182287690997,1.91677900150961,0.665625434773629,2.21590926419477
3.06598598120903,2.16398334643861,1.08510265716172,1.98562527782529
1.73963998821669,1.90114819660068,2.14414751920689,2.29633550104136
1.96347696917315,1.76150550855533,2.01075619114115,2.13490340380225
2.56963889059263,2.18438229280778,0.714742492008244,1.94303554681045
2.44474544863834,2.57685769463951,0.832560348687687,2.02160413085624
1.63259122446811,2.0278353203115,0.915867588314437,2.52177040435821
2.22960047130532,2.05546935033922,1.03964391334469,1.52289153295359
1.4787008151563,2.13914866413785,1.00432461810571,1.50793110271158
1.88664940584406,2.24540075934142,1.29737846327019,1.27162071609733
2.15285662743295,1.75238090893534,1.1686115888641,1.69099595635768
3.25455700739232,2.29398596455897,1.06729474531001,1.70413115398612
1.97276833466791,2.25853183037078,1.39955014646313,2.10206807249301
2.69585557047374,1.73674925414334,0.916745593938544,1.44521360023495
1.79202345006074,2.26457484635772,1.66259418702146,2.11548294982172
2.10355808177998,1.47021558317243,0.692219574884133,1.34170786842031
2.09256568092054,2.02874748809274,2.26316971245147,2.21805402472786
2.01181691003595,2.02993566591866,1.87454045467688,2.25431257734114
2.53689665883045,2.141954492454,1.26437057728818,2.25212843699198
2.56534354847392,2.12120281392333,1.27732651801071,1.83090366076823
2.72061750965562,2.33484619374997,1.48116926990558,1.81528539788165
1.35337961710776,1.36988889447311,1.06033463906489,2.02683340903662
2.33325814830295,1.73336347964178,0.941929766763203,2.16100694238894
1.73761320071696,2.39974973747535,1.02066337427142,1.27749073572735
1.9910241608489,1.75181565786884,0.888137338354521,1.59066510574731
2.1659775666943,1.85892994171065,1.17419223694914,1.5386838794462
2.10929636215053,2.02345024747226,1.28384620800255,2.15116144575253
2.54515922978681,2.08727086062675,0.811498212955312,1.77159120528116
2.11214393208736,2.14643429951517,0.989577325938108,2.80862636908812
2.13170735170106,1.66361364529204,1.07554891500033,1.64985014020028
2.62699289352576,2.34829264169634,1.39761965420702,2.13989829777754
1.71718725969782,1.62054680352234,0.975587263386476,1.697235345286
1.43515677570839,1.56857552091918,1.00713938405284,1.59736257948461
2.54532905288372,3.20254119661998,0.905455322469901,1.90852243529093
2.33085078082634,2.34681201130892,1.19278259507307,1.61046765862183
1.96813596588141,1.82080940931224,3.39143573795999,1.76482799450209
2.5034487616828,2.17491398487362,0.805782004699143,1.41171538210901
1.825197702432,1.72920341823191,0.875932981118607,1.5147029684325
2.07834140792511,2.21778052346266,0.801416277888802,2.60738711431638
2.50363949059319,1.75195874928936,0.999771951770591,2.05260306017978
1.85533772559292,1.82862901121216,1.22155615250728,1.2883304857014
2.37061356939871,2.39049600604275,1.71060603199082,1.64375221933447
2.58791173223241,2.42879363151689,2.30026298731336,1.51999641756458
2.53087393652669,2.16291269078697,1.60547437995323,1.33316982047773
2.45865884169112,2.15555246550809,1.69761986168364,1.34216248655182
2.20614008621729,1.94418327890604,1.46299491428548,1.77239053204893
2.18658516342487,2.05977360419368,1.32146291924296,1.62804874072649
2.13371418051659,2.01387883515231,0.822458162016277,1.74307838525676
2.87018811109848,2.58110172713281,1.01824763073572,1.53479019503584
2.45079266707284,1.65921990281602,1.19730351578895,1.90531935156508
2.4917676652188,2.62817113978466,1.1336251508211,1.59410828585341
2.4905837847442,2.56483004215436,1.01703990958598,1.69779016453749
1.96456278685999,1.36703798743608,1.39090380017519,1.60725642409753
1.84633871776018,1.52443861288006,1.30280479591431,1.19227372372866
1.91937432282259,1.8000557564601,1.1951395000175,1.32232265078357
1.74799583597445,1.4571654093792,1.15327716126732,1.36427761932992
3.07820775126001,2.68451329305089,0.999987118068129,1.99975823574007
2.56067993010851,1.32333768829239,0.703468475054543,1.30950986866526
2.79753492113577,2.28929010470534,1.8774602291569,2.25326577811019
1.45026101456116,2.43624098257641,1.01299040480269,1.35421182598674
3.05255445726986,1.46339319280544,1.02280978107223,1.90075170213056
2.06743369535242,2.02650695316773,1.20122459300597,1.56593134458057
2.08175975916672,2.25026281429776,1.2958320070836,1.47520342102628
1.70641312518311,1.95593144439894,1.54176949998936,1.32878863781551
2.08355816232781,2.04168922118972,0.773853133182816,1.05298154666901
2.01666002020961,1.74725954711909,1.22125797326031,1.88964348861151
2.47853594322384,2.12612816055047,1.05908807611087,1.66484725710585
2.49842985777552,2.44233548079397,0.955907316451204,1.66215674646457
1.8927513866855,1.85617720925064,0.778657418131305,2.06864187736562
1.84779496821612,1.67130520394273,1.41852240061371,1.60312145272414
1.45436974244809,1.91464996100964,0.950636719133594,1.71281861838396
3.38849919800954,2.92118278052867,1.02259505050974,1.48253319568092
1.51865787298384,1.64531766986615,0.907888395506395,1.50582793639939
2.70118284781227,2.30672892127072,0.842286242923413,2.19908322779688
2.36491663586921,2.1047769959453,0.61956026987787,2.01682254853358
1.976984529156,2.34099318699193,1.40522329472419,1.95073766713295
2.15905731364952,2.087766066079,1.06840551616519,1.50325771205424
2.0650409124606,1.78182917038818,1.10122600560311,1.7558689812636
2.07061965671178,1.77780282555114,0.802851935571794,1.54460051116584
2.21956350417831,2.0394854607828,1.37682787076298,1.94276767871818
2.07307906905834,1.8831047779647,0.994738889467042,1.69948897779968
2.04128636290243,1.52273814555735,1.20369841077211,1.24023472734947
1.76865836127444,2.67697302259345,1.35544409631982,2.28099262612179
2.27906383846428,2.60668056885215,0.917094603246576,2.55490030167147
2.24217294459014,1.49747593866547,1.59862193195246,1.20055309480657
2.45032473344765,2.20630146525307,0.938559202382405,1.54057528383754
2.36923044070834,2.31836310685745,0.98025180716588,1.6000697029579
2.29746441487836,2.31542923740428,1.18983612102874,1.83356761605427
2.43041277089137,2.0744397295253,0.916503719681216,1.35923144790739
2.32686674335252,2.27913384351602,1.23609356290961,2.02270683693334
2.16007044125433,1.84884258268563,0.703682279127079,1.6919850171273
2.21239341030404,1.8455693575231,0.680008797839646,1.87650916771079
1.42183838291441,1.67240974673106,0.922202602252372,1.74366003087929
1.30679741245849,2.06824496965364,0.952444344423325,1.43209432154915
3.09816645920793,1.67553435717106,1.08318121474035,2.13611761262341
2.42431592512923,1.98340813387091,1.39598624178665,1.44704626903134
2.62764606106727,1.97250035284439,0.803914960694552,2.10152665416052
1.88223233593985,2.5764737212791,1.19120976046144,1.39578800105026
2.94458122672513,2.26664150608821,1.08846122559604,1.94565976803911
2.79324194043665,2.48415478090069,0.923430644845423,1.74372035492757
3.4975799743895,2.13872504027624,1.12293787596042,1.7957522916605
1.44169122324379,1.86255825060593,1.05227350203136,1.35462535953945
2.76258734259586,1.99585404752777,0.803734174004459,1.82365076085358
1.6047249917863,2.09687645904802,1.1435653857165,1.8619439493122
2.7426923394995,1.75704909659636,0.891192303278636,1.88534902623988
1.97922828119166,1.73919992909613,1.29800425391066,1.70611853296229
2.33905906575902,2.00135280873836,1.28957277984732,1.74694072220482
1.77577732087625,2.15667581745834,1.23709347397333,1.70402934390882
2.92523427192536,1.99045167803786,1.24455285914499,1.83653252808044
3.93156888200375,1.82704194028423,0.821188838569407,2.02178116797844
2.28875569839184,2.10367588756039,0.825889932476818,1.98184775911797
2.46492901424169,2.11187334222049,0.771011247209711,1.93873720573811
1.95641486133183,1.55391971136992,1.47654051579234,1.85992588595714
2.3361496463222,2.01424009070585,0.694692847997657,1.46601072731992
2.65786194491503,1.70603453003372,1.16201894786202,2.34446032706179
2.82271646546633,1.3949921174372,1.24367763162201,2.45407868535451
2.36507134596227,2.70616588176671,1.00150577263751,1.56020147358679
2.10756949699359,2.40831144660958,0.933989621406198,1.92730213715339
2.72171614652016,1.54710615027556,1.41214291635099,1.47890719512836
2.24078613082613,2.07963270935267,0.681761120531361,1.81485917530939
2.24852970678773,2.0900070548276,0.685864522824844,1.72333258024381
3.07181831337917,1.91843429876387,0.922619038472749,1.70340348178196
2.996306007144,1.97254883521567,0.779010475309942,2.08000112672083
1.64957143168737,1.89423486153335,1.73408946423308,1.26247776271339
1.67261053628512,1.59310413153693,1.72036202605697,1.52196054181952
2.39917415894354,2.95852544890358,0.726788096528913,1.85079748465173
2.74697623373502,3.07064597302353,0.823945030188698,1.90876980208154
1.31465442895393,1.56160678334887,1.03009256097149,1.47440339699971
3.78498256613395,2.2711509397401,1.25632523267095,1.92379932473809
3.50759693126568,2.33163425642739,1.15044311556645,1.67446365898304
2.37113415401995,1.85440722993497,1.4888500647844,1.50358500510261
1.97788649288161,2.02865531435086,0.757451999588625,1.29091211119212
1.98352058740161,1.80227643905344,1.94216724614406,2.08404545935045
1.92642648658942,1.60707454394722,2.27238828025285,2.07804082610124
2.42078899948142,2.09064848233826,0.819283641163204,1.52875707317638
3.08630292327053,2.44624993734918,1.58535765896236,1.79893566101165
2.54842923540052,2.37577715353342,1.32542037847432,1.53900064223262
2.34112489657354,2.39488489414827,1.89179471895642,1.55631691656071
2.67537599098597,2.05346908740959,0.816811982110642,1.62541444710657
1.75640837959421,2.48665401148729,1.71905911187994,1.98107384740272
1.9628243413472,2.05382075514569,1.2687135504362,1.64452574766912
1.98800465461307,1.99291083841464,1.30866675920846,1.57903204865967
2.39982990622109,1.95720076202388,0.987551362574655,1.41611793421919
1.77366511362012,1.83705590808053,1.16237181318798,1.83934612802801
2.18542711960123,2.42638955837367,1.01118537348901,1.77468984629112
2.20251586269725,2.30412570899838,1.1411403213365,1.54433993362278
1.98284990745991,2.05556796636002,1.33309077332442,1.83441053292596
2.14174013362364,2.44212089001726,1.29522357147254,2.40453625152352
2.16632095154033,2.17868998351654,1.60476479474475,2.191157767451
2.2919839187297,1.60644924823204,0.899373979051746,2.05214782708376
2.18144856273964,1.88997252588286,2.31320778153832,1.70532791310458
2.59137159198182,2.73628982460746,1.37138017320471,1.39661132152673
2.56244224560449,1.35832499291187,1.10569606219327,1.79570832265671
2.26963578890259,1.86554928120479,1.22281352012005,1.56100347812666
2.33092296453906,1.74097328494608,0.972086093504385,2.21393146250065
1.81632831749316,1.73689909754117,0.938985940363911,1.87465060872326
2.66079910887527,2.02299018745987,0.864822214602846,1.33685398363621
1.52836416103118,1.79196856878002,1.1677744697919,1.73125195254439
4.01899632477281,1.87712952233973,1.23540477620206,1.64311703051409
2.81037245248617,1.71505091101724,1.04346954209751,1.60504272412022
1.50583683547727,1.6614652170127,1.2182386935674,1.80092786776137
1.67167946172719,1.5300115442098,0.975958588443415,1.78575212125558
2.2311962208,1.63862006722614,1.00888077795885,1.79203155218133
2.28404866003375,2.32936582740141,1.44417072426201,1.61499666410462
2.03314922239663,1.80542608518921,1.24715571592621,1.43198396887813
3.08217736311838,1.79079169666775,1.46577749474612,1.35470164099134
2.53305326927042,1.90581748606592,1.1595773610217,1.40017937423417
2.36919187165549,1.31001861405915,0.836558116102082,1.38273140942522
2.51399554550763,2.10090475913999,1.31153305968318,1.31847472575466
2.38114059423036,1.97666823039281,1.33541660729222,1.69996492490371
2.36542406919351,2.0821480283674,0.730228393265899,1.73308083946533
2.23366892453324,1.67152195111837,1.571573906789,1.52835556079314
2.87797625803932,2.57715246059179,1.71593773898301,2.0152542093946
3.83665862908306,1.98909828779096,1.1739427507345,2.41691271049622
3.67455590609744,2.04786489525378,1.07398510188065,2.42255256045241
1.73870580291443,2.13958215567775,1.49099750817103,1.34416906069355
2.96616286014628,1.79911326890469,1.00583511389286,1.43989170267912
2.76073731351155,1.80209156320664,1.05582662498722,1.37975274872461
2.15905239030286,2.15173486187622,1.14995645075287,2.0808728364019
3.70352684281721,1.98626440886078,1.3462464235075,1.53901994925871
1.81588286848122,1.78060079852244,1.02873387194974,1.835119261796
2.31757427153393,1.97899185183514,1.36741488852746,1.71836931575728
2.15667493526932,1.98274927979703,0.711227797398175,1.77561864112621
1.79298167466713,2.16960029961676,1.30255050627542,1.70183140210965
2.21849217247602,2.81538002722981,0.857991355407196,1.76949174818967
1.89086873611273,2.52053580236676,0.897145270563693,1.70055483372557
2.96486321474939,2.46309883510473,1.25327769927367,2.02860833174431
2.53118463949861,1.81188341050397,1.36207888026644,2.22268514015976
2.46696396771188,2.27351475831907,0.999141601056955,1.7171404904524
2.12706013424927,1.82899912750809,1.19411465291846,1.39731172297463
1.91778191977068,1.97934503147248,0.993301475605889,1.64201378490528
2.39482340125144,2.1759916652433,1.36695211710806,2.01382185846166
2.44250466596363,2.30450221183806,1.77370529119947,1.25698553017815
2.21546175646217,1.58340082510636,1.03258193308555,1.95886748147579
1.87726432547964,2.1885905222115,0.948144614032192,1.42921062977333
2.16851556303383,2.68551470848094,1.15265429249507,1.80248346169139
2.22475343927432,2.12324124575079,1.59221986532583,1.84250863098443
3.0313308519896,2.25039070430623,1.77536706161921,1.83584339330173
1.82737802155846,1.75524917377247,0.928949688315883,1.44842413064504
2.50745703476567,1.85430027282581,1.15952155825762,1.67137459872218
2.73695481622124,2.34875658182753,1.21501074732519,2.01132514546394
2.58306421420915,2.24273898254086,1.06893683521297,1.78171620703639
1.78536605304697,1.61828034627852,1.10838910347627,1.39884482698126
2.18233263301776,2.19479455230264,1.15801250224438,2.02374038874832
2.51634931241221,2.10613731567555,1.09812623096477,2.12539020579122
2.27373327257395,2.03183432098985,1.23519213598367,1.45405672906448
2.59573542527462,1.68278988059783,1.01797071492386,1.61086185374979
3.19032877583022,1.88101102803578,0.889546366028883,1.98427727097893
2.1867921998649,1.8723091911377,1.35465386829161,1.91221607907054
1.85115441983729,2.36377369649419,0.965466877207884,1.57962124822026
1.32816055331006,2.18476716258687,0.820507061202993,1.42082273545171
3.18790577206735,2.3511372801593,1.04585696873394,2.00645735693253
2.18914554292941,1.97874413814262,1.07458202349512,1.17195654927347
2.10816928917623,2.18942516137308,1.10964123767467,1.40269882816633
2.69060059938133,2.39844088264381,0.796792063170039,1.72066797639188
2.75213047521118,3.04157096012649,0.865217699990251,1.5485468332016
1.76119918642157,1.90533618472659,1.29790279148188,1.68263611175206
2.91273343130461,1.87319017080974,0.77469813917372,1.70063845690216
1.68007238725941,1.90136906092808,1.03985300570572,1.76714212736218
2.86107281851295,2.00806517613146,1.24574780349306,1.90917312224468
3.3892114407511,2.05105914798098,1.14563386326118,1.8030692872586
3.4824065371857,1.90047144742311,1.13901292150806,1.51750692164182
2.99249930692385,1.93934891093804,1.48701453539873,1.73680252601295
1.66804804975993,1.90595463021522,0.749915786864703,1.69414570974734
1.52519999363225,1.89881860443001,0.625983573333827,1.71997281085424
1.66274117601161,1.70445119143935,1.49091826377404,2.25858318373041
1.6228203216017,1.96227071999415,1.24263598402556,1.67544232152078
1.9015909738049,2.50034896865219,1.45433338942827,2.03267280131714
1.77862007829237,1.88033169751748,0.78578511990829,1.51555781950387
2.50727414827091,1.77379801581184,0.841178066808925,1.60372439028928
2.72907725564669,2.34279643487717,1.62795700782862,2.01650494468579
2.76373793595117,2.08112838620812,1.56649699797142,2.0112951668839
1.94948094526156,2.04241963561752,0.965826705444432,1.43207690428573
4.07998611678452,1.88632009533825,1.10281306036727,1.79115212409697
2.98548215284888,2.27789788491821,1.10998812640561,1.76030585223679
2.19662046395316,2.73189700635032,1.47128108026136,1.68359263395757
2.21895685772123,2.32228639936877,1.47432107536412,1.56959773033356
2.1357532917307,2.46470098991684,1.49754460600072,1.53789528760619
1.99815096495686,2.49666247863044,1.1668233070931,1.27122155935516
2.46331586993993,1.90587652679289,1.10869946638519,2.20229734075247
2.4310404567938,2.28620858250578,1.62892355850684,1.36604994251434
2.15863145012105,2.00177778651325,0.920698525154993,1.41531961174537
1.70943762534448,2.2546755908073,1.0043510565361,2.35175765229406
2.1018732766676,2.26615850775122,0.89907941089683,2.38498127992482
1.85456210207536,2.38491103514331,1.04410572676686,2.37953948627939
2.93698746186342,2.20756127933276,1.59006372747521,2.15746455191
2.13124508192862,1.69521904423553,1.24046858918486,1.43211937403782
3.34691762551464,2.04660919304946,1.17859933528377,1.6552504056934
3.26284681176723,2.06731338251105,1.30025534728269,1.65025669857099
2.51035742155967,1.74644103829568,1.7536310981173,1.86834478611178
1.78042218922785,1.79971094823778,0.804135691823932,1.65753595661393
1.94826023218801,2.11955276898499,1.10686262709277,1.41287398023759
1.61347895851099,1.72062265462475,0.873250531731623,2.23908257200866
3.11760020357663,2.48799538839362,1.03888274555852,2.01209793980318
3.40301317296605,2.26092944019072,0.820348402239761,1.81240781720816
2.00499580498864,1.7454794897642,1.46677505095585,1.04614919241734
2.51455388900953,2.49993987629912,1.00603344333499,2.7576393244975
2.24176004263021,1.9562262894928,1.32091679752401,1.50619823597786
2.22674894019137,2.41735792390398,0.780746419801243,1.43342852596594
2.15688240881634,1.58234513255201,1.36502951648221,1.9522686379918
1.82850443672742,2.19753538195207,1.02206481945866,1.24340585851088
2.94829299776046,1.65217104901291,1.52455035613867,1.83296555389528
3.04962166457594,1.62712885438986,1.09363450445477,1.70725651988474
2.10764256840949,2.2590476027599,1.10542901836024,2.02360847946799
2.50480777181821,1.80633371369121,0.769316149297542,1.42296165383132
2.14787161728312,1.83736978443448,0.794408838585473,1.93482262338661
1.72644965670278,2.81688845430945,0.738081683535528,1.25971566034698
1.88082944642704,2.24068677052535,0.579051261003605,1.38222946754245
2.40657311807929,1.64337897241849,1.77996557812563,1.57558334493341
2.61721461757106,1.47860720311697,1.29611428104594,1.46895357812352
1.96932893447793,1.49689401012522,0.908907278031811,1.47133709808696
1.90832647838205,1.48328809026402,0.817683604285335,1.4451504815239
2.22916089952293,1.7987308022216,1.43907423981677,2.13664289132397
2.17660409360483,2.43941280380046,2.59620751149215,1.30601224540862
2.34575039704287,2.11392698364248,1.34683475819916,2.11009855252617
2.60893030066114,2.4342953320312,1.03144051693811,1.61620629978812
2.82836020797608,2.11939559037359,0.874194455133737,1.4906063481196
2.11639216753302,2.10317868468337,1.05491407063919,1.99912078392104
2.25686384610657,2.03438184874609,1.2539451951908,2.16351975543086
1.73771688799335,2.06849054555386,1.05302906543553,1.44289189414997
2.52783064883181,2.38700387540713,0.852590534731527,1.6409134790527
2.25994824957818,2.69270004123619,1.03765570694678,1.5715644727256
1.96964079164506,1.98353991912519,1.00978192158252,2.0666018023461
2.31463507470159,1.77032260364264,1.02030545872836,1.25189438233693
1.42541708788737,2.18230824917842,0.99397712028791,2.0214790763091
2.20340654146677,2.44697550538521,0.969416600484204,1.60719492876902
1.89878719714522,1.71516201713903,1.01116703048824,1.90291436408155
3.43565644327392,2.41024795213317,1.02705141989579,1.92159742491376
3.30730570835046,1.9852584665166,0.888999935912396,1.71457294787798
1.77508655210165,2.05149359435006,1.25452825313259,1.41645559127624
3.06134178068513,1.55673594163514,1.63949214235065,1.76890577213995
2.05059516610416,2.58599920331046,0.837936377347287,1.53335777899985
2.03875107858308,2.17265485166977,1.03630122974741,1.45554882170444
2.4921712025956,2.17958390423735,1.1351689861419,1.31261171240611
2.58430751522559,1.96871235056337,1.10857088585064,1.51570677134541
1.43551820177791,2.68414708771341,1.34703306602647,1.503618545197
2.12335418242267,1.78322895152028,1.24625488493594,1.44239827933547
2.26389350806415,1.94798998390785,0.784264236707312,2.04390045129104
1.72653562949849,1.85202959148839,1.02661964343569,2.25249965546793
3.36640831685059,2.0450517286334,1.37517557785315,1.15891843758391
2.49927875832987,1.50211680093942,1.24281007888224,1.47194036614876
1.96998380270514,1.67859512361694,1.05593700834603,1.52950694919975
1.7827237460806,2.02180774147134,1.07541077751393,2.58120866559403
1.92953514663607,2.37575302490991,1.29347791885638,1.82843462381073
3.15987312406755,1.91457082823405,1.14008621330855,1.35984816844708
1.50733121398871,2.21382508364446,0.7814307107544,2.12182485984517
1.39939243691612,1.91631339327685,0.747377411389123,2.2407027210848
1.48646787726838,1.83935192756777,0.962040623705026,2.3311390011683
1.48072819087098,1.796642488596,0.949771621528232,1.61550575441526
2.00660072141352,1.75251716442033,0.751655282327304,1.62154486709069
1.44812071643267,2.03356333885484,0.778718904447978,1.78213909399959
2.52929701895282,1.85901112392007,1.55712027752991,1.68656788122327
2.50120828559743,1.55697235626359,1.56286680864728,1.58563389793156
2.01621412163743,1.76938088219098,0.721638840371948,2.1464281845645
2.72596500826893,2.11037190717457,1.10377326710467,2.21596937608182
3.15396876357222,2.18774281014879,1.0365058091903,2.23350031989276
2.61630347511048,2.12285908766833,1.0793054584565,1.67865405855586
1.91240003124162,1.61657129800419,0.911897600532227,1.83937758048308
2.38643095311111,2.80218251059791,0.815822169016129,1.40054791091074
1.58271320942551,1.69593540376895,1.0200395681634,1.72459618414757
2.48037136346663,2.59241143418252,1.29032737486911,1.77577063642795
2.68774451845199,1.76937642143894,1.21603905404553,1.49581125011658
2.42548452641731,2.36473404262843,1.25417853698568,2.24181158591965
2.47144882751586,2.37455458463964,1.23159584812124,2.17527842754594
1.45535439134743,2.13553812711204,1.21231170012952,1.26923924323635
1.8265830329139,1.70058210039606,0.905208990220219,1.59679718641656
2.57738193429592,2.02660296460758,0.961526066097485,1.31827269222237
2.79948948904574,1.71002667062363,1.51370215496652,1.4623594249968
3.27229026420529,1.74494573647166,2.1886636529699,1.22398504014581
1.70559288497135,1.59057998269829,1.19733591773845,2.27311603016228
2.28824849672146,2.62979217989841,0.983876739019326,1.61579069682807
2.51521696930982,2.6174149076653,1.30225814430066,1.78934237244054
1.57889950138879,2.47332703517603,1.1905669011299,1.57073611870736
3.37257167246473,1.51204983674416,1.08139271862108,2.27980511632956
4.09700456398418,1.56246939722722,1.03827316820982,2.13988346790524
3.97044758312688,2.1792799167406,0.894786771132718,1.51525276726156
2.76565900175171,1.71788310992956,0.821461973987755,1.68121700148805
1.91322694207391,2.03268815850693,1.49204180230517,1.42770297684385
2.08483579564668,1.60262434364123,1.97562065023611,1.3773933239671
1.89463671204713,1.28043522282532,2.15648646210564,1.44402106474115
2.07066713573675,2.34396280359673,0.602829018511255,2.26401092234371
1.6772128709524,2.03886574409677,1.63459276470608,1.67467397033231
2.88069247792921,2.25972712360755,0.774382115047378,2.15623998652571
1.50056344634847,2.05469714392421,1.51976465757886,1.4653225772295
2.10425120178274,1.65709645289241,1.53326893193473,1.73911842636232
2.62632655412813,2.15626797035595,0.946360191380527,1.46600808635661
1.34932556158832,1.62426005334553,1.25465916017897,1.64024645769578
2.95040034417202,2.36673456934607,1.04598372769973,1.71393782643731
2.20850725839822,2.27469001745311,1.28003547978304,2.06759612480465
2.12597003774494,1.71536151300439,1.185695645491,1.57464767938985
2.1812095987582,2.30049416583839,0.94991137429925,1.62908143104571
2.2167039184244,1.43938877270408,0.918490899080725,1.98359341656191
1.92377264550836,2.71051720155566,0.851539213052574,2.29727807578978
1.75586461557412,2.55944428963524,0.797766962890186,2.16354302954351
3.95469974972894,2.15012756772555,1.08968291421303,1.24997045415538
1.46797705195576,2.6547014741368,0.911833708948743,2.0588548344896
1.54490958695171,2.10224673439091,1.51528236156921,2.19278853913598
2.17576176034677,2.08235078593816,0.605544969244028,1.42174644366628
2.11153571127834,1.97517701368584,1.12536474812258,2.01866885796319
2.60911762224855,1.85164835254021,1.72467344196599,2.2354660439999
3.46320854358218,2.224070065427,0.924845536861261,1.38891934423062
1.82145393158339,2.14608316410557,1.36705769040081,1.80071818503582
2.27436489274756,1.76962535559597,1.76659540010677,1.83183799889017
1.99341026432896,2.08100882035499,0.796776683740354,1.92353627828332
1.54205586890673,1.70266857197745,1.03597996706949,1.49662761062871
2.42064032414493,2.53899101396539,0.972393519901969,2.00737864102554
1.43183855931167,1.91121356938936,1.03460405610349,2.13781398837835
1.58429588354024,1.87350475240225,1.13523477262118,1.92159155375427
3.01235075160022,2.34287463929894,1.03638574636041,1.48023963790119
2.76515730582171,2.40689568674482,0.993285381597538,1.58583223612915
1.72319262973031,2.22146488589808,0.890167261577066,1.38222224902375
3.55655384869313,2.52849591483929,1.661129654642,1.35441258066169
2.59970509979653,2.34836514672949,1.24794903401791,1.60538777278856
2.77404870653305,1.83666900973311,0.68143151037643,1.99651068318617
1.92989262324846,1.38565638961876,1.18594920711135,1.2850338483156
2.08823595447875,2.32912697209416,0.843330577602046,2.31236671305328
1.79321723830384,2.7642521948213,1.14132562692458,1.44535984111986
1.85668313770456,2.70703382953416,1.14622552729328,1.50059655048859
2.05554516937976,1.95919236049928,1.67249739808061,1.31814804016164
2.1358300144777,1.78342031622797,1.00479581270212,2.37789115480171
1.75755339181059,2.06072475554384,1.20753454735007,1.27530620009456
2.0577501928051,1.91281559430523,0.939074545766009,2.5653842062326
2.64936123518244,2.32852842379091,0.954391797793472,1.71607906897897
2.95539235773016,1.76210659645005,1.20244594364926,1.54162178599047
1.89618213536997,2.1765667087396,0.888548758022156,1.47993806432396
2.30264544117493,2.36579745679945,1.02200985367408,1.92347152451015
1.85364739157641,1.73346121879993,0.681082833797483,1.4188474342463
2.45595752006011,2.04080313043701,2.00175326392459,2.41246583503825
2.01247706757085,2.26092121883871,0.644402301348834,1.19707516643161
2.31023634983784,2.16294389207479,1.36474427926907,1.72856084399586
1.81480290791113,1.81183316956492,1.08211453100619,1.61985748629091
2.61395380388343,1.87314330230466,0.946576409892461,1.34628553819294
1.85297035630467,2.00432375000532,1.28491775587531,1.79788740539413
2.22517766783265,1.53059835731968,1.00764509391435,1.56665287023546
1.61068575670261,1.86880524537432,0.811035465588542,1.4726029061259
2.2073456122309,1.95586993917572,1.51191770534947,2.46568718744545
2.4241683258003,2.03667070102544,1.5602339815857,2.43331247896749
3.00098796344708,1.96331545025295,1.3609552386699,2.33053969214305
1.91781628950042,2.25341532203496,1.83393772047298,2.62713158390637
2.03635392133437,2.06914116664838,1.47053324495783,2.10525400826621
1.98271060666447,2.31014921927451,0.877873350770482,2.49753130686934
2.83887635823364,1.96893183936265,1.4933436145419,1.46991955212874
2.77693440835591,1.83910544907364,1.75171679907793,1.64398396490243
2.55360464336383,1.8113482332103,0.802065341161126,1.74458118383818
2.03571874516819,1.92763151794972,1.92427708737754,2.33987519617337
2.49886452849698,2.77457197341369,1.27559542785616,2.43181647971975
2.02899602510225,1.64795949755787,0.881251732210029,1.10543967298334
2.27014668183259,1.85635724291567,1.14738182034249,1.08915421203227
2.47095348492585,2.05942520182718,1.54657026866706,0.996119169442917
1.62634632403138,1.8711659178688,0.881939547170578,2.33507031119008
2.51405291347873,1.78296281678174,0.842550242745638,1.80557322313769
2.05820087773008,1.64026217544341,1.29318319596823,1.54219272915804
2.328953813112,1.9417928914535,1.35974131589184,1.58887310127756
1.71898466067405,2.23904186679782,0.780544301269132,1.48917185318208
2.07152282557599,2.37792869785292,1.00500515841928,1.4587952779501
1.79213993117788,2.2567222007393,1.24403311478313,1.52850174682863
2.35077870153664,2.10538087257974,1.05697391800834,1.61904626504243
2.20804631673095,2.20229629081919,0.770911759897443,1.69520140055972
2.4772493669998,2.25403225024033,1.09136116730351,2.27665900941818
3.24179743420159,2.50444695393871,1.01692045301883,2.1197107101173
1.60691040364218,2.28330440902364,1.40739142574058,2.21104828488623
2.1118670224641,1.95684887880045,0.970299733998555,1.64140090756251
3.47360550787394,2.36955499984435,0.724820983760621,1.85509819070419
2.83204862710653,2.36516509764795,1.22360618098662,1.82749290137838
1.92230325875604,1.66368760043009,0.986422126319645,1.74857229937636
3.04520281060056,2.52634064225593,1.13675239286171,1.67988944762011
2.03118206524438,2.21373095695186,0.804100121933765,1.43594964180194
2.16380442563957,1.95561534424111,0.758368609973637,1.666038764122
2.53445662032181,1.76913886827487,0.773090092976819,1.49699240339583
1.80823535693378,2.3986148059384,0.838275036527826,1.85570669241502
4.31161775559768,1.77571685961845,1.57651679758455,1.48971464208397
3.96599354095036,1.76904783137668,1.56392697120785,1.42377254852029
3.15747252072416,2.04868723499596,1.39287762816954,1.62556506832959
3.54475617210101,2.39887441459736,1.04582180539638,1.08512368351258
2.51906764598063,2.18649649742081,1.34946789550622,1.94398894111032
2.49814165624164,2.14753819182065,1.31145911734713,1.72430020466351
2.2771409358857,1.35325753965114,1.50418153912968,1.76307645083871
1.67017823363386,2.30565351828881,1.12152940586614,1.6168660016345
2.75777238146515,2.31432459146837,1.90213888199784,2.28902541773417
2.14274971779678,1.96932126518732,1.1716917295315,2.20184051359562
2.45970771459526,2.15089653344656,1.29508430219953,2.07263437159407
2.41287455205198,1.94227588395061,0.936858088076837,2.02585070505248
2.53672631253761,2.19788983494858,0.824177972489847,1.9125701578686
2.49783345431196,1.98302540886628,0.730750869573482,1.98956957584481
2.02813031707432,2.35353644668079,1.19311512485383,2.69249839714036
2.54107553628662,2.56733419662882,1.14930635203018,1.76231810284612
2.05886100102424,1.7512900578925,1.14771971738378,1.8587127975257
1.89947665331411,1.7586881736501,0.72396597716916,2.48238890019032
2.76916222060098,2.05268527891612,1.77820467213438,1.53404188863159
2.86583788489594,1.82571944491311,1.97342885355049,1.52018412036919
2.16287123334758,2.12916516954839,0.725081972986787,1.97358483073158
2.81221884364764,1.83989579170598,1.0394937048604,1.96738115994692
2.65048075111149,1.60020052759015,1.52645842578353,1.6059518045895
2.6411613647819,1.76242944856957,1.12869171330157,1.79376746836451
1.80760288422431,1.89933947775811,1.30610389893497,2.04079053479097
2.45577169875289,1.60873598779628,1.22709129232308,1.60747079888501
2.76399065371461,1.72896550595808,1.15132374057209,1.69208688061323
1.93896135657493,2.29841362459755,0.854244606432145,1.86355066592015
2.047050101669,1.60692473451455,1.67522753471849,1.59769158892926
2.17811594133633,1.62717596807823,1.69305993493296,1.59412885733465
1.96507542187054,1.88878070009476,1.7229248036719,1.67487738119503
3.01827550753622,2.04591947948757,1.32601287469756,1.71778885952854
2.59280392235474,1.96908609456327,1.24752115614651,1.28509744764164
3.3131502345728,1.94280932852286,1.23686392298502,1.55559683937095
3.33751465085222,2.34230615165354,0.866734697500649,1.19496143426161
2.56039350891663,1.75546154299318,1.73034236040173,2.0279593313121
1.87602041742327,1.8605724574311,1.30357797751003,1.65604931669301
2.33418280989573,2.00681717547029,1.03968191826568,1.55177675983803
2.25476692595569,2.35924823090009,1.03514514221646,1.61184514934197
2.73270007535555,2.00187826052102,1.17581746007618,1.46419081850773
2.38475704451783,1.96491119266419,1.59331906113681,1.88673641157013
1.93420370301397,2.21199367963871,1.16280669224283,1.59572437861357
2.2567176002517,1.83052515465131,1.57691870379877,2.00663883448471
1.97896987203853,2.51551367934397,1.28735506169573,1.30406193162309
3.28470608730809,1.75262071445693,0.996877890551438,2.07570576190715
2.74389989694183,1.65190060052907,1.67343704178061,1.18194970335378
1.52801206413461,1.89546284150537,0.797243526731213,2.44953515983787
2.68929945056365,1.97355139463997,1.40128806977343,1.52673252966619
2.9468503431778,2.37834677472704,1.47332373252236,1.51024626495597
2.90912821461009,2.35918423040413,1.46247086395292,1.71439136202478
3.42019678462737,2.1255613913675,1.26309138933532,1.79600093857868
1.58748254586276,1.8994709858767,1.10749600049286,1.79233279776459
2.1503271229365,1.99864826238251,0.895867424247004,1.72877697130758
2.23884855437991,1.87977319031011,0.971204851907363,1.73584394493427
2.0343138991027,2.36936416795057,0.772633452272132,1.64675667116506
2.2874732911488,1.81986705860782,1.29989887205415,1.52062596494149
2.04462534535323,1.89439268459567,1.72356704036063,1.3391981677345
2.42491678262685,2.07283453976867,2.06848429275547,1.18449761226412
2.80632005826092,2.11498011309424,0.645634259354443,2.72784884560244
2.7336481421255,2.09309505544011,0.620811740302603,2.61596199825318
1.7832857166264,1.89097441851899,1.84211896821341,1.35440009631007
1.70145752245417,1.79537191830848,1.43346228466582,1.66035221330312
3.04220593009403,1.86477024873203,1.03544539475129,1.47409457977684
2.54537223492239,2.36141937187957,0.969067704539078,1.73792555735208
2.2204489083183,2.20678257171466,0.881522814347382,1.31912077184252
2.19714038753787,2.3205849231661,1.24233405044171,1.49727372248919
2.04760603043115,2.14423494634903,0.867598378722664,1.74401922356145
2.21136458962133,1.96503663103283,1.34087673358284,2.06054489886516
2.13313332962045,1.39637188554779,0.972768482072425,1.64722993610946
2.85704103513703,1.9681074413858,1.14759136959675,2.16455213027256
1.51763752711768,1.70480821515289,1.29509691744195,1.76676801210921
1.73726106455787,1.62475194247275,0.810325309411464,1.90676458019565
1.69748541380471,2.17916115088403,1.03003938897652,1.66551887270883
1.7456116576083,2.38977318259598,0.897249724049674,1.71988829897915
1.88532865799119,2.9055890836745,0.839577502045009,1.75087201050238
1.68662847942528,2.40985379848417,0.813570733798074,1.41120397011283
1.99029027899287,2.1977033957526,0.947661523950745,1.41632635835758
2.58470437929578,1.79269557305628,1.34730100586013,1.77156655781736
2.66993862161787,1.72595425326975,1.13465736643774,1.49322818053066
3.99131930835448,1.97543882798949,1.85457731311812,1.65151004688762
2.94478101764352,1.80353590981841,1.54471801456178,1.87537687303183
2.32521229478652,2.22668457968441,0.995686887902355,1.38306072508509
2.33608529065045,2.08251283917182,1.03846328872683,2.08148909559007
2.31368597216719,1.91946157960929,0.991104993623071,1.81224160926122
1.99501258196609,1.99774334764487,0.969977739668464,1.97362420126167
2.32591305391549,2.09494782264692,1.51131800724944,1.49747739091402
2.11426420084672,1.32549281449538,0.850451010990827,1.5913915496307
2.50570760028736,2.27491189471392,0.871505022203639,1.34029688765725
1.67054591333322,1.98358095758041,1.13344691030803,1.94731207659955
2.44388251098093,2.2313326296129,0.842251463351068,1.99367322245284
1.72513558284982,1.83918154563741,1.4309579166244,1.84807671950801
2.74384440405494,1.83949641184414,0.83380238111328,1.48664745930232
2.78655205340027,1.99879658960608,1.10149782891299,1.79281323588613
2.74867819994036,1.74949878300559,1.14864226273926,1.58413297419537
2.54024531889504,1.99173177240082,1.37315740730848,1.66500663404984
2.70810513801421,1.53285626591856,1.53453595241528,1.89444575982279
2.22497413876237,2.6252560916864,0.75817070662257,1.3745652144194
2.46004606921934,1.94171262512284,1.41020156216652,2.0426169541953
2.76988265763688,1.56170926513396,0.76638979383096,1.91294404027642
2.56098673579027,2.68949007482157,1.5891007557569,1.32894579902681
2.89059256754046,1.82790181799467,0.798838234874997,1.81074667457911
2.2131265652883,2.07965928377459,1.25981828962019,1.56168029728036
2.08991315472176,2.08711841848872,1.0408587183848,1.8400769830468
2.70650107151457,1.68692758050529,1.34368427145137,1.52836520631093
1.65379804316138,2.02826600031033,0.816815489239041,2.08001885069591
2.1596658801627,1.95789383416026,1.1656764177702,1.75255686705925
1.78251014723666,2.24971313662918,0.94338685565368,1.92788053773071
1.88932817017082,2.18348843372083,0.909287256673466,1.94481343698271
2.9041711006972,1.56569223165692,1.30733338538168,1.3613048123129
2.98530915892345,1.9077353593396,1.35460685554948,1.97700813045451
2.50383459100857,2.03448696712089,1.37416848771427,1.51816338939831
1.79203949613476,1.88984268090571,1.14402574262215,1.46707225378204
2.78177055529641,2.09151081743926,0.821870949056089,2.22037130882931
1.58185821137388,2.02143517625754,1.26413451259775,1.3481746438612
2.64610283954714,1.86312059343921,1.19305584688169,2.61953618519692
1.98261928664887,2.29782809139545,1.04285948968714,1.29805220253207
2.77872585501492,1.83876556670584,0.985489182840149,2.33869542059062
2.40708487562367,1.72075230781571,1.6246594095043,2.19706613835185
2.22096101596068,1.90074524512518,1.59915395371354,2.51815298263354
2.57345515951067,1.78255656874638,0.915414873805796,2.12408244363212
2.33625568442544,2.22459474183033,0.881940282362304,1.61003845588969
2.21043571736019,1.74395967889678,1.39578135969336,2.3514576268601
2.97442001648284,1.86278851541634,1.14156743502584,2.02696279083146
2.39016378183015,1.74710053970384,1.28243953610696,2.01648152102866
2.04213584516405,1.78851853510069,1.24867164290399,1.77215200688829
2.21259817763643,2.05221767930645,0.979074293272217,1.44319377740803
2.55210018730279,2.49332625372116,0.846613105277617,1.34714661666432
2.51757928583479,2.32557784101907,0.840229858418876,1.41874186775458
2.02743383427516,1.63554797872735,1.39668754257004,2.01199308978551
2.08732320441608,2.40130548695314,1.15170396279866,1.31512856445274
2.11198773980132,1.83142490542927,1.46989297675789,1.70182044919461
2.16655243628954,1.89206589431972,0.902210212186693,1.97149163766684
2.04268765707346,1.79830435357586,0.916146983919912,1.78653386223203
1.88801061201543,1.74483387188864,0.969369633232275,1.80770421246031
2.6063791290693,2.44598669422197,1.04727896563707,1.33182816247667
2.99340150933298,1.43008892785528,0.95414801935663,1.56274158799503
1.84872992636195,2.23101249328667,1.18696667326691,1.83158089476796
2.51597753325094,1.40857450445594,0.797984361063231,1.83006973427963
2.19867110673989,2.2820265316879,1.45517485965409,1.65115012477382
2.38081487804274,1.63148602865287,0.935424611112811,1.24302742057291
2.61780344989379,2.05847620185422,0.766295197867613,1.77234549467799
2.67211734674277,2.49221539069466,0.860975638289547,1.47351015085928
2.00561507526536,2.18233979468378,1.49850144533861,2.0097303677261
2.34674105270553,2.25688394686987,0.760308424663869,1.65901714393488
2.05864658950664,1.87060392620376,1.42008380628339,1.82534988010784
2.69423038763742,1.88328730243818,0.819073046844897,1.85515318440593
3.24374752049735,1.96339691342076,1.21779174652937,1.83535754628934
1.57818809982616,2.53244059988517,0.717947224319043,1.93363592413635
2.67375156720425,2.7038855984059,1.43869825613651,1.83263045973371
2.29156027577609,2.58671127913944,1.55136132918297,2.04764135085523
2.19763183442447,1.45870977628766,0.861554904426161,1.11355286708584
2.00338340889863,2.25338654743386,0.932649167716905,1.77278537334437
2.63633889391672,2.03686874960284,1.91623332437425,1.92773589329877
2.44908915228249,1.709809532903,2.22323686671221,1.86051813140425
2.06354246853288,1.45379405860077,1.22336857684277,1.69795666571737
2.58478210263258,2.83934438396203,0.846102035978964,1.69969027837431
2.39889523559971,1.57549853213569,1.39884823962423,1.87227676232277
2.44963527907803,2.45127672920971,0.906146877935261,1.78101769860952
1.71571830021978,1.73574320429596,1.5301295147794,1.85065194834567
2.11073175963729,2.13966574445969,1.31832481989879,2.05769397432121
2.2316879579476,1.51869823740602,0.696500189730947,1.42789085972023
2.22417370008953,1.28894108977638,1.34122868438778,1.63754666665475
2.1229601810741,2.84439514431792,1.01813377709996,1.7016899771159
1.97151756983016,1.88883198015268,0.976276404215575,1.92102402997493
1.78852464456227,2.04028161916604,1.04648261119421,1.81965323415497
2.8118954543105,1.62780724008716,1.09934306743087,1.90666221433202
2.79544690792026,1.50620670783071,1.03999813328142,2.20731441136512
2.51589827674955,1.26742116652028,1.00964887406343,2.10346052741254
1.46974102783476,1.8564531157443,0.801684129244817,1.87436511428585
2.20315288643938,2.00596751407668,1.26007113312125,1.96455678553174
1.97721692413773,1.9722298361871,1.40443892542241,1.542211478549
1.98039773409801,2.05079087723067,1.46600385399862,1.74299985895638
1.8301824537709,1.99037259440251,1.24695744099509,1.74237788136151
1.92639727744716,1.67535341866712,0.941470445864012,1.61781483362309
2.22807919503519,1.86365519448918,0.997471975769169,1.68508852710152
2.17782937594608,1.78959483766276,0.882992905543343,1.24650576650717
2.24673962378405,1.7549403690858,0.943219236296946,2.2639157416039
2.0723437380475,1.84711520946649,0.862249166124965,1.33424088031184
2.05751634197915,1.87738365264901,0.713576064845787,1.16044592162197
1.6338397059543,1.79908124973461,1.38674777223058,2.12832699347989
2.12161593171058,2.31291295692322,1.14159437166638,2.03700843217594
2.21802075364703,2.72113562590634,1.86992698929364,3.04413087551985
1.9058059456413,1.63460209795481,0.861025868232178,1.32394187608279
1.91420365446334,1.74048962126769,0.824013214048804,1.4867506330712
2.29995773819628,1.82506698286007,1.36594857167627,1.91632071239622
1.999266925321,2.11547408161876,1.06810960651717,1.6127298753702
2.11438542193669,2.60701794894107,0.774971805192935,1.36945902955941
3.01193530678482,1.93241248755601,0.874223504753436,1.88453919050973
2.91866614445799,1.78157368236517,0.80224178661705,1.62093039815513
2.19538766835701,2.10095421180544,1.18604093140469,1.41404535386939
2.13902420253508,1.98456273948516,1.40523885335177,2.02180417978707
2.18350773787922,2.09466099490042,1.33788035737319,1.96814036551193
3.05461814545699,1.73582350566296,0.841069479276184,1.23308796808365
1.89532650020993,1.87891057186113,0.76077703397734,1.67497486004038
2.56147525116201,1.85884760403751,1.32467361615548,1.7823992946662
1.83092259707684,2.11076909274768,0.911209342580893,1.60969367035672
1.73482976446358,2.02999091081956,0.868217963188331,1.58934958454116
3.60944483760168,1.74771900339401,1.29807525558222,1.39812456428628
3.4708910903534,1.84612860087732,1.057407716751,1.6386724417689
2.05832081243981,2.29299182348101,1.27788652660191,1.44437281757078
2.01969309319976,1.57049612522315,0.698031675960473,1.70214388583155
2.32313682061751,1.55641849641489,1.29732187684418,1.36035408987418
2.22556256413313,2.26198417739708,0.862771734283637,1.9330208606964
3.1563056556091,2.12868316978863,0.949738897271191,1.74302171767166
2.01480003305269,2.21706484381281,0.907002133639145,1.3173408889216
2.09923263230766,2.13756173719412,0.994314226304565,1.84527565953964
2.25617205520216,2.09523432860836,0.891104735756297,1.89220520825597
2.17034985789197,1.78117136965427,1.11050486925763,2.17460652366958
1.95797009925439,2.16245323969643,1.00973907905335,1.46844883493435
3.34931485526502,1.95510245054125,0.980247217284868,1.56164752149029
2.75349709766644,1.85623278358785,1.14687836726814,1.79368608566606
1.88143512571162,2.29026861958966,1.07547528952807,1.98982671163166
2.18570648192259,2.30842981537964,1.14624500023309,1.50079593058536
2.27101326069859,2.2137016423202,1.52857261576484,1.5820623900922
2.55777582060351,2.07724653071836,1.08800152897785,1.65277281272086
1.71763134977465,1.95143295587835,0.876816348142707,2.01550038833899
1.79098218641997,2.44365364111472,1.29941846294743,2.87613773572573
2.10019295924421,1.92556202787842,1.45773089603053,2.38754701314931
2.23715912854542,1.78080699997785,1.69860850545607,2.75503106495163
2.06121404472657,1.89254418630582,1.41016073381067,2.68290966634596
1.99627264286271,2.07585680154082,1.42957145889094,1.23899648816779
2.2078387519224,2.45238336505285,1.15301598127135,1.53894463071485
2.43127135291589,1.71616045195029,0.938992777788642,1.6599027737792
3.14999734728811,2.06584317354706,1.22251243313163,1.69491102113131
2.61562309343293,2.4671922069045,0.925594471027997,1.26633744975225
2.50430833862472,1.54265945539877,1.11521252432774,1.68124228193551
2.15555843472809,1.50438087266806,1.05405812193791,1.84518664170226
2.44756137911603,2.58722482395199,1.3565486873983,1.69590980393234
2.41166502597754,2.55591022702319,1.32940503594764,1.68294939629091
3.8750133109555,1.3010143933629,1.28367731802797,1.74625383323504
2.63300462335575,2.38845555624107,1.35150331084676,1.56923919083225
2.74981757691913,2.13123727728909,1.59721807198538,1.83819246175563
2.94722292966439,2.21311762166543,1.07227833341345,1.67003379988805
1.8113130925654,2.72269579474862,0.863799293505983,2.21835446841785
1.85198624044772,2.17611310990657,1.29628918414459,2.00814122324082
2.21888138050406,1.9868638803594,0.820780098913705,1.83791208536497
2.93593737978188,1.59460560968249,1.06543836398325,1.91984544314028
2.83840259415747,1.58107989825482,1.04763504298853,1.7920075981574
1.56396871247881,2.16195247837372,0.749278146665235,1.95451833925236
2.63130265207209,2.16694745296026,1.46247950059855,1.64118686890175
2.33207342628084,2.13966978873606,1.67143078214216,1.4426948932932
2.04907921202496,2.01296802620629,1.80605251695529,1.3814160365718
2.04747901373437,1.61585376168891,1.55788365576868,1.79094459844537
2.14916423169338,1.75355884395815,0.945550852248363,2.03747479588047
2.13256739197283,1.98546711163168,0.866551266405255,1.48869423438434
2.03413261070501,1.61495276121759,0.684405280472069,1.79208267404192
2.29512363913198,2.77237364730405,1.21411157072882,1.57322606143247
3.39840981838605,1.95454987066236,0.911559660181526,1.55097072821942
1.96552850026379,2.22687247343029,1.45198007222277,1.82227708142224
1.93109636181784,2.56392731867834,1.26291507440163,1.90222323843321
2.62603009508287,1.44108282101364,1.04051823915117,1.50143671000385
2.88997364764251,2.00334814383921,0.879840721852686,1.3637846847669
2.01192338673183,1.79889602035406,1.09898982075395,1.78424814607701
2.0583392737436,1.95661683223789,0.935888477934016,1.66456622664586
3.1880925553003,2.7480214163085,0.895766508930483,1.88719265602531
1.47106924841774,1.8794962882179,1.36874570778776,1.39467812500853
2.59508612092,2.39205179252509,1.13558663174683,2.12443540460771
1.94280122229951,1.81607107303911,1.0471226621087,1.35701757854925
1.90633192292059,1.21773312054324,0.860997695827793,1.37787152507911
2.3078658826992,2.43847658505508,1.41517163781185,1.44527035367926
2.01867348260638,1.83503073702527,1.30296864645051,2.1495770316495
1.57033466963416,2.58663205069671,1.190625865664,1.85895601591298
1.67049957386297,1.67314312620272,1.28271466224983,2.16077566369465
3.02349144537434,2.47558213276002,1.15043807155652,1.51562876307942
2.66065009065359,1.89107514167863,1.52113033868673,1.94172306486028
2.11268614251429,1.62365660736444,1.05784501909452,1.59416505677855
2.08142360578822,1.388961022806,0.755018714706374,1.2011260068613
3.1673615882048,2.50611037425589,1.62587144365734,1.83708946909881
2.27746978424779,2.05619801699066,0.925519716230889,1.31459002930131
2.88741596062724,2.06128379177786,1.50479109984341,1.90031875372781
2.81604930035112,1.89614362332208,1.09695482317094,1.31467745826403
2.79415867365197,2.07420400500049,1.19196479062751,1.29386503340441
2.5817306130149,1.82683716456376,1.00216164471261,1.31563031581053
1.95121386441058,1.98174617792306,1.65180753509399,2.00176073318979
1.47626900836912,2.60745061711985,1.56352443248399,1.67814076083566
2.25322539857902,2.131319717713,0.855055850072121,1.27691419674292
2.23567931378765,2.19172483005366,1.20033532264583,1.69513988837292
2.28773177969498,2.38179002581501,0.958564479245874,1.6169940928137
2.15654152668975,1.81617096564486,1.10549163185013,1.84743689604124
2.10178330005985,1.65322842845404,0.842763573505288,1.49042925678576
2.191053657903,2.07558019058687,0.969219721831121,1.83068387414994
2.18306883443699,2.52396397389111,1.045019276994,1.6054700368446
2.09172602657697,1.95499441111823,0.874104395230824,1.47769500012565
2.57118491208388,1.93263960485285,0.734289906212347,1.49343252442303
2.30715477764348,1.97881185904709,1.058378690474,1.53324597810138
1.55587959317756,2.00266547732954,1.55007938803132,2.06654563138641
2.75323508322082,2.20932405342491,0.962142519353842,1.56320593709834
2.15288327749006,1.9759388987775,0.90279953767468,1.61470998566218
2.14500696783056,1.71548755760349,1.25818052654173,1.64992839007885
4.30567112601559,2.07817753200393,1.17085286972041,1.5301735857465
1.6967538000296,2.0106639086467,0.977252763251245,2.01159205050764
1.83208284847089,1.96109179547118,1.04372375952249,1.64018891564948
2.60795984270003,2.30337451713061,0.994807727280876,2.02388283310085
1.82028553187193,2.05624157826108,1.00207077675506,1.80094630755746
2.10825904514856,1.94914668768914,0.777953229839371,1.59332255251087
2.07025095889673,2.04613144040536,2.02899312672777,1.38446233481318
2.57280583768762,2.0909719589423,0.556736464341445,2.0593963666144
3.52937924975884,2.27763899213464,1.59743290282911,1.22667917201228
3.66084616339553,2.36697987109608,1.73354929403471,1.2872282090981
1.37878604682683,1.86401086623748,0.97431098275811,1.71586618535987
1.10996445465987,1.92261960112966,0.903875078690816,1.76253512328755
1.48623198240755,1.77575376945033,0.907349364452295,1.5981978912295
2.88739431225567,1.91334792679217,0.901386652261882,1.90329221209109
2.33641076168718,1.81965157196282,0.960008692092169,1.70917179955114
1.9252956475812,1.84349030287615,1.72441377571743,1.5954230700499
2.30113045053581,2.17915203364969,1.01234039126298,1.76448710991229
2.15161697672991,1.70792158319284,1.40774314945068,1.86017939469921
2.38665868158513,1.8990172958867,1.56988786024345,2.16002342473612
2.31598021741185,2.11005450017313,1.08400534998855,1.52601604134474
2.15406343848882,2.13797826025569,0.702509318741092,1.76078829186826
2.49629421162934,2.18085640534808,1.10392141043094,2.00208052633942
2.05141034706744,2.20466051562123,0.9824520928125,1.4401229212116
2.5320328152211,1.81473974284456,1.01028360186926,2.1516536358928
3.85046165676452,1.91793894539488,1.34450961208628,1.73135025144284
1.67058303446902,2.25399681707959,1.16266818528806,2.18758505808508
1.67264934769054,2.26372873654653,1.3081168904138,2.00410272289334
2.03666890862655,1.74774625449595,1.13501054104313,1.70110516307381
2.69350479232225,1.44423991217672,1.23583489908096,1.82219361162794
2.61140259414814,2.05051180297751,0.71621164673787,1.97272066969208
2.34676258846293,1.64300857269512,1.26330644518566,1.73582069262864
2.00267192501115,1.90408237968424,1.32827065045161,1.71513038216746
2.5064243762524,1.96844665700855,1.21106111882557,1.4780453398825
2.81998923056671,1.96526427529775,0.884736775547282,1.57425444587849
2.03430484125801,1.78058179985344,1.25371007277193,1.6060133472982
2.56992937851641,2.2355187635288,1.94213437747797,1.30576975210674
2.13072691316487,1.63045564371276,2.71383584438966,1.53660117254298
3.04957770799957,1.77797160138186,2.26737341135268,1.50722022787462
2.05629692917297,2.0679887270228,0.838106660629889,1.89027216773928
2.16823443052853,2.2675808259522,1.41938298892846,1.45208585983958
1.80910335271696,1.83142303276423,0.79223046591919,2.26613067128741
2.12388878257634,1.82442812440435,1.05035424714181,1.91287405970725
2.97689489025841,2.04896656356241,1.28708262391309,1.59972636646568
2.89907264308266,2.31741709905328,0.970798426532146,1.87491255147274
2.02925033866087,2.24523029224928,1.28086556529283,1.49104508963612
2.83613743773596,1.7728324280667,1.34446060749528,1.75511466310799
2.03713946639011,2.21405567712921,1.13670179080041,1.64654050932436
1.95575030624671,2.21849484749482,1.13681205000368,1.55961389269661
1.7463033929839,1.5541855183675,1.1014748493493,1.79182561430155
2.24409537044431,1.73199182693835,1.24023838469365,1.54016569633969
1.60967278674824,2.29392525797144,0.947665370517304,1.59264763005424
2.23514303217383,2.09037352716875,1.25877639842436,1.80608852037094
1.07371899540855,1.89903199527699,1.10399264042789,1.2703558079816
1.70179434716936,1.64409364889774,0.961567343078428,1.69273480721793
2.85568068054116,1.82998954576232,1.33408888392107,1.43659423756364
1.56412056641233,1.98914492468433,0.903661112935874,2.22242441493369
2.10639351164323,1.96780375066259,1.30242725325675,1.48702620589516
3.85634107967402,2.79485104287964,1.48162088868132,1.7181566067431
2.59408836148872,1.59430924475965,1.48222419909499,1.79052923868032
2.62973831898746,1.51588548259465,1.45363149008061,1.71650896225956
2.46107281822271,1.47911340794765,1.17881856757906,1.72982373867175
1.72740774445748,2.05926513876215,1.05553889423953,1.91004693316328
1.99950637367347,1.8882914405837,1.36719199277974,1.67783423408033
2.35526793927534,2.10207468832607,1.45924722817406,1.62255427125787
1.94892883886079,2.10898073073403,0.913279191050062,1.68755262649977
1.59253850960004,1.84274479512893,0.929859814656921,1.53753014062644
2.24689081884365,2.4443784907181,1.51775314695052,1.62007818316614
2.01649279102602,1.80820873607639,0.865829116030998,1.74171366326704
2.11176966319414,1.95705218301732,1.49163602658723,1.61451715734437
2.47244760237224,1.97665812596983,1.1073289859499,1.35964529355533
2.95818572513008,1.88619508355003,1.2526091182767,1.85804507060779
1.32661109998098,1.81688167257444,1.0363511142106,1.64885551247304
1.34702693785254,1.81884332817447,1.02557574961781,1.67548413927523
3.60745315566009,2.06323900403101,1.68833284977685,1.59732594931453
3.1945480783192,1.99351251898294,1.66914519217819,1.52243850146364
2.14540851829149,1.95405651313867,1.28062817237323,1.78526584309104
1.7737115557806,2.55678457092325,1.39916657144719,2.03479650102461
2.34503981235377,1.49064849166227,0.937908893725009,1.50895529907509
2.21862834714227,2.57255640436502,1.20128943986604,1.96114598883772
2.52895363593604,2.59468265927766,1.2472336696084,1.62865430174182
1.534564644388,1.82286709131086,1.4191032972233,1.98685021335012
2.25041347254266,1.87601973735802,0.789860486949779,1.45856274127528
2.06783021966374,1.69932287762244,1.83126806379611,1.45741587681249
2.58566779721942,2.18846744183535,1.28634507675711,1.59001850488297
2.96599716291426,2.32665692976865,1.21183180753518,1.61635280801188
2.03024972252019,1.89940973347918,1.041458302035,1.55432283891159
3.16897318563324,2.46595211975413,1.02454614225617,2.2981314170237
2.18551434492752,1.36800924110382,1.63481851020312,1.67002666791705
2.2689676707373,1.37849859921708,1.54443826383215,1.45304113896795
1.48307759789991,2.58219975831295,1.16874038376203,2.03316555950207
2.72915979823469,2.42112773325997,1.61285845975302,1.35891333652856
2.78023268825893,1.77797401136522,1.00144847256921,1.83557310874066
2.23883823137558,2.04623922710054,0.915745398388658,1.4221545619878
2.19143008437443,2.18402035260942,1.1679242606202,1.33270418101641
2.342486184347,2.38468868447472,1.28083553516958,1.45344850261849
2.46708967114321,1.94888690086841,0.805833868439057,1.8345569588332
2.42662568657271,2.29625637122234,1.15368556975918,1.63455380003537
2.0944058146079,1.81894556227162,1.20621754111864,1.43639052364802
2.43621293624996,2.26993167731541,0.749340742795795,1.77572581493374
1.83879822228063,1.53055810596922,1.5050180325337,1.57283060017517
2.30591594059452,2.04506841442394,0.788288797529855,1.86437166440438
1.55747363006635,1.92044565709501,1.28238909126007,1.50584812554353
1.67252423448594,1.75857792900938,0.933224138717768,1.8391509199885
2.43876101156139,2.03516745973084,0.866529950169607,1.46275403617744
2.54912496357088,1.62392229458308,1.66894635097192,1.4993112969203
2.3962155695526,2.86847698391369,0.82930650892378,1.74953440980644
2.90576029372861,1.6524248401631,1.61354669810362,1.25415390389756
2.39164993917185,2.32258921616522,0.67667323133503,1.88820949238388
1.61972877606316,2.01859011249778,1.03748096305829,1.2269140462439
2.335383518501,1.80577301680301,1.01224485183286,1.70517533353812
1.90438210637377,2.08909822767651,1.57274076024117,1.32293017949952
2.58344836617974,1.92438503899489,0.723842284140464,1.91119645421585
2.20127994285271,1.91101525069102,0.949535593909976,1.93935409327582
2.64546322843511,2.15228528929948,0.960627759722103,1.84902725088464
2.21294684661209,1.53110045650836,0.847073056091338,1.80991010395802
2.11260789959968,1.77601923800351,2.13550058104944,1.80787791311143
2.40489566873407,1.81279008558849,1.18466911659319,1.63216754937153
2.26514860511019,2.06164983336988,1.11566048071793,1.83844083063091
2.63458688378123,1.93487051559877,0.730781175374184,1.41934783192053
2.16920067374483,2.29970145284396,1.07204317992869,1.84367057378095
2.04773537265956,2.32851907589837,1.40350177157987,1.78052078021884
2.0300787039382,2.38488020987833,1.33948705050184,1.71718492430077
2.1278375466916,2.48622566556964,1.31533210353562,1.28580459001283
1.64004846027641,2.29886578816205,0.86782501536327,1.55520747390736
2.31062286827227,2.21968781296862,0.872060584401804,1.58911513265406
1.79111934997112,2.32473100959818,0.914096266017085,1.54359524250679
2.41931916859555,2.48448651884792,0.957712394540079,1.67824888214592
2.08356472746646,2.28075033102924,1.14700248682888,1.50900409806536
2.49359578141697,1.89382818385856,1.14598292613485,2.22165521338641
1.78945080309427,1.77390065124476,1.17935666403775,1.55693137625376
1.79166616936772,1.96982708406641,1.08644606528695,1.38816737731102
2.69253217984019,2.04971227747013,0.963266840694998,1.97927351630549
2.37426703602847,2.29904203712002,0.938874394106937,1.74271239015525
2.07581160941128,2.25127196545331,0.982949381091101,1.95158176180389
1.92767912350497,2.08700162678038,0.952037368432921,1.55753312667033
1.76429999219321,2.27147396931723,0.817983786411706,1.39681039016013
2.66992264213085,1.80662948986395,1.09410961526823,1.62827895406222
2.78315065894233,1.92669495008241,1.22866823560597,1.6018870931164
2.64429336505079,2.11292165545894,1.01209423631708,1.33864018617065
3.12960843394651,2.11844296156924,0.994949589764369,1.36774090989005
2.36969905563109,1.58043851609896,1.5747862716398,1.79208941479088
4.04850008797889,2.03750033662733,1.33960776390046,1.79742935000058
1.6156481036314,2.38600777942686,1.22142984500676,1.44192495578782
2.68198637066208,1.68106850366993,0.729733321472426,1.49250790821933
1.87674720695434,2.11173954089321,1.03170287984268,1.58441707560098
2.05610597811521,2.03066117581654,1.54704860232709,1.32920914373132
2.17539210587012,2.27887212726558,0.924801364636842,2.37820493290372
2.49285713096155,2.43358925778011,1.3017106759089,1.48218508824452
2.20319755998094,1.75291468726045,1.21829733261849,1.70244608145988
1.77942530309697,2.09648868899306,1.24590881899154,1.82624197315627
1.71839972304605,1.93772455476093,1.17971511673108,1.55492403445451
3.07412118619639,2.28810662409132,1.1134848145469,1.86542430658502
2.70405440294335,2.64536095113148,0.815661387992489,1.80903878294991
1.80081582891628,2.35653462542873,1.19919309546235,1.66266845451857
1.98414984734755,2.5455275935231,1.23736885620336,1.76284921259056
2.16956008736787,2.67159232550319,1.25577549289484,1.79517441500671
1.95915005272793,2.45727059681223,0.879539568950916,1.7093740902138
2.60969934176561,1.56738024435892,0.870454783597948,1.91181624406625
2.60115102472255,1.87347602017272,1.77377035981089,1.7436863160282
2.85256766393492,1.87180467128783,1.24347703799309,1.68839868261751
3.24034831307038,2.19700340771457,1.21265781030437,1.90484086858185
1.89975721847863,1.55978070194416,1.44875816094795,1.43260128398186
2.5964914976203,2.36354693731634,0.907059034946545,1.79264257903699
1.66287084641838,1.42054281906671,0.84045926384763,1.90811394130559
2.29680435329007,2.0220418789877,1.36375516432759,1.38345627717641
2.09834243430414,2.30125642200892,0.900999866564339,1.61802236778114
2.44997796576952,1.41027607632505,0.89276415389048,1.65034958807202
1.9774607719932,1.65900915073647,0.91263051103682,1.64710913037532
2.72845176641896,1.91547574695254,1.11135514837864,1.84704309590127
1.90355468543823,1.85324503331626,1.42756762379178,1.42545817519341
3.4322233820072,2.44357236481346,1.01334717324201,1.73139851575878
1.98834369535944,2.2967161806059,0.857214631542579,1.5828408712939
1.90060154797745,2.24319320371381,0.861736254913715,1.61889056044755
2.44880252725055,1.76377775288605,1.51940263219837,2.02566798675092
2.90490477739954,1.82739004588094,1.46326544348658,1.86257522420835
2.50635808977169,1.49086136533745,1.55027971787975,2.57702414339409
2.04193360831049,2.11311253929261,1.69838730178317,2.00358019409791
2.33940736631958,2.10255295717749,1.62505185300037,2.11521177180775
2.26322317421534,1.81070461568379,1.43321989423991,1.20928962909945
1.93122165234366,1.60560029005758,1.68625795548336,1.44750859186269
2.33193272960432,1.75793623787037,1.55999767175595,1.48776268480158
2.44564475170489,1.88173489741669,1.59364784578874,1.61595318665652
2.67698868647532,1.71335828296793,1.25932528518049,1.7465834086689
2.29719316398268,2.44600683651859,1.29719747049844,1.42078244516601
3.26645989556349,1.91231201690438,1.09024779819273,1.31508110474881
2.65494452373135,2.0045950727904,1.37561034733689,1.91252715512269
1.6567913343471,1.89513705868595,1.02651569416574,1.52806955437661
3.03814503028734,2.44074999551242,1.24359150493687,2.13335929296869
1.39669743647313,1.87112533925282,0.774697218038545,1.49986511655893
2.47932120864699,1.95303314329079,1.31128953600742,1.44445510114177
1.54111462471004,1.93741922804326,1.12970553735539,2.15969893050422
2.88840209214568,2.38328632032847,1.21562249430053,1.42772992267103
1.57928073118201,1.92128120939019,1.24928219688095,2.18410145864317
2.60290822094012,2.09922705815322,1.38718442906009,1.80192221547565
2.21152459674372,2.09300342149964,0.770144072229443,1.61081750602762
1.90715613184978,2.03273742747193,0.966393532402684,1.41881442272678
1.92461766770286,2.06803877804965,1.17244195225078,1.24385229070065
1.50012764469407,1.88919599255435,1.00873823546874,1.46899684432309
2.38133310409659,1.46602591772459,0.911573038302555,1.39038361748608
2.51452217353409,1.53815665108526,1.12482982244609,1.37381909483835
3.1982247956387,1.87109561543606,0.673288951139393,2.13832096194346
1.37002324347083,1.75227911230419,0.946522061676562,1.21396429744484
1.49007778086915,2.23146711786524,0.824536502512261,1.77490473378941
2.36668975310387,2.03254786483128,0.950847906112019,1.59677871235868
2.35807945104137,1.96150263895922,1.02269332830495,1.72959980859502
2.4683961895642,1.96136279457633,1.00835929990286,1.89792123814771
1.99456311110152,2.05830597801345,0.791613210515774,1.55950921825113
2.45700002227372,1.94653353552736,0.759189127935539,1.91245516028207
2.0471127711227,1.81895912300917,1.64702576093543,1.37499079904293
2.11819184774205,1.69923075185884,1.52104952406828,1.54777178532754
3.16885359850645,2.27668237176052,1.36517988627137,1.29099292084265
2.11884002791509,1.88225432446647,1.14662195982699,1.78844317456597
2.01421607441171,1.81406291333073,0.87472165140189,1.98029369697359
2.05844498362204,1.94931886996057,0.920741134349051,1.73020497240618
2.04163283949882,2.05947499553319,0.665992255247218,2.28856946804298
1.97101362965761,2.0464213140979,1.28692050689591,1.69055200148816
2.47014733332753,2.50708644977123,0.690369830801012,1.57464287058529
3.19145578272732,2.49309573103391,0.666927310202649,1.23995030240464
3.84334190026191,1.72027241872818,1.23174428017957,1.88894348088124
2.17166626846899,2.17585661816459,1.14158563898625,1.51713405136345
2.22466653611315,1.52499814643097,0.956604132004609,1.98996644876936
2.72429980003881,2.07069107799302,1.12028289050284,1.58656584994287
1.81753656433352,1.96387774308856,1.10727179267304,1.53444788537078
2.59795573685749,1.84277229081411,1.3192324571944,2.01188946331872
1.98938990635401,2.34994919410774,0.915090286082536,1.57962417317432
1.71678916112238,1.64072920522351,0.984652344175034,1.55888301399235
2.63435378032883,1.93267728177784,1.08342115634248,2.05066898221172
2.56928758543251,1.36412983603716,0.738997012463013,1.93242584953147
1.68481953910488,2.7296688411053,1.87620683017788,1.37142509081893
2.14756832710483,1.42678734661039,0.797694091665253,2.34674918022465
2.39156774173938,2.04367216617392,2.09837965156971,1.44480634932742
2.76205564794584,2.03021800768347,0.837081175329189,1.58091081723847
2.98447087746788,2.0352688691272,1.38361455765003,1.35436860812217
1.7830076737663,2.25103110356435,0.950716969078625,1.98868972858603
1.77000419648122,2.15039128584792,0.876831784031454,1.8624874681311
2.54561959553975,1.82198676619383,0.917579313159318,1.47011830080481
1.94190409712742,2.08408811351486,1.30452228106331,1.91212410176227
2.10411173765843,1.92197358350619,1.04809797608602,2.07054006222635
2.03441986848561,1.94923151667856,1.04083815867435,1.62827930894131
2.41628912521294,2.22509910519574,0.883755324229445,1.81889502431412
2.24789161664306,1.54630400309827,2.11057780188629,1.73213667620382
2.37023115642026,2.55072861340945,0.85987715370971,1.73760504682259
4.33892265071184,1.4906918533167,1.35919115407638,1.46582911818197
2.94159127449377,1.62912673250975,0.862651955457242,1.86323142231078
1.99562298160481,2.73840473607143,0.953591891450832,1.65163158358853
2.4741530491506,1.28276760738623,0.857465676590404,1.813635578251
1.88926506069671,2.0953382786489,1.36230111151619,1.45903496323087
1.97905122495763,2.0495521892673,1.5846466064398,1.66918833288716
1.60357946969534,1.59848678347443,1.44576960404551,2.13539827877296
1.91073565619228,2.08534533640613,1.09343109203036,1.96573632082395
2.38688230991863,1.82946029149761,0.780322256756835,1.91821108669087
2.55482666954862,2.31445137261149,1.12414937011688,1.90071678549902
2.00038189667329,2.06769329748335,0.88535621168702,1.49761192653005
3.20952049953065,2.25736064174136,1.57504599372744,1.71798550524288
3.62060546788725,1.53816954703147,2.22182585847618,1.6471061754633
2.90270143691686,2.17448041071107,1.92588826959571,1.29190985552444
2.92343568914342,1.82132962279538,0.929580763642416,1.82392882939179
2.65930437628254,1.45068425957361,1.17741498074404,1.69682081260646
2.64612368577913,2.41630249940952,0.862657017119126,1.35350792652726
2.50770242244482,1.84930250763205,1.01861974321764,1.59637440448736
1.82739150603474,2.25753189275226,1.39443358905279,1.74008412751971
1.54927238757736,1.79988563526582,0.539752254529173,1.63992778697529
1.55266148634183,1.90145481069446,0.676997073604159,2.3182885864161
2.01968980062935,1.91487394307143,1.11881277516009,1.0913014829215
1.96302141794219,1.44253993715724,1.09883574055483,1.35957062436325
2.29634513795596,1.70048787499861,1.00349254940509,1.66234491610717
2.55842769464361,1.39418252670419,1.30209391229653,1.77208260768413
2.70257554030639,1.74479731896289,1.09009083778739,1.72579014289106
3.31569324220128,1.88299219023648,0.922519740598444,1.82262028786414
1.93098573535382,1.65696734489573,1.80656866731581,1.51396901362108
2.0959991607138,1.95192598152832,1.68175891199333,1.81820620149217
1.52582190874481,1.89417785519033,1.17553244513126,1.5968822650041
2.26061677434068,2.03118334603894,0.833722849513215,1.58433976350937
1.91560523041972,2.06163085548521,0.94603988372367,1.62747819767734
2.49786768053018,1.81105000290243,1.10801253764288,1.58715549589458
1.86921992498576,2.02534980040395,1.19332430261354,1.64605441458677
2.35399072831194,1.96205333212726,1.13210502652479,1.66995345363395
2.1783971762636,2.61687097383494,1.36195619501545,1.7866664469208
2.74226827545237,1.73995083166946,1.61379178469165,1.88886054837565
2.0477986607777,1.86433232088129,1.29889529146644,1.44522012054435
2.141160516453,2.0142652574532,1.53556183078702,1.45881289674145
2.52508076214315,2.08395900973024,1.71678834911933,1.42839644501383
2.54988266719864,1.402719331883,1.15447116763017,1.52610061941679
2.64056521559737,1.52324032964922,1.0847720628377,1.59462907025983
2.40820062818919,1.43708628988003,1.10622162248472,1.66959772417272
2.27258119118978,2.06723737725335,1.1732786769401,1.70875285192052
2.00075181836278,2.68630245991624,1.07813041801983,1.47817300201789
2.61232892825851,1.62699777812204,1.12792405879131,1.68959655113643
2.61124596363806,1.79502346921666,0.980804274526553,1.34368237499389
1.94351425989254,2.07394947717266,1.3010320778243,2.06245345264209
1.79889250798827,2.24654086765271,1.08426401361414,2.59537202394449
2.04256860460886,1.66360453610171,0.82353852624894,1.80508761117238
2.43012799599614,2.73763972803057,0.919325786970941,1.82480755870932
1.61904416124023,1.43655346807187,0.952144714133845,1.4420822878235
1.92895599992269,1.21581934726578,0.977265732514463,2.03751249968002
1.65447848076374,1.54083029843263,1.17936984126067,1.30746932719179
1.72479721038553,1.4570414983713,1.17249283401018,1.53303707403993
2.10271838227495,1.74291550201058,0.970154606907787,1.5054902993556
2.17535275738938,2.19806249339881,1.06538134396523,1.48797955529275
2.54112512489878,1.73746687038911,0.609296975939234,1.09756004145635
2.39856172649021,1.64914542268148,0.98042998526965,1.13658080486089
2.90349794675399,1.9185528802828,0.830008890011327,1.46315507933857
2.37905378737177,1.91693868206032,0.90520229562328,1.09805639984662
1.96329407873502,1.90185929185871,1.22192221378839,1.88640274088981
1.89680533095489,2.0108373358344,1.26529539242835,1.83212777370126
2.68217879414082,2.13904096240624,1.28760940612884,1.70649286849882
3.57117753268058,1.55945534988124,1.42187211277166,1.39955967685666
2.93263224727286,1.5350932847272,1.59328897367875,1.56605563144252
2.44914852414464,1.79037904925038,1.43939257183423,1.45180579053781
1.64923472423363,1.89139652260987,0.844798789670279,1.69229918804022
2.03502479033549,1.73688164104574,1.37206914701651,1.71503908404516
2.05989519703991,2.04968783603685,0.959739702261331,1.53118277433837
2.32435842038285,2.29500194978074,1.16914755286872,1.4652252259204
2.67630431134637,1.92176235308058,0.864463737316205,1.92792764098954
2.42740371923631,1.45008951242457,0.739785233351648,1.3873009501572
1.52087213645251,1.52011115460267,0.704518648542115,1.76642019443496
3.04198340934755,2.06435236179817,1.40152766477432,1.54099223314004
1.84418656445603,2.00391478007195,1.02577352394418,1.40071638609219
1.77281611584999,2.01168011788251,0.840328390496312,1.31835635779197
1.80584004397411,1.95702028428994,0.860422630048375,1.28709113742398
3.2277359328556,1.97044653747734,1.1391221890745,2.07744793824056
3.44124855609675,1.5323941738527,1.05805058124011,1.94581853614982
2.05572979874319,2.19217848794338,1.24012999064417,1.59024972373886
2.15182972392567,1.77041937022097,0.886282168401416,1.63946087472413
2.0594197389255,2.08661831925523,0.821191545940167,1.32131431987794
2.12052416692551,2.24442356707493,0.723130812345857,1.37272791957146
2.54734331716303,1.82067283669417,1.60268866213745,1.8777669419969
2.73531894097581,1.99032473873427,0.979196703361598,1.98578064972406
1.98641833714263,2.23874942673011,1.19198951650164,1.63814004677846
2.73349122664862,2.44959994630235,1.08925720779406,1.83916555942096
2.91733386034094,1.99900078645393,1.11840580388998,1.83040068924424
2.131132282933,2.22990838556415,0.856632193006351,1.56978503735758
2.11905241941252,2.2371682829549,0.863766886882754,1.53813537055006
1.87691898658815,1.97746359672088,1.12712065630332,2.17061817578653
3.08621498145347,2.04184472058634,1.10409190346575,1.24555052111549
2.67111744270302,1.62851550836593,1.2307877515871,1.39543147403437
2.6228448049799,2.5170997060108,1.39811500599375,1.58248133546716
2.1434513752323,2.49875084076242,0.886349438390244,1.54868535091757
2.55094520691778,1.65437241811243,1.26384007732909,2.28672477619837
2.17577098524517,1.23754886881612,1.91534101268109,1.34854010274892
2.33292149315026,2.57929149280362,1.00980187011462,2.51058853818983
1.71049110668792,1.85918694562059,0.931204461366874,2.36322618792986
2.74819103247838,2.39603844986268,1.39200046976293,1.31278023067288
2.58911712378113,1.78630630001822,1.13051131115416,1.6566397135445
2.31152671956923,1.64370250793029,0.855277125644566,1.34017389556987
2.25662206290809,1.88841253098136,1.01347419379786,1.64584939515138
2.37965157290355,2.02898331075094,1.52555243934453,1.87381742352821
2.34626994421162,2.05993880430894,1.55347943964821,1.63001362040828
2.40766983735231,1.81363117109466,0.891555070974664,1.70015557753091
2.51112326894543,1.62751072753835,1.28871058263064,1.98493191508759
2.37779539547908,2.25728737173938,1.01525282642269,1.31678636587138
1.97380189789101,2.12038088100678,0.896226001628404,1.82776782497899
3.34235009793765,2.34229274247216,1.21735795113822,1.39335590961304
2.40044860403221,2.36693036149693,1.22419135705715,1.49131952972838
2.29654648913456,1.72366937027198,1.56760201176948,1.65764626317254
2.21841418962055,1.60269161608845,1.07300466396215,1.45894000703281
1.96519271959478,2.29881971618333,1.15925482534894,1.84087574933205
2.06050068280071,2.50635253369333,1.4344193040586,1.51610569912363
1.73167216294441,2.09080887098658,0.78462315822516,1.54862029584394
2.28715633935181,2.05192201545132,1.26929896338135,1.72150704780622
2.28474296587694,1.91415186571958,1.68198957586117,1.72994085282538
3.19289580467482,1.97758114999856,0.792152627495783,1.79612340949488
2.60753004583793,1.92803584789152,1.33804329593791,1.90578003946117
1.99392161648417,1.85082774441519,0.935663468312029,1.68336459261821
2.25832407257731,2.79847861078066,1.25671003923326,1.81580242172351
2.1651229440323,2.45134011756593,1.21306808897724,1.47776704422555
2.22533279522433,1.86908706895711,0.650409993730711,1.62536370870639
1.70998108571253,1.87129653714448,0.905046116079992,1.26216573154573
1.97240822487896,2.30951671774022,1.5069379257487,1.70180079150219
2.27200287551963,1.69739167445292,0.848758364838638,1.60559743794992
1.55920651901311,2.12256485800728,1.065220894052,1.89789265998586
2.31526794420083,2.2911752729563,1.23793396100358,2.78994977453988
2.40892619482804,2.1809825481813,1.36449440881571,2.00913491892521
2.14381401404126,2.21529536513169,1.30445499067576,2.16436850708062
2.73508269447468,1.76478990041764,1.33123253166159,2.15136187047157
1.51202156653278,2.20105518271225,1.00862234653548,1.62215360286409
1.99466151357637,2.63043518513456,1.46676164820558,1.66529123288428
2.70038212608678,1.67295084285126,0.843520345971523,1.92578162238594
1.89085920732196,2.13622111548549,1.24295096035512,1.83241722745078
2.13203516775651,1.78155854049497,0.932707533962692,1.35966030243252
2.1957464914907,2.36718648618493,0.894427933664026,2.0546098875703
3.51424215364352,1.52554495353719,0.918411125900367,1.92240382251201
2.72297731370386,2.14994611009124,0.792075169450857,1.80916331252339
1.94570814643571,1.57730188793846,1.04503674757558,1.67559077050634
2.10673193834647,2.02487490886838,1.26743714025318,1.59156488099029
2.60387366402443,2.29548767527782,1.27173610813242,1.82547720413701
2.28623035167924,2.956345331338,1.8493584927942,1.23422091032843
3.25717609509644,1.54669353233946,1.20891083379448,2.38521591370096
1.52871363500014,1.81954819202211,1.0835824082107,1.41325730269715
1.81827517871506,1.80046266051041,1.18423718235606,1.66298536397751
2.08361343563334,2.38201182877401,1.03797663996662,1.17193194652618
2.44472610852801,1.73927567278809,1.08521586851194,1.26330982468692
2.21201238635893,2.50082514907007,1.20286203727906,2.61985212262616
1.96891617581288,1.81036762160357,0.971586851977403,1.21415489658715
1.89898510681445,1.48448265049023,1.34495229074407,1.38043001963466
1.98549100187778,1.61996956201666,0.882560581650864,1.8126381421402
1.69335789854717,2.04275271136621,0.985278014326107,1.52412025697798
2.03547116844949,2.25355007461965,0.869239629626516,1.72327673555173
1.9812149510651,1.97808942673927,1.15543211689011,2.30748648108734
2.2473523347858,2.28617741009144,1.06969640240941,1.56705946950777
1.95647461561563,1.62099488959743,1.15414275565211,1.84815801456157
2.56265744820936,1.65162410939177,1.16076640888406,1.36789286492013
2.67302521781792,1.71161378502457,1.33766212253853,1.37343458938045
1.89689356648245,2.64357131256083,1.1144555154634,2.43396555968589
1.67733484298726,2.67063244893583,1.21760740238845,2.04320758830381
1.65782970325009,2.72505433781163,1.30735678457295,1.30005470491312
1.77148405527942,2.3145050829396,1.0076957646233,1.55221071926033
2.19001455733719,2.39671860660852,0.978929408696433,1.87031080898763
1.51941334005473,1.84882983037709,1.08373773475951,1.5449560989963
2.136034634352,1.93850192191855,1.36858483066921,1.65458128450516
2.44952699401326,2.29334242426242,0.741296587692888,1.49116731207411
2.20368971659658,1.82217991139771,0.956705249190162,1.49350093582573
2.149360517185,1.63945243375372,0.928016899194659,2.04793675226433
2.48618152138289,1.62077603035172,1.42415893161173,1.61335377108797
2.64386382715906,2.23079380986402,1.5061797607223,1.66916666742099
2.21286818331603,1.65987004509844,1.04712975701705,1.85952755331591
2.1975265513542,1.6227409883106,1.04916332513868,1.85595374390862
3.59455135183574,2.1606249583172,1.48776051950193,1.52378653312649
2.37233270118766,2.31088946089357,0.677130391205626,2.02496087183486
1.63296859567787,2.04850437082515,1.38977611239706,1.66026524882933
3.17297960442676,1.88259031407388,0.938278025746443,1.7502887700845
2.34046350584703,1.7882679547864,1.67500903995962,1.86542168197259
2.46800272611541,1.90262655797012,0.828862313797327,1.68109477418987
2.61442733647059,2.00366885752805,0.817769445525245,1.54517609185374
1.60364958641297,1.8259255343901,1.13987343679662,1.44116715100331
2.26847291404679,1.79599458454159,1.21713732530804,2.00659200837296
1.88231779132454,2.00523622377811,0.936677666417632,1.33858521613889
2.19423585241403,2.12013882162469,1.19435697484208,1.85287719486425
2.10578393293439,1.98145748082875,0.925317605110279,1.76571493262296
2.63140002883785,2.30272582077892,1.15767898708002,1.77018373758351
1.85108975355187,2.39383673267477,1.19785275630384,1.54617288433464
2.63873579612675,1.83650402257316,1.00491641360731,1.64498301397652
1.93573183056743,2.17405931359909,0.82486723528533,1.77652138563986
1.93929293138067,2.79766337851483,0.891809675027098,2.21935482096312
1.73357368456311,2.40818082300146,0.884303300412685,1.89839179588876
1.98215143281743,2.31494753547151,0.796532730208495,2.34087708985672
2.3252672324136,2.02936420095692,1.26401240477507,1.36527043905365
2.50577648568488,1.70244859458113,1.4196970658493,1.6675582474614
2.26433231374715,1.6185194043985,0.868711782608401,1.1885899758069
2.22995583128762,1.52636054927779,0.858358494264008,1.05847560286909
2.76588929129743,1.62822289137453,0.736090477793641,1.37705609820089
2.45771010074894,1.62434900492972,0.831697292893902,1.65724345230704
2.1998862973876,2.01368826150285,1.28913841542741,1.24127200635414
1.52379034812024,1.53074608933658,0.83373017060009,2.62000567268465
1.81943725184215,2.08503680915987,1.28540643267943,1.84554283779594
2.09470520190745,1.78997699922913,0.907970788068511,2.16298016823628
1.97576789782027,1.89631639046123,1.10542950137163,2.12600788247632
2.60675551734352,1.82600283097936,1.10844788532755,1.31562546688574
2.28987791665237,2.15568289906477,1.87327180452244,1.72307275353529
2.06635440015499,2.11974176129934,1.68450764591395,2.1239946945894
2.35086655075756,1.72198325660139,0.869417203423454,1.85582634895395
1.92958415419394,2.52824679363168,0.872364683385961,1.28344719013435
2.50245279927131,2.01104524840804,0.801415046548115,2.12236424194807
2.46818208455441,2.4381801317509,1.33845160594463,2.07022560772096
2.17686277285029,1.96318003100786,1.02890897922803,2.28498276211514
2.22434622677395,2.33944688205621,1.29257177103677,1.8080611457413
2.35252095873789,1.7726775508089,1.31491339641692,1.60797966546746
2.25374526307966,2.08119865010254,1.25768962735019,1.76560889765018
2.66142425043363,1.9209147391671,1.55327840359803,1.51944751969527
2.42389865924008,2.2368252091054,1.10581917752609,1.77583589869421
2.35400082583966,2.01195243553552,1.20656409829281,1.29956091660069
4.23200408406835,2.10455070465766,1.0177680874703,1.72784485641397
2.6192694318208,1.9711485681206,1.1971445869487,1.66100456865701
2.72618356044454,1.7744106815882,1.13536620135854,1.45698356047104
1.92680866914027,2.33288015139087,0.856756563827283,1.55301754674447
2.94228537841362,2.71213336230131,1.18449799854789,1.52938665729534
1.67309895958944,1.58087536895388,1.1173115607797,1.76239683255151
2.44336462400656,2.27237051544037,1.28403392854412,1.85797081546129
2.23504901237606,2.00390470882747,1.45140700610614,1.88322170247348
2.66940114037132,2.06029606611008,1.29569723390798,2.00391575225547
2.23327350775323,2.34151544637796,1.44503822708853,1.53467762416209
1.87525549065788,1.58479059846285,1.02688239849845,1.74407528126861
2.68644276817468,2.29603657666958,1.4190508986932,1.48135762005764
2.94133294270384,1.61576564944497,1.04953569846473,1.83182659886267
1.95347253378522,2.15754214487734,0.839846503813518,2.13924401586157
2.19744484738482,2.35135529740166,0.910361115446036,2.918843983666
1.37652176905319,1.93450780728691,1.07720678915031,1.6568465360352
1.71011069872025,1.82951342105138,0.996639197302745,1.70251084749845
1.71383730381708,1.99519258647452,0.760052593096733,1.89376206986148
2.14298805365011,1.61373161447013,0.764082537964229,2.03735902790873
2.4961048800488,2.48360016089278,1.34585541963358,1.296274357879
2.57727838911337,2.29248972789183,1.11403992878476,1.57558482834435
2.41945494814144,2.15514023945606,1.04234884821333,1.22254115506972
2.22932399208665,1.52912406687342,1.13129889343007,1.96198085096721
1.85357277979825,2.343395796301,0.822660841370256,1.76502995976552
1.73381784190393,2.57724734228122,0.829735900634496,1.69747609710127
2.60856595158121,2.06570009273582,1.06749591233198,1.64251613787803
2.03887295721362,1.95618781354438,0.728999830774258,1.40739049856568
1.89881739921396,1.69331097136163,0.86093956286816,1.84397564456537
1.85709690856899,1.71610946190216,0.805298473665956,1.83849607445214
1.67387655094078,2.33099360595777,0.869461148501183,1.46438820260878
2.48037604005089,2.26232559132108,1.14041725366679,1.36522572478336
2.55245670627076,2.99733272866299,1.07988005142756,1.74088121222491
2.2539410304437,2.54760005452559,0.905173828275081,1.64436556244511
3.41527205965906,1.84852537669945,1.32104941550311,1.43347312611783
3.08477303340754,1.75230355039565,0.921444931808671,2.05988467653714
2.09027642230728,2.28913552295068,1.16607686458525,2.0554572289582
2.02008333823017,2.36233718274296,1.13202376773323,2.14875532548214
2.44457783801697,1.90748786826588,1.12877828400836,1.54344748380376
2.6472062280251,1.82968063586792,1.2984035428385,2.00488272679926
2.26911626492768,2.08462409018225,1.07437557412038,1.32399529235599
2.31733913173811,1.5984570082072,2.06430557295814,2.33943309915274
2.25464938506094,1.7418679741953,1.94280846491751,2.12957013054325
2.11970213193879,1.99484430859214,1.89360471989493,2.20588184682689
2.02237408007927,1.86541195855513,1.03061367671817,2.10521102353039
2.24068452925039,2.18425749609108,1.3010420423891,2.31725323446799
2.42851346975574,2.27578065511311,1.22028890404344,2.16270048979156
2.29126208335691,2.14874826568156,1.24942527335637,1.78920928091309
2.26502105959019,2.35930295181606,0.765351288481396,2.21451123844789
1.31390205144212,1.6721375152448,1.00655195765379,1.52044217338855
2.35849327499342,1.93327618896933,1.53763501688999,1.50188672563201
2.01888881950646,2.13321586044594,0.949687707819204,1.81011277582179
1.78365217284278,2.53222390088941,0.63959628039776,1.42231098501116
2.09837252093547,2.39345164796307,0.928059578149961,1.79175038313814
2.29332308742645,1.68086047552836,1.74882177743318,1.79049299137686
3.64985041073033,2.12633603180529,1.28775728868222,1.66799692561646
2.98716946990537,2.00031665121861,1.84141006924513,1.55976292311305
3.6841512460147,2.12007314646456,2.07468824697646,1.68706419524065
2.71138556959648,1.9648322423835,1.49660936099196,1.75305078666503
2.69162251313936,1.88700995352269,1.55739160180929,1.61906340408944
2.65649981661082,1.9452424711992,1.7239616909734,1.46267387974527
3.72556019520556,2.02691394941458,1.79678107973475,1.68744047906107
2.24242276513352,1.84615176075724,0.951697687243863,1.40251467713374
2.7564411940938,2.06925947214065,1.63471101665955,1.72230110011961
2.88937797537706,2.11981226262705,1.6358364372149,1.76944803793697
3.40838976358142,1.68782218160175,1.60927492455836,1.90076585530153
2.05827345890995,2.14449806005825,1.04884683743865,1.87419980522481
2.90360084457773,1.67197759233048,1.0081170944414,1.45515349154284
2.43161083675215,1.99345081479634,1.16137744187625,2.06835606916642
2.10037139716626,2.01757653689783,1.00385558526922,1.33212949902797
2.12427115661527,1.59247562258954,1.05828603189479,2.34758377092849
2.0974828912147,1.67184538191813,1.08444691976928,2.48656169301421
2.48423984479826,2.20747901473465,0.854144438109387,1.53263942208267
2.75554148064933,2.39020848821797,0.852375952977058,1.53186275529507
1.97525951086687,2.87269100394823,1.15399352086223,1.41567645877223
2.94668947988157,2.30444120530279,0.884250699899482,1.84647929491549
1.65683189848395,1.83645113467264,1.48073659780032,2.21162247718603
2.8175380360873,1.78039698012648,0.999967492197237,1.34318414507503
3.15582283938514,1.95100476083465,1.11013145112897,1.50303700793601
2.85578076033803,1.7274429605585,1.36415883101889,1.6650908436071
2.59810933401273,1.85390683759811,0.747300500149602,1.94079575345709
1.91152147984542,2.93945129968313,1.23311871102005,1.08371849639094
3.2082450859318,1.73704846766692,0.767161650449181,2.11129057760324
2.40822106235994,2.47012096588855,0.718063013535946,1.43859638358373
3.1159651010736,1.73909228026395,0.662929892186792,1.28135163460103
1.67813647748417,2.01361768400189,2.36624528341638,2.21906651948059
2.41585373736743,2.04581384586702,0.76305283077998,2.25393484623176
1.57134110634464,1.48302227600802,1.02398530007246,1.34286428291947
3.5806873353922,2.0887260160165,1.1143024658632,1.75649988347476
2.17642957712401,1.76666115285556,1.33726785955088,1.39077802111419
2.14148664467839,2.34610015933355,0.79411487712785,1.68261231176495
2.16221030959841,1.29967242127247,0.999823569433026,1.69937474325362
2.43550927419122,2.09004310355866,1.17021205339556,1.00367801041332
1.79141789254293,1.88026242874189,0.769489173388077,1.71042979840156
2.27280935091753,2.17177388983127,1.34859834053716,2.35435092831108
2.80872621369241,2.05241890729446,1.20607155895575,1.55739216357473
1.79552292392932,1.952111570047,0.593471528554787,1.29779736253062
2.53396866039282,2.2401321431812,1.34864671904491,2.19231065834183
1.80591295106698,1.87607495181571,0.828254762490321,1.44700349805219
2.96665300325072,1.89819503803448,1.55573629219139,1.68169693068232
2.58201672438969,1.74934637788439,0.698709672337603,1.61433120614247
1.91708785625662,2.89979753624446,1.48394057485513,1.72687795595705
2.18532953644644,1.37818304802949,0.953312349681597,1.59255773325719
2.59752980937111,2.96579879144616,1.23060862375162,1.94436175091997
1.73884311480753,1.36840205311721,0.856155718482181,1.57653253451023
2.51843274562265,2.42686768835976,1.72190526927727,2.35771530649955
2.67276634141977,2.3253044946129,1.10799365611096,1.64409520039382
1.8329572924481,2.06701467203325,1.39240948873596,2.0390016248762
2.61854848106052,1.67971839262592,1.31843999068047,1.69942983251774
1.96787864026434,1.83123491497767,1.15582873716203,2.01857218377647
2.09432379598294,1.70736555842134,1.68133125428595,1.44901043840788
2.29258130280542,2.41628818810069,0.739918618058915,1.99531141252174
1.70785600978936,1.36978856375269,1.10741724664093,1.50678981729238
1.8808777314047,1.7439769927523,1.20406848294547,2.2461036433379
1.8730587139497,1.96804291781528,0.785589162620819,1.78925974699589
2.33696427068957,1.4059425725097,0.701279492456376,1.52019116683263
2.52168896954551,1.96382741615581,1.12388926702658,1.69106444875369
1.85730578565145,1.61904937275377,1.20500474837855,1.51933268420415
2.0147765510951,1.70567086499024,1.08487398919387,1.55919670218714
1.77792860237715,1.67108560838499,0.803973825520752,2.01393967012174
1.53805050735989,1.5099891437641,0.80501018972534,1.93438046706596
1.54954726537409,1.86928521599156,0.783449286397488,1.81885283120888
2.25296925285608,1.79648370997621,1.3896552805341,1.79997560451242
2.61986699902088,2.25088518018298,1.0639440997429,1.86409855956851
1.66103590201054,1.50267805369647,1.23792626150215,1.79822929609305
1.82749405557649,1.97998282280496,1.31310809510557,1.80993026793351
1.69404972595715,2.17771962195988,0.979858666057711,2.08215125830283
2.38488988296654,1.45038246930557,1.07506265126238,1.58687575064317
2.46327363726591,2.30165232563369,1.50529197875161,1.77692481353263
3.53541172641388,2.36112411987578,1.70102088376744,1.89145701858192
1.46968363776432,2.01811092555274,1.89982107347517,1.64483932556858
3.4671694145124,1.78154328399176,0.71080898424306,1.79203455711663
1.61576570169709,2.38587486625893,1.21217621496432,1.72117305286633
1.9674942854403,2.07653526174872,0.885530446806295,2.09741651111521
2.11642892546103,2.71053101495284,0.951523903911189,1.97402001437016
2.23604893699778,1.61039642677839,1.23141579193545,1.67776497195265
2.02397822824014,2.09956831672755,0.809294239270504,1.87190951713764
1.88489062065224,1.91327536020863,1.26502598723745,2.21359064974454
1.74483468073118,2.07646193438401,0.978537179481845,1.70301390982983
2.12466923705063,2.43622062502078,1.46327552939433,1.69045353144992
2.14844307614568,2.26655224186787,1.47022662524353,1.79599840635919
2.16685052290211,2.37532524621226,1.48381059915554,1.83267534715905
1.75659502512398,2.3394387427438,0.574615484000611,1.41920456720823
2.64119214659652,2.62993265172373,1.16863958567701,1.90760141438658
1.72187003492627,1.47558797012686,1.50800401238787,1.56757084306177
2.1043074757829,1.77351076400068,1.34668176090652,1.60815089461412
1.63846706820178,2.02253391459882,0.841598461125983,1.84144316970012
2.90695744690199,1.92631676393352,1.21243268592329,1.54960658359059
3.38060688597661,1.97643938500017,1.10622986634769,1.71358958716566
2.85675226798041,2.16231401517815,1.04556337717444,1.13185454425437
2.97246518142305,2.23335552701637,1.09156913751561,1.29582548137751
2.80469526460441,2.70189516454103,0.892741516047986,1.51894424725553
1.3956130957481,1.53041909584055,1.21511702689829,1.63806385248649
1.84366956278701,1.72423129455041,1.3958436038183,1.31759721133334
2.86298883775816,1.84482113162513,1.25710578224356,1.89370906670656
2.94388055613605,2.13328191147115,1.22020754353721,1.36161756912202
3.40586457486601,2.33328425793092,1.26936529234334,1.28702450629248
3.00510047092108,2.04206125171614,1.30201063515262,1.19430074480597
2.81238130927728,2.36090832561271,0.966365295730534,2.02534477621421
1.31996697366686,1.9542650465935,0.855543754474193,1.96652790850932
1.44172099437656,2.14167404925533,0.995680145736167,1.96253661203793
2.42816907920668,2.4081890870728,0.904056747995313,2.45489663238629
2.44362885980146,2.36247325789195,1.26087831819,1.67223968535663
2.08773627612296,1.4205284184488,1.49201497095303,1.64539080716466
2.43054555057554,1.38124091073863,1.94136070785036,1.7528696013188
2.70925735758161,2.1519260168256,0.742362036321353,1.77093083795521
1.83315817406999,1.43492525529413,1.35432857085622,1.47373804102543
1.74321619707741,1.41518555734943,1.30365097490294,1.46026685305227
2.99224652117778,1.37476629751996,1.25587287499985,1.86316275868703
1.72104190434592,2.20602049543452,0.884834483033768,1.53016997333806
2.17717025356233,3.08851295215096,1.927903834411,1.65066131180605
2.50538999438664,2.92187818876877,1.60175451235851,1.62354634751699
2.22243517767486,2.56191700188133,1.57103839822791,1.58368496805326
1.73722645985912,2.4644396485005,0.691369486712087,1.64524985756748
3.39746516101867,1.65984054917094,1.26465665030899,2.13595076203146
3.17781918844685,1.88111341050716,1.13476932802913,1.75999972181001
3.77510536778489,1.70719286429698,1.0104359341989,1.91110481950574
2.18458564639412,1.74946182781603,1.5834852895869,1.42465326835197
2.33420828879383,2.19837990854294,0.853765510080227,1.75150130800782
2.67045725204624,2.62793171002584,0.990766258124529,1.39758861565394
2.73136003833354,2.45172030112842,1.13382011172289,1.39114672570124
2.55609692404045,2.36215933589239,0.967627606626699,1.69926715798704
2.25851361666902,1.82117530741244,0.70607025741028,1.45591554685132
1.44755488769642,1.9487694400564,0.895751067410615,1.76570597764113
1.93533354403295,1.93177728090463,0.785462407261316,2.26767533890471
2.49877583720905,1.77972816867676,0.813543465249685,1.49170452450269
2.01423428775277,2.09885056109306,0.818040969129917,1.9212057137824
2.41024804938878,1.68816146064542,1.4525544107924,1.78466343104786
2.85160425690934,1.76217709883443,1.54162228993249,1.77847770100804
3.28828135247018,1.94620133829853,1.46200002672519,2.11964841046185
1.67286361648002,2.42275988948981,1.94062008388568,2.31023707715702
2.27896343076625,1.7349009815567,1.40266818943642,1.80776110388824
1.8470230147163,1.73440277649059,1.01684697348391,2.7657501762668
2.52561541092657,2.23383930249975,0.981626124305867,1.20628665121993
2.32588305012775,2.13291757849859,0.998246701161409,1.77088389669577
3.01631295484368,1.77746007011219,1.1148112019031,1.6827237972918
3.11509342174304,1.76316062297695,0.960292526300659,1.51773006779314
1.78754884904316,1.92446737771979,1.30577952826394,2.28613755300952
3.17943900304467,2.07186043521434,1.75960595404256,1.72238106905863
2.86837103284044,2.0902139942728,0.937512308593051,1.65971023101631
1.74500882145137,2.16283340312286,1.09806902554423,1.85026585722069
1.76747474290928,1.61330017890973,0.99534773377216,1.4240302507981
2.76905947157808,2.44187712204286,1.11174094840683,1.36870738249762
1.79793008139614,1.83363912165476,0.765320076962294,2.02730851931037
2.21803557629892,2.25477340834604,1.29262534108564,1.58884369064494
1.98973388141936,1.81708795614764,0.90567675711924,1.96582769544591
2.03993401844906,1.87539851525803,0.874194604591244,2.02519052279041
2.22561200855999,2.82901705398393,0.930561192777343,1.49484867017715
2.19649633787207,2.43443353548461,1.02517369708866,1.33173927543421
2.3877064228777,1.97848503023038,1.11869969245206,1.90725800510093
2.91279122708009,1.98556953344599,1.37357283080801,1.65567947677046
2.43650519570415,1.97871525569496,1.65063855925533,1.75154429391775
2.59646058508588,2.20071450678084,2.39763961362091,2.08431292189002
3.58963498008513,2.10211244510166,1.58609856027378,1.80388692897887
3.41875736612338,2.17310982520152,1.44760504163091,1.28445353466815
1.94620392650773,1.86436265876372,0.881950329050669,2.12446581041725
2.4090479806523,1.97798535760384,1.22538401456376,1.69356245835473
2.06825225872049,1.97732430180088,1.06192700783088,2.62474019279141
2.27155040388575,1.7932693303991,1.20667577809994,2.97005838835216
2.43668067223115,1.60965705025402,0.843245941348981,1.67011258429174
1.78607414881123,1.64289128538255,1.31588657055293,1.34769296020544
1.77692446544835,1.46704279248026,1.08745670908608,1.73967493678274
2.40306667347128,2.07280623432443,0.97399200955681,1.6834652351913
1.62847243078389,1.75289532266349,0.956851231297375,1.98540962246502
2.21257359138365,1.94746367792298,1.3152716511235,1.9222172155856
1.73735962624765,1.59852812788785,1.26081339288819,2.29357004307826
3.26536855313235,2.16191160281643,0.967883656768807,1.31828158888997
1.81515132908153,1.7388499804365,1.03630881423307,2.55757496691313
1.83560108643156,1.80614371694756,1.34681743049561,2.26396414135657
2.05092791223919,2.00513706275605,0.610969100720112,1.85572920421564
1.78024270120027,2.10218618804022,1.16812324854931,2.01542263568064
3.47052298402093,1.67536057801486,1.7481244197897,1.65056530047242
3.41270962276403,1.66712444434533,1.71654069497012,1.80647485260896
2.25806726521879,2.59739372060003,2.73579323610151,1.14136929196929
2.13562534398328,2.58723980136408,2.69754745052314,1.16289908372815
2.66378740116854,1.43775012074182,0.82197226503649,1.84726207969541
2.10784110023972,1.55716317753916,1.32119696746314,1.71414053385827
2.99015649892056,1.5831791256402,1.33293678204616,1.14712704420344
1.70165778604975,2.14573699652418,1.27958358367792,2.55948690721477
2.70635671311571,2.47290641805379,1.09563087856696,1.67095659455733
1.84613407940251,2.04089099505251,1.02786499611155,1.79231682998712
2.65310607189574,1.72585752036043,1.09214119177778,1.86086666758206
2.61456208320566,1.56909262698466,0.936167237883243,1.88991062696785
2.28467426089512,2.66909990314972,0.979618132459184,1.86710217897564
2.16896691188667,2.12216363605654,1.15789369803542,1.75197409836287
2.40625428806618,2.50780815218532,1.32852310291526,1.51586180100256
1.96562216090178,1.77363120747037,0.851802829359113,1.49922528064624
2.3077963027812,1.95822260086791,1.06667824426376,2.059627174436
2.29689812574255,1.91192948405457,1.35671711967642,1.77617612209735
2.50924601256462,1.86883224667901,1.20041302843526,1.64597372422893
1.88941914320911,1.70257317842659,1.0853153527438,1.54829374697327
1.90888168077935,1.74167230017996,1.16377241790071,1.50285375410815
1.89449534235878,2.31491860740084,1.08465761419489,2.26585638107297
1.77741464397383,1.92162687884843,0.952073559598542,2.08591851760218
2.05540147027724,2.53137500651192,1.26566652704565,1.66666139911142
1.60339195628485,1.97826152641266,1.23745512592808,2.50848076498798
2.50478221526456,1.7793960969859,0.731472640478369,1.21095504229506
2.84534991184181,1.81180353194315,0.837111255220473,1.26779356989442
2.18009082231789,1.73233551786408,1.29620218579613,1.72659171192961
2.39453974434138,2.01586004291697,1.220805969691,2.03472779726394
2.23085051925955,2.06384992625909,0.982361754436571,1.99004877902102
2.08872003147223,1.80776843175649,1.27762450979327,1.24622922017514
2.46817113427023,1.9475093126663,1.15619758379763,1.38302574598822
2.40348964903999,1.93843035654782,1.00105899738822,1.41770766540677
1.8379366757854,2.47647813450502,0.968345340702655,1.9462014998398
3.93626181946537,2.47642839632965,1.65167967757498,1.97638223310372
2.21083942290733,2.22729633082303,1.36887186430742,2.21257413722617
2.75475882959519,2.42941231713451,1.43543423948273,2.23101958698861
1.89722872693879,1.48572273105975,0.899372420432677,1.42865067365741
1.51531528038333,1.6937256149018,0.638024717145169,1.62342432266374
1.53179638168173,1.7914807471304,0.905281226422564,1.42203139986882
2.21813589244689,2.25823131774542,0.785153149709675,2.50170708594242
2.00557451635072,2.07867801380295,0.926192702196023,1.27804168934816
2.9431442851188,2.15167389788899,1.22806803362365,1.94470111013792
3.12507019224444,2.18613761108401,1.33107683139308,1.93938236294754
2.12544997852294,1.56695592031119,0.946468105288138,1.85857314995733
2.07171843953684,1.69243867781287,0.938171123822908,1.79553975123084
2.4755874418278,2.31483511939375,1.77499107407377,1.42541717842781
2.01123405869087,2.1177545253557,1.55011594349817,1.47782224506408
2.55573684081172,1.84332718835698,1.05748252104787,1.47628783104932
1.65341100663004,2.01139144988206,0.897015613128753,1.65398199104922
2.07204400469414,2.01038091536757,0.935306022646469,1.75002715479532
2.47851415288083,2.50951403401502,0.854829852029071,1.57483721396133
1.66342642739197,3.42172517993332,0.814945146389832,1.25499596709805
2.88212429864098,1.71610919299641,0.860298977244203,2.00729723080636
2.17183545596925,1.78496893350026,0.916165002420253,1.56302134588074
2.78924962346768,1.80172418716958,0.84550650355379,1.44061740003608
2.4643438203049,1.9214994276457,0.995703251839427,1.99259987688503
2.35786936828356,2.13555114651563,0.754357990875824,2.02533600400058
1.76079762096509,1.65770881523873,1.14748093832698,1.73908867172912
2.48173284383798,2.06588768588572,1.28362584449038,1.812736362657
2.4739764821461,2.00059089337843,1.19686349554429,1.7297577392556
1.83314176622012,1.97349224768433,1.17641853101205,1.84944664272543
2.07829085093519,2.0131099980173,1.17738993379044,1.51846665421682
1.82763399022237,1.6917986301754,1.45454650651155,1.48575255026875
2.50677234839385,1.93890711346223,0.896890221094224,1.65330424826452
1.74708618248395,1.76680297356403,0.965726590563119,1.69595675446212
2.95839743303386,2.78151945126581,1.03824721440612,1.66483924229321
3.07099668712029,2.02273900778351,0.836277968323467,1.4988946860984
2.45200896569623,2.25673302981003,0.826564211065965,1.6572036428833
2.3634483539548,2.40035332887534,1.05289784235041,1.69383044008791
2.49083738488504,2.2107879827485,1.00165462315811,1.8167292605104
1.85434467287857,2.32426859059634,1.02721895918633,1.77966392936999
2.9810288881299,1.97679183319892,1.2741699105339,1.46692712206892
3.17365978371063,1.60733145382279,1.0936214175881,1.1190177327513
3.16740946330732,2.16484844681033,1.24790377636229,1.85207021165051
2.14419195858832,2.58328927265859,1.04066775356218,1.82793589861045
2.52954638760646,2.3758745065038,1.73431474371617,1.68856713881492
2.58474653057256,2.21923976286826,1.52439733200246,1.69628792460837
2.7547389798421,2.22701580406427,1.12165760160289,1.82657212868748
2.35307580766055,2.05197074131896,1.12702654807961,1.61778983257142
2.05129554001042,1.83639133910074,1.08498076100136,2.0430601399174
2.02723812357684,2.59324519567401,0.816798207866447,1.86259117337726
1.90259978480582,2.67713171320392,1.03612208189648,1.90724555644011
1.88914510187337,2.4766510742063,1.12515599906119,1.75903461879956
2.12626776302415,2.17627080940297,0.804386153942671,1.64220703964733
2.09421164150913,1.64092273078798,1.43220821236475,2.28536294701007
1.74973740234466,1.83310550433308,0.807652966051848,2.06659144941699
2.1918429896225,1.75781901218579,0.902812459875233,1.91028430975112
2.81388707074583,2.14093867630657,1.51127365875204,1.335117407749
2.63999628552733,2.29857040962452,1.12073098783129,1.40858064520868
2.04193847810141,1.68614072888952,1.21575065984957,1.5664082134997
2.67835663457125,2.0022181452949,0.535189114044592,2.06082737738809
1.48935387048521,1.44691290060075,1.34338642501622,1.94052903797694
2.42481454710675,2.2726000166111,1.05987892529576,2.15317398797359
1.8040975574925,2.32573242942628,0.806135289643475,1.81703249071133
2.36135971514172,1.88196857932086,0.955373559504693,2.17265235244668
1.9985368311946,1.82841944704424,1.44077387767966,2.40932739597082
2.28867845880235,1.56875970889554,0.840056140069491,1.57304097660935
2.42059175430969,1.96725913507419,0.878020550275296,1.54023788210275
2.27492771683619,1.82151239863425,0.689333967877706,1.72835738957062
1.75476765609845,2.03795811289881,0.916787162706715,2.35444991020931
1.89267731469965,2.26739332074292,0.844901284663516,2.00093744684221
2.36072995855928,2.13768699494615,0.934359702146851,1.5885562750426
2.30637669978306,2.14923261539919,0.98565160054196,1.76191116351043
1.8064342113075,1.79568327240965,1.21787282737392,1.83510889527856
2.00247257765612,2.12128290254003,0.979477453028104,1.90973937275208
2.97617734204081,2.02027458039602,1.23216140835916,1.59768062672479
1.91160901720722,1.90189968431802,1.36041499599817,1.76287203145276
1.59552550491339,2.45859459770888,1.67253994009799,2.03445931061484
2.024927097263,2.23514335027208,1.31180103191486,1.83050326195481
2.32143732742171,2.28624756171939,0.88585827819899,1.95338161574189
2.67005064278041,2.41170273317593,0.989764150101835,1.63453116411593
1.79636739297276,2.90901320442094,0.664955177957163,1.35394828235991
2.15251975055888,2.1941703983653,0.898457465080628,1.79951519272949
2.61009266419312,3.22750702546609,1.11831438915203,1.73533097452988
2.5985191697314,2.50257941124128,0.991358235968523,1.94558031754311
2.84379437228362,1.6355689497421,1.27165587057442,1.29214848937615
3.45015466754643,1.39039285028497,1.35426627821289,1.14865902877443
3.2810484073457,1.83031314390441,0.826610771039818,1.80138211045497
1.96674647155016,1.75356475390427,1.59906346347148,1.42766611860937
1.69588841800408,1.67049091131353,1.23022138230899,1.68641990568702
3.80653582562014,1.43074995713766,0.984786498019773,1.92819655298457
1.32999014744745,2.00601682220157,1.43776578911335,1.73015740407086
2.44704235343621,2.10275695973881,1.32275274223229,1.53917753050815
2.22735213087556,1.81635578851169,1.81159987880305,1.27054477201162
2.61380621605318,1.94099630999572,1.14355098744747,1.49518333269649
1.55758632639662,2.61299559828976,1.17450304777824,1.7229760167126
3.03781776316435,1.98629633532235,1.0584176193255,1.71113684712837
2.3959660663245,1.98986203591944,1.21390881414798,1.73492605291096
2.37764557867627,2.8336603037121,0.888697770972236,1.6017957857797
2.34477545080394,2.51606885575576,0.939181075191394,1.76992777772816
2.33711126458617,1.66491011166966,0.845346149096141,1.53290275391504
2.26280477105477,1.90926513252146,1.03466302507186,1.65520701414629
1.99547236325288,1.49624966011806,1.06071811360553,1.69098943642035
2.39902578084366,1.72980569906058,1.20047954644651,1.69143132870232
2.57389402627678,2.29477471776488,1.05266295380801,1.62256614075886
2.08925635874799,2.43666162985362,1.47789661969874,1.68004267451874
2.73498790585057,1.65714012709361,1.27885773355385,1.6474337320576
2.71827594141436,2.30693261800095,1.1271587729279,1.74282616129075
1.8651794064803,2.08174101224309,1.19566014766307,1.66086721013158
1.93235844650932,2.07535670005955,1.15808135445355,1.34037224326994
2.38197415749557,1.89721973237564,0.984841023501483,1.50655633225238
3.01063333745771,1.87637292789084,1.27678197011237,1.62249282279451
3.18784383388398,2.17154859985658,1.45808993435929,1.73118662511276
2.05915956034149,1.79589274502332,1.33201018974856,1.51228048358199
2.15309710246176,1.91986590128356,1.22445969893599,1.2845498129175
1.90633199829828,2.09065426113864,0.749055608233517,1.68064621428074
1.80538747198091,2.1737648676278,1.26161792717396,2.01772864643423
2.53113961036777,2.03384384236863,1.3836178647332,1.4884969104014
2.30549793637312,1.95263401981243,0.937233610208721,1.50104968650749
1.7310004299033,2.02022879228411,1.25684881868649,2.23105778287652
2.32269881445459,2.32011753740284,0.991078811104955,1.48042158292046
2.62504162470755,2.30219065481294,0.968661767758986,1.73890513342643
1.62336559740289,1.39538064714479,1.17080180422447,1.63762912982057
2.3554912893763,1.8359244860751,1.13568960455745,1.96161929333073
1.75879334996168,1.85070225971771,1.11674912595056,1.49777962492123
1.49122258676998,1.50651620348243,1.04853585351067,1.53025207934083
2.19614067284908,2.88653395960146,1.51233562708129,2.03047796378858
3.01379084180558,1.91665110553353,0.926096474100475,1.52361546093922
2.59988978415165,2.00225868115977,1.4200490449445,1.88486656577604
1.77644024699355,1.51118721891634,0.901143676651511,1.7467569741167
1.94631470577266,1.23950695944525,0.935183325890405,2.42899749268127
2.21199569968964,2.38034936009632,1.87799767160757,1.65606411919794
2.71555301001676,1.38532885464104,0.86256197758372,1.26691920027015
2.61492416305454,1.66443042213696,0.848981053601014,1.67012582230988
3.18162889126659,1.9700938208999,1.02808153718535,1.9906364716148
3.08556082815181,1.90185836911892,0.981606934618005,1.89259618663786
2.40717364602127,1.8983230900899,0.991313924550025,2.05852258754213
2.20277287053407,1.7648851254108,0.812687400411936,2.05762761258327
1.97798329503176,2.01845635614852,1.49807355202552,1.6443767671103
2.54141374475682,1.90224830740764,0.736459152956468,1.27922660476672
1.69066934031025,2.33315293069685,0.841803807422486,1.95115578736993
2.11238661707937,1.77812720329017,1.77008466012048,2.64725371343884
2.38611915745455,1.83100126801626,1.71624061128828,1.90769208834427
2.31088509347777,2.20209192354146,1.08863389626983,1.95471829479047
2.00618268727692,2.26410714590889,1.05938698068133,2.51294199467483
1.97464281925546,2.22131222323052,1.07762534106881,2.40852024254973
1.96132678020447,1.8439628578636,0.993521674043356,2.0722790951509
3.49631102547688,2.08196888999323,1.14219383120112,1.43086489315932
3.32660311180306,1.86382563059654,1.39645233161035,1.13908173233487
3.18118279769891,1.90603237477897,1.53482316226968,1.08473513692486
2.00215247166249,2.23385348369473,0.954176740739604,1.97112685735688
2.12495647930203,2.41029566830361,1.79746365919723,1.47872075764839
2.38406700177618,1.90991497224677,1.22859402716103,1.81068003976931
2.07219688371049,1.9391640969806,1.10810977566354,1.41197659829571
2.17461929504431,2.05317735424632,1.48748248577626,1.82719168662661
2.85434146676093,1.85128251073401,1.07696256164326,1.59863004521197
2.05092323292394,2.34697528455312,1.21826236488049,1.74792424509856
2.55272941968597,1.86614084402353,1.0471272392548,1.57753722760922
2.20855385194371,2.03516806679818,1.00231612417512,1.49670901725575
2.59518907634419,1.89036670516148,1.28923241688794,1.44212230590828
2.81799460488033,1.74248751190185,1.21136815423644,1.5513100681954
1.98232002041015,2.66323802262398,0.801476603729762,1.68675290754468
2.24919962744937,1.51696565216596,1.33352238194327,2.02292516467218
1.80792177869644,1.73055884835204,1.26814341773778,1.95308290006431
1.90792197392733,2.11645305050118,1.1372915324994,1.54590557613499
2.15589725795591,1.78517288069772,0.842771669982746,1.48755278873321
1.66545743742333,2.04567555332279,0.78597749236799,1.93483160164745
2.12821416766523,3.14978800233254,0.956349391482124,1.53444582105226
2.15657531743007,2.82241529937363,1.07812045499557,1.65292390387521
1.78897953510468,2.30347097208247,0.918058676505761,1.93319077449587
1.52926063116949,1.86655700307779,1.00606286477345,2.07036555432198
2.01364521099839,1.69151602298387,1.23965978291558,1.97713518631148
2.02707292384557,1.68453671286453,1.77792820445398,1.56977811695548
2.93924742188727,1.52324761986441,1.14940940279024,1.83027372378077
2.08192933159728,2.06743284296879,1.60183584910082,2.54407250269628
2.38010421383191,2.04497845371807,1.16312418457759,2.48887452102951
2.39154938534285,2.39045606757457,1.09836652817221,1.63879217756072
1.9106422121759,1.78519770956244,1.6179840414028,1.83926184910187
1.89157802046156,1.8097030097323,1.66018832321143,1.83885062624951
1.81114706998486,2.83422874748728,1.77494286582662,1.464957687025
2.49934717091338,1.88872912045336,1.54720247476295,2.16849287383593
2.23594829240573,2.08896205327343,2.40926439625836,1.81834805271153
2.00334345521502,1.58744635843062,0.7607222845595,1.67202208122247
1.8541128625074,1.40028684682024,1.61165639901131,1.91296040224603
1.76700217825257,1.43474753246934,1.65067958886715,1.68796666717577
2.0821625321765,2.24062727353569,1.29688311566314,1.70721596924059
2.43068536213439,1.906253712722,0.677004758118972,1.63083353726441
1.53356581042052,1.94615147668204,1.8281196710085,1.75453507655345
2.27771566185105,2.07497090194679,0.756489036593383,1.69135763811457
2.7176474979935,2.15594553948799,1.13665445100231,1.79881888795005
2.06171682332843,2.13532862306481,1.48333609454904,1.75619585437916
1.81800068453019,2.4765896085366,1.38396706407242,1.88952736534125
2.68819683405301,1.96195005350757,1.08889323480595,1.97537612045782
2.43836855821996,2.49761092930658,1.06949269608782,1.65164477659822
2.10633210116993,2.23016491346457,0.958572502616115,1.53916526567686
2.0616922533409,2.21020828252455,0.867740356535977,1.51709290691668
2.11353022219135,2.48016554723903,1.41929082816698,1.59681175680463
2.55210810526095,2.6190493289987,1.43437965895692,1.78328599097888
2.11506459307282,2.04207410615358,2.54849801961812,1.57191185107359
2.52462166870028,1.77416222011447,0.841702206319975,2.45123786813633
1.37957030211798,2.4522286861176,1.60459360062757,1.60344582369653
3.30071080626979,2.16388008195366,0.975112330467822,1.87633465548492
2.36657653323335,1.81078799927236,1.1048012869332,1.41286059536542
2.29805404288093,1.72798471359059,0.891388548614355,2.30591382724263
2.02451188874164,1.92352008452145,0.859383018255329,1.64356850065881
2.37902482946706,1.81256431947656,1.31710949670774,1.63362196356529
2.29192652369877,1.72967437005492,0.780095944899895,1.21731968366634
2.83824947110506,1.83379612949508,1.45033251310991,1.85860282285935
2.564429774715,2.15875837977095,1.72942593601313,1.6723004381572
2.37489813627508,1.80524027447294,0.710284666939513,1.4995999788015
2.42225488830087,1.74842442385055,0.692466518488801,1.54982630971571
4.01192280699213,1.82299429496421,1.72547447551739,1.64956124466203
1.38119834249408,2.06637987669436,0.877544906781164,1.54418616951907
3.14209268925009,1.78707119990729,1.11685684382645,1.35851408439948
2.29014114027588,1.69882996792976,0.929415353452253,1.92112243196591
2.05001676919138,1.75949639391547,1.10779144659144,1.42302460626921
2.2977334386685,2.23400879321742,0.994408107079343,1.58050625279658
2.16942006937866,2.02571888799759,1.1750743708682,1.72491255117778
2.42258174043596,2.12291910322968,1.14471907358494,1.81324515542388
3.13308617493046,2.5315581826995,0.839128258207214,1.83152436858454
2.63973749821497,1.78058572922344,0.843469007277599,2.09326423025909
1.47591755625545,3.05916445386367,0.865538534697964,1.73327663243265
1.36096171638486,3.15037170591663,0.984944551550177,1.88398957293559
1.84217954251136,2.53206894243478,1.29315644067691,1.91732687491
2.50594974551889,2.15209342110622,1.03988311866809,2.23520077139451
2.54825318378206,2.19387906273657,1.02595186468818,1.71248432225088
1.9736665206391,2.27841799626792,0.86168425744215,1.56909487110521
2.81092817607396,2.67920664321994,1.52837938819288,1.2569895268441
2.01173420434457,1.77318396655505,0.919298301480685,1.93611723112698
1.98804669631097,2.0661568206479,1.11167650252785,1.72765490313984
2.009423982228,2.13886822972865,1.12957504567742,1.76419341059236
2.18045357515535,2.48876833338435,0.778980432767927,1.37628601625517
1.5136486161662,2.40809109122463,1.20224721107605,1.61867009420068
2.03051169435732,2.57415459704408,1.0873336392516,1.43566246725037
2.49817823513568,2.54831514946164,1.05474991196855,1.47506444863011
2.30415132840551,2.417084272205,0.990146505905049,1.31130886217731
1.94094550260367,2.86111204061023,0.913816752618813,2.1662885702052
1.79056025942006,2.80977181836348,2.2987380902957,1.74894872123215
2.86657262801396,1.89748437525833,0.771433479014628,1.85183070028129
1.71662747456091,1.6605900261616,1.34634500313482,1.76383192648151
3.49178071002588,1.52431098290393,0.658564206347157,1.96054919848045
1.86334328536192,1.92147820624021,1.63860214683727,1.32852857285367
2.93055176472313,1.67809677416687,1.02954489173297,2.16257866661472
3.41383069256164,1.52530709273127,1.0991212030381,1.74258487876384
2.1706365167187,2.40435141234183,0.981062781442704,1.71332845658568
2.54969324857127,1.74678952354742,1.13761107849061,1.68155016771843
2.8520621687527,1.72013671247663,1.16482864492312,1.70593405533394
2.19326580802977,2.04020481300298,1.28509729879171,1.69067211718995
1.98143940436647,2.0034438257791,0.988181086004477,1.65959015031292
1.99118101787258,2.03113047024155,1.19693723418058,1.31480947338811
2.89451756577086,2.19559514247278,0.870754908643136,1.46752810496666
2.03920981620055,1.77956337702194,1.30624816680962,1.347810010414
2.62874952631902,2.40889741417375,0.771845099267732,1.9539302540466
1.95830378309363,1.6708529112626,0.924377314010131,1.32817450866926
1.78426806665066,1.73854082064497,0.64470547922635,1.56836674873779
1.8318294211543,1.99142322491064,0.91748871220991,1.69034594986271
2.49078403608948,2.08122732622358,0.950078431988824,1.48567770802991
2.60932800664586,1.7317926879358,1.32723598581262,1.8906248039743
2.66407357436088,1.74804973105772,1.65801165076191,1.5200903227734
2.89775806987506,1.40286699563699,1.44599491960307,1.57693359166902
2.17356629159911,1.79195895960148,1.85359997192866,1.72923865590473
2.22760014328787,1.73393842557632,1.16997830087906,1.58891650356632
2.43440184302391,1.78627100307261,1.00961190131354,1.65127104471798
2.32409188554122,2.36899472238095,1.00422550490453,2.03020395633638
2.45275879369996,2.10153848214404,0.856894594419791,1.71697709428988
2.51507075217094,1.88669309549976,0.696312721037738,1.89408466846136
1.49456815990032,1.96767956421436,1.53150535007752,1.72947749140653
3.32617383899414,1.90824259911065,0.640838566322729,1.88703708148523
1.80597009741076,3.31035701986761,1.31941396731209,1.6388196508391
1.9812500944028,3.56982244880398,1.29912562074511,1.8200745835282
2.18356935686037,2.01973843356499,0.870429747403256,2.05515619702306
1.7764030351688,1.99426116754499,1.09919614518776,1.46239937809578
4.00092485929331,2.0203068429415,1.14483113895911,1.53425637534363
2.37976524496117,2.34585350235833,0.993405285183702,1.36811590067715
2.93206908725099,2.10597504792316,0.853581534385474,1.51920071154125
1.86222748523401,2.00726897341431,0.744590092058595,1.84947890176316
2.02386254761613,1.7818503359519,0.635528092144048,1.72594005556784
1.69810898446066,1.90602793886004,1.07113984322236,1.64326062771414
1.86582653810601,2.02280978866315,1.03672027063662,1.52470529261523
2.41592109095199,2.59904772898906,0.979535339952967,1.87115464742517
2.41805539557243,1.61693301228452,1.12800651565859,1.45808489490983
2.53697266742907,2.34733707014437,1.22527080936311,2.05666180763303
2.69071676427729,2.07676389340788,1.37509933376524,1.46255982619663
1.95315792584737,1.65019738365559,0.884571460274792,2.56145770265788
2.24293007170868,1.97664509103285,0.824876308684421,2.75921359347003
1.73942693230848,2.47850866553055,0.953869927368873,2.17426813302274
1.69232888928397,2.51318229671234,0.954928048799588,2.19380027232302
2.00197330214095,1.38531078797535,1.61996182602464,1.56158776257032
2.73123293748458,2.2230465032659,1.06875734957309,1.17473436162932
2.02404575256421,1.5380444325308,1.08301120558184,2.10390645691416
1.92268367767146,2.55643047132365,0.975211709709733,2.27831589687283
2.67711087145458,1.58290441182906,1.03256403909842,1.11600914346177
1.62669391516217,1.80812489016948,0.957511006400698,1.76633753387506
2.45855743366762,1.85545003429638,1.06582985708519,2.17650176511243
2.50074836628649,1.6976049498238,1.01844826586368,1.72424873860856
2.70317756653491,1.60767349587295,1.74017048007617,1.7327615467379
2.59965890103304,1.38619450358023,1.23046143538145,1.92166416737851
1.59024822470837,1.85242708490007,1.08155497680594,1.73401531393207
1.55886707660009,1.89523323538572,1.52138432441148,2.16408085088586
2.46544957315215,2.18831923950403,0.570645217293297,1.79511984704789
2.24258818805278,1.61709318224505,1.64844657972055,1.62437682810401
2.48373642198418,1.5925016392988,1.50062646334772,1.48542238236441
1.89023005431199,3.19148654816176,1.24060282752533,1.56029300688557
2.05118288075245,2.89987100482086,1.20546892849142,1.49317499040858
2.43192847484729,2.15739241012657,1.19574604157015,1.39579139277985
2.49609971039682,2.22887043726509,1.27075850624624,1.25904536315386
2.48198934718765,2.16693851806404,1.38183329991611,1.28266351266237
1.72644602826645,1.58325362340334,0.95092506280795,2.28275914065731
1.72119495943922,2.47730955898768,0.930289461835166,1.49860821479805
2.05049089957758,1.7940672064068,0.965689105610492,1.61173720733965
3.0205733341502,1.79221822985078,1.48875946733803,1.46382403679765
1.69496609051528,2.05308427841651,1.0127192841885,1.91521098406736
2.10202581353,1.95900485062957,0.802945444575117,1.81982087460993
2.63442391235613,2.26378283201764,1.39246183415545,1.65245249822846
3.4454263439393,2.03493158292869,1.15639891271348,1.3032018830076
3.37355690490124,1.7121236642991,1.11878990755303,1.32746074180155
2.81335947559848,1.3664657373786,2.00822738575278,1.41937064579774
2.6081675534488,1.75531131956529,1.36869933307292,1.19674100127005
1.56454243016242,2.06190303232358,0.730031916624197,2.20427599760268
2.24089350711102,1.85643494245511,1.33660282825213,1.14537415098122
1.90784604726045,2.37569542659784,0.763936387201981,1.76522968734989
2.05156193787249,2.5038851324371,0.923154334217648,1.15519372286463
2.37468954877669,2.50908565007902,1.60710826440444,1.8872702943743
2.09327294521109,1.58920955388166,0.871370109829512,1.44422186100452
2.62397856784694,1.74251756137602,0.990619531960653,2.04948796665466
3.08752531931959,1.73348357009801,1.13306113467001,1.79546418700837
2.53775958948919,1.86082769589598,1.10908517067457,1.82860142776553
2.22841424223357,1.70811623371578,1.44401842501762,1.76886628107276
2.98358778142921,2.38266198582468,1.0772090813454,2.18012607643689
1.82117590531907,1.64450796218968,1.27666281003452,1.38094043262345
2.17263183760744,1.87221250047578,1.3917508808286,1.71926433848727
3.51196594015357,1.94834172082021,0.9489309529644,1.65058218829683
4.30296158669672,1.95340536214631,1.0300917655121,1.95060255302258
4.31232014311684,2.13542555139114,0.780392657288166,1.66180053348208
2.97530831334769,1.93874810680418,1.31489233907968,1.76804435470226
2.4655327948669,2.35484504298769,1.32610758658737,1.81454323768096
2.8434905478524,1.95553323133996,0.77155661555826,1.65103693829095
1.83120867279362,1.84666938869243,0.916270226130027,2.40260217950207
2.62421386960413,2.31086241690285,1.3288014469874,1.82231744955311
2.451796969061,1.72406576801553,1.01699151276928,1.53676541612571
1.96727607517685,2.31293832185617,1.5577468164974,1.71477610471181
2.74299487699416,2.01836192961706,1.02312247187333,1.66568185050566
2.74015566450805,1.73813832469089,1.42067351813915,1.93339819760344
1.87233551766234,1.86172474458678,1.03011990105702,1.59250238518839
2.09903356237616,1.39435785001187,1.45347731612598,1.80433595348101
2.7552106653537,1.47536193515015,1.41096731358404,1.72178637578654
2.34923728192168,1.23902970537641,1.37203017267915,1.46615702232655
2.50198507204824,1.59867518074691,1.06520527071078,1.81105242906638
2.31141713079405,2.91245103953036,1.01993233363847,1.84193101650737
1.52550108877283,2.03781061916459,1.22572664099432,1.98037604621744
1.74886550544233,2.00144619409558,1.19923839854049,2.06094959509513
3.20355061606577,2.17197358554478,1.25837682809113,1.45582402051699
2.32120903100176,1.85375714319764,1.35934559364931,1.87177357144443
1.94126282855528,2.22291766036316,1.43602879779994,2.01549519879785
2.76036720323637,1.92198096261824,1.08781029526312,2.29574785908666
2.65158673423063,1.95228998123635,1.37937148683898,1.59555760090586
2.4620983898303,1.96117720613046,1.11694333364195,1.63889591628178
2.69423333738095,1.67752285549734,1.83880905549327,1.60606531611034
2.23797533757205,1.81447680444859,0.741644882457853,2.13405569855967
1.67593319294563,1.80905072181103,1.10113159003856,2.00992528251879
1.66770866879725,1.90320846511679,1.00674328673818,1.68574805894268
2.05760202162182,2.25304212655238,0.854940040855864,1.53692222728459
1.92422095744278,2.45768394235561,0.890561748439297,1.45484924329505
2.58439235647251,1.80687029903522,0.900592491581747,1.68625893819494
2.61999314063861,2.14889354081685,0.917450501243367,1.61541682679278
2.11097470159584,1.94153264639041,0.705975851058407,1.57264711385285
1.86082914737608,1.6830123016697,0.843552196064821,1.83722362780244
2.70956671609543,1.71057737898941,0.681198308850092,1.4944566156835
1.63572382150305,1.8509091431359,1.5810130821907,2.19378946647509
1.65166836070481,1.76273208473854,1.58891487988991,2.19638963841647
2.80740572001641,1.62874812776641,0.812157309527972,1.45366155726068
1.71251403823344,1.69563820858689,1.55018341787495,2.18918098060137
2.19469897943993,1.88570421382501,1.25086665820855,1.83983457812374
2.57505886473302,1.68259756727081,1.18728626333709,2.15961285009527
1.94228198798499,2.13888743277329,1.12430985281892,1.89004639216121
1.58294458510339,2.23136522786103,0.83333483480834,1.63719593680755
1.77967414834147,1.87394904223526,1.40097917784112,1.56633732736165
2.08581553560923,1.9110970627571,1.10212375152396,1.73259952406461
1.88300517495121,1.59714369104532,1.12271985346386,1.92199654618522
1.74268647761156,1.37168101394727,0.738926179624965,1.64407622886093
2.74697861087249,3.1966113258876,1.2395110799774,1.50015001163875
3.57507800263021,2.50249952168298,0.875647768065235,1.623455044012
3.22611444856564,1.85854445624584,1.18740780992022,1.86848738784259
1.94028748474185,2.16936633644427,0.988622379889294,1.46373568898916
1.98781183805946,2.34338659968579,1.51769982374646,1.68904686676851
2.93787295036816,2.29912349923485,1.36614152712809,1.6669352563137
2.70746078170741,2.51831998259946,1.35965082636971,1.36492661914012
2.20689520737503,1.94974789057643,1.43926316813644,2.12484875895779
3.11848287265982,1.96670630564066,0.987932818402559,1.26840893983523
1.55959024116106,2.03542412025294,1.20301506554401,2.21608752003997
1.729829675708,2.29119118537259,1.56053018269376,2.52972988108085
2.28166385906431,1.68193134957567,1.16485215513196,1.78817328531692
2.75807063879628,1.61670553114593,0.86044654072167,1.62575512829002
1.76290093228103,1.84096232470214,1.17422782183283,1.67448408538352
1.66531434657456,1.7876193224628,1.07569151923406,1.42804354606945
2.64318617215381,2.07255308803979,1.68401045922502,1.72810774785243
2.11458511052957,2.74687660322432,1.154237099307,1.71740556331905
2.59893123555749,2.89268475662446,1.18650746828448,1.96272492317993
1.99859770089965,3.1774101984488,1.22292873914474,1.90347954328063
3.10608430058832,2.51009763821156,1.56206585090922,2.08271270471563
2.16979571922448,2.53058946357004,1.21287096899108,1.50907911458109
2.37339130367182,2.2603785130891,1.44467379288965,2.13171438370205
2.19993264245329,2.07690709179594,1.71843055594887,1.99948635685891
2.24326779125909,1.99355835037944,1.47534096286318,2.23556708053663
2.45326528915976,2.03696208027572,1.14025069203387,1.54349427351514
1.42066511575191,1.96143466256042,0.740428881881307,1.90760946265357
1.4931210026989,2.37783114169837,0.863396107957276,1.26565656580293
1.43118451047208,2.09479154709925,1.15130036987481,1.19827447096934
1.86644788135565,2.25523945642303,1.12014523286127,1.5706055150767
2.6388417551584,1.95922336455526,1.19654905788462,1.79694065221026
2.54864351999725,1.77997354971263,1.35757310181749,1.54560611165331
2.03347966002349,2.17194954656509,1.61425004987999,2.32691758836699
2.11774817871345,1.62093860650828,0.725787147169775,1.10055575497749
2.08915861613106,2.0481566109549,1.04655053063194,1.63066511775671
1.88040737984535,1.75612475797624,1.1700149680173,1.66669334404989
1.70031855580036,2.06620558412207,0.872550479699169,1.55837014951335
2.56344598895613,2.08058169034765,1.22176822307712,1.63541548678659
1.82124136591935,1.59699201221238,1.01708097081959,1.90766798689769
2.21542550483324,1.75823822050184,1.41808305991951,1.556956551149
1.89808868760894,1.61367071435686,0.808841082351229,1.53073329630108
2.08199961913279,2.02949523577034,1.13209366277967,2.21598355499844
2.96745904606414,2.22599577823248,0.919735253890449,1.05495708792715
2.97661921463905,1.94968959095969,1.0534585001929,2.3284883255024
1.36549894074403,2.5577372215962,0.849422776990644,1.56457940308246
1.41230091209922,2.66868187963269,0.72329026059927,1.41393647215109
1.65263763358785,2.65068892993985,0.803741601155794,1.44855706202761
2.25285874101956,2.59979199727435,1.33478862468338,1.87674697345729
2.40181613303189,1.41648828808081,0.894152490707738,1.50981642294722
2.70720028928768,1.72211820325603,1.41954047347763,1.21727184975427
2.34514548254909,2.17665479289561,0.833081323211549,2.11307233875008
2.09886813936539,2.28381946482837,0.981351618443499,2.13983949039219
2.49916575248478,1.72243174755187,1.11515824173823,1.49868268182049
1.93139656787934,2.37788498207789,0.96441791292594,1.95273203083196
2.34566449162858,1.63976531136011,1.19400804544172,1.41265218230839
2.04270638366699,2.26920253351783,0.814232130444414,1.94946022455502
2.2461046122756,1.85075622119083,0.900650549107664,1.72890676612691
1.88273014387768,2.22168375626412,1.09651551036739,1.2931926366237
1.77782719644421,1.87638117863879,0.936844435837822,1.42651056416479
2.26869354158826,1.90783896534371,0.91114899602683,1.72386054601764
2.45831581881119,2.20124386987125,1.42906163577919,1.76649033155909
2.38121761955935,1.5528203324168,0.932465559693111,1.41511672029894
2.4167965336781,2.35156679995976,1.31916927502545,1.8670227868922
2.07985791029421,2.48624927745547,1.02903759410855,1.93310610845504
2.12338299593334,2.31865309402476,1.06567780834612,1.51496854193291
2.04880643951759,1.90266905749467,1.24392941631518,2.13700397952265
3.4251752415683,1.65817245731475,1.3562574535969,1.46231326927399
1.79194490435387,2.1135685445949,1.11844811418135,1.17602024820531
1.9152442084559,1.73873088876806,0.896242150122131,2.37813845097879
2.1655036789439,1.24544998140624,1.51950544931509,1.57833672326432
2.18555500555402,1.32174628923641,1.68194366692802,1.46185997035826
2.06609224258847,1.99477699575222,1.08945291263664,1.28311276365272
2.05732602930888,2.0986733118547,1.0636319966097,1.83898474577101
1.47383159607851,2.39351175690955,0.901613345014358,1.61363605655217
2.10640817328689,2.20786099456273,0.774229704988784,1.73333752451896
1.99396977008767,1.58230451322197,1.02629527561567,1.90736674781389
3.66739091866695,1.3968752042132,0.648544508546427,1.48047467402713
2.8202734784384,1.50631404172635,0.674716508773113,2.03190320356537
2.66523597406842,2.23728817294279,0.653388368520322,2.02170623858903
2.53345209608227,1.66307871588819,1.32293606762767,1.20522659988447
1.82259452091856,2.3457884298709,0.79226555418127,2.50369451258048
2.50969159446146,1.94962904185235,0.916124488180684,1.46248711176702
1.63541817138783,2.01500708267014,1.04080356340551,1.28114571157871
2.66725418283644,1.75818487978524,1.27607563991731,2.63295903477633
1.5348312202132,2.04104748707882,1.04693533623521,2.46465015805581
2.44549064624953,2.27000235036439,1.2411257245531,1.25307357152936
2.87905563618156,2.61141931940362,1.26253108872828,1.67062253349613
2.14223671040428,2.06605243712636,0.966549573239732,1.69720636156909
2.25004501286624,1.8214586616435,0.946784125014867,1.4280944358886
2.07970951444997,1.84520057739476,0.815218875478846,1.32717284962751
2.95652232032959,1.95479857200503,1.21516539189087,1.43256573722704
3.11823151760662,2.18339917057817,0.706117902202868,1.5296131754815
3.20493539865392,2.22226758394191,0.715591738762386,1.51156713089758
2.46585876536859,1.76270901268885,0.800606107624768,1.3931073222441
2.5497778190277,1.77028279571545,0.961032021833586,1.21094407169
2.69319839497672,1.62771489521928,0.844278552644706,1.42855776654217
1.77529778230136,2.61215764920255,0.887336313239717,2.0534586203818
2.43344197111711,1.77951462022134,0.933865910209491,1.71323330938553
2.56412262029183,2.24537672693491,1.33146096907243,1.72922864600763
2.53317045828994,1.76340964442067,1.24963368243292,1.90210813555162
2.69232929673035,1.76537852044579,1.10612649059843,1.31739453207345
2.40717043516416,2.07702938155367,1.09973684569822,2.0328362285078
2.77791228149248,2.15494230813406,1.53237836563971,1.17998870402443
3.52959362367064,2.32141114127598,0.997363683554444,1.92576086151073
2.29465963389752,1.97140012289138,1.74204711598417,1.63635589082272
2.47148041894534,2.00284128116968,0.97083891773651,1.74770195837635
2.02905250443239,2.49606718838619,0.792412348394442,1.70906281771714
2.12422322721431,1.71055567295843,0.762964264358334,1.71219378239207
1.87922150916629,1.80189870884997,1.5160178507888,1.55778796448556
2.30235190042285,1.600850319655,1.40500238749864,1.75398187855395
2.37994810747235,1.93346009908004,0.958138378852871,1.75746297826029
2.32316271999144,1.90309486643159,1.25187390299956,1.60369425991407
3.13177849348107,1.98792158293133,1.55597864727423,1.7530841997087
1.67817427247134,2.00623183404091,0.662749519646832,1.25297168846501
3.07912550219334,2.00267904212121,1.22608048198331,1.51322418196711
1.961874491485,2.05971776044926,0.702954866281185,1.65536148308524
3.40389596801954,1.8914836077992,0.875686933788001,1.37206517634137
1.84204018124013,2.09902065293148,1.28913033168616,2.01668218114568
2.13885781668751,2.08702878161313,0.899291165853349,1.65675375166098
1.84223303859074,2.82781958089256,0.979212386201806,1.80708383797842
2.00776166876352,2.35869514875661,1.11165915698746,1.40609047300584
2.19596257806235,1.87359570384564,1.07630723943365,2.02556289694835
2.04889072381339,1.73002824382648,0.991399345915255,2.28181724391346
1.84258146695355,2.53647999634591,1.14514981157398,1.87728810540854
2.53796510366298,2.06039685292844,1.41933990422205,1.42484343576738
2.58427610572192,2.54232167406117,1.3947993926717,1.53557194673483
1.99020452615433,1.77187051581741,0.668884308656912,1.95397049336264
2.3688158139085,2.64508172808967,2.03923827982644,1.42157509992653
2.67560182074171,2.18115204085123,2.20694419759762,1.33563678975801
2.45294589525022,1.96908204370458,0.629894842741735,1.36689415388345
3.01743291984685,1.747294937508,2.00092721809278,1.95182469467903
1.47058647180952,1.45317726094461,1.60076862288742,1.57452582460215
1.64803824899084,1.5035084626578,1.77996653372203,1.35342329367952
2.89992814383633,2.09189341148551,1.17964748082937,1.95260596492161
2.14527169632837,1.84428257867127,0.911405159612168,1.96784059188577
2.33069429903777,1.61344260410224,1.79809020973008,1.76651169803505
1.8264015285768,1.73621237947983,1.93167595971938,1.64700107437761
2.61872994279813,1.9997257062039,0.768775150519199,1.88265507148525
2.47228885566877,2.04226015251772,1.20010217698876,2.34485816651076
1.96088129849209,1.76317640684009,1.06058589837297,2.46426451167888
2.90767880642662,2.12031117111074,0.75478618523509,1.1650885248459
2.26760382134338,2.36356057895442,0.999863911626584,1.10947777189277
3.05905807319049,1.45223298593273,1.12361041723088,1.6591444166257
2.28533059749348,1.89488193286528,1.4850752886586,1.58454249130965
2.2897265797943,2.52352537253765,0.945752035690044,1.51023208649298
2.81561827127386,2.76493447248723,1.52463961320531,1.22173323153943
2.51121352024747,1.7347875998225,1.86629772521148,1.26233223302989
2.02018092771054,2.05595204482301,1.95305767514025,1.33588786720047
2.12530694961563,2.6390137118635,2.60536322697655,1.39513107062749
2.70473620594009,2.71918930598894,2.04627835700769,1.72181777861114
2.50091496475248,2.52920668398939,1.8362591811407,1.6109122611183
1.85138573854858,1.77314124478947,1.60341505556266,1.71314248239699
2.58430430230333,2.03802289250624,1.19878295983149,1.36679170983076
2.87046578434498,2.24271135666468,1.86006525551555,1.73017885917102
3.11641990096634,2.04051729065364,1.0023820259813,1.69333139529254
2.55529760272148,2.03330251745873,0.976825245896883,2.31307389791241
2.76198797156825,1.85835254756857,1.32479153867752,1.45597732514433
1.8987545886769,2.21200933422082,1.73421512809156,1.62035063293365
2.61066304074364,2.30337678489239,1.31813831637955,1.60059129182811
1.91439420390089,2.14554096185687,0.976785597704159,1.79293317829546
1.75204292225888,2.02797990581239,0.950331302961596,1.96341772640509
2.81935823436152,2.03525293884523,1.32720686681523,1.85061816446264
2.40402919463334,2.12053885545911,1.42578598591534,1.91662737161586
2.27436940404201,2.36006821367966,1.31333684465977,1.92214273382032
2.38223805160692,1.90668981305854,0.937032463892341,1.63226039505001
2.0645770543643,1.58122250511766,1.14573150386565,1.67625866482108
2.57315122573702,2.14102724241425,1.41372611531556,1.45275848067322
1.94268253273221,1.89963033204793,0.926794018696352,1.5385834188973
1.55901521582324,1.75409572424378,0.956256905414461,1.62402815692882
3.1879684691925,2.32334390279427,1.39942907756025,1.70208789195931
2.92835604014835,2.13221045293083,1.41183939068686,1.78616467125032
2.41570371315027,2.20350206059468,1.0266942856771,1.81115059057411
1.77487430917107,2.27278979252187,1.24730942600125,1.90020289237805
2.08901780961584,2.07694023554574,1.08917960037721,1.65436885886443
1.61850880166974,1.84365899798441,1.02228041502401,1.54864113110423
1.94176858402311,1.80286294975123,1.3203511701073,2.59763531273062
2.23009368192614,2.33560638781721,0.62601142647985,1.37343620057847
1.99069391170962,1.8855677599446,0.692663564661892,1.93031591544441
2.5287652265082,2.02845662004053,1.54959142474166,1.76867501766816
1.83948352913645,2.06985191206051,0.986982155631165,1.35868708244838
1.88849695021079,2.59699565202434,0.562117320832735,1.63942020745697
1.54196562620998,1.46322075260889,1.45753397357702,1.85141496436648
2.32522395816001,2.887695974831,0.993426106041836,1.61498389167354
2.49441393278999,2.26257867627226,1.081384731999,1.42810002953305
2.1059255628501,1.64880646526416,1.04141440804418,1.57700672093995
2.25564789792043,2.3000610606467,1.66919578281162,1.7775913579359
2.14162185443303,2.42387645383622,2.15134239252262,1.9485254492307
2.18918286165018,1.8421314910185,0.935855776047765,1.59506484883256
2.61673998905908,2.0692850548026,1.3581747396378,1.71505453487135
1.69636866247897,1.82632125121621,0.784696140375381,1.81239619874053
3.11864705739756,2.21974625721904,2.5780735048814,1.53170111252355
2.6110053282745,2.12963371692273,1.44600374228583,1.2439530259862
1.89507604995257,2.96983310108109,0.865382912864569,1.43785890246691
2.96059654568974,1.55501224875025,0.979006275019978,2.6303380414122
1.76401252230881,2.34517125093248,1.53696477484435,1.51479432827557
2.37958374831417,2.02233498767382,1.43811300563804,1.93334078165743
2.05793205641913,1.69419493810122,0.994792916773735,1.41790547430459
2.0315891718195,2.37459784319353,1.20212878648749,1.93834405225995
2.55817622869199,2.66604798254883,1.13567801756968,1.84829403350434
2.09667704334576,1.95347893468251,1.26792899113248,1.47388525224465
2.06183297114694,1.96761977484791,1.07062865969651,1.29695012123782
2.0021599019715,1.82812884348035,0.924220896692664,1.40064822204343
2.28776669413814,1.62624931335855,0.908814654816538,1.73863190160981
1.89926228252597,2.31829631859918,1.49400037448127,1.55821188323825
2.02829396745054,2.07708246913223,1.11445821992186,1.71952288342331
2.19923265454036,1.91269437569645,1.04409014459823,1.68587830366605
2.20974476647659,2.15131243293794,0.913569394820082,1.79885340066464
1.82773659828537,2.18919655253855,0.928225627002561,1.98163732016809
2.0707057985408,2.08247685081746,0.770425820873416,2.09376524861333
2.00524075835587,1.87372923549992,1.03205501552636,1.77389249751321
1.72173749808237,1.67076186772897,0.992644568700572,1.86464424077788
2.75914823807973,2.64448283159148,0.950805904565287,2.70661945247425
1.45223599339368,2.05690009764274,0.87207176703261,2.62014162106062
2.0566252572856,2.06036138912728,0.985962453230859,2.28616273127242
1.66284878887968,2.14391484972757,1.09967366645274,1.32142219632801
1.59398950748262,1.71685410111369,0.978153644603922,1.27099596105929
3.12989622948794,2.45180432469096,1.20818075796736,1.43109430061033
3.00754583741301,1.63492398887128,0.849419482209824,2.05668380050971
1.42367936450316,1.90761713020369,1.06505307974346,1.27952085492209
2.11376145282012,1.97844712480526,0.911721323628614,1.51839762763041
2.51562429486519,2.1604450154585,1.28194389175812,1.63137226085143
2.48816215104788,1.88930228187739,1.11822215578343,1.49945718794745
2.57229640832261,1.81032063558971,1.27079346563999,1.37255289661615
2.91125367651817,1.74193430981617,1.19640896656137,1.50447873083049
2.62019702755889,1.93229414399931,0.929748294440979,1.36821227333862
2.44188274014618,1.62739148126477,2.30025749576933,1.74795808461456
2.13859972855996,1.85312148181529,1.40324969275872,1.92693558401154
1.91996384407624,2.44059795091305,1.38350512458972,2.26503130502842
2.2603307503756,1.6440926553217,1.22047661360579,1.95723719407773
2.33149710323658,1.70801053864596,1.25750945958044,1.75276618564691
2.61381229555612,1.91622459955418,1.0003923387814,2.60500340399217
2.50595967848163,2.10802648368983,1.03012901298905,2.33813228319523
2.04946975341732,2.17996779541517,1.41762565206887,2.23327653246094
2.00229334821585,2.46960964420013,1.42053410524022,1.92665414056506
2.64372585612906,1.85806207330272,1.06584834227532,1.46595553051526
3.26896323685201,1.90754754780889,1.02200544763923,1.91231477966355
3.27343572831114,2.01315215457454,0.955244200056882,1.63487427343564
3.34914836993168,1.79280022629795,0.826487756388283,1.6316811234155
2.86305870037924,1.77760128301358,0.690739875255885,1.53219465006594
1.70603897014698,1.72763303283508,0.938189768484093,2.11211581832618
2.70300733458453,1.96150076885298,1.11143201658944,1.59549432892234
2.76753484754779,1.6307084061655,1.01595743151802,1.34971132343222
2.02965034485467,2.84298134353965,1.27920511208717,1.9807520333054
2.49416370257813,2.72967697951134,1.35956322422479,2.06562082497267
2.73588231008312,3.21558012518169,1.31538666726353,1.61688996569047
2.10112944564757,1.94594008325612,1.2012709072363,1.86657863931197
2.79289664133222,2.27105837076814,1.17640006584069,1.49817088106545
1.52360498531962,1.47754223522216,1.62097947966157,2.81182500875057
1.73032346100644,1.60325658308769,1.10463490990202,2.05671806687921
1.64688969373142,1.62658234909854,0.89453080078972,2.04204001920686
1.88719346133111,2.25639420850589,1.03606289237601,1.71592153460103
2.298048346509,2.01088602742106,1.14383726529893,2.02519722199328
2.51201779359233,1.80776112747045,1.25245793418233,1.82314291376816
2.01438837838156,1.92046575130759,1.37736773855281,1.46564964889509
1.98707769002461,2.1273509116682,1.04459630746566,1.55973913357134
1.94212923045507,2.06838825092308,1.36738375870262,1.81856489774788
2.16711564158689,1.82900146024867,0.948511556768553,1.8019304624546
1.82610061186075,1.99732692680406,0.981845936683637,2.09477297221344
1.74941668019805,1.84887995683396,0.892180359198794,1.78891780244898
1.70951530465076,2.25490026348722,0.863277426118098,1.69479087291985
2.91944056787341,1.6476792089106,1.19450420777215,1.42261670737817
2.33612825102672,1.80370030218832,0.804134369638714,1.76021626333495
2.35920116450071,1.83323853835813,0.915174156816988,1.75329610677101
2.30011916634256,2.05775946633411,1.12322908339556,1.29386961598343
1.97374516387235,1.53533476008139,1.12944194239829,1.6858992975346
2.236938887254,1.61906331082505,0.832451135808293,1.70554018871767
2.68366724390105,1.94643527363521,0.985269750895786,2.20646390764578
1.30284776266626,2.01144006207934,0.961313784418528,1.60097767654892
1.93931070147115,1.72734057352531,1.22836483094689,1.34196909691066
1.46427536043931,2.3575407307998,1.10603677037124,1.47904376555033
1.31116838685477,2.47976882746229,0.967105831174839,1.37456094840859
2.80146146659029,1.7361496397059,0.944575150890734,1.80483480700127
1.71094627393015,2.16777192127904,0.845695805876487,1.39096902711259
2.35746949120694,2.02242044955425,1.47414389005838,2.24871077641285
2.25649543449739,2.5457634893835,1.46820266753268,1.69367916907201
2.27053914687792,1.43417300076723,1.41008559893885,1.72603659191738
2.15133659071696,1.98012257935882,1.53920132500161,1.75561992534588
2.77146567735097,1.85150922410381,1.38132578325336,1.86055645831864
2.14546897785921,1.71194905772947,1.1913706516181,1.83412300389724
2.65190222655526,1.98326890576447,1.94188537760218,1.81594297090429
2.36176281534632,2.02961234986048,0.973469415502774,2.01394822526557
2.13345072400675,1.73962210780398,0.948388234910432,1.44271485567128
2.73740767173185,1.63056931974723,1.61017185403223,1.62800647493562
2.40404589361435,1.70042959498785,1.45816282511897,1.60814712265212
1.37170297119379,2.06293932288364,1.0048842057359,2.29522537195334
2.3231763628376,1.94581328274353,0.843653797675531,2.36535381755765
1.57973673547943,2.12295924873773,0.745454433466313,1.93074355283515
1.75598405504145,2.05636872778599,0.658254233933478,1.79515633555792
1.8811062167923,1.84803670757215,0.7225891111191,2.15943748635394
1.99044025903741,1.62348635166035,0.931688158948932,1.74843552514016
1.92476736613759,1.51133713684134,1.00281963210323,1.56097866532208
1.49132149082412,2.27572482580763,1.02057844735109,1.69141938562789
2.14817771984923,1.81736108887397,0.816116884614307,1.52565041203568
3.00037401307944,1.93396253305105,1.05553130392116,1.79867075928374
2.30494562219304,2.21443826140473,1.25861725263189,1.30797568810551
2.00266402335529,2.50844985793022,1.55011136271029,1.22051835671873
2.57073162739541,1.62274229784793,1.2249273841982,2.13487133010818
2.49434852829349,1.76476903568878,1.45624679296587,2.06503763626545
2.00752849017388,2.07173008450544,1.20165541793647,1.32849016465286
2.93397863918766,2.50828433352522,1.42579250269611,1.6287705307183
2.33694856638303,2.15247706658285,1.36393224147635,2.04645037458088
1.96113160206093,2.47647007327796,1.10160286672843,1.47867186236521
2.19835883234493,2.44856712861458,1.06947099320286,1.5143036500984
3.42294758060016,1.48767744664762,1.62148352947694,2.22625046753476
2.65350744520427,2.3890387354953,1.56252415943625,1.68995225793768
2.83413548544054,2.1767687720226,1.02866941776531,1.88064234621602
2.77604555405153,2.21195962509202,1.07199393926853,2.00154539154232
1.86853801463267,1.69498312106701,1.19629198850018,1.65337403624309
2.5649860869166,2.03193891874133,1.09192197996239,1.93598838539189
1.61115497202802,1.87964791132615,1.00887466700438,1.93555538691232
2.56976294004642,2.10982963672553,0.973789610644853,1.83843707951873
1.76184721349585,2.06321042620521,0.777590801190155,2.00657396918225
2.27964177578102,2.30349088291948,1.07942031632273,1.59521286730721
2.34207440304289,1.69174275415298,1.09649072978339,2.26588945810573
2.1516548517745,2.21287764421234,1.02122950778279,1.51870312570482
2.55796338932704,2.01212711154871,0.859271987359171,1.43825999973717
2.87634908091041,2.69397544705282,1.15216557012034,1.20761325521645
1.63675902124212,2.19630934835116,0.959072137876279,2.06557557409327
1.48845327412766,2.22140312179283,0.93017134343073,1.81513665747029
3.89457845415135,1.88681868510623,1.27722573533425,1.66242630088728
1.89803372636049,1.93131785880638,1.2302379722152,1.84390302721212
3.66838586515504,1.9755135552946,1.16845859107768,1.4693520524686
2.06989150824124,2.05116876835167,1.08099077218132,1.79150215055316
4.47981156751038,2.45773083107312,0.639346687960268,1.71724429679921
3.83325320866534,2.80270550435645,0.949608220136097,1.73859311621093
3.7453240895713,2.29638753673551,0.982836727596513,1.6765613478029
2.14025069377413,2.17850600150651,0.714336381220431,1.78175756179481
1.97742235485176,1.51663542047919,1.18694834058116,1.59747385663776
1.94504080825486,1.55094120779636,1.10562727430947,1.85553608808071
1.89916537004442,2.84487779607554,0.842550820826959,1.78024096980406
2.69179573266365,2.1558047434246,0.92604874215697,1.94821372802461
2.34488527894194,1.8333596731032,0.819014717352862,1.91085088433914
1.72444371955058,1.88875417152607,1.09982357025485,1.51534085706483
2.4516172758734,1.90083210467363,1.05562709651654,1.81121614222988
2.33142410630744,2.23820537021158,1.11384931218021,1.45549841046667
2.1591661076726,2.34409988445925,0.969425391893879,1.75636449481348
2.10248610656399,2.92471365905588,0.754625341988286,1.71349689114672
2.4303490067911,2.4845773135954,1.11837376296134,1.72730758212999
2.6432620922464,1.66720932799441,0.805195515686559,1.35845695226105
2.67981384562682,2.13387957865554,1.09969465981087,2.27116261133745
1.81889501706096,2.49063361122324,1.06095989025257,1.18010913666424
2.71843058013166,2.33287257547901,1.02015933554099,1.53718513450338
2.02149333630179,2.23814288968058,1.59999238902787,1.66823312497318
2.37523553149058,1.78804847181405,1.21304439707587,1.48338457184488
2.24285291553782,2.03445760432558,1.39208455363402,1.86907965415314
1.96341390836541,2.20053589682782,0.853663907126954,1.60148152234051
1.68006901904877,1.81540645605519,1.28429260344699,1.83093884532378
2.31312046762768,1.61835399171266,1.88984502519357,1.51613682901493
3.07156668660375,1.48932962791424,1.90686840677627,1.81392904065483
2.90015882848571,1.95724545254667,1.52418300353987,1.35908122771796
2.28081713438989,2.16353391864197,1.15903523006674,1.85579311596938
2.82702866697145,1.87505570357459,1.03896874475705,1.09582210880019
1.74656260199283,2.06156783800821,1.52140891702368,1.93918027499858
2.35649659015082,1.82729729900189,0.958090927000449,1.46442279302267
1.750440912,1.7066054393,1.28636670943743,1.86874652323785
2.07610161770435,1.6517188930931,1.6895941230901,1.81190119619259
1.93602547072261,1.8663497461795,0.677757786631338,2.60661057711921
2.86001535217853,2.34304294233399,1.33509561540212,1.47645389282428
1.87192717172842,2.07757319958614,1.04946538071441,1.98053395024767
1.62434892867587,2.02352897901766,1.27193543436387,1.48038537065657
3.15705024512184,2.08674546498704,0.714857661648714,1.65681406968011
1.93902212344817,1.7906720016264,1.32249380282535,1.82153870705498
2.26273127676192,1.7560706082001,1.16584496365025,1.47386153417858
1.58409804552219,1.87167280620066,0.88994664063762,1.41314329580506
1.790645758806,1.77666689997825,0.785631654645775,1.55167056785656
2.94700399156659,1.71865887051245,1.00677255050798,1.49503303052554
1.54499836970837,2.15971945509338,1.43576569439151,1.8915761967544
1.91195941649273,2.39750832648087,1.00501757058637,1.62901622190844
2.76145419590112,2.21109464258927,0.987161694580564,1.58699595747641
2.15683630655861,1.27270278616214,1.15946454195343,1.52352502062125
1.98723367778463,2.4976938505249,0.942337284628185,1.71294219155997
1.93050998223803,2.19630517780636,0.850860835418247,1.78408993729285
3.27049840211376,1.871008187721,1.11878613089494,1.430526305498
3.76885994621063,1.44322185284761,1.14205167279738,1.44504734716278
2.29600154428946,1.98374961504075,1.85446888993836,2.64568217721479
1.95675205263661,1.71545187749428,0.86730175908678,1.21399826040937
2.00994277383468,1.71445258864948,0.877440108967594,1.26263384985757
1.94759286619459,2.26936747187457,1.72075015424035,2.37400795791651
1.95143080040085,1.89039396915989,1.57371064300818,1.77567692611455
2.95936073057614,1.75943756579458,1.44599400289186,1.64489698092482
3.5888235278811,1.52943151705329,1.02574434658404,1.85793338117383
3.10746264167731,1.44049097498655,1.88339017960871,1.79917618799652
2.54104267764601,1.97830432315357,0.977424761597029,1.87275490160863
2.61855138775643,1.57528525364101,1.30288643338208,1.44299890438524
2.2248857860481,2.41597997555721,1.92758281905517,2.12114751397847
2.53295697321032,1.86364147969718,0.905513611448658,1.27729778179211
2.12999221969885,2.48706453284031,0.975909033031443,1.46942355067616
1.97039673871148,1.62060020771737,1.00383536988384,1.9236077190325
1.60087436727942,1.94077555553628,0.729544189692364,1.54263232479272
1.68228938914646,1.88072555204609,0.798869003196924,1.4428283313722
1.61265604381483,1.93789878047797,0.904193804475302,1.57113576730075
1.70530058945174,1.63679644130795,0.698216011216412,1.65504430577067
1.52822414706936,2.35201728196833,0.477569084778241,1.67674826997433
2.12263516429214,2.52162157099475,1.38634291932202,1.94080016307396
3.26230035998184,1.32033809495021,1.17925686983901,1.58856022760351
2.59444898122075,1.52885359717398,1.43353786139793,1.51948482885696
2.62526346633801,1.39029710594103,1.03136027223522,2.04512365013027
2.06413796436652,3.14954910317644,1.11436294986082,2.10683154174009
2.72760670191461,2.1898488615772,1.15137879548409,2.03501952923259
2.62316612150998,2.44840632412757,0.779314821286754,1.8307292493763
2.56153058742012,2.41229906008881,1.01543755686641,1.54557072320132
1.99867563778708,2.58252724148452,0.920387485399143,1.63916801308014
2.31977389971547,1.96564128637273,0.879190419470003,1.71363356323175
2.50731627198194,2.03788487801649,1.28209498289565,1.5969414356619
1.41433333121362,2.12200989813233,1.09650435786896,1.64497100142073
1.83977708765802,2.50891518830767,1.25073881061296,1.60065497367355
3.12437063414251,1.74062107872985,1.02407707666877,1.75275213598081
3.20714039336268,1.98583477019351,1.59457797408894,1.88949605467648
3.83796239593023,2.00250062458595,1.07228216487668,2.503404050126
3.67164162496608,1.98154635786665,0.967785581379306,2.52328559446182
2.02930263505113,2.08792287825386,1.18828307795808,0.926145304575651
4.1503659881928,1.98147161796196,1.16827885423968,2.28326780819816
4.54977250747415,2.35548748812065,1.60969869466135,2.11619902642157
2.66066342187124,2.00277587969341,1.74941384035077,1.31359864616186
3.3193682218212,2.54198898958728,1.1425707169224,1.65976451296604
2.13400043357729,2.22923742555242,1.75436379953914,1.56836691492529
2.56233135822332,2.3261797656136,1.97450739812547,1.48872319624674
2.93556857623919,1.84497317349712,1.33454199039698,1.8089887971363
2.43661910190185,1.69672726533384,1.73595939968364,1.68263058455295
1.76870996878039,1.39467764554785,1.48998469897409,2.26047514423687
1.73276691115831,1.40059013455348,1.40649503617535,2.15873711762599
1.79329041092701,1.43769010619527,1.30982625857759,2.23574866761432
1.78289357232877,1.53442987045541,1.3582043058975,2.03890182489059
2.48893121001248,1.48430829600498,1.05626318612929,1.78755624125063
2.4317218715412,1.44136545443675,1.07400172272842,1.57615374243495
1.75960864256627,1.37496224721589,0.948899169989983,1.82611792429548
1.75736477666134,1.4322179335783,1.30433848754898,2.0394925575422
1.71353628784978,1.96123131560862,0.660147060647001,2.19224500061608
2.1934200061681,1.70948270667271,0.943872692148187,1.18837313171682
1.68966154072665,1.89596732450854,1.14115023914494,1.35866055448584
2.72887713234087,2.06812981255324,1.10365452107718,1.64915037240974
1.64879631974796,1.73009895133322,0.893258529658818,1.7268812588246
1.82849369114138,1.56625494417225,0.839000239176686,1.49913314853284
2.32557870497429,2.0310463784522,1.91330598311637,1.6557817015034
1.78323909515125,1.71949239828584,0.746454017621151,1.30120677276213
2.30100016101058,1.80147369528918,1.51444157605228,1.4019333642072
2.02303416775026,1.85996890454682,1.23954902640588,1.9144483973321
2.29617508535353,2.41787885815321,1.21614186316354,1.69745196534395
3.57853286288641,2.12058327153757,0.798868827586307,1.80758772116707
3.13363586115247,2.06947697097462,0.93408916972375,1.69117036444865
1.83011161339529,2.15816420887307,1.54556520590385,1.27010398651515
2.59165884406958,1.69437626075185,0.946669412735061,1.32929474430912
2.39361477969346,2.29636893215119,1.20764357919195,2.05788305426176
2.05114131623757,1.75528358740103,1.09245906969096,1.77663467242977
3.03152854027951,2.04458152483913,0.985618048162724,1.4959742463683
2.22273476981767,2.17566130143115,1.25798023189229,1.73654936996608
1.98901064089566,2.18569940363603,1.3347599945262,1.49416750645823
2.30039657159458,1.78832928519106,1.21629483985853,2.52518405400088
1.64491030533514,2.1088575548875,1.25756525014181,2.10194076934688
2.2390625908941,1.86639667780409,0.827514923896552,2.28748965025364
1.71240297962395,1.87341631620798,1.06709047444208,2.00356759070242
3.59236144605359,1.85253040788477,1.06209028651193,1.53548301364033
1.99926737382327,1.8825617472581,1.30523606344999,2.01342722338697
2.7886605785191,1.82764325286549,0.90693577434837,1.75255091195759
1.84767404724279,2.36704862000318,0.998782163332642,1.92098243463421
2.49852610907575,2.45924523889825,1.28006044291031,1.93468555757685
1.8066199866025,2.27167384260976,1.3703996706956,1.56972042291209
4.00539182841437,1.45425531901635,0.952376110704548,1.61143413916842
2.21620316779737,2.34922636933172,1.65234717017952,1.55735867112477
1.67876695836508,1.93642475466975,1.88668371240882,1.81959219101712
2.92687335452001,1.74028601864674,1.68729944639766,1.86428176740819
1.7796181420902,1.92873018181749,1.09401050226251,1.45940637750779
2.46451365912347,2.16192168837829,0.906806040157532,1.94460500975497
1.73391431930528,1.99550580712515,1.08950115032392,1.70290497830608
2.58551472379953,2.0550457823882,1.04427070419655,2.00173597092856
1.60357910492348,2.21706174966017,0.908095102156252,1.59792923044386
3.04221808299098,1.63547742824114,1.25656742366173,1.7028721067706
2.85222787185631,1.75192158410305,1.37766130268431,1.59510373284054
2.26227306087659,1.69245184018853,1.14167988580239,2.02535076925419
1.99460012681522,1.95302138391324,1.10571990823717,2.04214856983568
2.47314328161172,1.7846949969309,1.28451322497162,2.40498258054675
1.28441885876346,1.74402044137389,0.893243388670908,1.33783462940326
2.54530726270369,2.01307178627345,0.75193020797021,1.34335315478902
1.62756415985938,1.75937895861926,1.09087088739378,2.31310970744708
3.14698049593895,2.28172375827776,1.6532905287217,1.13858524538484
1.72574292927698,1.64947961996368,1.23394703434974,1.91692081499662
3.40758132618924,2.06145127674064,1.10028613873066,1.42368519259141
2.07011786873784,1.89268171884363,1.20060668429886,2.13802994227022
2.06506269283906,1.82783229551977,1.40336148096058,2.13784975455464
2.18642179519295,1.74800405123885,1.30717984742362,2.25945961585811
2.46895390091315,1.57662213219259,1.3956061041182,2.23010277674253
1.87875597814735,2.50226649922901,0.924083871920071,1.41988328393026
2.08158312941817,1.5609256033737,1.20144912391802,2.09906792238767
2.05662532526854,2.76663065260972,1.10497516574239,1.36721144779843
2.49145731407347,1.61094117383837,0.932522406829791,2.17508025657456
1.58376012809446,2.30867413951069,0.958359505706917,1.09987874450906
1.88612886142662,1.73392300839362,1.11104750633468,2.05758195983021
1.79416980400981,2.08293554557046,1.16016828072885,1.25907203101008
2.62125618428999,2.49069601192156,0.575208817745229,1.76263814714598
2.1033551582962,2.18563834158673,0.507731112454757,1.78590057845308
2.48426213563425,2.38551191231393,1.94878929392867,1.38187149466146
2.04253254216997,2.42516747408845,1.6488829984476,1.70878956764876
2.43084044199109,1.5617286199705,0.742738533607245,1.30718441293156
3.03982525618069,1.91035230066726,1.72878946802724,1.93376117261872
2.07857662589851,1.96928350770643,0.917733867592094,1.66678414261816
2.08570446056793,2.13681413016491,0.712470985833943,1.39652671675542
2.11277982927231,2.39820752733069,0.646013704341009,1.66923520872788
1.38674614820874,1.60982232532005,1.36575805140116,1.76647196878247
3.86507910367799,2.237098042816,0.943695650005583,1.62468910848342
1.84014085132991,2.29402674745736,1.78511285096985,1.54378710361989
2.34301880215388,1.79463138262651,1.17226428764129,1.5405087402191
3.2066005346098,1.97829484628944,1.05681035356663,2.33838462544533
1.5753818942851,1.71846721633506,1.1720018138753,1.44620877853785
1.69158437834025,1.96507049069787,1.0149888229709,1.74913483783596
2.29909990049605,1.9881345194472,1.54170370090526,1.87977300336346
2.74101331954749,2.18374253267006,1.16592271873756,2.35442057823813
2.25015927543772,2.2244436543731,1.16055208450317,1.26276773498795
1.97014586329277,1.67933919916905,1.35998676233866,1.38304770288801
2.2016535300759,2.0017360121788,0.734012737845341,2.23773576265788
2.80473673166676,2.05063641499016,1.93149894191538,1.29382977066235
3.07769230047357,1.75507993809006,0.953410187470878,1.69614226507801
1.84798049823428,1.89474206375524,1.4190694955831,1.93232730488834
2.32183133452672,2.15882240936944,1.38636192092502,1.49574834587863
2.14766794639434,2.23229509717487,1.04800144633,1.38512254640168
2.09860039049563,2.22918857407002,1.33968619073015,2.21556640394781
2.26604228360722,1.69119654774614,0.852721948810805,1.53415360918653
2.23619906090769,1.59400769368912,1.30457739376353,1.99119809317596
2.50480481020219,1.61480726626602,1.06132617507252,1.97342043791028
2.02838798492167,2.0197128789875,1.25903398267389,1.83308400306069
3.21694779352239,2.67649512391818,1.29279047274431,1.34613693396975
2.1789121292772,2.15872844306328,0.893178205109597,1.45552559330505
2.38909046138035,1.91086879113346,1.18086796321553,1.20648065599042
3.09381436097107,1.56767806343726,0.982246041365872,1.97460686678231
2.70658506050947,1.36191898710682,1.63658808840552,1.54522233029897
2.13237100844226,1.72507273855686,1.03160137746458,1.65567314677684
2.26077799753089,1.88319935397062,1.18133059703467,1.49599639508273
2.19953463478681,2.18938626721983,1.03940182213356,1.88185582812609
1.99983177071465,2.49277940489829,1.14846173797782,1.65604023541658
1.91135527959899,1.42040132968557,1.25728008678214,1.69611865140716
2.38653939382802,2.11448185233196,1.31495722015874,1.90092376482709
2.25935226571774,2.04023397978203,1.30354744923628,1.86991188885385
1.70584516659914,2.41535561787516,0.643643613287434,1.56082005448399
2.58068149221149,3.01142448583652,1.21208454218671,1.68633646352973
2.47159105814096,2.99210291745624,1.38935615393589,1.81349723528985
1.94907666862775,1.63265643624916,1.39713099442212,1.44926536826493
1.92579885291082,1.95061565382298,1.41465307651791,1.76130601279329
1.79960866003749,1.66504163970045,0.940386411178421,1.50873987979723
2.42247924489107,2.14952894645528,0.930325343614145,2.07156577755429
1.93009556548498,1.83472262313563,1.07195862221883,1.4723205740337
2.30888587012769,2.20410085444552,0.867794388361058,1.75318407455581
2.08285021809373,2.17296044415066,0.900607380500398,1.81562333902775
1.79213834533499,2.1536182648692,1.01664450297526,2.00520164127684
1.91490020764382,1.90660612661271,1.25812048271265,1.10543336675419
2.15825511285258,2.03454316633878,0.829871008955968,1.82576207482925
3.75027175697635,1.54333620236173,2.7061706656571,1.61014655560861
2.67430363002843,1.68738934353851,1.80553328287992,1.72173866219051
2.54555449607305,1.56517205656459,1.21833427577325,1.76490343755576
2.06412467539264,1.52822996554846,1.02220663974225,1.60724611729213
3.19199846964271,2.56506337525792,1.35751135668673,1.77086516580717
2.4907255846801,2.1278687093287,1.3713204518472,1.8126854060266
1.9496464286819,1.84082658259028,1.31297200675761,2.38017510092323
2.32868958694788,1.56819492063181,1.0816353958347,2.0386751599513
1.58505113472519,1.99734044822349,0.948716721882072,1.73450294213083
3.02426423793171,2.14604199862232,1.40428806100434,1.58502998439706
3.24673228247758,2.03102400608019,0.788710181217501,1.71347558259743
2.43498442086428,2.39494228957832,1.3351295351819,1.03009228761608
2.51262486373058,2.36589327883551,0.650083073817111,1.45155140601464
1.82605026050248,1.77901283574986,1.42907561771805,1.95016967636509
3.25030334602659,2.07521376967397,0.802109762118675,2.04503869103269
2.20099953828073,2.56706797634371,0.839595018628598,1.51444887504129
2.04641892196242,1.40616194655731,1.41231308781334,2.3435082522636
1.80199266263645,2.37339142724154,1.13664913291951,2.16681556481889
1.99409183405808,1.77220967747668,0.792743521814985,1.82114870405228
1.69812733390331,2.63344347382732,0.9232292039076,1.78614242546612
2.58145639226605,1.15009909544824,1.17860770511697,1.98052006207412
2.00482039206238,3.67752822428279,1.15702568482048,1.54768206785282
2.08602114799733,1.43258455613915,1.15833088355522,1.60029085529505
1.94013681511978,2.44723808059524,1.42633623255931,1.57533203716566
1.91055747545392,2.46699169884114,1.42068296252575,1.55378521845483
2.34436198458536,1.85329025178798,1.04643223930973,1.91753947436124
2.53884048752434,1.95897016070967,1.71653314782134,1.75524792507266
2.62083706371767,1.49391459331712,1.54609146920151,1.68902950732034
2.15503975610777,2.29694383190722,2.4594337711388,2.14300753639437
2.19632760453321,2.27932027336439,2.33760335040966,2.11396855603972
2.49420294810418,1.91935423217111,1.04804992109431,1.78172941564435
2.27482899065557,1.817300925387,1.56391787808084,1.67510093721532
3.10410091565535,1.57183115734226,1.02932888280354,2.01693100365486
1.84215847149175,2.20670087264352,1.28735474317516,1.61292214332198
1.96205093549113,2.20389562850964,0.595320902803108,1.66859906122327
1.8702922781556,1.99269369345395,0.606097486171263,1.10344012436254
2.6467721934726,2.38858647848961,1.39398181461586,1.69848353305729
2.08361347250533,1.66433437675447,0.995153767845757,1.37707943467968
2.856781674744,2.50505333828637,1.76800120764326,1.99481181685428
2.53199339204083,2.38574462746043,1.49592441903354,1.70985438004643
1.81346073908905,1.73065626990626,1.3298767257422,2.3538526863502
1.76767761960096,1.81093427197178,1.5571886009282,2.31705771621038
1.89578700977102,2.19947528248512,1.09774845777411,1.44864839500379
2.41476454339526,2.1183085279943,0.9783256752256,2.0011197948462
1.74516891806534,1.97210892791168,1.10966137843476,1.40101118609264
1.73871646856639,2.0783777697047,1.28335144111611,1.78641045727421
2.12633202777838,1.8730316483782,1.63648434849101,1.89110643838795
1.74727692897919,1.70350404539699,1.07755410091762,1.71870770075638
1.92009618345025,2.03142882512121,1.41881895929151,1.8371879886074
1.93140879614631,2.06794316660249,1.10912547188236,1.44119010025379
2.30439367988262,2.03597980871439,0.907521352342631,2.47814797010698
2.19748248832847,2.10513164697874,1.66989386148102,1.81210505652667
2.1016504925898,1.70831536898632,1.5689453770492,1.64607232850174
2.30460701193346,2.20502532959995,1.09678858149173,1.58006038688139
2.4096628759245,1.82784208957071,1.45981063609882,2.04881082556104
2.60966299784142,2.25528967371236,0.806412095949218,2.07596214810652
2.17785830856528,1.77253539845166,1.95244304554529,1.51877644155836
1.85667555845492,1.8174632879931,1.63747185793942,1.56690602124594
3.23890147383616,1.52003793123761,1.06590128068588,1.83311979964433
1.67081640570537,2.48495426836807,1.01044666707501,1.46793517934298
2.09605396516401,2.19593098711062,1.15392651970923,1.54133429614397
2.67931369997586,2.32962306906635,0.998797548488723,1.59251491838716
2.70249551954109,2.3841542726389,0.936889890375731,1.49455558133129
2.74362818405041,2.27640760644264,0.941582385848047,1.68458127599108
2.32265346443862,2.00509581502452,1.65563778467287,1.42316394952833
4.14578027980012,2.04907564024995,1.09297771090388,1.84544637583773
3.18475128740966,2.10665448089161,1.08050360823896,1.58987856598732
3.73590459976852,1.3816923498579,1.03193973150763,0.885173728584279
1.91102164735867,2.61291309007607,1.46623846564963,2.89198046290772
2.29422618111431,2.00482693605876,1.37135888569971,1.70016226206421
2.40565450218786,2.80225145866441,0.920796033949034,1.6843392445314
3.44397520047225,2.18560072341751,0.873875967879118,1.57045104420372
2.49876499382224,2.01674901817845,1.07642795739295,2.02379474911151
1.64162671590531,1.63279170993986,1.10147795432814,1.61943024746602
1.29420105716163,1.88200704319964,1.0135621830708,1.51044311772424
2.91712871891742,1.64009314163362,1.76416339111065,1.64866142175727
2.23931832189824,2.24176704088834,1.13083710618367,1.85249275358394
2.06903505062834,2.18106011781773,1.24805945086436,1.91750276696327
2.24815993245115,2.14627581684574,1.13266660867845,2.24652749477448
2.34684251682391,1.96822672071256,1.26504464160131,2.3473840933265
2.5465778228183,1.77287640553993,1.25283358908685,1.83604148343708
2.15688860246772,2.6268759912671,0.876071788181001,1.74390829081078
1.50683430197334,1.85251578757564,0.999950501079196,1.67320778394175
1.54773436285738,1.80284096210133,1.00986036151826,1.77831079955646
2.20561475903467,2.41501268843291,0.689888826586304,1.55782733580041
2.20657123906242,1.9734837445445,0.918279832604412,2.15089088728087
1.93862028556726,1.84579163155738,1.28861916596326,1.50718166078527
1.56050906861025,2.03847149741438,0.94748988483138,1.4817747189099
2.61387090257053,1.68299997296952,1.35392816030827,1.55289954823423
2.65909208115665,1.73883892976258,1.1625423774437,1.29584201352915
2.2901353810818,2.21246940136185,0.906871196439792,1.51372064486179
1.55972175403842,2.1648291526872,0.963381110507666,1.24025367920956
3.17001343240143,1.88593213973078,1.14259491777896,2.05363034563041
1.34012351069561,1.95514512216026,1.01396852625642,1.69367593842493
2.53506850343492,1.76388896095552,0.857383981483681,1.73946241909403
1.6301290782883,1.64613212619392,1.04466555093685,1.61459719440283
2.42068716630389,1.8520245857281,0.861096434540421,2.17388362523738
2.9098363170181,1.99404279406735,1.03160722313878,2.28439455363611
2.27424847377403,1.28703761156343,1.31282651060103,2.17471207779792
2.21721122021009,1.28551035853706,1.85462549408212,1.9245275213419
3.33044675192015,1.68264963133868,1.9065257811658,1.59924596023409
2.03767629711327,1.7072475039986,1.68803399966486,1.89436776037309
2.0719973543138,1.95129125761479,1.38254253509553,1.68634090409643
2.49000473642484,2.29453856575625,1.22255590086543,1.47331391076143
2.20307084700566,2.20538444372745,0.889416035062351,1.56388144228351
2.48039421371447,1.90111488831211,0.73114070307073,1.79393917761494
2.42872346631661,1.83816599632878,1.09553948576905,1.67428913748864
2.52959520209919,1.82955605741892,0.999153509723516,1.28559823619393
1.83431880188279,1.67288359170841,1.38123657226079,2.22382451017998
2.59366652236642,2.32920607066679,1.15043513093036,1.60890030939167
2.22220475468849,1.46395039989902,1.01345886797714,1.65036306262903
3.12736368330512,1.64356277838925,0.680713401501231,1.65686167631551
1.85036283410815,2.09977729320521,0.670478773212659,1.58173934900783
1.97918207254934,2.19392278825257,1.03675759990321,1.3053406494886
1.92787746555532,1.37305310530361,0.795348002319954,1.6858640428146
2.48384794114364,2.61896473037435,1.23665182845696,1.58672355479283
2.07563079733767,2.05485792783665,1.18666905479231,1.31228676932504
2.68651391794206,1.65697918997829,1.18648111129096,2.16938785137822
1.78537522099969,2.07563674032163,0.742030544929189,1.57176853310427
2.12316000495227,2.1249529922351,0.789935553285505,1.82154673046635
2.34524024497287,2.03672521458859,0.844964380610902,1.87378938113355
2.08200667438306,2.05756268309008,1.15562724133725,1.47334760851405
2.4408259366615,1.47864691009923,0.851403652442296,1.86927503492323
2.10575723970599,2.10612965505449,1.27528189718419,1.605201401004
1.65274227646228,1.56439149467035,0.779891837339641,1.76234284790934
2.11838353011194,2.55779824198408,1.00395230897851,1.96758707066054
2.3986517043276,1.73171431503861,1.03997515883244,1.42768315982358
2.80527558169884,1.42952862672606,0.934223555055063,1.60424731139403
2.16187113814726,1.73026987747907,0.991527948990206,2.16772605073036
2.16070384647654,1.77995224491643,0.98781675067891,1.24416261752039
2.05930215426254,1.8549541544207,1.18784155545567,1.07795941738247
2.65882581845554,1.77720271091773,1.02164321864109,2.9779676388207
1.59653036162677,2.18210098305353,1.00779647793423,1.28264710849781
1.71138493223536,1.58200706279488,0.658461350054255,1.66888752859716
1.75318093114492,1.62134703696382,0.644510958096516,1.58196659856147
2.00576741859073,1.76556250645836,1.30318307552836,2.02185600719907
2.11106777110074,1.78491771928521,1.53475536675033,1.3300584436916
2.77679468484512,2.11370160913294,1.06738726951678,1.48414291564105
2.60900831765233,1.71810880413099,1.45775814397259,1.8266654432517
2.19053991056875,2.12792083858815,1.3880990516602,1.82068016301539
1.56451441315381,2.22790948835798,1.03914715258133,1.46879507412803
2.63101140963193,2.19469140157503,0.827282572710933,2.03001412637497
2.42256157152001,2.17928066079189,0.812549496644051,2.06324458276148
2.28060954572797,1.92451822385158,1.09306887154091,2.08229347439554
1.83613844329975,1.71767416660888,1.2404480155072,1.85241101235449
1.95328879328079,1.84502698244868,0.989845361372404,1.84448035877376
2.05863385161825,1.99519427152462,1.37195451306846,1.7591921083641
2.10564754251669,2.59955260447278,1.03167288831164,2.4588590988024
1.71408098840509,2.10664622112639,1.45061409848076,2.06508248375362
1.80737642778592,1.87221310232037,1.3264459063263,1.91354929725844
2.6987612017472,2.45082388892989,1.14297314333376,1.50272828455394
1.65170168343772,1.71729438519898,1.05651421472398,2.18986762420514
3.09371243089439,1.87131219317703,1.48543814865166,1.74795145374114
2.22288755453023,2.44064471256209,1.29875416509103,2.37775087464108
1.79031698841194,1.85745936934998,1.7558747906964,2.01667087465781
1.9779158202484,2.40201039102466,0.604185897956584,1.8162876577942
2.00096426320038,2.55663560106716,0.508201995055265,1.87704211219101
2.53303251645183,2.04765975916531,1.31257415829161,2.08091161428066
2.21462975102487,2.04825835667403,0.878156016814912,1.53235298652503
2.86616001143573,1.75681479517863,1.20914656854542,0.973623145854901
2.32188793649715,2.28962100820918,1.23643672972403,2.39252365176778
2.15785973514773,2.04540763123212,0.968460163550835,1.22947623494087
2.24810965534029,2.2091044915932,1.03167796033134,1.84846793078583
2.07658066464649,2.08817280153164,1.14689935621865,1.87689781196871
2.17887612413718,1.99311741191657,1.00529158220798,1.79957246708939
1.91359056570434,2.45677306957122,0.711131387452708,1.56243289321614
2.24877107299941,1.59205264865788,1.24351378245559,2.18290444211647
2.41754382313098,1.7849755207466,0.909095607831159,2.14039486352832
2.14763301422624,2.20835801246988,1.12261628883142,1.39549031480591
3.00294746929244,2.03301672474214,1.04827757578485,1.51514646318197
2.67930582059041,1.84132532000695,1.15707451617248,1.84433922305925
1.98340835983626,2.32448518873061,1.57719539642274,1.82724921977064
1.31283580043403,2.24798243726591,1.57644900578874,1.56425750052241
3.6369216838831,1.86035217554098,0.997033351243009,2.44876246431974
1.4062418044866,1.98370209952462,1.21906380491401,1.32213460672614
1.86282954884376,2.20026857960317,0.911323548859188,1.77536238909866
1.74403816122085,1.97738099263669,1.08834447095148,1.3909196253793
1.80967828440978,2.01349565093633,1.11110966546371,1.4058348653413
2.29844226338274,2.32626812437648,0.797661842416521,1.82745045188314
1.6498910652155,2.21689595617855,0.951025913699065,2.08166701310309
2.96666715738349,2.00984466298931,1.09802045959067,1.30120579939736
2.61171408250955,2.10522238685001,1.20826507504403,1.83300317380919
3.04854193620727,1.89042096681871,1.79655594798947,1.57711446810256
2.19242135883753,2.39360231967227,1.64538666290861,2.02273152216884
2.32473395435357,1.65139719947319,1.30363377979672,1.55018155246273
2.42268091141507,1.64348518292326,1.45005179398452,1.54680027685318
1.72078727582544,2.92294227576552,0.871438179477929,1.93310649617091
2.56825030529584,2.58415145641635,1.06908281900191,1.93302156161085
1.76794517996681,1.56213443364989,1.28309897623271,1.52471793924885
1.79185029571877,1.35231630832188,1.47225655202019,1.84295790640349
2.19483050792754,2.00265804407169,1.59563267900676,1.51867772195811
2.36250550296531,1.91603389321906,1.73499211505719,1.59870035743739
1.91565541479801,2.68099376540789,0.624161248413342,1.94482861266596
1.76854270830472,2.26717671078605,1.59208283249369,1.64922000113872
1.90220368568183,2.91328570187205,1.16894849239647,1.44590637338269
2.40869939643247,2.1145900441292,1.04513973757676,1.80211270005863
2.26636107041487,1.94660464583143,1.01904608129561,1.77005561435743
1.84583872705622,2.02247171312663,1.09291035902163,2.34132532115543
2.78715692537816,1.69334574458939,1.15076267317278,1.20648719017294
1.63097001753427,2.30711069442489,1.42495160370065,1.6283548093728
2.67633595650535,1.86398424776001,0.842377357995925,2.11900499898303
1.9327777971273,2.14489877629564,0.718826986788141,1.90050531765216
1.88206753061078,1.65353970869095,1.31054372905459,1.98669109333025
2.19120310602103,1.64831628632477,1.04635146028007,1.66962567641944
2.4486986683595,2.75406540790929,0.830869369137369,1.24523053131812
2.55857440811054,3.01684388377925,0.757290826258196,1.34704152497551
2.83169862880946,2.7753862091556,0.795327135274202,1.32365478752739
2.15854776516654,1.54469588626494,0.890676194926564,1.77344521105573
1.99396966349439,1.81627102635014,0.728343501221968,1.61123978551901
1.9357289464208,2.21963832746781,1.00973632296309,1.51140198293875
1.83320379019488,2.26924751858195,0.925038014345559,1.87689843283126
1.7810270664542,1.71636961396779,0.905929710113288,1.45954663107177
2.13126769219214,1.78887081434612,1.17786800340239,1.81223027105017
2.34159986193666,2.12032323665675,1.09664394467088,1.48613608457254
1.84420159549271,1.95340587777646,0.83240469056991,1.99349147276828
2.54425712813364,1.80939382833424,0.762115297257053,1.17661174628275
2.22020303925321,1.83904354913064,1.23991240495008,1.28923926864172
1.7741353883664,2.67657598090071,1.29424469893132,1.69646572450459
1.98909691598934,2.41396689215919,1.3701623237144,1.91577071761877
2.12265355986769,1.383872337915,0.947411833296493,1.31040848433829
1.58238922033412,2.59187919115636,0.958456953406192,2.18400991618344
2.50586472214366,2.17994971625982,1.9535585485727,1.74716565185703
2.3589746356562,2.62593107491984,1.60948140806294,1.40290980700738
1.81147332623163,1.82206446316714,1.07259222011262,2.09362760357986
1.91058375308189,2.39818817685551,1.7573247049582,1.35893051873931
2.40188650551435,2.57589216379162,1.39909894213539,1.30908164758533
2.06199303004274,1.82071640202428,1.83810269302242,1.6468034115642
2.39772953451417,2.20891039122815,2.40873897553664,2.0486679625754
2.64635644308112,2.29146322793942,1.03332273245585,1.74701940193419
1.97870428017027,2.34810646214842,0.917551203600806,1.77697423019136
2.67241452134802,3.58791381635867,1.2786127342704,1.74820098510574
2.25536173828629,3.24786130787741,1.01314906829046,1.56519125030328
1.77781759008703,2.07380395116436,0.849576888018966,1.76049457869402
1.90261174497432,2.05189945498074,0.985292962280202,2.04601697466969
1.98426916501681,2.31834314258031,1.02048227158228,1.537699974617
1.7554033509836,1.90171678876569,0.893692806502175,1.51487397020177
1.5728799121756,1.60336948170607,1.27449485614201,1.47235574889348
2.22519216654511,2.15511842035903,0.96431427802961,1.73127458230981
2.68754872291091,2.2400234408192,1.15002230903624,1.76299714297453
3.27227210455272,1.98469321547912,1.10204531994801,1.81504061843349
3.28525203657238,1.73586704132349,1.27213243666628,1.74127972412162
3.04157229514183,1.6239259839029,1.27579424058013,1.7417805333175
3.37551367280834,1.68225011047681,1.1264941786282,1.78336271940784
2.50598913092287,2.32707268869242,1.05815579370726,1.56476582906173
3.62705860189396,1.44893909707958,1.24732830740626,1.22565934973193
2.79770261981269,2.17513259346726,1.32161881256234,1.64231586493037
2.03907409904433,2.2636697881853,0.916826971520228,1.76987428115591
3.07236492495728,1.83262917610327,1.04329109593929,1.73834121960724
3.23826449866121,1.96741332748118,1.11911839166488,1.36599130815084
2.31924040650932,2.17604499456043,0.790634572572669,1.63389160814309
2.5801974590951,1.92436375709333,1.28854531374788,2.12033294559713
2.45254795857274,1.9672767507147,1.58071296975381,2.14902284705386
2.27275425903888,2.0714863729371,1.18883938778721,2.24141036997144
2.88859429151293,1.83492947873365,1.38035706640387,1.62873390441298
2.33949009888939,2.25815193073272,1.07034607922284,1.59588678596652
1.58714277113656,1.57641005273666,0.971142739218061,2.20983815700421
1.42739055738123,1.68438759055899,1.07745130459273,1.82041552777167
1.65849107679311,1.86546715244376,0.894475524040179,2.05071403113992
2.06226250764528,2.16282159136725,0.739539022816861,2.4154795723333
1.81422788949276,1.87035057675191,0.907514583021374,1.85155026319847
2.28445954369216,1.96863525103535,1.11721823721023,1.65906962498683
2.70431687290855,2.54450742986334,0.941912778133941,1.37730425312992
1.49810901665405,1.74219472497322,0.853981436763153,1.43623131809686
2.86033576394885,2.37688313175858,1.14309457845445,2.11257488609703
3.84686241568362,2.19494929646114,0.779414036951471,1.63220017919961
1.61319336278579,1.73656068699967,1.56323760011575,1.56152187537158
2.06794184156296,1.5126627817687,1.50030010526563,1.81379315419243
2.23477407870037,1.73897835586442,1.35125212453014,1.56408043474475
1.87126561293155,2.48446018166258,1.08206616416565,2.12392075350907
2.39147259210621,2.17056229933836,1.12849990378167,1.97351555739619
2.36487869303913,2.10649983812842,1.06323786315998,1.46026417792692
2.08423053683942,1.97377587980311,1.3250878916102,2.26555628532026
2.24087767522177,1.91320100475486,0.990309257792338,1.71319983256768
2.23082099535183,1.92187996845401,0.906295828780832,1.76031197712759
2.56281251938861,1.90418836344854,0.891347910549052,1.70002443619564
1.60277608551546,1.88026088101488,1.06104678272583,1.88533009329441
1.39602343454056,2.10815887002582,0.901381655404122,1.81669479575393
1.5021973904003,2.12769647288445,0.816280515507261,1.66036143265463
2.03792723338393,2.43185881835111,1.06305980650275,1.43164966888598
1.98803565414317,1.86786760648513,1.18730531930624,1.70933142580772
1.91675048872258,1.96369985967841,0.726313517209666,2.11113540431341
1.64927665432028,1.61672418021417,0.95703793835804,1.67077371821761
1.69003199724582,1.67059381925474,1.02997058850386,1.67997084802162
1.84987435439815,1.47787840605349,0.47838985359393,2.41278426367138
1.75226870820702,1.51852870578516,0.55506450638565,1.77115816431718
1.82262438627743,2.12367515310312,1.70662299599738,1.53837527361894
2.22677190773836,2.14542460733675,1.26060778678333,1.53025002850921
1.93950419351336,1.84101880858796,1.34231091201407,1.74193435478505
2.33388936551055,1.37968777855103,1.02206255009565,1.47109495386493
1.74837904395919,1.9073589448106,1.27741185128544,1.76959584299643
2.32681544930561,2.37647202368775,0.971396638371322,1.85138897789232
1.89135671381765,2.19820260488413,1.39800723821854,1.23595877512102
2.51121108907385,1.76350124702714,1.46786526927771,1.49169473307095
2.25243083341238,2.40082349748001,0.942526369483729,1.61487352362426
2.2595668374673,2.51029614687517,0.92363577531952,1.65915063333464
2.65045692155359,1.896440565477,1.14480157458511,1.76710693613657
2.07119060493635,2.46846477034923,1.02228166979863,1.67950009276412
2.28158253590518,2.45143235360672,2.0043406305874,1.2967784846103
2.59044694255611,1.51868652344785,0.837295583502178,1.86489705650987
3.22228601246555,1.8284997289598,1.17781516940013,1.98221734265589
2.2124263128916,1.62977665604172,0.894868407740194,2.42465369212383
2.92893026724906,1.61299981141974,0.971504682325347,1.35636988537632
1.78043403061579,1.4396734698999,1.19869344755868,2.20680411797838
2.46946195970316,2.12163167667897,1.10367692556403,1.38746512031871
1.84650539395635,1.60375575525713,1.16060561669244,1.90387461809059
2.32525947942037,1.78015854008714,0.776066881967805,1.31632057873255
2.3240455638595,1.87426945736608,0.85269707962979,1.43762118435524
1.94924738374307,1.94620557916767,1.330306486025,1.8000850632146
1.98659803361352,2.16845071856831,0.750485688607091,1.80019944204057
2.04230684668282,2.2152426967197,0.984350386812236,1.84787339765878
1.77428676472715,1.72501727523061,1.27883326502054,2.19963363766444
1.9348898083563,1.75353249354558,0.966664156585042,2.03047862254449
1.99254060456147,1.80474570746769,0.996198915703089,2.03336663191408
2.01329123185368,2.11375678240473,1.16934423993139,1.49833484842365
2.28081562697568,2.01003320484979,1.52574656639583,1.82402407819442
2.08820266238568,1.98582779000893,0.939584316155737,1.92087065699724
1.43188460490893,2.09690997675199,1.15995757043506,1.66588814309794
2.03642986062959,2.2105521801344,1.07743046767746,1.73054383588679
2.19777778683986,1.46634940620409,1.04920829864098,1.81934473879195
2.17582856034393,1.90771358517175,1.71762020722744,2.19784161622927
1.85657850154077,1.71742432092391,1.1553669630381,2.20759820762896
1.84861107729848,1.97478852163021,1.09045810214,2.07602916589294
1.96063853916687,1.8232463874333,1.07675145791339,1.66972901143242
2.44702000531418,1.82918914721057,1.46648765107884,1.44525383663662
1.67178245127307,2.98426148951346,0.944350433242044,2.09000633029262
1.76282054961468,2.47390884580112,0.775002357896167,1.68542535005154
2.200373421301,2.76121504856145,0.609952322381621,2.03224916123733
1.84255915337302,1.69488810723279,1.44985383237673,1.70388193973292
2.49190060258526,3.15489136605222,0.98652524600854,1.72960184517993
1.82736310450324,1.46779520208682,1.42986141089168,2.00199746919341
2.42743101954146,1.93430761406492,1.24456015655718,1.61425295464496
2.53534654900371,2.53300676231463,1.49954490656006,1.38346285127288
2.40632066078862,2.86615811787661,1.35811095222114,1.43539889259898
3.35074873246333,1.8072140412331,0.971545112221888,1.73949850912321
1.80011939230139,2.01644327809025,1.31149716601324,1.62941616592694
2.68430561077546,2.03806336538781,0.896918570709307,1.87476370309506
1.21852240516928,1.99108593665082,1.2078950879828,1.84592521843074
1.41380242828335,2.16102453791286,1.39676167467286,2.05301961025962
2.51732891275862,1.6021646057063,0.785018505653974,2.10588791697831
2.25823009283288,1.72002808126106,0.712139074353001,2.18012806171331
2.39069860637625,2.13100897011053,1.09283860593969,1.36797769913995
2.0945727414021,2.48484971405009,1.20261429692699,2.48037896941987
2.33161097004802,1.79807605207995,0.965870772992193,2.57349486497186
1.97936241468217,2.10153325124547,0.891428214269223,1.74226041345978
1.98052300186296,2.41089238617228,0.626601786772956,1.86384574692021
2.04030917999896,1.92585441048852,1.53668547210968,1.63903065749434
2.32596024528458,2.40526090842127,1.29490622568711,1.81836740157729
2.43570563036772,2.3765314868901,1.24127039288194,1.81134055937822
2.68298777898115,2.74217815796669,0.893222855415249,1.63146927266551
2.4260252040233,1.72634415566037,1.33424739668764,1.63026817552799
2.43305935383216,1.69082412067007,1.13368355034685,1.59649249325152
2.70190643689118,2.37022069581297,1.00684893508031,1.95762367762052
2.11663900567702,1.95825385356256,1.30005825932961,1.72242978452104
3.40374191980562,2.29089558191333,1.20701351637172,1.82319787582465
2.09624649374136,1.90909276455082,1.05990824624957,1.33067078022621
2.82281350401458,2.52844372594261,1.13834718682373,1.7241254366517
2.65840177904151,2.51984458330373,1.54319065734759,2.07188426267426
2.00635183694575,2.20245214280003,1.27481900968546,1.79286968208791
2.06177408994126,1.93062501494596,1.42733107545928,1.73119083059826
2.09946346226834,1.72084958752688,1.10394031719779,2.10764929223934
2.03964188801015,1.95121675046468,1.00759003859793,1.67355251034865
2.39344295022078,1.73161100153849,0.944580147278783,2.07531882296507
1.93778547380058,1.70222173940643,1.00289492710792,1.77865271052653
2.08005001067153,1.846997904457,1.13826937905729,1.606716388119
2.42181653617545,1.64230938530859,0.790583968141386,2.12935145316439
1.85536598675095,2.66260607571901,0.7554882441926,1.67433885975097
2.07204974073818,1.77467515334189,1.46919009549962,1.64268596763482
2.45276422031839,2.10050150452284,0.847642778841151,1.70803218515427
2.10031272380178,2.18415122959292,1.20945776039742,1.65400164956228
2.15103771428371,3.38577567410772,1.13602828180289,1.44428497480418
1.50201579823534,2.91015344083687,0.835128428057767,1.71703730561176
2.21243657697702,1.67276454161025,1.39786613421797,1.88084753990457
2.24448000267051,1.99520854327907,0.639660345811663,1.69568169897935
2.31239514591075,1.50873680900995,0.690944262765969,1.7366984668262
1.49104596630918,2.51922230665184,1.30707802487974,1.33428473718701
1.49443831061636,2.35919095201368,0.933108970374202,1.30934527885569
3.16074092045075,1.8153235336812,1.3662238737333,2.41924826012293
2.26054303248245,1.60876094098124,1.41509685261984,2.05526008303885
2.05353266612116,2.06471837704117,0.966935917567065,1.88716410486088
2.1951252742739,1.7867190482036,1.00181004392163,1.93836828067859
2.27039604508659,1.80690633333564,1.07005774224212,1.94175096781296
2.01402079896222,1.768673726761,0.741353577975644,1.75087290472633
1.40416199343955,1.80568781457655,1.12094919155527,1.60772712976299
1.8288399580514,1.90438972721697,1.03836461133783,1.57652340137605
2.54811570750855,2.09794045046514,1.08972021778064,1.90718096672752
2.26343704151755,2.03151481941367,1.5262160907539,1.66028913270425
1.9950454745834,2.02889363828403,0.845972928487873,1.43005971634085
2.28412801920595,1.70052752499732,1.56276819885311,1.66304000719897
1.76803725643788,1.93643772715677,1.03232587572375,1.64002220440536
2.27557097180862,1.8030246961221,1.72966565231906,1.59134990709096
2.37650867980337,1.95040352427573,1.57424397917344,1.77065728530366
2.80932610271342,1.61543292702846,1.40047329881109,1.61789005119863
2.31401000968727,2.71049626914378,1.14692527547229,1.50746215939117
1.99887815099886,2.65457454339125,1.24939232763696,1.85969117158972
1.843513771347,2.74617436870553,1.25182310058681,1.94623333332072
2.26159894909523,2.41839911874083,1.46005224765436,1.79056964113617
3.16918673297766,1.7589573500358,1.28935555804016,2.14519460516221
1.64760972044947,2.01290351480235,0.781439554264874,1.26813732477322
2.77908711764903,1.96075104330249,1.51303628182566,2.19751885992828
2.49715245717451,1.86074699847286,1.5486976771192,2.12733430232163
2.01746028944428,1.90518617497061,0.558756814044654,1.68626406187672
2.44808046956348,1.67509847485213,1.59910032749421,1.63585828015494
2.6932859123521,1.92243972840081,1.13683904690703,1.36563457769617
1.82050277140873,1.57430367773432,0.861407429868676,2.1500782168646
2.51737972684508,1.92003072456773,0.927804009763956,1.53316619456516
2.04581123191045,2.17039756649727,1.08583325787475,1.8764937522299
1.46288061247367,1.20462095917804,1.35823076209925,2.17208395109469
1.74191954870407,1.57561070839845,1.36548447701015,2.17517109275732
2.79186867332906,1.93126295403279,1.63222322786343,1.14041667543864
1.8471286824064,1.88839464189764,0.696866144341913,1.49323648934546
2.31016072901268,3.09763646235279,1.25137655365124,1.73754085094043
1.75739756553901,1.9548937427049,0.964862317828273,1.71386855383742
2.44628054433176,1.82789051694862,0.991536545276106,1.43956304793307
3.35994778583994,1.13596524548518,0.988816433055219,1.42040399940494
4.3182340437915,1.19644807253859,0.905400418370416,1.71162692717708
1.78495220352395,1.97497732315565,1.5950514327461,1.62029264186023
2.60423836284399,1.9088420040071,1.06351561433201,1.82426278145393
2.96419129928341,1.97641035652926,1.75977862920266,1.75268613219034
2.5894131443749,1.92073322941897,0.6740129505322,1.88246129916778
2.22385937659811,1.94132137555532,2.37461987220983,1.7194326037791
2.53484253673533,2.13233797247789,1.66446952481836,1.81882707478118
2.20214188661204,2.03376167901931,1.45489308348439,1.50942637312173
2.44153442045527,2.13154657833604,1.2901891631994,1.75952005865643
1.59309481964143,2.1468017823533,0.96327057779977,1.91445336607253
2.21256647154963,2.1247637425234,1.04384197225382,2.20746856726749
1.68252537002862,2.08446264386985,1.47924828401296,2.25316614173999
3.5295102961441,2.03325630040968,1.36492241584707,1.53735956539772
3.32313011142833,2.66144034817227,1.11436542690419,1.82887074708993
3.39369968406969,2.47860463488124,0.740078520453038,1.64137216253994
1.97199141904927,2.29144120079976,1.54548493689558,2.26284326020827
1.95991716946994,1.80072317600424,0.797971608516369,1.43238309539199
1.85543091510266,1.76677797342484,0.77629217598828,1.62539859676808
3.16263664613447,1.57053311969955,0.949305316598538,1.55577204893482
3.12202241177371,1.61126554261714,1.00771779233452,1.52018565688033
1.70770994024881,2.29147930116999,1.4121878091956,1.54063119308139
2.32869050656855,2.83521293879186,1.17920765315374,1.30245283206727
1.92042013382447,2.30458159388411,0.721325642215553,1.44737810061072
1.64218683283637,1.54742861250493,0.574744991065578,1.40398469189419
2.0517564133231,1.41450559156772,0.654169584220948,1.61646360894679
1.81820866603348,2.21970848335854,1.52062733166782,1.84043853594818
2.6100887889866,1.79086672125661,0.903232798048315,1.54778057596693
1.85785888796338,1.95120876065946,1.61067081164652,1.87937822185046
2.09235384801739,1.66517768788018,1.49591427242315,2.24526794057725
1.82952519104712,1.73087553721901,1.05264929109167,2.17275578566416
2.38992889036169,2.34578175588412,1.30663484637257,2.01831055625602
1.93913054132464,1.88653902162348,0.894467456335246,1.86646001972225
2.23919318588404,2.52663957555457,1.06464618289877,1.78537977323514
1.71610319086272,2.26351214722206,0.880245443687811,1.73473720048387
2.04670067832582,2.0873099403786,0.783126221677862,1.64217594674543
2.09337579201148,1.87088349433675,1.28928664348596,1.89456264218836
2.58693365533823,2.46712747924012,1.3058334012899,1.31167455118785
2.04862450779141,1.83702916026753,0.775873232513292,1.3691640461149
1.47273268219742,1.71148086317227,0.966461221488019,1.54188719617965
2.12665119651234,1.82021031071442,0.788767406077067,2.75710923178239
1.57081312215671,1.68748834749946,0.981019517507284,1.68187302929634
1.84863194217753,1.92428739442044,0.980200404241399,1.74070358975714
2.29595549581147,2.1654432179731,1.09540163257704,1.57814667399502
2.49461872430413,2.17265191581766,1.05370961760609,1.6152814986259
2.27102384792213,1.88204068834815,1.53545914284376,1.32437264252215
1.60639991432014,1.74608793890556,1.13793370587659,1.79959631372645
1.79802568231268,2.73178721460743,1.76294475196512,1.78185605641125
3.39338665569714,1.55579781994163,1.03544804394098,1.57216502086667
3.47048053068506,1.4416652050309,1.39943666113134,1.67144417785461
2.96845138619961,1.15384536021669,1.62515857655068,1.5677066942481
1.56597927821717,2.35501967928718,1.54159375983435,1.64339507072035
1.77952939918863,2.43512565997111,1.9919586089833,1.78691142523401
1.79776957457679,2.00949515472456,2.26898267385975,1.93108625005255
2.40092183576013,1.83678622306874,1.68148290003046,1.85101012502184
2.31140531964509,1.97903449779276,1.13111202682434,2.12607775546952
2.73338016139845,1.95624145786548,1.76793963289797,2.2446997709751
1.93885710482104,1.75609427320139,1.18291949696209,1.5776333354734
2.68096260827545,1.82286799187726,1.67889134965714,2.05620754392018
2.00726804276654,2.55780333511797,1.21555309829334,1.58176827127719
1.97834909787863,2.71047768657984,1.29566505579034,1.68001925878301
2.3461561204226,2.41420633225656,0.860947601041868,1.78611046019536
1.87175613546759,1.74526972337854,0.946181544632285,2.08509187990985
2.35785444084293,2.02317268917959,0.781179410990939,1.25340190516027
2.27735740725733,2.16016532346335,0.662112410923045,1.80285034803997
2.42317137109398,1.53258441486104,1.35059332961571,1.58725177278914
1.96469906096088,1.40705872797227,1.55674142275802,1.29641224008151
2.58230674928637,2.20131347172424,0.912949659640165,2.01012999711369
2.3981801914375,2.2466010624988,0.967500472341354,2.04784172139264
1.88713072617485,1.91801310666808,0.988661739712354,1.48422356431456
2.80218411401343,1.74238628451128,1.33516432373217,2.16207243146265
1.81266211013294,1.99292946196331,1.35197951752089,2.24993962886533
1.70141785522419,1.97928513995098,1.40475973716225,2.04139850641872
2.4842387967339,1.94778762602434,1.0957909668201,1.74933570540452
1.96696629137317,2.1313958895797,1.43165679389564,2.31828277431219
2.07721686316679,2.23585150729572,0.881238464140441,1.83929519819068
1.61962580351831,2.2806570249953,1.35213232632984,1.81766118595045
1.86677843867906,2.36623095928716,0.957573750848848,2.15621602586786
2.39238039816123,2.00119908738169,0.83828797993856,1.76490806469439
2.78089538079659,2.05612558326706,1.3031315210713,2.1294955265443
1.83136161270217,1.57638084571939,0.814691321033171,1.45972834305405
1.70726550490783,1.56077459723606,0.99586264798387,1.29871360723379
1.78722181424457,1.50044183037958,0.999797124165099,1.34356085489468
2.09262512475359,1.91490254667991,1.29646263807125,1.56943007617316
1.87844607984601,2.82744693499715,0.975528565340928,2.558991793899
1.98865594963925,2.6576529956885,0.996109192259694,2.62184429498924
2.72628916843049,1.37225773538212,1.19991339159792,1.08697161654142
1.71884841566726,2.12611867869531,2.19678996894447,2.25901016441409
2.18998323857064,1.72636905939703,0.960033245985926,1.3430935458241
1.78108664395477,1.76272510260745,0.778274669820157,1.53644591286533
2.17448902292335,1.59308293561547,1.16788805876923,1.65891909930013
2.32078583491261,1.9794755333222,0.783458159411906,1.8072305811743
1.78690881088898,2.51512573674334,0.810683127533831,1.81055658450123
2.75649479067825,1.89682455476113,1.36914711237472,1.57185764093775
2.62114159758908,1.90854249440322,0.965116690296932,1.66210448969696
1.53945208484189,2.09240553324547,1.18050402923939,1.95720033630746
3.10868994684517,1.74186593925863,1.05443274416978,1.70468457944451
2.82230910621936,1.9070865276048,0.610896249807051,1.77171327564796
1.72535918440375,2.09128312679461,0.793743390619493,1.56616595193154
1.6124504829749,2.2521025122036,1.20180887910221,1.92201120498672
2.97366667132527,2.06305011019139,1.18046558678517,1.41067293014251
1.7910553323029,1.71830963118959,1.12818241808461,2.12719730229378
3.28145315293634,1.75351830886024,1.40933168018101,2.08404501512169
3.36620935418599,1.68719808846437,1.38940155095108,2.0925492751162
1.94614886104606,2.03858388679465,0.870432812240459,1.56378006131737
2.34830664044795,2.32675737535009,1.31741532775932,2.22832890944846
1.62679411082351,1.58873874218545,0.799390161072071,1.33202412525066
2.39050940927192,3.31505680766109,1.23001183259976,1.99915803985828
1.7115785611717,2.18064320372392,0.889148909886407,1.75192494091815
2.19666043471244,1.96097108429879,0.919718062544938,1.85339708427172
2.24341722539504,1.76837440017299,1.3298815189615,1.76832157344192
2.4549716569652,1.89454058179476,1.28534689404798,1.66217906603548
1.80057510513869,1.82209126362608,1.16585657047973,1.59956061828183
1.91802981792091,1.77674269494653,1.17374603508276,1.92315272528806
3.10272976630498,1.86842046315894,1.67704950940081,2.08837070071825
3.17677625421966,2.00238513346519,1.32413499279349,1.38760039196194
3.31658933814761,2.04605699825811,1.78566970711251,1.45881216724034
2.68450144097063,1.9936739284993,1.80051457304086,1.55023295874868
2.58097638830749,1.5819863477269,1.25369769347077,2.10135539994555
1.93536621837752,1.62943705614367,1.29970374321036,1.60182979951514
1.85187260192189,1.73325532084748,0.8676361777533,1.76661238324169
3.32531421951281,1.72765591527411,1.4161266131528,1.58613283712158
2.81173517390205,2.02625535752292,1.12396494149271,1.26650805702776
2.32867879525824,2.13613367099883,0.860512239020454,1.35293355831261
2.35365018700626,1.71077479942271,0.803142404477461,1.41282317940994
1.79400924056261,2.14421995223307,1.04554160632164,1.92281515379769
2.0813113123504,1.42756265183179,0.900266217364184,1.5543578533269
2.45053445433924,2.7141500819095,1.10938656414985,1.81305290912218
1.96481802037202,2.14271205016716,0.665678764260283,1.39166248330618
1.69807359787801,2.75860102055219,0.861547422107347,1.62607633320317
2.58094852326316,1.52537232533338,1.3860632380515,1.93416684185159
2.59739448543631,3.11904243116418,1.33820676073023,1.3371212075092
2.32531134677592,2.88788515731172,1.30898232422589,1.40080669693271
2.50341131881771,1.32373901981321,1.00188075929036,1.57473982984197
2.38068201906449,2.81827876965001,0.944361747907881,2.01245796549861
2.10300000893403,2.56690611137077,0.954091436112575,1.96885369067012
2.26793084994838,2.4286936360285,0.702920219709183,1.64116156034393
1.6328949737323,1.79022794295629,0.905359526595406,2.29714952715817
2.3463093869005,2.06620855907302,1.32433830821101,2.06566503278133
2.50679248032557,1.95205246167972,1.11806578203409,2.52906098264808
2.11061661368314,1.74954326567391,1.87309219061817,1.31640496653432
2.70262192281867,1.27272163323362,1.23657916491871,1.90285411837932
2.76559556617489,1.29405011839326,0.889577861685561,1.77761870219552
2.61772841800793,1.43196797729034,0.79299454732184,1.85702332861251
2.32716596904301,1.86010201897538,1.55724666825693,2.25301972700925
2.15545685244187,1.78570148730851,0.784077741570322,1.55755648832578
1.7523179172082,1.97950536416758,1.57188960612638,1.97720964142931
2.55219762757838,1.89334763784841,0.742033984756648,1.5667277846035
2.52037189165326,2.19106095054579,0.746762366001741,1.4762520276242
2.76563995957091,1.55877264717461,1.61677998284057,1.92973817064346
2.41453484073228,1.60204772385542,1.38063532366667,2.03593216259046
1.71149492936055,1.52568306446156,1.3816384223027,1.90809620303062
3.39829202324793,2.31134251167911,2.01386832554157,1.39057328941523
2.53319122514695,1.68107539211384,0.926130894205811,1.47884135640758
2.23069105978355,2.27014159930946,1.77435506867303,2.10099791929778
2.67688719151301,1.74010030017031,1.72221686302302,2.13024860587296
1.70612623149075,1.80511926733494,0.713013354282143,1.74331825945144
2.12039186665429,1.91715516263306,1.49059260903249,1.59387069815025
2.7588704667184,1.87663914950321,1.68554521385353,1.27606087674958
2.74482621524607,1.82523544710334,0.653090722262612,1.50526550838723
2.31737548006665,2.22214242730178,1.12707807013249,1.81310795811065
2.5551683146849,2.39047346876607,1.0428432728799,1.85548115763479
1.95838772416116,2.37953381267156,1.1188069596529,1.47722895967072
2.07742086442569,1.79401499008522,1.02321898413914,1.84179319325068
2.30656838756433,1.9680836541853,1.22807671300772,1.61969266573282
2.85499954075636,2.07347599842273,1.18233016956891,1.8111963657874
2.91179750093825,2.15866104574421,1.43191623200445,1.87678824752918
2.16009275794032,2.04301209842909,1.17071177690504,1.64870479304003
2.31219731073507,2.15260607834112,1.16979979747442,1.71860159597021
2.39078364870489,2.27212773093009,1.41406776966653,1.81727558510013
3.26967464666375,2.37080333978636,1.26594178024593,1.51205450827841
3.35034792151446,2.17579276368712,1.10276656777104,1.63816032379646
1.84811445636653,2.37322954996292,1.295839051995,1.36477907726763
2.6361234024788,1.92287771815819,0.996444322423041,2.31416461208643
2.55632361608579,1.82033645403962,1.23510440131588,1.89758962306307
2.54667921561655,1.70756093038356,1.14371732192571,1.91060817561049
1.97876821327927,2.39664240100758,1.41986127428819,1.70367248080592
1.93090010345721,1.27016737707085,1.30047500078264,1.53185132248965
2.15998154503494,2.26841000036224,0.721587873694872,1.67604471834449
1.93494496986065,1.76331177371923,1.38245516717597,1.48729894097739
2.42497562459533,2.07306043289476,0.914437149190273,1.27485478097838
1.95059940027025,2.54718552444799,1.20481389747135,2.17997396234085
1.5282100903867,1.73296552442844,1.34569823585783,1.7372227491498
1.6925861725778,1.51887049892718,1.30065725447164,1.43084903308827
1.5540691231828,1.97057642640126,1.44650010252061,1.40065436953117
2.6663300231602,1.8134713105555,0.886731101475163,1.79267134738254
2.14174700307945,1.70368355892796,2.46061669027218,1.92949902861459
2.34561393635613,1.60231772930629,1.54370253890809,1.56875081570954
1.48940707461315,2.43201422247117,0.780121590303041,1.71326537097867
2.35222681600499,1.94809295242368,1.32907465309421,1.63067379637863
2.45074128485868,2.09540285296638,1.329542772611,1.68277897045947
2.80954268570735,2.22862670945829,1.61367960377405,2.17291637726696
2.09879268023865,1.88146319321415,0.76813271899886,1.45283337218674
2.56016544707881,1.66468379867317,1.11855148509152,1.39606611711237
2.61395492909516,1.66693141104165,1.53110693863886,1.87025620121617
1.88129580680784,1.81435222873135,1.30328806158867,1.57195557929556
2.74035393079935,2.07362779438676,1.42013355941222,1.67768923837685
1.95420525846522,2.02707500807086,0.928760962907428,1.47920094351241
1.64272796921489,2.02057808957629,0.907134220150725,1.27736976500989
1.83773947782653,2.02220731519008,1.41880842640665,1.59872003031198
1.90751167754621,2.22256645405774,1.43349486208481,1.74985668598648
2.00135794042383,2.11625447317356,1.19371227935883,1.66447712537785
2.93995380364949,1.87939698219866,1.5661074392334,1.78153062419966
1.74479783416748,2.5322146072112,1.11586234725105,1.86933234852538
1.74625020924971,2.52215110559718,1.13420422704627,1.87548874733174
2.56258317865523,2.10067139093683,1.39364430462912,1.63883268669806
2.27193805348354,2.05163898642091,0.783821108168663,2.25231156443245
1.90579499208201,1.96500163953817,1.05814264712111,1.18335291515739
1.91200122921884,2.94403149383948,1.12319448729195,2.20211578470196
2.1337491879852,1.35919092882448,0.670753473723317,1.44594523608892
1.94464156649185,2.77749015363248,1.40602099673463,1.77343068149148
1.79316736073098,2.2587977687985,1.38464043923715,2.03138425886117
1.64296460007316,1.90311087063504,0.810435941125746,1.38397454951344
2.32499897313752,1.67946260878453,1.06455787863149,1.59689707643207
2.61491831117492,1.55770763900139,1.04632801612174,1.51973905073302
1.73366859383639,1.98417558743769,0.798880499309196,1.24061754352314
2.64702307064398,2.42563834784195,1.25703663346545,2.12007589734882
2.47058997832772,2.06553326437409,1.38894406467605,1.93000596175246
2.12512648520368,2.52834591901417,1.24796792024998,1.69668286829506
2.58643194928588,2.24755636224127,0.956872877301278,2.04529356848791
2.85469584290007,2.25234638116952,1.44797851289543,2.29627332792162
2.92381763735567,2.1741912140439,0.909883345603624,2.0936260528461
2.76136220418415,1.74274623917089,1.75961984844942,1.23756346202196
2.5757539358815,1.56166100481316,1.89129295229182,1.75713322904771
3.06631981130944,2.12067049706301,1.51470288828015,1.60355530179964
3.01409853867597,2.11549325100524,1.44025432397476,1.51901969548144
2.3397500023089,1.89864274518926,1.16041167568829,1.98031458858887
3.11508270152646,2.42017306817911,1.18009814979798,1.45771437282235
1.84286574205188,1.69759447748627,0.996530210752288,1.63406716450339
2.28587011888299,1.76263427842135,1.35089719301533,2.03575339704012
3.1218634558686,2.08739851047012,0.930651039089408,2.09060551479708
1.50441557698189,1.71153212164787,1.11009334497459,1.36708106937042
1.98762686132709,1.75865084156243,0.780947168924911,1.18290118117428
2.45914195084302,1.77568495226963,0.905859194098639,1.6196548566854
2.05044488619064,2.20857324336542,0.709307808246211,1.34638612658226
2.51101176679755,1.48091916010586,1.13555723005532,1.34043166434069
2.57949958478848,1.9349829450549,1.11986962734293,1.3802660012913
2.40034672423429,1.90272861266637,1.28160761065545,1.39578829920092
2.4167531086926,1.62767434261858,0.95492764179474,1.92578015595767
2.0816357704888,2.59260733628479,1.35860221849939,1.81784277732513
2.32077604469417,1.74277820519075,2.44455888679704,2.0632269358405
3.03918989835037,1.90975705852583,2.02262226288836,2.01514887494302
2.24036585256755,1.89431234666492,1.29071783422403,1.24693706474887
2.83045665775385,1.91171094262932,1.37910311017823,1.41242159724836
3.26078282032733,1.93152857139983,0.795778094756725,2.23158181917751
3.09332513034935,2.37642406607553,0.794913033770132,1.87412035489301
2.11439277876789,1.88881685841126,1.06292173137648,1.54683744656541
2.90285746888737,1.61762433064553,0.956922598033618,1.63937772942756
2.09501975842703,2.67351969810698,1.0438940716569,1.31205898527159
3.31856897644547,1.68253531596882,1.06858398175639,1.90685103891711
2.63059624230624,2.25379436106065,1.49614953933154,1.34251857054927
2.27646170831128,1.86040405192522,1.17786877272547,1.30977522618993
2.93058003055987,2.50977870336828,1.08309332848695,1.50530174082329
2.23728691410428,1.90937249250229,0.942597007925715,1.81860765338206
2.9891796471648,1.67429435323086,1.05303253672253,1.94567191391846
1.91919734787541,1.67292280917151,0.80878972961865,1.7378128097997
2.38078035363936,1.85884415265539,1.51371018414847,1.83403140512288
1.86193485448624,1.49822848511616,0.981092346605853,1.54971808127445
2.15899902053922,2.70969542001213,1.26975392200814,1.6359785345792
2.57758590990295,1.78108589212422,0.826149702970916,1.6855082578606
1.88593108917577,1.99379235382409,1.47716362624011,1.80900336076783
1.83736258324414,1.96996868016555,1.51911770076312,2.10331592089983
2.42459295991162,2.12011603227468,1.25879426219738,1.40028448842298
2.83905583516355,1.78899567844835,0.765815286815092,1.76252755584161
1.89022806948807,3.10046369537566,1.86946908807624,1.57605499937037
2.12362655132345,2.85065988274066,1.53803711088493,1.58897092805712
2.8865932832017,2.23178039236665,1.26544366394432,1.83153079977466
3.86693690953382,2.05910663113637,1.09045486933333,1.69907557324019
2.19302252630779,2.72882195700382,0.686606806389502,1.72120874765905
1.88548259908389,2.40924724803597,1.0945561879453,2.29167938934559
2.13275644606644,1.9817169556678,1.27797801553644,1.40267616621453
2.09561526352223,2.22068429340281,0.790418825624775,1.59967019356974
1.64041648582692,2.40551730645875,0.730163990200689,1.62418043731787
2.27232554566797,1.53534809529277,0.784206369999704,1.73606518735222
2.35921138766141,2.10983829566868,1.1871332972395,1.77083453606443
1.72715558181325,2.05092865165614,0.78890505662551,1.68675974092242
2.4123675299201,2.03493484778064,1.86027433086805,1.81696771840439
2.43887847658134,1.77519509339449,1.19648871289996,1.73863570495005
1.87217245075733,2.64282124025467,0.85185076673229,1.54828884072386
1.79689337232717,2.08166598789752,1.11054385614739,1.27758964889576
2.23630874656539,2.15840014136733,1.71710122987456,2.15788732075195
1.61265508658276,1.70130681570721,0.648815653158062,1.56740609150422
2.44741616462864,1.4067398309727,0.784791620383721,1.4583298859184
1.96156971875232,1.8929826010157,1.06836112866418,1.49470370083872
2.16752777363406,1.99476802887473,0.834196358717806,1.48885014100906
2.66420103450113,2.02304305868384,1.16331717024027,1.37389074516596
2.11905967657083,1.77639592968905,1.22282261976033,1.85149862828212
2.12098017137736,1.66576246043185,1.04484236296215,1.39792742556998
2.43895948651221,2.20099831419095,1.33188015591422,2.29655733038481
2.38524625542906,1.3883648443793,0.986650928214232,1.54922228169764
2.12382801123161,1.40931731795788,1.2554036384849,1.63112039173319
2.25943957709166,3.09962561608866,1.74021403582059,1.77050024209041
2.57618896404054,1.35075614245366,1.19527637162367,1.42431843377637
2.81900776677549,1.41566065282583,1.28627572224339,1.62876598767907
1.8885500201721,2.49663588569303,0.927559409827586,1.68921813660518
2.04132525880956,2.42908422522168,0.856485633247121,1.72677452483748
1.72463324348155,1.64342934527844,1.23496441029377,1.46478751142515
1.73610496577187,1.84520261835521,1.22876422636321,1.55558772199186
2.64991844808971,1.98214316208196,1.85119627166146,2.1204711962797
2.02521563681917,2.15582224420758,0.678720172408907,1.6738816970057
1.81495294241153,2.08463602841582,1.19791496559639,1.47029985431758
2.90915015564796,2.01835937468351,1.07380664542955,1.86946833551981
2.00873154939127,1.62777464248411,1.38205786628,1.92792138048954
1.97813233241715,1.64772391158426,1.35289560524986,1.83447019043607
2.10291985821226,2.05847009236567,1.6509689707385,1.57916135222345
2.04799407638141,2.14161796018012,0.634447532029591,1.87145912203292
2.06900619750486,1.98665590686002,2.30047904980302,2.08732799601683
2.3785040334652,1.94888764733434,1.5434676227409,2.01768139703866
2.14068390382328,2.1925457086794,0.876295614357396,2.20068932293063
1.61835721089539,2.16825096255819,1.58714618532926,3.01717658157644
3.1624760677194,2.08093585908756,0.818763033498013,1.3253677997197
1.42046906572099,2.06638139802106,1.9155015316549,2.40318573383349
3.20570016849984,1.9938999296653,1.32489926675266,1.32754824650487
1.73268644201502,1.59045472732862,1.47237216163682,2.11408240818373
2.17151013564999,2.33762000755788,0.700538385400987,1.75872923904251
1.59844857129993,2.10412703679041,1.11618808943559,1.53998427365854
1.89670030494599,1.99569726402289,1.23578421311706,1.4132059209047
2.26802225299099,2.07172227673218,0.787690810590622,1.88032893775884
1.91454323497635,2.06945676813148,1.36246496773952,1.591021439052
2.69642080068184,2.56371620365577,1.6674883197859,1.85469932660118
2.4763112697037,1.90878492293408,1.73568938954015,1.48777376355357
3.20312830364157,1.52147893166409,1.29635685774993,1.2958483868589
2.95567435963728,1.63123845663682,2.05188953970383,1.2820980456864
2.97044258472937,1.80379576733216,1.47634076763424,1.65032565613488
2.64210778316394,1.91925649734817,0.981559791317456,1.45163406504803
1.55815127344988,2.25833358396194,0.954520701331578,1.94503313393857
2.14736968956568,1.94498542133989,1.05168470117817,1.47965089276772
1.97369528312214,1.54239522094926,0.752005317845532,1.72183180832054
1.84985644974055,2.35212547209264,1.27932474504,1.55711818961899
1.99053097521986,1.91360403478912,1.34884741341109,1.89493045382045
1.64877179278852,1.57776984226138,1.09681811112803,1.77923475318151
1.91980501320118,1.49491653566024,1.16310130621159,1.5065685452988
2.39855397183536,2.31062220675628,1.19166242047285,2.17535240319218
2.75714219778551,1.71643486295311,1.30353353612323,1.65335541950026
2.03031499274748,2.74109165744516,0.920242016421481,1.88930339438024
1.96409629096119,1.90741800016842,1.15661719812568,1.48711137382537
1.94139858013868,2.07122840548819,1.32023138101485,1.91202412161142
2.68326770718894,2.18386187828789,1.17164910829779,2.09396510556342
2.12427128099974,1.49550686379403,2.25494588038277,1.85328190782692
3.32105179364712,2.52044709521849,0.815085983965905,1.83697958737335
1.64324017683843,1.63045927459109,0.966317368007473,1.34207246100284
1.93001462809403,2.37106060693122,0.832770322901189,1.84653085037791
1.59404266207475,2.47364517703332,0.84007530713616,1.83364751324994
2.15288024936647,1.67964879803675,1.8390510847194,2.37478117286273
2.70198636326415,2.10571398191964,0.781402589931341,1.3892066341718
1.9356815855888,1.95347907170241,0.954967989685323,1.49127222782122
1.99558372608272,1.95703628128119,0.881777083537229,1.49194096776433
2.25498632667175,2.00967235038419,0.895511156206866,1.2982677450574
1.66458366207059,2.24611505577999,1.42191781303588,1.48739862097312
2.71425526275004,2.04932800060987,0.801587217111319,1.28287712156718
2.17105033313406,2.13655483107671,1.05193644664297,1.42626770684292
1.78973925486899,2.47683278951515,1.24852801404757,1.156639173385
1.8645628644371,1.96650289724843,1.16363319728302,1.2451755261497
2.48665975056973,1.79951061173737,1.38751390375021,2.17009402852304
2.37560968288869,2.00677864278131,1.36846146781303,1.88660255327387
1.83260891722858,2.27050492145934,0.788230848723189,1.79833987615335
2.37831231705778,1.79604442248194,1.09815743479265,1.86888800644657
2.31258745078147,1.94186271104226,1.0242764500316,1.70650536094049
1.98747178688228,2.23660973431555,1.28115954477949,1.91274698786245
2.15642854529474,2.33958526041769,1.1605807221653,1.64041793384113
2.08971506663968,2.11005002783105,1.17512777818454,1.85850121988668
2.3657592363713,2.16888390368051,1.30038733645904,2.32796030724325
2.53597598866519,1.86540155702213,1.02304254339172,1.33192365795238
1.91831791101251,1.83799219768881,1.32351233295406,1.73141769740842
2.47008841846467,2.40861610875385,0.697161343102618,1.62229644445219
2.62496347253739,2.12718517565295,0.935017513258528,1.11298883141931
1.62168191413107,2.08465241460207,1.01168435138548,2.82379551167481
1.96483859262432,2.42996523024914,1.71638573054967,2.16289086244945
2.59633401101512,2.05580118427002,0.788116109991535,1.82075556121585
2.36106780879404,1.83674260196874,2.08323260120306,1.50440517819725
2.17540201673753,1.89957614921122,0.755562480383889,1.37385165305541
2.21042420218422,1.94900043896161,0.704190334426494,1.31320050765716
2.22745654713193,1.96714522237534,1.91643177135983,1.88477881325557
1.79697558584877,2.65798556120827,1.06270009094619,1.82439296070112
2.6595333251336,1.68290018528697,1.15354754809062,1.7302374113826
1.77779509803902,2.31141329420488,1.07467560514235,2.06585403056181
2.11061307377955,2.16291390940841,0.725562051284135,1.80971302092717
1.82808669104371,1.77594372588681,0.786998875895841,1.97870451520309
1.92612625268799,2.05716834820707,0.902267939298102,1.98647517614502
1.76177135185335,1.87746365862191,0.798370494714593,2.26562668883563
3.88267462136107,2.08968990562189,1.82181267243003,1.67527889374149
2.00556323812313,1.89359735064837,1.04116331012553,1.56923457555336
3.59824738401353,2.01226958744382,1.14894426122452,1.69408197040932
2.27810134369533,2.35846137979745,0.995262415365016,1.39458393963309
1.41420119231757,2.0447584733799,1.12088417831519,1.42191808157609
2.37689396778634,2.19022278519693,1.84643590128016,1.44477346335502
2.62592418224065,1.87742661511731,0.706561285214356,1.40140737377543
2.45976332106861,2.24544008283178,2.26930902740728,1.95546207849816
2.64725969411094,2.38042333724584,2.19884778055146,2.1630158857844
2.53486850915409,2.2019516169064,4.31710055780636,2.31119616986802
2.97997771560202,1.54044207121461,1.15973850372304,1.59445643207547
2.34793806840546,2.41189061258216,2.31979042256034,1.71139876884995
2.02300325072925,1.94223311742808,1.82566306490465,1.65275408096702
2.11710585783055,2.2071528002098,1.16799751469106,1.69237724226617
2.82365237184614,1.44477202212596,1.51143159988018,2.28755303265756
2.71684786666202,1.72082209103777,1.53620659666112,2.28412496587773
2.1692101354823,2.13071639168101,0.839561889311027,1.34622772162317
3.20832564409384,1.95658185151895,1.54216772926599,1.90790194079038
3.41759069985808,1.87364215657877,1.81163465723214,2.01444330716296
2.28990548968064,2.3744574810679,0.733899003863871,1.27317165207463
1.78024715667866,2.25739879874322,0.866885440161747,1.11380346268917
2.98817366870958,1.73446643103422,1.32434143657901,2.68064477018058
1.83433496556626,2.47266472113543,0.735624336193792,1.81298772958542
3.36461186257846,1.74849771197671,0.87322096235897,1.73398221687556
2.02078764600781,3.0336612917409,1.33347884721672,1.85417437373085
2.09271963781143,2.03198709904784,0.751198270660967,2.04805214475151
2.18955894305368,2.75496573193725,1.28246499026213,1.59173897529059
2.25552240874343,1.57038811969221,1.08918039488108,1.4922192888378
2.64140946101697,2.17239543077882,1.45065367836589,1.81310148024262
2.80993585414152,1.54728566453021,1.22873634740166,1.56369912667176
2.2269582334467,1.90469386726284,1.37487192630057,1.82348336119699
1.99174626739486,1.9018910598188,1.20041738462462,1.78033378391134
2.45548492277828,1.43343200475325,1.27087310530871,1.61836032171921
2.43940970404709,2.45008265181316,1.19370268457081,1.40819128053217
2.30733376070043,2.6381255292643,0.873221145576591,2.14173226045914
2.16454528536274,2.76832867587518,0.848713780151217,2.00691131550688
2.57949828142708,2.01035517445125,1.52653953326486,1.64700144552904
1.89831375028059,1.66791350831428,1.26990048759457,1.66420650908192
1.96820014643418,1.60506248663861,1.08778816297573,2.04091461380296
2.3296095082096,2.10362444243917,1.75517167632212,1.53560908532546
2.48402756067253,1.63830745080383,1.04926358538113,1.93739047901657
1.73402739593397,1.76981674617885,1.08280080929807,2.06729277399066
2.13040022769175,2.50842612974043,0.878584521087762,1.56006009639485
3.24677052764903,2.79503887042703,1.61373649732595,1.42641675056858
3.1879640413927,2.77197762938414,1.47359870920071,1.37292161580122
3.57062429049952,2.38726087483063,0.834718595526546,1.41243879155984
3.27631176272974,1.4235191554616,1.48079515809456,1.65544097962948
1.90259794555352,2.40308901969892,1.12369082474058,1.54479716876318
1.97848239217689,1.79361331220895,0.859190309239953,2.06889984718091
2.42327093897193,1.75707032404762,1.50353007287535,1.56856628663816
2.1951839744617,1.73954025791206,1.11770151722761,1.88008932962042
1.99997484032202,1.70380368203448,0.940976852905371,2.22113723452161
2.27286806840527,1.93647911137416,0.950155180622193,2.23897773290121
3.56905715793262,1.60439422798606,0.65704932825614,1.6515534019841
1.81019126189272,2.73406937593195,1.42249732406231,1.53523551160796
2.11958657704889,1.84242831789965,0.723799588628839,1.96908246507176
2.48922019349536,2.24011419719469,1.54290771687697,1.07221385972464
2.57042992266834,2.25596423217292,1.62316356194371,1.11084528485529
2.02635514397165,2.20875229449698,1.0325082645289,1.91298271662515
1.62882946216018,2.47289983793339,1.10111956013705,1.53130200624226
3.13566245467457,2.19042441139293,0.814893808571685,1.96716391668359
1.35859813616153,1.60369853075841,1.25354326729219,2.71413630902445
2.4425160166223,1.52402580944416,0.980232051009348,2.06585852254769
2.16729132968929,1.67005238459721,0.766201673206111,1.98257176067105
2.24011086480522,2.2674017094299,1.57185044308087,1.30694711975516
2.35067190546065,1.96106586370485,1.84309962739718,1.7487509282696
2.73452681315255,2.01304840081408,1.18691494752128,1.84874585622345
1.71863123763012,2.4428632975344,0.899741074164374,1.60327650463268
2.0998367793699,1.9861772057987,1.00553123463068,1.58358728999513
2.32187931407017,2.4808628422451,0.945813232070934,1.65757523765729
2.06046243744953,1.80618190674321,1.2210602930742,1.58691153246174
2.55934751259539,1.95733356570732,2.2939988126481,1.46337096493402
3.29325739679616,1.66303985775131,1.04469749122198,1.93276117639733
3.80916885027384,1.78726534898729,1.37946249531189,2.32286120523084
2.45773008578478,1.98706827485266,1.17026300016715,1.63666809114621
1.95858038734713,1.84423263209833,1.31590882996018,1.51291344425229
1.78744359954169,2.15158831856816,1.28962372836504,1.66129304040403
1.79992927767721,2.15451292150509,1.1277361354641,1.67828052454896
1.99737664679426,1.77835409224864,1.03207291588669,1.93420196158093
2.7781520637992,1.9648990273068,1.22062217330508,1.55404710469315
2.77892344642003,1.82869345327437,0.784458502698441,1.76779102173962
3.63831612176314,2.02410958356198,1.21191263174418,1.40782104023908
2.96916238448071,1.91030837264873,0.831219706678142,1.52825723681055
2.72321986498944,2.19597634504628,1.00851217500546,1.56044562199254
2.63683289036907,2.05575805152378,0.83870220928159,1.57736969526218
2.7178145292198,1.87712244755151,1.94461616293816,1.88982761375774
3.03715909965511,2.01541758659972,1.89011843846844,1.89622614175391
3.12878282638942,1.80314102672386,2.14332178113529,2.04405938744235
2.29411888908973,1.78324732060439,1.22613278577948,2.13807031415518
2.75430666339852,2.24539386975998,1.03535803351871,1.45489075995885
2.00851206472357,1.93654058446358,0.865329429854424,1.90273256113722
2.51489293800853,2.69745500726175,1.23980252309216,1.45875353330573
2.22368518486636,1.54550084495842,1.53274120080572,1.59052467287008
2.31084350610783,1.90885712683745,1.288276004869,1.14820506708073
2.0290588521347,2.70187948563335,0.857321384060098,2.40959743403032
2.11150924987405,2.56026830070497,1.02478361398881,2.4130732029315
2.66339284417274,2.10474383223772,0.746443790074387,2.39629494492107
1.82591422037833,1.72132232083298,1.095970844649,2.07845138760492
2.01422868597402,1.99093348233354,0.843868109820153,2.22564447191142
1.59720094033136,1.87691655051823,1.05800553134618,1.37360536621988
2.29131662453432,2.2148357016077,0.663263255127362,1.88358231964971
2.10941150565892,1.42980412336029,1.80469011219166,1.67299253995605
2.42016613790878,2.31134015612598,1.31913123190045,1.78166146032666
2.29873884091352,2.19721161470314,1.32970413009605,1.87003822774565
2.08108070047594,1.87140755367913,0.783951415282098,1.60265838694229
2.68485051303142,2.21307761250038,1.36326685355021,1.71598427276388
2.48382297657718,1.85113112796069,1.23509967944453,1.38025270543623
2.41793836715104,1.79971749507634,1.212194687555,1.46718818334751
2.71873091378446,1.9544923447851,0.933623242981603,2.6756529742149
1.41420263289438,1.74645061335224,1.23305298003674,1.07934110379496
2.70672685321218,2.5089667052956,1.09247004059139,2.143972341404
2.75168187925348,2.08215963177816,1.32144287756445,1.46860068237391
2.49652484181154,2.23980231820509,1.30519444903419,1.62308536743848
3.29532157581084,2.1217151412384,1.21962963241408,1.90114550164003
2.53294333898561,2.49369641358963,1.40672531489608,1.76707753171818
2.61545861392734,2.54706853250958,1.45178685845339,1.75907269376772
2.57520812879068,2.60152256587662,1.45800306599411,1.78581506812386
2.65071185960036,2.3680157410559,0.921865865188427,1.84669040772293
2.48965078787155,2.28912619168719,0.929481438299262,1.50153389889236
2.11807397464205,1.82725648171185,1.07302804324942,2.12040037068273
1.37132246047691,1.91049601800306,0.86519014846809,1.97635163268006
1.68476284979713,2.36132220192096,0.660717577885779,1.79385727101921
1.82995811513148,1.58577286357331,1.08831990378442,2.27527599901609
2.12347337971909,2.74002194562808,1.02689402725387,1.6656127641447
1.66300645504682,2.87092092287771,1.12489026146776,1.65147118344576
2.00539302879038,2.4649137928805,1.14361516045085,1.73713251005481
2.27102292747639,1.70836988272177,1.6855442524404,1.40421167256012
2.58087279786198,2.04392997241329,0.680557978590827,1.86779609165996
2.19363637770933,2.25493376182586,1.91918018683687,1.40702890960805
2.42174256003171,2.82893672590764,1.11783939561236,1.85288329340502
3.04790089923566,2.28361669145624,0.852562374431796,1.55519275715053
1.8181056456159,1.96967921363118,1.49267271567136,1.76312384847655
2.3236353878975,1.60379927882673,1.84769381414192,2.0808490469193
2.12772487154534,1.50925439895297,1.99367902668594,1.86098968270767
2.51670603741954,1.67434605305618,1.84597426633149,1.77338822856789
1.81261920043656,1.83341121841497,0.965610618074117,1.80388319058903
2.72220576025846,1.8835950996566,1.5649221683562,1.60019973248253
1.53551881474522,1.98316902797786,0.618901839968066,1.46062703545867
3.13509732404472,1.99335491974521,1.47109615084111,2.07359242824213
3.25773788368728,2.02048212709252,1.23193542231956,1.74359830271603
3.69093584971745,1.81979871765077,1.44209467722009,1.37033275217496
2.42667419898331,2.00330261561141,0.872464381818983,1.54706904817437
1.99876808520684,2.16181630531345,1.0257978692161,1.4023843746191
2.49850899692147,1.48112557863628,1.35743906453232,1.50795179819919
1.84508157296541,1.90661580928357,0.87566356096191,1.74609384057013
1.81116116208275,1.80646660450472,0.971966763051084,1.56601362499596
2.25997034223526,1.76324987074814,1.21589984046053,1.6349251880566
2.16221778384302,1.90649375510804,0.944055233501116,2.17801666369127
2.5178221264341,1.95279293673367,0.972387926630814,1.34318560736365
3.51287530475261,1.97914380784444,0.92214965775503,1.53373877242004
1.91908560675881,2.557828751945,1.08132563130191,1.46149368526981
1.97170902541489,2.29627729688713,1.32128163258039,1.68838151561902
1.94327214706085,2.26376454762176,1.29628956502949,1.76982796977509
2.56767914286314,1.57701126150225,1.15822459933557,1.97143673136151
2.74231301670685,1.54092655989981,1.00698282434004,2.05931182629621
2.59363290504176,2.10187900100511,0.820852422214991,1.664913944095
2.06601465901415,1.51939589533028,1.42163895248085,1.59323770855656
3.40385195153925,2.38186738738482,0.807893516350426,2.03613044049338
3.14529890803499,1.82980427684568,1.26530701394161,2.00451333816269
2.36596915999899,2.89323347555018,1.04070811943515,1.62682282325994
1.56516335081777,2.70467456802414,1.40952267931203,2.26312309542793
2.46817698275598,2.07972916807561,1.31485546193437,1.9826970751299
2.33618051440527,1.91225853866878,1.26619196464211,1.66502652284444
2.58448563497657,2.54971103884438,1.35462431931501,1.59920807814512
1.91877956168779,1.49087385706044,1.08232466741084,1.70066252498059
2.06158669379062,2.80004458913566,0.784905331327058,1.53909610598997
2.14938830525032,1.79728460420536,0.853342729991928,1.77922855970412
2.49956198461904,2.16892582413408,0.740207716085714,2.50536735697887
2.55779515022909,1.89470369553571,0.930365681526335,1.49236572593506
1.91292040451738,2.0450782320958,1.02568857812338,1.90528430850556
2.40401029459379,1.86840059804569,1.03752796959048,1.87377355533609
1.36918153595432,1.42205148711748,0.972264240983144,1.28817699503568
4.06160669335727,2.31398657813894,1.58890617649615,2.01202551688135
3.46235216403257,1.8481504277931,1.77752386996741,1.46259302057437
2.48376069865715,1.79017719345037,1.06331747843753,1.90065757191497
2.48776778368752,1.85513394603227,1.76205792166944,1.52725293910891
2.17198051359733,1.89750509236271,1.89561328373524,1.8109445791133
2.13154033382809,2.11026295587913,1.87609172190899,1.79853447489142
2.37599947786166,2.28366430684821,1.24099784118896,1.87138336242368
1.90597176335478,2.26017158627782,1.5917370380293,1.44212770045724
2.35096895387166,1.86403612151371,1.17285940806118,1.70601523727333
2.68065787120917,2.32073042039813,1.03703598570449,1.52546350674122
2.71409355915237,2.23875457520167,1.19641979829154,1.2394142720905
2.08419713202956,2.02555248817658,0.930173730396477,1.56173533997788
2.42427990203873,2.19791199737486,0.55105664000058,1.7484634375206
2.61105599018541,1.76590316985938,2.21576757718309,1.4153070032888
2.68668272675294,1.73212780030634,1.54518208740448,1.61521949790237
2.27855791940554,2.0538378589015,1.24358004656752,2.14692830967886
2.37204225285655,1.78095241977641,1.04683518439509,2.04683246571314
2.17179126972,1.7593984957427,1.01784378431248,1.9825309130739
1.96465046553464,2.61438810597647,1.14731540890338,1.70761766778783
1.98334140269042,2.59510892749544,1.18240786008218,1.70320850351307
2.15462160244296,2.35474863126574,0.895278500466884,1.47459786040766
2.88129936156583,1.97618844252671,1.03649290162262,1.59344089336075
3.03914696356119,1.8839392041914,0.82563355941483,1.58876473930174
1.74921621529242,1.73992429931767,1.37690072771235,1.32043164246115
1.82257312315269,1.66996689257161,1.30511758116434,1.39260874919892
1.92516702918407,2.48951773590088,0.775739475988728,1.76917856117151
2.23585419482771,2.37476349138902,0.754679112463225,1.40262123047884
2.61954025960927,2.4677112050258,0.715568821661114,1.33027771226658
1.59139029578282,1.69238502929596,0.7226002608328,1.84324200081137
1.99275106961373,1.85421144278503,0.94474109287675,2.06016244939875
2.06171078543826,1.16675831708757,1.00313881589725,2.06701239339231
2.24687301764011,1.50770566889083,0.820374414013164,2.10241790594839
2.86619494231923,2.26098495950303,1.47015957029635,1.21532878693297
2.03293025163473,2.23613893043139,1.00777884431712,1.8083194532671
1.84741376848872,2.56156846305513,1.17196703883106,1.70856833978612
1.86555207048425,2.17730336750558,0.821878060613851,2.01749898539374
2.98948043725381,2.62995185989073,1.43675772996596,1.58098373870697
2.89266055726373,2.39978634975712,1.16551073783201,1.74496826096251
2.4687287155313,2.69931785036977,1.0062663389285,1.55761341077749
2.0993234895563,1.79276865757174,1.10801581438488,1.67492151099746
2.26719424343982,1.88304281865939,1.09975989357737,1.34528211499848
2.4479833446929,1.84828844460116,0.992731485832835,1.26262496278202
2.85501041296595,2.1017665832721,2.21758974904191,2.17635455641994
2.7169442512867,1.58054020438281,0.84991831380416,1.59433984946097
2.91847789606931,2.57833876239638,2.8093590919036,2.52070559398024
3.71864433806496,2.06437786583518,1.28904856582609,1.89201160415995
3.07599285530531,1.56263246332172,1.46737814325046,1.36707714032835
2.63384439958803,1.7812924788683,1.31491244196542,1.91960607347383
1.91817763162281,1.68105521463333,1.35984299333969,1.81095725045787
2.38868416952786,2.46833459738753,0.946956142572864,1.7116563135788
1.84032464568991,2.16352902044826,0.843207917436716,1.7784899158425
1.91044767498729,2.09539300452961,1.32838962309817,1.47452624713212
2.59532575048381,2.09056097498107,1.08806739576557,1.43034138985499
2.34003347025625,1.66504410012751,1.12093493215845,1.79999448254091
1.75424670826996,1.63702237530202,1.07817597804336,1.7072742640804
2.868469456869,1.63344779895949,0.990695164855719,1.82259406256745
1.911131005961,1.98778776780012,1.20799200314707,1.76777206669603
3.22522699932584,1.48196807158812,1.15981324703564,1.68806818603061
2.59966152882585,2.11902013307168,1.7775233639421,1.58209619340836
2.84886072231386,1.390769188075,0.734105734876469,1.68315476533296
2.3205345257698,2.43709393928098,0.978181940535568,1.27514127763625
2.14697183527602,2.1281429268202,1.11189876878239,2.07421499494041
2.39276246718789,2.22826135300443,1.13092804385279,1.39632657956583
2.1324182218574,1.86348767215835,0.943777962021562,1.93866783944447
2.90674544347902,2.39543895012106,1.12110828105187,1.44304904153282
2.40194321051824,1.9497836795769,1.1000410509292,1.56297991061878
2.11004393948684,1.88809852493,1.00917373051139,2.3121964224925
2.78477154909778,1.47587525763962,1.10623669688911,1.68299443422686
1.70503836988651,1.76451570732461,1.26594508739192,1.33642173693186
2.61582364182025,2.00186384770879,1.03535694933003,1.78880618971374
1.90058334443247,2.00596287214204,1.07766597349035,2.23068254938264
1.79680153347007,1.73248356404526,1.00929851976358,1.65964588906291
2.57476992200312,1.96782028299033,0.841298560492865,1.89441446401577
2.61423238928841,2.12508870289499,0.957037984404877,1.34571656134102
2.32097623156193,2.38955836812051,1.0297082880651,1.63642920612305
1.86820382789003,1.80561110912768,1.0922696454218,1.97799782859295
2.61026850455319,1.85286456022133,0.779931068370543,1.92759483451555
1.89012145538663,2.34063567449857,0.863765385824571,1.7076832787253
2.65280154727515,1.65630928226405,1.12380565367269,1.84405980536341
3.101327490837,1.57495583495471,1.08424520980009,2.04973899209928
2.44914656376934,1.55397947277288,1.19019958944777,1.90981334631446
2.96474772889597,2.13638850258079,1.62282526705441,1.78094926283518
2.50602679912165,1.73809783345304,0.817847768239344,2.62147611909095
1.51436619091678,1.88067092500921,1.21814322182103,1.87315784672775
2.55110367548788,1.73686952346584,1.10809589355696,1.15203694932236
3.02279905185156,1.95251296932035,1.26715146842,2.51004565363213
1.68589029607926,1.88630259238957,1.59566987273489,1.66026283021964
1.55161843099439,1.87169610721098,1.54229809475087,1.64768525774599
2.4213443397753,1.83696966055975,0.684324352108012,1.58194290778747
2.3916236702598,1.69736368857134,1.23693226333399,1.93934879721689
2.44221705603399,1.82967438406389,0.810129189224768,1.7051060103497
1.96635517115939,2.01202252486978,1.00074966333301,1.78567052448091
2.02796726583664,2.0358464767773,0.778739191756182,1.45523449027303
2.23708246515368,1.86604054072077,0.845415118431561,1.24106134147586
2.06129474996746,1.74247532136482,0.971356208440671,2.6617662747044
2.21987177243926,2.37770640341858,1.37563678903451,1.23541719538782
2.40989216205876,2.49033240692883,0.977967908914944,1.38602976861281
2.02504165405286,2.22443065773835,1.27431047243825,2.15944021145688
2.09554235148043,2.12859008670684,0.693315134364311,1.42635301364574
2.58643349440082,1.52021741507473,1.80242953999033,2.21553122274171
2.56560596471877,1.58195718500188,0.866575958804554,2.12956996510762
1.5324096781649,1.76230161547794,1.19710771540667,1.92563067332579
2.20312387165089,1.66552412791196,0.71477474963405,1.57190769507123
1.90958034544523,1.88694656992895,1.29861592899587,1.92720820188516
2.40010890211817,1.68665210044917,1.06682583796739,2.10859852569195
2.56404367207367,2.34390586759737,0.996788765421649,1.324403763069
2.2373734389303,1.14571739362066,0.998416331691531,1.48935820082257
2.34215994377966,1.49646300040087,1.35152071443095,1.33306681887996
1.55595818696756,2.18974691431607,0.788548433201657,2.1745962317034
2.62614892178006,2.34145052184102,1.23774455213195,2.09334885342433
2.27768178814444,1.82239730435951,0.907980817438456,1.53218857734771
1.88381015141556,2.46950575207548,1.02980967393536,2.1343430765987
1.93578147459129,2.07597159943627,1.30103516128228,1.29179966669643
1.83486955614946,2.28740890904694,1.06489494305451,2.03140181440364
2.02291346220494,2.20204115265023,0.795202081197543,2.35717354467231
2.1622398539961,2.36040094704274,1.2315056752966,2.33260951815254
2.33096220789673,2.35175897083119,1.17372968724394,2.059141823816
2.91445884378768,1.93087521763234,0.949136074590712,1.3181314746938
2.79169518632052,2.4243149295791,1.43285160790049,1.39511572031764
2.65640043633873,2.20301202866239,1.56323719982425,1.35672866113505
2.10301808412889,1.94759638058464,1.07905483029788,1.67957976497218
2.40670965036969,1.33090387239421,1.30377302774223,2.09093231253863
2.3332202883941,1.68932942179019,1.08333697644112,1.38689218748481
1.62739880125819,2.38858143423545,1.195524424324,2.40851788424369
1.73297898320001,2.29051720927721,1.10481284306142,2.38492284446728
1.72615103583043,2.09419721833319,1.15827418167305,1.62027138953268
2.05039400586209,2.19106825770587,0.917444432595435,1.71179830374687
2.46487215312393,2.27638762444006,1.76908121930765,1.88458972741532
2.39134873061082,2.49385784789677,1.76750890243513,1.79493029956859
1.96042885999245,2.14791671583989,1.19529970865828,1.82421607272054
2.95532001975233,1.73263008383166,0.862085610967478,1.44632282086268
2.19765930311107,2.3865756692381,1.00211009780149,2.02386385360601
2.63826384144197,2.23263253301543,1.37363445973657,1.4573705063052
2.15928487833749,1.69038521790902,1.11230714826434,1.87632088876725
2.12244529816042,2.1113145607139,1.0919315455851,2.06718555832097
2.00733881788408,1.80101117489473,1.08167396401501,1.92969603524555
2.31632381917413,2.25104881024771,0.823961497647692,1.58999510651376
1.89100085115395,2.13737488811704,1.37987928228978,2.07299057957376
1.89574031338794,2.41118978266084,1.42308083617684,1.99671318377773
2.44444414569199,1.74282756237022,0.975243539745552,1.3405552759337
1.90323992805616,2.22829519023947,1.44979287778129,1.76771588065721
2.04737556791705,1.82206671732662,0.871033937363512,1.71284199699895
2.55692170124259,1.62344685199367,1.14355281421826,1.79647002695064
2.63418589810153,2.16138298471803,1.33506727373713,1.51554717614664
2.19409519028078,2.35000550601482,1.52144675201665,1.64511616829202
2.8379228796997,1.9182048377267,1.21837660056049,1.69289787040457
2.7754564877141,2.07466094825609,1.27983678454765,1.45378486404579
2.65419301406159,2.67202057579226,1.036551249735,2.12925405489616
2.59414058459442,2.85470356263809,1.17927709463524,2.36775639196388
2.00681781753006,2.45974051898188,1.0753970300287,1.91614380252663
1.96353484106058,2.22936726948198,0.893537381802416,1.58452485299049
1.35177245966901,2.31207202882239,0.972424211752091,1.14873169443994
3.18259337223709,1.73428464320843,1.01294320981694,2.90130531383653
1.69828675659906,1.82147556230745,1.02132277606374,1.63758067739942
1.5143076737169,2.13314822196265,1.2107033862821,1.9497088123488
1.42054642625627,2.04848982780012,1.15417773842172,1.97095622972663
2.8887200666688,2.28306409435752,0.952754051215157,2.06549984542687
3.01483285397601,2.0093591557152,0.971080106189842,2.20213924184753
2.66777533684212,1.70133822432072,0.858530663460582,2.28805992681948
1.83538647274929,2.15176428083916,1.26384361081458,1.46844919386982
2.64741393007038,1.85482479772456,0.786948396246268,1.99165307661307
2.78698263668777,1.90598213255414,1.48304411812049,1.62380651344969
2.38879115984231,1.94186088969714,1.19804371321417,1.33238926525074
2.41845119053988,2.10622098436773,1.4121405387733,1.27814942951463
1.77824849428739,2.00787430353602,1.50905111154329,1.32349689381305
1.99861175060317,1.91699538027691,0.989490221632068,1.49546044675984
2.2798961462579,1.85021923892802,1.7801374491261,2.06081534394623
2.44049796912479,2.0295937570251,1.0659632408075,2.33138896187739
2.55912205333345,1.47654359079052,1.20602828664145,1.77563670877986
2.51898392826662,1.47172531014205,1.22717183418289,1.72779455755057
1.86697601697592,1.62488001323319,1.83468988653313,1.79581773187808
2.57806108437243,1.75380082164235,1.3130006678411,2.29879350055492
2.20989042253428,2.11665492032097,1.20753569974161,1.61790648534702
2.84916159139404,1.69772535087255,1.07843060527147,1.39920726532355
2.2634704397184,2.17035286659556,1.77280953568621,1.85178608340977
2.41035275706161,1.61994272552065,1.71057114109998,1.49693691373856
2.48298403133422,1.51972358008426,1.61498168749614,1.53127091547648
2.14917836514104,1.54799794968437,1.47111269741968,1.27824788439596
2.89691802839951,2.33924095546824,0.838020353603848,2.01856392016975
2.14901063769775,2.13582858828554,0.997914261999878,1.57768349156649
2.7281622097439,2.00627768322804,1.20131939087007,1.57238250175355
2.81688697196144,2.16132488185233,0.953129602121525,1.60949845037398
2.14071931663231,1.94918536237474,0.849219547230734,1.55118646779553
2.25449063627534,1.8623871088303,1.38509677001713,1.78606599724635
2.7143455500272,1.80747947396234,1.72699321769944,1.42399656805443
2.29740377016127,1.36792619481416,1.42659147916214,1.94318838728776
2.69535509782874,2.20883821991902,0.909219066453222,1.76229045472497
2.86840679182137,2.35102856312562,1.10534074872752,1.25801197167072
2.79198868570887,1.76182366609206,1.14882069442349,1.53960214419796
4.42272304288513,2.22895724817314,1.24412718516847,1.71986010240086
3.15393941892553,1.4495381832264,1.08091524115422,1.69712207325253
1.7925330234557,1.61742483940694,1.43234035898356,1.99486001606589
1.85488734103798,1.80712053391732,0.967425592384973,1.70056195580465
1.80462699148821,1.50418720126517,1.00568233558729,1.58651563376911
1.81154319600066,1.96180152843044,1.18349863539027,1.75465574962043
2.29271297330308,1.64907405431035,0.965551140863246,2.51126696349715
1.86000354279345,1.53456694631751,1.03897270349791,2.18177826440232
1.60463494132537,2.5092156057074,0.888000110509152,1.29417268328067
2.30771798746786,2.25946506525734,0.983521178997685,2.12007682006324
2.3131729242527,2.12061576145968,1.02845556258557,1.36901135606137
1.74776829432522,1.69815746926274,0.675056100774455,1.38651365103312
3.94044428936642,2.03500120593878,1.04748824184612,2.41938313666486
3.06931193588013,1.66378746373934,1.21276979994979,1.65829787138317
2.40098025059363,2.73096866491129,1.44802345129626,1.56483979843243
2.62187283198806,1.4997423695112,2.04395116064214,1.69734227365803
1.61879356395559,1.62678983690146,1.69212739436519,1.63557482382449
3.34576455360168,2.30891130017179,0.99134310080566,1.74093404476703
3.12909691254742,2.55193270353542,1.45492732121463,1.51488118144714
3.56055157438259,2.32348953407107,2.23743608020982,1.79856480331971
2.72714134643063,2.75227777918379,1.67310996232712,1.62040153451546
2.49631182172862,1.45246945763599,0.748167954358444,1.61828469322016
2.54564909789478,1.89148161658981,1.29690514480944,1.90856611123833
1.9197911949714,1.91359044471488,1.40126485597782,1.75119465591425
1.94740100013973,2.04959379632812,1.00413255665311,2.7866207103422
1.49906694616061,1.88670749869089,1.23251184136941,1.81689064179563
3.09833763733251,1.50297500272911,2.2520424310731,2.127310509159
2.44131678720573,1.69501225641294,1.58966560551615,2.18061833950806
1.81533969403664,2.10421759609353,0.708392899606145,1.45596753053119
1.89526239058312,1.89943886039044,0.792076074094741,1.61450583894452
1.97260394057939,1.74912643721763,1.15304033074976,1.70021284238504
3.01771744374823,1.73809103056713,0.906036493816491,1.74841519611812
2.51626690814501,1.59042136660198,1.10608103664431,2.34704484657466
2.35749802986973,2.5444186917488,1.37081383221255,1.52710944585313
1.92934995405347,1.59574302123904,0.864078234952033,1.77190330536173
2.36118349726379,1.62324120641994,1.11340001119646,1.66824396398402
2.44363289964074,2.59488268239991,0.884443045181794,1.93360354107988
1.59765674542965,1.61356487301598,1.28590891783747,1.47135526662199
1.75810740861339,1.70157486936966,0.896109210182878,1.56398688863959
2.66309025047474,1.91527764134678,1.22230691916182,1.71438247037914
2.65633707256758,1.98674381241077,1.38615502157028,1.69615103182164
1.87665932522648,2.07831409183823,0.770201542617243,1.72990630737546
1.97778304896321,2.42180268112367,0.863406836962583,1.4686640923495
1.89388944320677,2.4466211455444,1.12550275812392,1.82618181826404
1.82084458058803,1.78901075719822,0.714390523276803,1.64394446176003
2.24375927580063,1.93936432759868,1.35055268906182,1.61164913323799
1.89940124798852,2.16695436981741,0.818565900883129,1.69618993696173
2.36423113682505,2.22176156045708,1.07238607312079,1.49179467035223
2.40379256620271,1.215125747035,1.38686249278242,2.36944576130482
2.27625699539666,2.27793236707703,0.94619079334647,1.33381429173481
1.89919262010225,1.97842064458137,1.30769822292307,1.77800194020131
1.78161998866701,2.74615842106239,1.09159645812822,1.80050548462135
1.8965742481084,1.69273193707164,1.03272756685688,1.39614091446074
2.23575666377062,1.74207687118949,1.95800849642768,1.70620071356739
2.15704298694402,1.79450686321012,1.87531403586001,1.78294888607121
1.88621517554753,1.61157137649522,0.843938696830596,1.83585927606735
1.95813017366732,2.30086643235226,1.59840114421608,1.69984738022182
3.43621503969977,1.5738028814798,0.930292103973157,1.92453393979812
2.29613349741368,1.8946248899185,0.902906522213675,1.14847812948244
1.66562340606579,2.05751959386394,0.625133098018073,1.4379531309704
1.62037899165459,1.56407527612839,1.13287017111922,1.62427617508459
1.32698666546383,1.97616326551449,0.742601925152032,2.00140136611884
1.93284012329729,2.19658156122905,1.22468693072624,1.54127553684487
1.8539380443594,2.34960310845892,0.910243131261057,1.31860319120543
2.12723839495872,1.86434758917056,1.19978162931591,1.84312893726369
2.26464178015633,2.36808686610878,1.15961490670958,1.37353193954427
1.70625607565474,1.67165287771992,1.35697015395966,2.33907837488558
2.73666921622548,2.69916310512521,0.987604322913695,1.24991232006898
2.13612315086629,1.57206158135934,0.67368341587249,1.79851700531262
1.53955824813697,1.87435619363611,0.805120176338471,1.96745821592804
2.93373010497351,1.84956321602219,0.729758829008312,1.47862040437426
2.92271934843977,1.86593930414893,0.717599641093212,1.17934732027616
1.89932737915066,2.10470297585109,0.79041655010901,1.95655351225876
2.26809572975144,1.69167375437434,1.23651003535153,1.31474840402275
2.52597470110261,1.82687567744888,1.19556695684648,1.37899987412116
1.75955915038933,1.52470085206988,1.3611417523758,1.31029836338979
2.27727385156038,2.18267749969673,0.77490064316834,1.82556602335936
2.75207648184568,1.82081212130984,1.05010165020619,1.42978687812914
3.0315430082917,1.59781477561411,1.10819947109377,1.61939423952261
2.19640759430944,1.78888002762909,0.810486208703078,2.17167485622813
2.59930147569003,1.46379000261838,0.741079304601748,2.01787936414226
3.27284015375765,1.92869610136664,1.22362599903402,1.50740493875685
3.1991521251675,2.35754558250547,1.09217457609116,1.42427928066122
2.11900922033248,1.84646072326065,1.23118470178096,1.75009595729147
2.09211682747403,2.13725131183193,1.28001354358317,1.79166903935165
2.80113976713844,2.05391663949323,1.1926865649677,2.14191076923172
2.70154447311277,2.10223857630781,0.896814257766785,2.01879384406508
2.52712194835151,1.90110534688784,0.819960113068096,2.03765975286996
1.76210411438437,2.11181712906753,1.42865600955633,1.82082486326626
2.29343858697928,1.93256443598369,0.853453354207325,1.80733762078574
1.9759971180661,1.90189827850714,1.80590006167313,1.48644909097077
2.29987851455323,2.06995726028536,1.47448026263317,1.92312383580133
3.21865507335331,2.31969011272696,1.26223384996786,1.43271151290466
2.44372774215866,1.98736391701604,1.38129553674673,1.44803493689758
2.93552284738789,1.94891992616289,1.67469578950808,1.57899231436247
1.6426299201218,2.11418463595117,0.885690779413005,1.87348601825939
1.75924869274616,2.0432772637679,0.929046674714193,1.90915190971168
2.07341135323394,1.77852975897185,1.38139631849635,1.65663519851425
1.8058267993115,1.83250119191438,1.22419566778139,2.06793379273899
2.60717882479302,2.03086727325257,1.0350638781327,1.66962204255772
1.79304882399632,1.8311224607559,1.39564063890254,1.64935547598921
2.45794992330915,2.45801822849583,1.39581729723603,1.92161485662454
2.37204478431154,2.13077948371317,1.0793561733775,1.830846088633
1.64076808617263,1.59870348599128,1.44001816460077,1.85507592652696
2.91841323193617,2.18372830581432,1.14393356715937,1.70508332580069
1.69843565127446,1.99695123545057,0.867166598752849,1.78211821685733
2.840619660132,1.56219731091321,1.09585628721435,1.8744085405304
1.78467750666439,2.65448317768175,1.1665148295949,1.69546802128467
1.983985357991,2.38135344712772,1.19752155671347,1.48541869077571
3.37244612591687,2.09705911723483,1.14406200978301,1.62971341042522
2.53266114290454,1.73832939307691,1.20130731979432,2.03705752627349
2.3325111408852,3.08396833386407,0.753318582273293,2.38856587198041
2.07499900844048,1.67118490212817,0.979793481755186,2.17608432012513
2.53502281437747,1.57278733979873,1.09127172058763,1.47567084645874
3.12691238834169,1.47485349402446,1.03002417655134,1.41084402200373
2.21640971194883,2.83015836977805,1.15235715868233,2.31954245953046
3.04826021930606,1.85594165188924,1.33101959414154,1.55035597972738
2.57704201355781,2.04535240605227,1.50732089802694,2.2457132893432
2.10308372508438,2.24894520650059,1.34235704113059,1.97472330258715
2.98129233294761,2.37398282097537,0.834692474257652,1.47017432220911
2.50911919115964,2.11219136750552,0.826471842089692,1.7086317494675
1.99445222735241,2.06970549874043,1.2279926161619,2.20553037400527
1.52829586265881,2.62649213645733,1.45765557753671,1.60877277046659
2.35492182469764,1.90512283722724,1.09139906669983,1.74728963648957
1.98841745554281,2.48748760753945,0.986025737188536,2.01579999463705
2.09512990036682,2.34588863217588,1.07338534912663,1.60359515824478
1.66240544466903,2.72625580192704,0.865995204563668,1.87789920425749
1.98698426990433,3.46761001943698,0.824455821461512,2.25850432684112
1.82715698386721,1.97502828214835,2.0669157699724,1.68134735277611
3.10058942426812,1.8461385243943,0.916849118870621,1.40298971412884
3.86178485805531,1.43714770954515,1.29035773640735,1.52150292913903
4.10124075385916,1.31444639410272,1.16315874824341,1.67604970289624
1.36695706152564,2.38518518220901,1.0362876239245,1.79029646177122
1.96742885345055,1.88369450834196,1.15787396690397,1.74990486456701
1.54345226309763,2.05373114571691,1.12891838304568,2.15289589736932
2.32335885212545,1.53503233858063,0.841717576875519,1.56034575750654
2.05225386089923,2.57504323310433,1.22369658460666,1.7586318709029
2.39889048986018,3.05597513057705,1.17124242208782,1.53769153901279
2.3158229516238,3.22507137922033,1.60090257998237,1.51803896008195
2.32212507704929,2.71578514739609,1.20068081966084,2.11668973299729
2.71280268615414,1.61394371942102,0.876050861729352,1.32559647471183
2.56181352166894,2.33084747000705,1.28557954675223,1.34840945437939
2.18260678539375,2.21208652807206,1.49610826060783,1.11980231515479
1.8125709071837,2.13274167051938,1.89751265177508,1.38612929980896
2.37012779153441,1.98081122624356,0.991263081315671,1.89724684575246
2.92716098466699,1.9715293684666,0.919530000000653,2.25884259081506
1.35919422372152,2.58267118748876,1.03904660617116,1.35308360368089
3.22698116666017,1.65232527356609,1.45545558154178,2.01056741668665
2.36400703814295,2.06147231137482,1.22776283300853,1.53523790565671
2.62624639615628,1.81674017346989,1.35768597670703,1.92784385899798
2.77450711520339,1.94623312042943,1.95238905322247,1.55967507997352
2.05326523458782,2.31051820256838,1.31152085582073,2.59158231811129
2.65586771997772,1.8463871732047,1.22480067736662,2.54180815812129
2.23670161207833,1.76729517635894,0.794845890242945,1.77717134786357
3.68011543229062,2.28026365646895,1.38131660149892,1.68848484209371
2.50758470073402,2.45662627499949,0.900858611587841,1.53728424882147
2.51413026008118,2.70598161144068,1.03443413029108,1.64965027892924
1.69100189342564,2.65557308487763,1.26995331317146,1.58894710211512
2.13841364389761,2.39410362517587,1.01477165412649,1.39655930851986
1.66891361712325,2.099335176817,0.881420088920305,1.6948127041934
2.52474137866287,1.80800636224941,1.31108784473045,1.96026286376048
3.8832671138463,2.22768915692959,1.51695827792521,1.44827831415637
3.62465815200965,2.20567365903978,1.3884038718733,1.4567824740837
2.71259064538435,1.8558856521375,1.06618424172122,1.60861642085217
2.22429975010488,1.7816186365955,1.69033952218678,1.60357123812198
1.84549016047994,1.69518447223365,1.53390019058372,1.75951447115834
2.35318605387719,1.79707996672595,1.17417662732115,1.44022016111524
2.63257740456189,1.86925938952808,1.55528881950184,1.47572936117105
2.4709595050803,2.03243474042769,1.66486398484998,1.52310851694728
2.74953132799468,2.28473273043524,1.71297755321261,1.56289585533779
2.6793922009702,1.63495042068929,1.21662550897199,1.75416734671007
2.33097780521692,2.88159775080542,0.895189936587098,1.41678563164493
1.80673168171607,1.65501405160525,1.1203047689844,2.52172687463206
2.08767326599962,1.82476211500871,1.44824198068888,1.91021846879435
2.06132346401051,1.76321032474024,1.2488577075153,1.56876475277345
2.06621727439901,2.12645787722629,1.50521597583828,1.69886018259706
3.30635866806919,1.86503842187848,1.09884521425681,2.10700996732685
1.57270876761037,2.10769035149558,0.951656671587489,1.4941168387027
2.80787472237156,1.84535562416262,1.2842125239802,2.05617920020916
1.59613551623857,2.38216054972075,0.697199132930184,1.50722893106438
2.08059351081159,1.82464945293895,1.15224272700408,2.63917957653436
1.81211192104161,2.14613987413042,0.909192636935913,1.22676347067423
1.99210142895163,2.22866469170778,0.896347048746701,1.3117941154434
1.72704080463829,2.19854277119447,0.813654085744966,1.96313360356532
2.16906432495277,2.03982936585291,1.549693590656,1.56529168833107
3.10657705368128,1.65652966662518,1.02073681254467,1.70892404387288
2.40072917641054,1.99648399209319,1.36909814590065,1.73808029909852
1.85681137465855,2.20915230059978,1.06655251267306,1.59228919678981
2.38009962318919,1.78464925831342,1.08480980574312,1.71626950011552
2.68020763542868,2.31147478527367,1.36917732862665,1.56667740367201
3.09397574055509,2.04924081594325,1.11077296545593,2.3783293842011
2.41891194466733,1.72859375659608,1.08674644995778,1.67799509432684
3.6186095149364,2.14728737450222,1.98663010309957,1.80085438935529
2.50973690639122,1.84686591400971,1.59273650248221,1.39066301063506
3.4229453846753,2.85744630721256,0.980165146123724,2.05512208029782
2.29632040166111,2.90325495297649,1.03288042755314,2.1118076939773
2.2021652736021,1.99057428144066,1.05160652635932,1.77109134891675
2.32317147170094,1.64322794399073,1.3760602842318,1.43425483149006
2.38557853503379,1.5336468086148,0.958517215717806,1.58920697966318
2.37343576816498,1.61374691223759,1.07057691938995,1.40384549448591
2.52106733338911,2.88286596029821,0.932933770596885,1.5314360653058
2.50212766918959,2.34045591924744,1.1533042784748,2.1723395479336
1.96619135314504,2.31263904392378,1.44604172777535,1.76258177120766
3.06558496962727,2.76680276229372,1.06457955623545,1.43096076011541
2.27441776128024,1.75186968733446,1.66642034902902,1.87597010423122
1.53188467342384,2.00177322741083,0.794789775353126,1.54305525497524
4.37911448130211,2.29748250330916,1.18728501923708,1.62963071713955
3.09590465889929,2.7029473463802,1.06290937582251,1.68124163077615
3.51156534489347,2.05881383388186,0.972857550786985,1.80775223863554
2.54782328463442,1.92884531200415,0.990228807342921,1.75294426226322
2.73301619679509,1.38429829311892,1.46085309376105,1.55424722773532
1.62725015891324,1.61659947951898,0.704349416942196,2.16633751179213
1.51637725148106,1.75962903890435,0.845183164438633,1.54925487637504
1.70945201797685,1.77056492405033,1.06515297826173,1.80707060433521
2.46977643519821,1.98905146088193,0.779893744166243,1.68974950657448
2.29073151169781,1.51201390597059,1.3157555296959,2.07002563914521
2.39733341322021,2.20885001681884,2.1647285263585,1.82297567816818
1.80168622355229,2.00139430313177,1.39293511798647,1.89894046050113
2.17557319262134,2.02844362215636,1.3536242739825,1.46487070724923
2.03133820189687,1.31323005256647,1.42495529471169,1.56232437823137
2.27019781006834,1.90755470615535,0.737365543032688,1.81242522514449
2.93436373514374,2.06116130938067,1.85808134720346,1.5162901639901
2.09302842703603,1.59026810312768,2.07380812722363,1.81958508213439
3.40214750638448,2.2721857102817,1.01926144032191,1.50462107285037
2.90719619825342,2.04471319027462,0.970733679166991,1.38702470462279
3.02939993708359,2.29485867226583,1.12856289877228,1.19095358920675
2.53630351111513,1.91665422057306,1.66108546790799,1.76050245273004
2.28115153942961,2.11138090669242,0.982550419446021,2.12568673012758
2.0647303882307,2.43852415388873,0.874532181471172,1.74976399593592
1.94207897557202,2.31028851550227,0.865888889433279,1.89306280584592
1.94380511286299,3.15826829176178,1.06687984878732,1.97416313237037
1.84047726636048,2.06778159230572,0.854034402606021,1.6763325131134
2.66716913789062,1.80306492610224,1.59353749228846,1.53490927018597
1.72167205663506,1.96745512678411,0.804146399224866,2.05200804023131
2.07662523936232,1.79653594580515,1.29657722296487,1.64267723536546
3.10072608917477,2.04705746075205,1.78463914440819,1.72498698779231
2.27761973857408,1.80796419798824,1.38203387264339,1.28873412773417
2.40240765653645,1.65658451203354,1.63582500540069,1.28735977553397
2.54251848883604,2.10719464692283,1.04508793931675,2.12392065951485
2.00120070538235,1.86091570149756,1.20573696778091,1.83919087933175
1.99614460643111,1.75432436967955,2.08088118689394,1.80244477134664
1.80232018275983,1.8348748920121,1.1475148348812,2.29035619737975
1.98876321070318,1.67336584188185,1.20474024880584,1.58774339686844
1.67820015883826,1.76615817714225,1.82421476113477,1.38144556351199
2.62862935760981,1.42413764220376,0.643084375449438,1.56094102483048
1.91463611539788,1.56741374017631,0.789405426931201,1.19410319272296
1.98924084835217,2.69476687230463,1.5036761034359,1.31270344189364
2.19657352253999,1.55792138101498,1.03553158905816,1.95058603123559
2.52625098607143,1.80301051930548,0.849025112950782,1.45056751012051
2.47803034806417,1.55545251416882,1.15049241877594,1.20504527028459
1.75419355688265,2.60773353366223,0.850120838560401,2.69648889414273
2.08803357880265,2.50926361849781,0.972788269022493,2.03295273844026
2.71213584766066,1.6186051342675,1.33107953395753,1.61213662138975
1.7254226640104,2.70338278959242,1.07577093929665,1.6848647095255
2.87005511505609,1.27194864827309,1.0841309770812,1.94439061526409
2.28690310116355,2.64055690775135,1.56984050199869,1.30336848449628
2.49810878876509,2.6676480456689,1.28636900910115,1.59237830992388
3.24385326109434,2.81931633232625,1.30482209685763,1.66227841571398
2.95745166941997,2.44321901475091,1.13811487629445,1.69629415535882
2.53953143200733,2.75401750084401,0.987481543306989,1.84557948740967
1.85416515586447,1.71524586292539,1.04518794422274,1.89729172123566
2.00981232231001,1.85393820964671,1.07334508821086,1.91103445714577
2.9344954311321,2.01408180393599,1.01038276956046,1.93047694466789
1.89339970524439,1.86429954992851,1.33547596613319,1.77209758368338
2.72308625636696,2.54104235303682,0.853927534900898,1.49738371720568
2.38954768021711,2.40620391392378,1.04225198054366,1.63563059492423
2.4285738898995,2.50063619115956,1.18562250021097,1.59098448999897
2.84740554945418,1.44625455714938,0.995457957452261,2.11143407835137
1.9467293652328,1.61427399892989,1.07825687245894,2.54112570957711
2.11940950319446,2.73655842766261,0.82765390313904,1.7450066225765
3.12132867584691,1.35700953877269,1.87429948126788,1.66131980869959
2.23365346050063,1.90301747654955,0.672242518036919,1.6692005441585
1.80588694853142,1.96107735945996,0.909667842592899,1.67287657650956
3.36239131864362,1.96133176054644,1.53480204272818,1.5148989869234
2.14364770637596,2.25109261248643,0.799394070974152,2.13681371563539
2.52431261025149,2.30932958013593,1.29808703420385,1.28718622175005
2.68136794529794,2.37866149353372,1.28771253500985,1.35057259836048
2.60379946737416,2.11591336788966,0.919231625287082,1.38596172662168
3.12116435441274,1.34143375300432,1.02940075555376,1.98813743451121
2.20820849650501,3.03641824178877,1.00867128136059,1.29436325571653
1.86524131134591,2.00690529204868,1.58579267578618,2.25555562546775
2.17863214604178,2.2410070107404,1.24533914739968,2.06509106207942
2.55510143211467,1.95779150959802,1.25055705711522,2.13087499070471
1.95608711204643,1.37917728366021,2.25069330976235,1.57370820707747
2.2988971951377,2.86892303930938,0.568460058283773,1.79793148265418
1.87456613343589,1.68947426481997,0.885725141807748,1.65179401239038
1.93631862337861,2.04260605232506,0.933633123993263,1.75591681349705
2.52367542675572,1.9442463241585,1.47510371180068,1.6944752214506
2.55111406068127,2.03561124488807,0.619673888908343,1.5920069332629
1.57084578252131,2.62657637498838,0.99425205290381,1.47930429121882
2.8066753060139,1.7691861442545,0.89272663759748,1.76367310706136
2.14548678723078,1.76900726689258,1.09703842023757,1.82775487933863
3.41374161089497,2.17558820793426,0.955693805694528,1.64471893627262
1.75991649555499,1.51583953310577,1.44010913827443,1.88752948694409
3.42788997752822,1.77588370120829,1.32439618508984,1.13302909813287
2.87881182019591,1.71359468477165,1.10772033228645,1.31405532886719
2.53460095287972,2.00775547922116,0.773638560453868,1.64866683439844
1.50806102756579,2.28075146962148,1.35353612589972,1.55299429173395
1.86416121167423,2.28069403457168,0.823893370944341,1.70156069151824
1.78526794743992,2.21599325302605,0.67719835912841,1.87201040329037
2.07650657638751,2.15104114828364,1.601377354751,1.77355597350504
2.15288668558813,1.95237793301503,1.50367043945301,1.6401925150903
2.74113727237184,2.11589044975233,0.990824980713575,1.6388290612696
1.60900035377126,2.12759734866891,0.89512908655584,1.68012758581055
1.72435989357692,2.10178810672706,1.1016293935685,1.79038647371758
2.11328260471401,2.20120968835474,1.31958873369538,1.33072497978906
1.83202316047184,2.17855999765183,0.927011108281821,1.27611245160049
3.05605229739521,2.1207086095402,1.17984903935078,1.55869246221863
3.50496603807729,1.74911814373969,0.931481705410331,1.58367957565045
2.73689619403746,1.89087549827117,0.992871335930985,1.60000649330636
2.19591446584046,1.83455902536603,0.838956760093211,1.60611399548224
2.127453642222,1.71520848376582,1.22820200761659,1.82808405557977
2.43943718693588,1.5255072219173,1.01529713090211,1.4193383169961
2.12468929266869,1.72284494391434,1.00175352544146,1.56324775589965
2.35924650159679,1.89352498577906,1.58782222050411,2.04816241914832
2.16098779107352,2.10796326536608,0.806055551663704,1.61831008471607
1.83125329382726,2.28088707278732,1.09300574990518,1.26051515530093
1.48837997760158,1.84313443319784,1.1305475754629,1.73670372178471
1.77077130040136,1.46684898309276,1.16266335415503,1.51355049398969
2.12072724876693,1.29513613275317,0.881881360955446,1.93199156486974
2.50869703153111,1.89644057918868,0.826703758464179,1.97882446214879
2.0990065090532,2.11552973616754,0.991198199084097,1.66217187041423
2.23910787937412,2.1478348757972,1.13680135093946,1.86952566959942
3.05815813558682,1.94351253206201,0.806527212840542,1.88377716430492
2.74825173704415,1.74874843709632,1.79782468349012,1.31415601247463
2.491028193959,2.31770070127061,0.91521750655827,2.05769891047325
1.95003376793042,2.33724877431689,2.47835134295242,1.56654886940891
3.12739622180704,2.09373105223669,1.14617059439521,1.66832654488011
2.33660878291042,2.15265998691743,1.18212099618301,2.17985828167381
2.32425212486484,1.56760735837652,1.68027839419539,1.52225704731722
2.61285670091595,2.20006294434191,1.22923737810377,1.68333607360486
3.20935854772432,2.24071570645922,0.80732001665952,2.11571311091411
1.61071356312094,1.81496658232311,1.24746605170601,2.49205143078181
3.51641647543193,2.20501599064106,1.13330013478651,1.50894305877809
2.35078199749269,1.82144036327035,1.38474473701333,1.6038381219601
4.41217759064806,1.79881849286424,1.64470174153003,1.62998143818164
1.56175287928246,1.71177842701256,0.900628299437683,2.40801716806961
1.76241174582308,1.75547286412581,0.838042231618295,2.38951050372299
2.76058384491678,1.7836364027702,1.18986263514546,1.84008124911892
2.87764306484388,2.13392007141938,1.1382431403083,2.12637131218588
2.17235842938401,1.8571759973081,1.09732415754039,1.31328086455338
2.73201141302122,1.8130505054778,1.40402600556164,1.82596720834389
3.64473105446046,1.67687061426684,2.14979084704663,1.89173348827737
2.49706411653616,1.93631704190738,2.3822460917748,1.3443152020773
2.23896076480887,2.08011893739349,0.785271068684419,1.93446128522592
1.61282714566947,3.2503765019268,1.02479739664871,1.2615194352949
1.7365684292036,3.26433369201208,0.846887888629196,1.2879097052985
1.77695037318798,3.41367069688928,0.909344299892287,1.28505074235905
2.11646292962753,1.85767599443467,0.875598348470811,1.87295171145449
1.8012336932333,2.37443646033993,1.04598414449308,2.29342731130165
1.46662645980521,1.49858461000694,0.909567909401413,0.980293645582931
1.97382011301194,1.79070569107419,0.770718929015147,1.91875922485759
1.87582211589859,2.28502267609042,0.882592370056973,1.43005293387473
2.21775816061317,1.70612117275454,0.996367637817299,1.40935483792027
2.66107402246605,2.33813190655726,1.29993299605086,1.82201976997487
1.97900260009708,1.9472316679984,0.907587888376085,1.34087306887774
2.20122046869906,1.85982274841907,0.948295546029403,1.18333915198533
2.93811987683196,1.95829429346591,0.806005382042629,1.31002698936735
2.41109486062002,2.24919626206384,1.14154967405465,1.64639144926608
2.2543894144319,2.31179883774044,1.08598933336102,1.99211044651168
2.05960528990993,2.21693105719866,1.47064445678935,1.83127951362519
2.10596501028799,2.3025213250061,1.39412983643023,1.87798902751992
2.48722712594729,2.17437413565389,1.20495602960703,1.49626908672038
2.40968265168816,3.11796477635301,1.41525578215084,1.0623891351902
1.79229834220038,2.92124382262141,1.14929241298795,1.37397038916217
1.73273013953544,3.04700047080879,1.26270106258412,1.4560998519045
1.83496894419358,2.65269830688955,1.76085144470381,1.70323645410554
2.03043823713302,2.32425443611176,1.82636264375761,1.8579500193102
2.25555185502473,2.04701756368865,1.53687709481823,1.95058304478025
2.67555855245289,2.04748393585877,1.15728176939906,1.3556381761038
2.00782245874163,2.20854719779901,1.106976193189,2.32069878495045
1.92001120153218,2.34893392742202,0.846720491027696,1.26468660219304
2.94345393365538,1.82849518414198,0.820595799070667,2.06734759565177
2.58329961981265,2.37256470147118,1.25195275207451,1.47113754656322
2.44459868133567,2.26022361058811,1.21614827002752,1.52311028695317
2.14721506237084,2.52398635694599,0.627578628643101,2.02163981368839
2.37684224339411,2.0967311733089,0.876652243316331,1.94828136704341
2.4875651575966,1.71963719571094,0.928445519725408,1.47442168545552
2.60019260585867,1.87181900738982,0.897610392176868,1.57847150214741
3.57603437667884,1.98054428565463,0.786550330572435,1.69750882068645
2.06483007899058,1.91893815647391,1.29201190567228,1.75827036835677
1.91269622720294,2.39171247336585,1.16663302580332,2.01117263241006
2.4924426020639,1.74158023376332,1.28494965200291,1.36346390842406
2.19381154847545,1.75641095321426,1.018537037231,1.689337346118
1.71320529562941,1.90615277140247,1.47988821154991,1.40849125559596
1.87392920025921,2.13833890333823,1.4780590076674,1.06997957983461
1.95114324765882,2.18834968832165,1.55623541255288,1.11115135090406
2.30170949458821,1.65575837312743,1.05984671057444,1.94676477758114
2.13748296322359,2.45258097206794,0.935134580984614,1.62342544226097
2.7591913771857,1.75901484336426,1.19150602785273,2.02148201638901
2.63987153894827,1.90267794796482,0.730227873880274,1.40890696711619
2.2753319658324,2.44610738687205,1.41329094896663,1.82927801558846
2.10166374158447,2.19793452084469,1.29649330200934,1.69923397044696
3.41306475378051,1.82855145675267,1.6226628046044,1.58624477649209
1.60253195150347,1.90805071752515,0.882437422365292,1.5976017786966
3.57858735572563,2.0151481607001,1.02781469079672,1.54348343014015
2.19801387640652,1.91552497420334,1.06213560395482,2.0429016591114
2.9367562492486,2.02417351112196,1.2158571259334,1.81554851633871
1.3370534335997,2.5767724005108,0.676051614759517,1.37487160815701
2.4957600885777,2.44562312709832,0.892327518009794,1.84251194391801
1.96998522627159,2.48743990127981,0.844464318948172,1.37093743000328
2.15720434327649,1.48283621961999,1.50663842608449,2.0773198188825
2.03872906234998,1.8863948340375,1.04981552522662,1.71515081438521
2.04430234148522,2.03881861986258,1.09167567012586,1.81176666918951
1.95163613503824,1.8760093177641,1.03227570440656,1.78100698240434
1.67559410386749,1.76832914692424,1.19116262764825,2.38638319576738
2.01257599692209,2.09927590957442,0.925552792307646,1.63108163819769
2.27455129146147,2.40045814753008,0.816538696842871,1.40893159214647
2.83442528477267,2.08862916887153,0.629232863984669,1.68595156236789
2.21940621230501,1.79434027240249,1.90312632536287,1.39378310128108
3.56933334838803,1.92049366663911,1.21451766265784,2.51043897223521
1.90775145397168,1.98664551749979,1.31704513644944,1.18311231721413
2.53811739294898,1.83087831878986,1.30118945365519,1.5952920162306
1.48148063671928,2.11837404059708,0.78821995598682,1.57250077521893
1.8961933949308,1.64380299348639,0.77237639501817,1.89273561676323
1.86837737878228,2.56025670926464,0.98140715278271,2.11263114827597
2.83819071775093,1.9997522336788,1.51978122215271,1.7222590536678
1.67788895623249,1.66489989912627,0.833689563130264,1.89141807825285
2.7121705319418,2.23704560553034,1.06386502127628,1.44120699986442
2.34437498318344,1.95408765345771,0.802976755703006,1.62800170540343
2.61041374437056,2.25847457934705,0.81963955799714,1.88534185394054
1.74500829721229,2.35964886187918,0.565799101086325,2.05019052703314
2.31757824640774,1.34263046418646,0.765326279548578,1.90437291274674
2.60948151286428,1.67696033696761,1.0024576701953,1.80376166622151
1.86656562348815,1.99932083170482,1.53636019541988,1.68754367972595
2.49377786048263,2.04988898074141,1.22785336932465,1.57585816911179
1.67025083793673,1.76963697291224,1.0449780721874,1.6112906025972
2.27290113155682,2.03569578500211,1.04186365649632,1.94686863856863
2.02440484201659,1.89495037569741,1.12599442218213,1.41771091124701
2.18759847299146,1.74514320757414,1.13944777625715,1.88146514025238
1.78170819508821,2.04204199566744,1.07272744764901,1.47925372952101
1.89165721221364,1.87254309485511,0.934186683582264,2.03008486228044
1.81783607680618,1.78957601592157,1.06717183469878,1.70557360162276
2.87526723646004,2.41611367687167,0.956174070753644,1.79411521715877
1.79941038584514,1.76432905497692,1.06053442065015,1.44950762073651
2.413445947943,2.19469144251528,0.850118675614827,1.85135271243707
2.28782940381525,2.44408570017504,1.02434690394777,1.28884450186468
3.32816068839318,2.28900034971394,0.888612251445371,2.40878621849048
1.86381699485725,2.08330988839806,1.60945090748995,1.30178955520356
1.89028650217586,1.4587022797234,0.902657608817833,2.02265890975999
2.99513252683416,2.424140658952,0.765837665433238,1.50239086986929
2.14513518621055,1.51284733515534,0.917897841196516,2.19463599355113
1.89907670115972,2.74649100245954,1.27953865365461,1.64233432517648
2.85501967928163,1.60887149220581,1.10091988583581,1.69618807305039
2.54570983987119,2.02028013735585,0.90853286432138,2.03606586128927
2.55758438406014,2.37651987161523,1.20057424559328,1.90468559242003
2.79812702017264,1.90072970527591,1.61927907280848,1.74340286360908
3.26809533478186,1.8972642218122,1.02552736604169,1.61671436314532
2.18343507097294,1.72818989548476,1.32160512275864,1.4305869202602
2.62855506225589,1.50034175219172,1.37131488026889,1.71961343589308
2.28422609784204,2.01506904600706,0.885280419335926,1.41066137687569
2.43648115675564,2.13917119048984,0.874331591797527,1.48682879742387
3.08030614075244,2.27840871673243,0.668037223486673,1.50126141235789
2.09446945614975,2.29597577851277,1.18326670113056,1.52105928738007
2.1953243868453,2.46882458372512,1.3126773471323,1.61154636524856
2.40883232274084,1.5613455093341,1.48494002124169,1.64291760999491
2.84014930344419,2.21890873125454,1.04016851019889,1.74028513854702
2.13672361287107,1.83532777376295,1.26570492884266,1.79826043080552
1.81123666797146,1.74893018410488,0.937357455638062,1.7741864316635
2.80535660335417,1.90581771964302,1.1011867069747,1.78180092549398
2.25919860135692,1.87573464358576,1.0817848150758,1.82651323346231
1.82208189566652,2.13848655294042,1.23719918550771,1.62262915702926
2.10044531928096,1.76971156986239,0.952006303230601,1.70956739052973
1.8501776026742,1.63429090983954,0.903585277762323,1.60513840376593
2.3435041024989,1.72574514787897,1.33708088499765,1.91023695569538
3.06396267947177,2.07518680443231,2.00135374115209,1.7635994911172
2.01255584945432,1.2183082916665,1.53881283238788,1.60325349957748
2.56583886658789,2.1489753675827,1.16989760263837,1.43584870259755
2.16964362888434,1.64166594381948,1.13863414585945,1.5556297148225
2.39776616008339,1.93845108414549,0.983238266967797,1.68037199498591
2.44228012155868,2.22677395360805,1.14959165420132,1.50833137491866
2.48193608921514,2.34312892711119,1.09991354923214,1.35233367897892
2.08638781220356,1.61366405580658,1.42120495159247,1.84861133690845
1.42364582776579,1.3422285275363,0.964687752692096,1.7306915221266
2.44884846072077,1.67360523521069,1.19493995751126,1.7913001012293
2.44914456785702,1.6031817877269,0.940140676194622,1.96828279232208
2.52515755108737,2.35738708040559,1.77990446809501,1.40398478884114
2.28553485678118,2.47621448906671,1.15068295962459,2.00410169023391
2.18249539978728,2.5356312392607,1.17648773858757,1.88447743586653
2.39932079700472,2.25688015129521,1.58009296872687,1.38256305237292
1.82447968961582,1.82547293165349,0.799051724117684,1.41295839720301
1.94430001746832,2.36209458609333,0.845441740223191,1.90500256631956
2.7458696921741,1.53316081778623,1.68952539653432,1.69972349322488
2.17756417671937,2.26764404621486,0.948776609272708,1.91896329714278
1.56131652280282,1.95360231456616,0.851816042099345,1.60627828040426
1.96073244353994,2.2934244147973,1.06277829354936,2.19783983153116
1.86162494913359,1.48594490841774,1.13515911379233,1.43341601190955
2.59211129141044,1.87121579651731,1.18300980775443,1.61394557072464
2.629259991178,1.86266331511953,1.21618831376452,1.57546674050794
2.74469902999099,2.16485942949307,1.16940576673214,1.96723869363803
2.100025565362,1.36541392291068,1.44310708091837,1.69603506251043
2.26206962741387,2.35137402555575,1.00854504918919,2.25979619630898
2.35808774431464,2.37928576346363,0.815670872157876,1.66801046074273
3.30282994471126,2.04926714374152,1.525854168074,1.95148759847392
1.80430291272504,2.24904257405345,1.06174198249988,1.61923316747045
2.57925828278307,1.94443033653435,1.56981033232217,2.20905572581009
2.66394949214013,1.89454127613031,1.30620704282467,2.04868750948185
3.06169262977354,2.27188190035838,0.682441764526848,1.41900422682056
1.41756348937989,1.841266302498,2.01613328294875,1.80883267632879
1.64512858799672,1.73779427365597,1.31441666403561,1.84573208915802
2.27834472806969,1.86195493377194,0.647802909667974,1.71735403163873
2.29200756649611,1.78289068379512,0.81985047059991,1.56950357476651
2.13536762497039,1.7736075318651,1.31571668597601,1.56887372942522
3.36853383087502,1.36962532403473,1.25015484121197,2.25327274006363
2.7684650380369,1.92018616410899,1.22356452762135,1.25289042713395
2.45769300433213,1.82217448915419,1.07220244642897,1.41442711411119
2.70753173941754,2.32524295835543,1.07510482027544,1.30703726187967
3.14010691018501,2.23997590184246,1.12642604436587,1.4733300309842
2.26933975944316,1.5484871847282,0.737869682097673,1.85400706469105
3.62859858841068,2.02826639646366,0.891859182708252,1.95763104243367
1.580280725642,1.8306434675549,1.22593525094094,1.45165613457346
2.65442297900104,2.01826148261729,1.20618177174182,2.09337555885412
2.60338288882864,1.70208651679963,1.51894815774686,1.7193328109622
3.06284916587772,1.32385355425086,1.40466316826879,1.85356417205844
1.89028512431469,2.5677048126678,0.913131929475655,1.27563794084247
2.55564825542796,2.00290423026653,1.1958514810489,2.24161689687533
2.04347526547074,1.96140580923636,0.912445567167282,1.38119600072685
2.24953692887484,1.65072056880741,0.975907703089254,2.07040009031908
2.45619194063078,1.69695645733071,1.13150117985501,1.96671119142275
2.15340253610915,1.56658470047988,0.939103613681543,1.70405322164159
2.41314875770529,1.66919586623837,1.59211549232792,2.28163036257066
1.24537239518082,1.84440008607299,0.951676470935699,1.41731476636147
1.55560766316404,1.85667549082009,0.86506540477445,1.58439140890934
2.27988394454006,2.38742849421009,0.943713636319825,1.85238170424613
1.64989401183989,1.85855194346182,1.29970736614204,1.55285156596286
1.96209744613855,2.30033096429652,1.37410284744277,1.53665406982198
2.21966986489406,2.08798484145343,1.00536940612154,1.44408742677524
2.68977885246824,1.71103527455823,1.30465096247098,2.19058113992389
2.61157161425391,1.76002174551296,1.78697732260621,1.98004694634364
1.67939914684861,2.30378399119427,0.986398670453228,1.70969645029034
2.91837797626704,2.15359754927272,1.07212747103908,1.99073967466881
1.80706249077872,2.23419288721975,1.21378426042864,2.21597286042308
2.34854607099708,2.29167286415797,1.02465216045068,1.42519031622286
2.44213052366535,2.79821765690223,0.96005664211068,1.92953281211699
1.98264181678371,2.47557275560265,1.16336791272029,1.77020552577808
2.03718225969028,2.10915768058649,0.488849758404443,1.38284982478058
2.3920283801201,2.45206577718248,2.10103574348444,1.54065836835843
2.8651178388713,2.17641701081778,1.80170782733171,1.49565232495958
3.44541121858173,1.60645531767221,1.4616625033241,1.51740149280554
2.02060444218559,2.04400803312777,1.09790757342598,2.38255736341193
2.50024476574625,1.48944925274592,0.895404984059446,1.84817371951507
2.19100905117251,1.98023404283185,1.09063514769711,1.771368148389
1.89026336662681,1.7669851957121,0.882789553160596,1.48843844916219
2.13822124446748,1.69394581226811,1.54475495776647,2.10930362504508
2.12466359700634,1.83575537164567,1.3140461129314,2.48000566658246
2.26900338290282,3.22451349959015,1.20851617281771,1.54480990510035
3.15134407119324,1.85886441553596,0.814292145400486,1.33568409557532
1.76171102446091,2.67765780151814,1.60943802192546,2.54414030191513
1.5299731841655,2.80475083194242,1.42212072906013,2.43040006689462
2.75811574542591,1.53675285986408,1.34304356121921,2.14381770033322
1.81754207713619,1.888575992884,0.825346780357303,2.24116480626145
2.276747846042,2.08290567800992,1.07708823681112,1.55430783141942
2.22113850210333,1.78351967911726,0.930215269715644,1.54255033418209
2.23701527548739,1.80682165880124,1.05958261382142,1.44509094066653
2.18077002423556,2.08000921403857,0.714084292742175,1.41517990752272
2.01887936408843,2.51187150449282,1.17091727562957,1.26698323985966
1.93906553620858,2.57634049052841,1.19747517455235,1.29371092618599
1.87635328326028,1.59992677397198,1.15663672263738,1.95368546374188
1.39201999469201,1.91836345496799,1.16275429789252,2.00187987832562
3.27486965249498,1.95174220088807,1.11138683980063,1.77570992792302
3.42414151505253,1.8986756198029,1.07241713736984,1.71717933724484
1.5137398465645,1.67968938389795,1.13125725527011,1.67495941665454
2.93778864188992,1.95868611193659,1.48671072755597,1.56407778600913
1.68238501072544,2.08120640962958,1.34020764876643,1.46962829642902
2.77222836771217,2.62548538408454,0.807375310548897,2.15119078757253
2.12140522623981,2.34005425083861,0.923727055349603,1.8722964325297
2.23169059538625,2.37147670801387,0.735760921218597,2.18237915456758
1.45614293635144,2.83367965380511,0.661217628777147,1.76510094005303
1.71321724953298,2.06317609185288,1.47953141468604,1.92382633986326
2.97566903092425,2.52625023131405,1.03241397713961,1.8333981413893
2.31094337583412,1.64163287624402,1.30913847128116,1.73898053770467
2.1535562507004,2.01807914572092,0.876368051090434,1.74135216265882
3.17300415037028,2.22602716923126,0.940920269151853,1.93825400766994
2.84487876655725,2.23412462978298,1.00073197328838,1.87387467227664
2.54632700518354,2.19239632753138,0.955047233247805,1.68739483040514
3.08315699973431,2.2660501362142,1.0353224500318,1.58172485420437
2.27249902971514,1.43471542609095,1.06773611235822,1.47405145582849
2.19919614422976,1.48952789432678,1.10534224296187,1.44768718714486
1.83439337354118,2.23545304718906,1.16762558868809,1.47692763168873
2.22887749227302,1.66684538396921,0.695170859548092,1.69312420821675
2.04230664510108,1.61810581751389,1.14091586871243,1.82555836357376
2.53948444674915,1.49107680507788,1.22084138027475,1.47637325840201
2.56731626767726,1.40841901835049,1.46011605933185,1.6167828259078
2.48575308895435,1.52580812957771,1.64970180941384,1.82190557607926
2.37492827640777,2.61169910563962,1.05932239104887,1.10988295382487
2.35705852322828,2.77499131457053,1.10175998493017,1.10361304966439
2.15625057835784,2.57939987851584,1.37197663345676,1.43895888608558
2.84328936589292,1.84998124699434,1.31820551671788,1.97932590361622
1.70195478697227,1.84762407150859,1.18649748583636,2.16943851010044
2.17920811416044,2.19480120877892,1.32761715296362,2.47376021446678
2.0319771504331,1.94001490922257,1.03788423436578,1.81910385786157
2.1124481508565,2.13864359879949,1.39174284021514,1.67695420232793
2.06544795739821,2.31198052078577,1.56328869649383,1.6304188516186
2.47425269990818,1.97563633608967,0.968683144658796,1.75219104286264
2.43222092094551,1.74017956524663,0.85994112235603,1.68293553203624
2.36268195177218,2.15592151629694,1.10918351973879,1.70294818459338
2.10377253387976,1.99857154493145,0.905744848554871,1.42215769229145
2.27978872384853,2.06701522001782,1.24531489685983,1.84365957858076
2.22482806967717,2.17072693775434,1.03005844565237,1.80140276203258
2.61505445850708,2.17215190613314,1.08932442116326,1.48496612124906
1.89629726727696,1.71637401221831,0.944007953367384,1.96426686957072
2.41532354808982,2.00847355807911,2.14022630258401,2.4704923376972
2.5355869577241,2.23463941547429,1.48930148996319,1.97523054097202
2.97237014302546,1.71820264236057,1.4138642910324,1.71767252245919
2.33580037991454,1.89666099734115,1.07792875013622,1.58633943672313
1.55719945098858,2.12531957042145,0.845120502009217,2.13643267696469
2.74957933954219,2.27559220008166,1.12051908872953,1.27000151058866
1.77496183060028,1.77007928711692,0.809618303846168,1.83543002345876
1.7850588865904,1.72268882510194,1.03107773627274,1.43078370825554
1.76504806950805,2.16479144031326,0.843044538988366,1.60004766677922
2.14708244205096,1.5775916834006,1.10296737582295,2.23814864575309
2.20199970585789,1.75541442230273,0.888487367931976,2.04933025171711
2.1738853130791,2.05300249464902,0.932545702488102,1.87049027579167
2.67105198045203,1.74163865324889,1.48662789534398,1.77816335058981
2.75422225201607,1.98886495422334,1.65067282232926,1.13371057464188
2.74765469008819,2.13157989915189,1.4235576698026,1.24232237684889
3.22738476544713,2.407645323315,1.27451088044696,1.47213024519106
2.53118940977378,1.95807169305145,1.55323737613336,1.46271970943451
3.46238516921315,2.1889702853002,1.34542251435254,1.50189788070572
1.23282530244685,2.11397044567656,0.810622197372008,2.19813334723398
2.92588966489732,2.28698461068584,1.0070758262759,1.57295786044493
1.84400626124179,2.83118917544388,0.963716296684995,1.90655299190892
1.61795485976941,2.72812166719379,0.990196386785705,1.83775414735594
1.62664423319681,2.80029011667866,1.02373691845643,1.69645667336535
1.85185430004366,2.34551404092998,1.54761068875288,1.66869888316612
2.28241525560796,2.288960084792,1.41275546951053,1.80607542746751
2.97077537594931,2.08807307957787,0.915641980172572,1.26383269395563
2.03318896405567,1.65614791032109,1.25325653605765,1.97764426755227
1.58675037328146,3.29617882419183,1.21483668111714,1.62243886004827
3.23955337485349,1.23571628692,1.04442759344008,1.5188223073266
1.663751408048,1.8541532839532,0.71053396844641,1.53982932046368
1.7808820893396,1.94904053682706,1.06361737734646,2.13518509702547
2.73951387326002,1.77503765352815,0.790356538897545,1.7155254311185
2.85922123832717,1.8335462579686,1.16671046792391,1.44594203456545
1.86295137256977,1.94416998582101,1.41574459415662,1.81337181356117
2.73930812200247,1.84145414394372,0.79488830624694,1.58066557385338
2.68304085546834,2.04252858797212,2.19756529389552,1.66140679807588
2.93068024024975,1.85375181862728,1.29111961189728,1.68499122257952
2.58176173971579,2.25489413244443,1.31371077633118,1.80269274647263
2.73398722660301,1.43728219340324,1.61124887219464,1.17753321450135
2.93877980650925,1.57631572098876,1.66857551815193,1.21348630374666
2.52437472165217,2.144029353025,0.828361069387786,1.99471161626199
1.68900610010454,2.14196400789956,0.992469800493223,1.53952894684476
2.05346385321901,2.0030628337465,1.28879020626301,1.2795128245869
2.09987623543605,1.75423281017644,1.31375415786982,1.36466629261538
2.32397908730798,2.39657451003274,1.20798725345205,1.58840118766474
2.21854637950239,2.31157275145516,1.12766656379714,1.74315766098259
2.98707848847418,1.56245965860623,1.3292138235423,1.47793753374602
2.46126445389011,2.04154079125512,0.961732650711508,1.15440167345762
2.28164906224135,2.42637179087481,1.36559728764632,2.07949576147897
2.62336135430172,1.43437613509567,0.990535446752779,1.51400421165709
2.28876945826855,1.57852415274886,1.2331553333115,1.12480575752446
2.01218852405764,1.35999504527804,1.10607243861025,1.38083841508811
4.59357672235236,1.83070147142528,1.38137657479947,2.39943103228962
2.12588773131019,2.12343858909757,1.25212323295003,1.71671511506961
2.26975128664358,2.39893374579671,0.976811802733109,1.68105555154404
1.97725141554779,1.84559060267403,0.829486656152989,1.4411705871774
2.33882172817869,1.81132992841799,1.47584245358615,2.39450033637418
2.58364071619194,1.69819029885087,0.765279847440558,1.7540650328735
2.0020709515766,2.28081991909652,1.4962531219376,1.58529444282161
2.03505564671783,2.5717843656883,0.635818161291339,1.63769680837935
2.08310078336812,1.74963390904966,1.41435603679227,1.78448305536729
2.27756183299823,2.17164128991608,0.886406408773351,2.20710824339386
2.66060077388595,2.9827315293998,2.26912808286987,1.5980439633391
1.78062808558053,2.26147831255491,1.71780974786115,1.88039471710126
2.2814790796083,1.85286047772902,0.757163531351106,1.66039629441997
2.05299529807633,2.30050544463192,1.30392418529156,1.8849162995164
2.77251273003347,2.05924578471758,1.71831369988273,1.77783736937239
2.23405023957425,1.9024512768198,1.61643787374065,1.56471617368444
2.88940344147187,1.88298753598486,0.927315535554921,1.76803934794534
2.50912913264188,1.90600513807242,0.696965879420935,2.06284654004378
2.34703610513932,2.0406148168836,0.974499324378662,1.65102710839287
2.23149008917834,2.36883536259238,1.0149196895967,1.90447985101361
3.53057887519078,1.81493248477332,1.03938682450406,1.70462746004446
2.3438023328731,2.02157527646135,1.05493232421434,1.47282640312288
3.16899345948863,2.1802117851745,1.04491035061087,1.41714099543092
3.21877876984905,2.09199397269707,0.723693434429324,1.329126098246
1.95060479290629,1.86919573670327,1.3730016060073,2.05913917934142
2.18745626801863,2.8991076604531,0.588148380318379,1.33751804031669
1.84844149386313,2.24277512215433,1.67043105714522,1.83772455536219
1.69048322637381,2.3946038881712,1.73228038967428,2.10380919082966
2.19519196122372,2.26302001348783,1.50716178462361,1.99024752368328
2.08437855211837,2.01384216202658,0.801889338271792,1.73265221086305
2.38290457578941,1.8987043304602,0.691055949560459,2.33232145681315
1.89263195076358,1.87744429036809,1.76615610518064,1.50900895309723
2.35373906178712,1.97435652838334,1.84554814077996,1.82454477160857
2.18928079229614,2.1890789016866,1.170000907351,1.4509252173559
2.37971419299846,2.20106406640478,1.08936276129488,1.92737877717692
2.03666102274048,2.11833410452895,1.06409443801121,1.74782750394869
1.96981349288668,2.25597488720213,0.849858652806981,1.60807273820536
1.82675727358319,2.19718168973811,0.860274585069156,1.66416841215708
1.7473821905836,1.89092672225068,0.918876405524395,1.87372711730995
2.80845839065265,2.38002012160892,0.816972363330899,1.41178612195493
2.60746853908393,1.90497069750343,1.20106692458655,1.51603852134608
2.66029223103181,2.02830040377032,0.977660020535759,1.51999661466398
3.46326655303076,1.73965143616484,1.04902124699565,1.42198917136787
3.46717325435926,1.82316347735995,1.13716968819001,1.37685718936336
1.3903942565234,2.60780400764911,1.22815813620021,2.08514011978074
3.5741506988018,1.92533112576837,0.994081594534318,1.36018609796543
1.42380792986995,2.14470037634415,1.11113481416023,2.40592211353172
2.8080131701262,1.99083108256929,1.18029228438292,1.74629758164829
2.50995464714583,2.1491910472662,1.00760077519891,2.13835079143278
1.60722615061705,2.16764851724497,1.01730478617383,1.45581058876318
1.78706914757998,2.30839861621043,0.908408521439096,1.54170110048548
1.8071593766298,2.06104203388088,1.07118190226757,1.6602139351482
1.48993959521167,1.8252061478226,0.865559929449228,1.58056803546276
2.14985395911537,1.84311974893991,1.41410756496229,2.25734079699471
2.44463077528216,1.71563055466948,1.48662852185175,1.40003498942251
2.07083987657286,2.14378163864689,0.777208518728845,1.95653554183817
2.54696029629141,1.54641747413011,0.988786631576251,1.47520571419746
2.35085777511399,2.41041734974114,1.50955493534647,1.59600679206066
2.94812402532988,1.86307569555115,1.12048346927703,1.81867072175072
3.03825322270417,1.72881202941147,1.29572915750034,1.80350564266456
2.95203860472623,1.73793690211001,1.2738160810282,1.83185730198502
2.9165414568524,1.52703883948291,0.914962594047998,1.81062280445965
2.89188167106797,1.64830216229804,0.934550633261721,2.24494504455586
1.86971626819512,1.7151894650919,1.43349451339947,1.74015652106262
1.9956125194613,2.11291361355555,1.12700265023585,1.89812607623284
1.57811842094147,2.53461980152713,1.47848069972994,1.66839963203563
2.27834285522143,1.86160376819445,0.845322151131022,1.93603736428953
1.91512852043429,1.88317923371149,0.759974924210366,1.76209755831773
2.55656107764844,2.22416991264749,1.4477530139181,1.80983107333538
1.93561621144688,1.8601156453162,1.03263162457046,1.48383604686261
3.32904543111577,2.22549156673139,1.02448573413246,2.10565774877565
3.51906629537325,2.13125312558837,1.06466503588097,2.26930168687627
1.49571342276584,1.94532552051136,1.16421362883717,1.41407105295644
4.16481913146562,2.22581947365188,1.06278565827991,2.58322465705598
3.41594780859028,1.85636844969616,1.10510478685371,1.91764545288078
1.83468818590525,2.40879503982295,0.961470464590699,1.53351747363752
3.17185065843473,1.74458569380072,1.27428541490766,1.43683712017882
2.27648767277962,1.69466327188627,2.07247275735327,1.90940795279135
1.9021786161666,1.8418593857069,1.37749038786925,1.62671100091999
2.06868903335274,1.78400414270358,1.4519460929557,1.74557045993323
2.22438278212001,1.75003209038564,0.748627164192159,1.67413769333251
1.84422454393204,1.66834149356981,1.05244596446338,1.67895520556312
3.36485778579738,2.39051367596631,1.03629403537586,1.48733949475372
1.78994230414417,1.85885115474953,1.29909884121748,1.95100302496552
2.69330954879627,2.2401913231354,1.04703341323843,1.55512815739561
2.43634863311011,2.57499088103501,1.15825788977333,1.5896395490978
2.76718797307217,2.03351877151862,1.02932467080277,1.58442199922838
1.99843586399461,2.51712298819551,1.41826354032986,1.64105030947207
3.0915742297319,1.87251190454337,1.17201485617993,1.72343567933585
2.99323228264147,1.62175053483894,1.35861140313464,1.38317598153271
1.36368554977189,2.18866715477566,0.880442545767041,1.92747326386126
2.25952643222281,1.91551627736439,0.94642336929462,1.64725622532106
2.63957856794995,2.51026408830082,1.7860149520578,1.57976688548283
2.03610105046481,1.99239099324711,0.647950263930112,1.78260492799081
1.91691680340945,1.59719338732447,1.23203901646771,1.74784972082894
2.05855926557161,2.43550041995801,0.665038461513161,1.52595502743723
2.00229357105932,1.96923051729047,0.912337715361392,1.31164482242103
2.50672240477797,2.68524702073966,1.07349978603966,1.92527818351387
1.62769317522783,1.74659402913505,0.861455344928641,1.25345801292506
1.79127289717075,1.40600486033362,0.947825643848659,1.64374509693281
1.7440929152534,1.44993160258593,0.871950740963115,1.62335902280701
2.66460942741032,2.1377106678028,1.26070467764035,1.59416569961692
1.93638355507137,2.08165391851807,1.06656244070105,1.38055086037325
2.04783560094428,2.27596624412062,1.24847117059486,1.37352158183515
3.10397713375806,1.48032220636791,1.17679564929421,1.72711704006238
1.82894053684219,2.35019291778575,0.788975374080115,1.66758020317873
1.20912609142985,2.09000914553449,0.862183014865321,1.93646132569682
1.5447143063706,1.75089704245228,0.848691684750426,1.47022591056708
2.94699981803126,1.69060091001531,1.58888386116998,1.66491119323613
1.95066266551986,1.93651947417272,0.90503388709245,1.70492112231796
1.83223493277119,1.97820725462425,0.923843813802899,2.00112966252204
2.48562567287048,1.7956299262297,1.03086837890162,1.35959924986717
1.8298278337331,2.21189129398264,0.978410476312978,1.93724744857854
2.23478385698277,1.94389871164328,0.804618360906876,1.78182869981669
1.71698676285506,2.97636699980904,1.50072538714901,1.76130841885197
2.80720270223834,1.52410444257471,0.883988947595297,1.62307852761137
2.9697200419835,1.48693983024712,0.886610006520816,1.61356558720921
1.88251077235719,2.401010567345,1.54452257994546,1.99192807544329
1.82948561363894,1.59851453163634,0.767691829543027,1.48691322903239
2.37273613689356,2.55094266506013,1.83035480536517,1.99114237299086
3.77017411123903,2.18166484981729,0.983450092609609,1.63969490024983
3.50366647577001,2.38379079932115,0.847801209456156,1.6478959684965
1.65109210772799,1.73990025870664,1.47228341370963,1.60765923001217
3.17504263446609,1.72252861179252,1.13279421004399,1.68731414645718
2.82569941294041,2.15116573003856,1.15919032236336,1.7597326293443
2.33466685643069,1.72295639869892,1.31689961585162,1.45502218960614
3.56158563077578,1.3964964452332,0.78755664758074,2.1412992378761
2.28515371269518,2.0983318234933,2.03218882436793,1.0519658074581
3.85344037436824,1.77158634861527,0.746370644016077,1.57876123573721
1.52398855567286,2.18690863756139,0.787435114495553,1.87856634700374
3.73580228481035,1.86922487394686,1.29457100966523,1.87425485073675
4.01408321082189,1.69618577405166,1.32058638770691,1.89331451866504
2.07647370493562,2.19659414895673,0.980524676469073,1.34122904400635
2.3087628201148,2.1032831615842,1.09508015756158,1.3878312626897
1.82031976464602,2.16026007493526,0.735202584601865,2.08636175034724
1.85308061230136,1.97155911375536,1.03972827120438,1.92875130831099
3.0782826016155,1.80741086516725,1.29397083788349,1.66227855974649
2.22643777576987,2.19650645581525,1.32792391915225,1.73723650639978
2.38371634234549,1.77641458225224,1.1502676765919,1.62700426475395
2.2697840829845,1.96602496084748,1.01294468774245,1.97454500764622
2.44562353334059,2.12866606789327,1.10538523697367,1.9883909443679
1.7783487902318,2.4155818984225,1.34432300446072,1.61347900790612
2.43986200529896,1.90965449795182,1.1326957908117,1.77364607002449
2.06378988766593,1.8969403897797,0.88806865772244,1.6547626641792
2.24485037713503,1.94128832482112,1.47533604997544,1.80558310800501
1.97497934695551,2.04268728123255,1.75984253073821,1.72664530823938
2.0340230463174,1.76257233403629,0.81757156682632,2.11396516984999
1.83640028917143,1.78902752717562,1.05358151401733,1.97621798138945
2.1923344623928,1.69682918923321,0.897440210573253,1.38069932213758
1.76812582256186,1.92946643796355,1.06549013539565,1.46646790301444
2.34892418448971,1.516927290697,0.745687225342845,1.80568042872463
1.58040313872316,2.13372163843555,1.45153325882636,1.36682695493825
3.13137817250219,1.88128985065458,1.37658775473696,1.72071814781865
1.61703915258428,1.99488248773704,0.922199210895483,1.57110423265969
2.60734919731573,2.04517968236553,0.740783905248803,1.86858921670673
2.20386673495816,2.11628767319765,0.695004459323261,2.06382858333933
1.97821798788859,1.68945435986419,1.6669138400832,1.3223389809377
3.08610477984715,2.61431256305933,0.816964307626268,2.23330403455261
2.0827282737121,2.62704058687122,1.06608278061693,2.00896850825093
2.16191142202429,2.06858887837141,0.851799517191168,1.64277533922747
1.85646105806906,2.0994634242892,1.10298847217437,1.88897382108796
2.23846897752696,1.87368614441634,1.13271060183857,2.49600256954916
2.3203481472578,1.70337960371157,1.04007283841597,1.45411102830955
1.89952795507836,2.21384403990326,1.18393596474996,2.12691777779653
2.12045256468823,1.7910954844975,0.792754500503245,1.83109258257761
2.84295981841635,2.63997313728388,2.20795143158652,1.33499395996652
1.93041022472066,1.37387509454946,0.755599718059542,2.06184102283132
2.43412275646185,1.54425195965932,0.909158106168357,1.31065228948856
2.33632366021777,2.63324126472518,1.30754061960717,2.09123146873912
1.9109605656104,1.88307536722739,0.855694292300681,1.89130668514322
3.36815478938661,1.73719645337093,1.25177394442062,1.47011132260508
2.45111422676202,2.66031936788748,1.37241671605161,1.84829301051369
1.8255194822423,2.1216444030451,1.66233405904887,1.95371021196765
2.38763433802867,1.75437901939417,1.78577851817574,1.98080565070067
1.78556772146179,1.62150064142336,0.930021881912776,1.46636779824921
1.8397538618077,1.60271913680651,0.883296744261678,1.70216247347404
2.62963085298741,2.10681352520534,1.16245212419379,1.52839117853338
3.35790781309626,2.19012739158072,1.31417627194069,1.37778323655906
1.29852379290716,1.64033640735507,1.15961937834646,2.51010814780421
1.80582437540345,1.92026834578035,1.11420017623691,2.16477697843338
2.23912914728856,2.13029158964732,0.948364055298745,1.80114831941205
2.09285888990014,2.02110944478968,1.80552369750724,1.73051653942952
2.88608955172542,1.71137204543608,0.737245068346611,1.84461008070393
1.91976737832916,2.03662048049764,1.78654818630903,2.20676704272571
2.49623441831273,1.66434621925207,0.908472523146609,1.59824942891434
1.68744394574914,2.10311733276719,1.05391981328475,1.49232991434986
3.03464367722976,1.93758392160495,1.58699661210815,1.59437713424604
2.11960139670521,1.95393489211414,1.05562435910552,1.77420278068095
1.99918617628867,2.19944226198003,1.20999927401369,1.82909149237738
1.93493290770683,2.11560989597959,1.24083186920594,1.74456631251061
2.07432900189669,2.41893806160943,1.19467179158581,1.54024516608089
2.597258198539,1.74747279863919,1.10277674151707,1.54704185405012
2.39720188989798,2.41514073163314,2.30486682899098,2.13076166021257
2.67689058471735,2.05535823491732,1.44645097159749,1.95430733399063
2.11431862673955,2.51012571619734,1.36124005458532,1.73558415997145
2.30228495175473,2.12961960488121,0.972031787955539,1.69428873866359
3.16211122772862,2.82251328606019,1.09080441365047,1.33273031479747
1.75765625236609,1.9646857183298,0.978343974080244,1.63517296778746
2.85841369014047,2.01562405577051,0.957632674030538,1.78262917938068
2.3747520751035,2.14538283482892,0.782610280996562,2.35768338458746
2.06358810543381,1.90947614672063,1.29922111037998,1.42573280814458
2.21217204175824,1.61823308255498,1.01144212328896,1.32896249045455
2.34192565347632,2.5148580736186,1.05632969229049,2.06968951564931
1.75840950970025,1.86605960737984,0.902033549891953,1.47425555464652
2.26872329752986,2.39742642435067,1.31892494990253,1.85427800650658
1.907462930247,1.3276169536919,0.879026644924073,1.55797924098759
1.52598039920283,1.23559333892695,1.23091959309439,1.37880992012454
1.72744333680313,1.73401511993093,0.953159846810398,1.23214297415477
2.28750812761199,1.75138631173229,1.32246444962385,1.66849808507481
1.52654044909531,1.92014327660032,1.12794729015072,1.64578014630362
2.45035141699995,2.06717888006261,1.01849659891624,2.69880589785231
2.76709395572612,1.95680991491431,1.02324114972618,1.45371329378336
1.31888704940776,1.74470577682202,1.09980457490635,1.99325115761283
4.60573957970502,1.81484344645489,2.10457718772433,1.56621862790329
1.67154991487207,2.11797703921212,1.59812418113869,1.68895820855484
2.2489096199473,2.42340585903964,0.773194298701643,2.07422931761228
2.0543882759004,1.46260661054307,1.44518675069231,1.60905792885017
2.81273012766656,1.40189437044818,0.929747309590384,1.60179319715762
1.76231538565472,2.28360111977419,0.9149917240723,1.94969466959888
3.03810467639029,1.84001754447489,1.16064162549533,1.68535306532863
1.70123504977168,1.89031600897854,1.08018550728963,2.28926957916715
2.95787622397494,1.86517749069393,0.962478834484836,1.26396001857971
2.97514565625182,1.77655033117584,1.52918877874347,1.72839094133279
1.40689193585605,2.28860148200259,0.996832297245681,1.45344843548723
3.00058778192646,2.18278968537091,1.32636866267241,1.46307676975332
3.92115014272096,1.50546205401987,0.782749848006789,1.89869925919985
2.18858810395844,2.18874432650319,1.28605412580155,1.54201279563462
1.73942648221281,2.04969872592299,0.857355926295101,1.60172294274372
2.34753177872703,1.84669102399075,1.0316865580071,1.56656338439261
1.86077659835881,2.36966051410603,0.816447543765895,2.34595938274795
2.33862222253701,2.15398163676865,0.822441470148273,1.78106214191718
2.12460188139473,1.77753225242446,1.68498790932658,1.43919452118204
2.61260029071469,2.27115159052634,0.767809648502012,1.67638641380503
2.28487459934912,2.10785442338257,0.885330685382581,1.87340654855492
2.5341915884503,1.79197408977049,0.914309868677052,1.52033975566082
2.79948565302463,1.80638940336351,0.861088488102665,1.44454903637749
3.06247540070384,2.02985660951766,0.95458290817597,1.4140323108576
1.94209712366984,1.76563387246418,1.32854306654953,1.81719140062229
2.34536801813412,2.4042038518929,0.979066155811136,1.88573473541938
1.79460908565466,1.78695189753195,0.992235020015861,1.66325591456771
3.11694943545614,1.95003860080587,1.54482364325214,1.83124103225956
2.3287299831404,2.16143025054606,1.21283531955434,1.43138344397579
2.30983136790925,1.88546186046893,1.98518239083639,1.68588742630195
2.00478749499928,2.18940177633006,0.658365635100798,1.65448451118413
1.79561402675187,1.99595527145097,1.2356716232239,1.49523622538037
1.76310396052079,1.90272774421229,1.27832826420751,1.39721433820681
2.6462294022459,1.90475481816445,1.02296972190789,1.89632865965012
2.0222357500295,1.96422966879156,1.37012503080078,2.04890647646023
2.49847196259909,2.63160021484271,0.812864062476158,1.16369588645759
2.45277056697994,2.0493579929367,0.710607567394286,1.2436745199831
1.72242247310742,2.15228772757361,0.79875090786848,1.22894048638266
2.68255250571326,2.42768640543974,1.03928814222326,2.00812880653607
2.08393145343033,1.77045658510137,1.20183653943513,1.75487702743784
2.81972559744362,1.88067409248548,1.19638884486491,1.42255973254662
1.8665083408928,2.40795047343747,1.07082202996485,2.18290792337845
2.92626095091972,1.553843585693,1.24381999583936,1.39728931835023
3.54713076099123,2.04279480721358,1.2303491144098,1.65287513585022
3.48499138739171,1.66530423614921,1.73488941619202,1.39923470087604
2.03122531804561,2.20038416976665,1.44731869478666,2.10987041895221
1.72913157636242,2.12558434378711,1.25000413352717,1.40488304051405
2.78169319096769,1.827066646457,1.16417174926654,2.0503285130708
1.71823180256322,2.12484972499687,1.38192149311502,1.41239637752727
1.87543229982618,2.11482047067311,0.951479483004099,2.0927679677411
2.4618640690726,2.32061202766747,1.19421830949753,1.77501754017939
2.58470111269974,1.54976407061678,1.14890541722285,1.72608395539275
2.29997434371235,1.47784074266547,1.0759740957317,1.23266213397992
3.27251489286365,2.34631773085531,1.41690772663115,1.72666658757208
2.35769066640491,2.38076518923191,0.977885566646713,1.70712376351246
2.52775257178041,2.39154284661801,0.98024325732972,1.72811263563336
2.02025216656191,2.16409666931205,1.10343751954669,1.76280249817036
2.08544693151214,2.09519772988492,1.16277376837872,1.85698768619329
1.72136334462045,2.02221325201547,0.987263362941266,2.0403010349782
2.45449847029692,2.8716981188278,1.15052703390509,1.41340511550712
2.52700737707659,2.00232635400195,0.96784505855181,2.13578354901931
2.95710419986997,2.1937389283548,1.59966999909228,1.33419156616317
2.68629025026207,1.60656323744311,0.980949766731036,1.737771017888
2.50654958183748,1.91942494138619,1.02473975733608,2.63862298245836
2.95892210305603,1.90091353409622,0.731219411570998,2.80480579587958
1.93054901497978,1.44674899039587,0.673753428346054,2.09356233838222
1.9420839397646,2.10799799604659,1.30971930348983,1.80884333290663
3.69170459954525,2.33093084894329,1.44044466928358,1.46387476580157
2.30336253679971,1.73105852522136,1.03206192169431,2.1054223855904
2.36288343023647,1.61888108889214,1.09502384716158,2.09086889008076
2.27361536675281,2.11468999320686,1.16212040762605,1.59268143623444
4.0215791307617,2.15756040542845,0.837708212074437,1.82093048002432
4.29248160079357,2.2188990319514,0.80971416306539,1.7329380904069
2.88856884585232,2.39804086224038,1.06947916485174,1.92578868672978
2.05751151722325,1.55352732146194,1.23308281424107,1.26389441849419
2.18490703735304,2.11713802100759,1.11601776340341,2.11959203855116
2.12284637472885,1.69931462458185,1.20943328047862,1.500518644527
2.34478167331072,1.71025674188317,1.30432098852122,2.83565246047216
1.57633228904728,2.34042164494604,0.909193439192766,1.26023985042401
1.5604623966327,2.06171385998632,0.724240673929252,2.06560159741518
1.53889351320848,1.85348368620302,1.14775589947048,1.77431958476177
1.56311356715704,1.60225438760728,0.708368196591117,1.44002150023338
2.59285837903728,2.47424969570056,1.76361228622737,2.5586604904608
1.73695384513437,1.69260003272579,0.702118434428637,1.15218987065333
1.77530350512044,1.7168167158721,0.944705664397675,1.78843265462351
1.9584349247227,2.48128277830339,0.582978042697861,1.81448591295157
2.41306590646161,1.54338235082126,1.46881316145996,1.57494251036566
1.74692856543243,2.01971319734638,1.34536770234723,1.44881665798815
1.64158004637673,2.22537406814342,1.09671080404481,1.36826850662789
2.20374700670167,1.7591218123,1.86928570655977,1.31836304173839
2.20777825434144,2.55806456342175,0.647895770888527,1.90407565184653
1.82405937224993,1.4188049875544,1.32005371055055,1.51274525237741
2.24979756050998,2.26734797693376,0.755142209098295,2.08846182220388
1.80893601058835,2.52538709159168,1.10062285695478,2.05958758226249
2.0899096028782,1.90398677735713,1.05550325940654,1.97389436931685
2.40961014006618,1.65948661097836,1.18308594299058,1.4034537229369
2.34842876589146,2.01667960132278,1.38723113644742,2.09918771122876
2.4951044218002,1.4790925182682,0.814127081411575,1.5065644012313
2.25092011677531,2.11044193633618,1.27400930833907,2.07423460335131
1.9581041254441,2.195034220069,1.36426279060666,2.02236763300941
2.49906968543725,2.05777441983698,1.04790389876239,1.15206723635401
2.25491616087517,2.35347475620587,2.26380217343909,2.4819267078972
1.72724792310775,2.19744231981283,2.03595389202088,1.87995012701801
1.89586905368899,2.22859619725142,2.3429124884935,1.7481348167787
1.72683288702627,2.2213203864309,1.04393455906159,1.25961008448321
2.37162712017814,2.12204456681735,1.06702786808835,1.847696161719
1.69989736317395,1.70431832046724,0.928076098170708,1.66175995371692
2.36829642633548,2.25095414639287,0.989467325189197,1.82921596035094
1.67014551800784,1.89767379021482,0.94649516312588,2.09484472946983
2.61304806636389,2.24066140528831,1.36562187448309,1.60066565032686
1.75627217977407,2.12450779592163,1.22820581481173,1.6589342456871
1.72414790879636,2.15013043179435,1.1450261691668,1.75762219750419
2.30601016064688,1.25093259948878,0.855889581741681,1.51043939838122
2.01791010774237,2.94655262454605,1.40860791590885,2.0416421202618
3.94240552421559,1.33133466313897,0.923943787557031,1.10917452152384
4.21294224990507,1.5717152652972,1.09121010763972,1.18688697857011
1.73972638496164,2.21937204481155,1.47809324759646,2.38758956287475
1.62365746969603,2.19296344618098,0.942984437797672,2.16147233262861
1.83873106126749,2.32143882570943,1.12627435195877,2.72277018332487
2.74100203887678,1.4956728714173,1.14107274566006,1.19216709491146
2.65238649039861,2.23519050343445,0.889096847455966,2.23349605769615
1.49402138438284,1.6752342811315,1.17286498202996,1.42116473904074
2.9970370130787,2.08222829837785,0.936864863669142,1.43777397556236
1.77911707800652,2.0096215704112,0.861800418064112,2.29329140092522
1.89513450422276,1.98859986725826,0.860220837745558,2.18045111855224
1.92369821603519,1.699064264351,0.93399390318492,1.72075868821557
2.19815537927935,1.77829303058232,1.22970437782675,1.42343314148315
2.22918187830625,1.89560676556742,0.848227220949797,1.82367465086421
1.963888327104,1.69379308309098,0.985665426254803,2.01814098490593
1.6546589154867,1.79324253549456,1.122999146455,1.56495806832671
1.88524979774784,2.39057323699832,0.782130323873276,1.73547678762117
1.80369605372712,2.54625138286757,0.95904050934289,1.75671513964298
1.79449415440843,2.20050739807473,0.77759992491839,1.69518763386662
1.62795980628425,2.29347278139302,0.655878914634245,1.63995361325592
1.8275648425314,1.90214476295703,1.19897550476703,1.72010024940117
2.49619672722203,2.08692698343372,0.970716999290292,1.71882091364723
2.71249038228959,1.65477680307001,1.47831373251646,1.66705455653567
2.03334554223463,1.7766161360877,0.856325842660998,1.62121755552822
2.49829060759193,2.00112019823938,1.02441973085038,1.56032082645209
2.6260627639809,1.97823980350673,0.940383459533055,1.50540242235548
2.31999903233523,2.1214675062584,1.12427988201619,1.45211733217572
3.02256198160805,2.20631014273861,0.81621294861507,1.18265197884608
2.3608095248064,1.94873376413242,1.43266427855084,1.64091864737481
1.99545211595364,2.48909293224792,1.58460398773352,2.12049491499018
2.88857530852116,1.49437916637617,0.823645410926048,1.43102147699736
2.97749941347573,1.89297784918958,0.85117427229428,1.3861502802239
1.93361568060868,1.83085907944068,1.39659154570407,2.0682927718304
2.07586241622508,2.07479615324771,1.6494918029994,1.74891885430809
2.85295579375666,1.80167639805344,1.02295103057795,1.67342853604918
2.01712586133623,1.91904384954657,1.47592687887061,1.93409046029446
1.5607731576799,2.42071285152761,0.880518057219412,1.9927854914368
3.62640747619531,2.00142279448767,1.55240324531207,1.23218526309157
3.28469394350204,1.91804441632948,1.24123029312154,1.45281284948528
2.51391704617919,1.8279734387877,1.08338609821367,1.78604342693083
2.26459328145746,2.09927086860408,1.05296131647899,1.70779373317063
2.77107143034049,1.97097462123681,1.20927882040222,1.8554856557639
1.87284985236346,1.87665174855863,0.937501873704321,1.44080377815108
1.8371156325866,1.84644099065977,0.883793946133551,1.25496615151268
2.23400085827817,2.26311646888523,1.03352002667213,2.34257066736102
1.89454526911039,2.18925025327868,0.752948273448442,1.3224741255923
2.16992841081152,1.89638472800827,1.6595804885541,2.09791924358706
2.28535378044003,2.02434778878782,2.10764420304902,2.37514975116305
2.47958159007187,1.79986796600403,1.50239475986223,2.1026917583532
1.81730523922367,2.14157376263145,0.931249676468779,1.69534718063841
2.02360381774337,1.8222719236848,1.02355916132682,1.70235658265287
1.8312011103779,1.57126875248835,0.93353484893405,2.12989123278635
2.22380703289301,2.52393951180653,1.59400942289758,1.32669980183169
2.29658478601643,2.38762927185557,0.739993439480328,2.06236847728376
1.58613272853748,1.76710381382903,1.15279927320282,1.72241833849601
1.85140002205091,2.31343329685706,1.83054375338518,1.93353567229528
1.66426511351362,2.24421540545065,1.29550334788625,2.06378272605353
2.45209986503388,2.02614604402866,0.976653856798593,1.64157722768174
2.33532741465516,1.92308582068497,1.64289040513994,1.77953838014193
2.74377497517928,1.67741187744829,0.873344514523272,1.65813900521793
1.47584099781028,2.54784521520606,0.847631867256005,1.57999686827637
3.08400061274721,1.56520730674215,1.45050073149989,1.85209467409948
3.56198071604704,1.82529250736522,1.43991627111447,1.51068456693564
3.09497407252608,2.07009704229072,1.54027252152882,1.63382652540632
3.06263198748776,1.9410651149926,1.05090609534645,1.51035045532546
2.89843074164249,1.99333799666489,1.13446223940647,1.54390370054574
2.16678418900824,2.15004094456973,1.13580872758153,1.11625885435966
3.25208572907574,2.14298517131164,1.09833254964735,2.13468055510182
2.33543765051907,2.0759338360165,0.632895803700516,1.35793939124125
2.16642391254364,1.95353318779541,1.07723391130551,1.45666108074594
2.53359334785952,1.61339112363777,1.0675518575756,2.10150209291593
1.71957793823438,2.37728859640488,0.93806139240289,1.28666256569868
1.69029791574663,2.26000524586436,0.600165729496477,1.30621658526151
2.57366701505453,2.34552201756185,1.427868062448,1.90618507336848
2.96441237766325,2.26090497962374,1.19693533775997,2.13367163412347
3.1654593004885,2.39740601456489,1.40799951310563,1.91923369932206
2.71526900851791,2.14492528035667,1.2179030049803,1.65792403567578
3.14455392580996,1.76125677291706,1.2117815810671,1.83524448709635
3.01784166168797,1.78681391221635,1.29964818196931,1.94491691973187
1.93521499708394,1.70138581450324,1.02960332309169,1.84546251192944
2.85048373237501,2.00839131698144,1.35015550646298,1.60792580541319
2.10976400617895,1.72489203308774,1.00098545975187,1.74974761551519
2.20878742788899,1.90050798701065,1.31487565943158,1.4011334160283
2.68576357195084,2.39462932432971,0.842612211002991,1.72842214139217
2.34985524511613,1.70846475526521,1.69028093893761,1.90392050011216
2.34694794879132,1.94606436868035,0.84076252207373,1.71653715162218
2.65512154957243,2.71286868295605,1.68640948198632,2.2202948263261
2.68667369181812,2.19917786197541,1.10953456637937,1.23760615518376
1.92689037761731,1.7960858644733,1.31117214314924,2.30177551269533
2.00951099278387,2.16622342263155,1.09692697573569,2.10708073311582
1.96898056733148,1.60752959156953,1.0590339835789,1.86903580836491
2.11449617755406,2.67761306525103,1.20319295199922,1.29477403315085
2.73050218591585,1.36337217424264,1.28896169832309,1.89507221340885
2.79431606606096,2.41111178109467,1.88804711145046,1.56556056847135
2.88292916725971,1.75021843510465,1.65124729348047,1.44982739116763
1.69848727751802,1.7327495683255,1.12445356965813,1.79310304848915
2.58387678577882,2.19078323371793,0.795654931017563,1.77170462345191
2.03562057191377,2.15523249230014,1.80936450686203,1.68843363126861
2.83177583995634,1.68687152886137,0.762188782335219,1.68006828931649
2.25292150908343,2.42210895537696,1.2251483561722,1.75758572856471
1.68708868937601,2.09808890124203,0.961569857457516,1.78239206833078
2.5387576645079,2.2150707927889,1.1722359469063,1.61739304934816
2.23106986296447,1.69668525975028,1.83791408643475,1.64650583866199
2.87912450262241,2.17474398335582,0.810477880817539,2.19504884850157
1.94211603565716,1.83005269589483,1.35445356707635,1.34461636555266
1.70039709542531,1.94348909443175,1.20401946162451,1.48608584657519
1.75738805245812,1.71958171457136,1.48022303807462,1.54220410514798
1.82952067453683,2.03852714573388,1.52140885582709,1.24155420426312
1.8302440200065,2.24310956136367,1.58595809574017,1.81942412526485
3.08355025423589,2.54258046803307,0.885244129126169,1.82618904982786
3.17692123819657,2.11992664331423,0.956609729546139,1.50075764279611
4.18594623531082,1.89026363453189,1.92695560116163,1.98270577860347
1.69472934683422,1.71409304083416,1.18257255533773,2.63290677454358
2.74370014891396,2.05082729241025,1.15585458995693,1.79190352688322
2.75796981703658,2.32353499356981,1.15616453694558,1.37091530856199
2.30787373089622,2.87846450279658,0.93887962508749,1.37968495152236
2.79252566558638,2.08889698302081,1.01058835391367,1.54910596374726
2.28868605243428,1.85482004617388,1.1674574703289,1.53472941054693
2.59487901775818,2.09598823875948,0.972407762903313,1.49768651331159
2.30812901535367,2.2330608575178,1.20886587002534,1.87886613421588
2.49369605156643,2.09164835366687,0.786843765376865,2.06477402042571
2.54555452879547,1.6881809045188,1.09590874000142,2.22938613606779
2.44668308392853,2.18888554201952,1.27335075935058,1.27648390923326
2.27135617156792,2.09265009102895,1.0617101018134,1.54163867414046
2.25406509017669,1.78325294805418,1.37219140063078,1.54764843140903
2.01409132005115,2.13381822435382,1.68487563049483,1.74369982753334
2.45092533283051,1.44927454318512,1.59796676600832,1.55029281394467
1.86439933359597,1.75353297874595,0.950072799209248,2.19800582289533
2.12415989589758,2.34966326363225,0.860680335119088,1.20979928448458
2.15876327070328,2.35377277573037,0.818162493758691,1.15133324344056
1.99310418807384,1.69604377920377,1.00642684972933,2.49567424393584
2.56583888534424,2.19626968147026,1.35356024439041,1.23228150479349
1.74029535419577,1.53452929355137,0.922226920624516,1.96865871498167
2.60239986600401,2.69993845622489,0.79540661456587,1.77783119182413
2.55240547485119,1.62914045396615,1.48150411788302,1.61123271182771
2.19459649358638,1.94284420886587,1.18202809004563,1.83959471478148
2.8548788244551,1.86419493608416,0.67420809997256,2.07230039146393
2.90591233285242,1.88384407938693,1.14425388762097,1.23001244766962
3.0688805824033,2.22452668789787,1.83881623955513,1.4022191538525
2.17655458929319,1.88470545026043,1.08159812192741,1.65836935479502
1.73742357012405,2.39860952910819,0.955753241767398,1.26465287248361
1.88702321251878,2.22579078754595,1.40996263334359,1.7127056843046
2.20845441004846,1.70181079839562,0.809577500535967,2.33283860546749
2.53341973568235,2.03264022764418,1.56574134740469,1.02048773516579
2.29559108518035,1.87312086208974,0.853420349312736,2.09571060092013
2.30787321273042,1.91880007134956,1.13798774754222,1.41145793479928
2.49378590303708,2.26735792418266,1.25773860375193,1.69780333840859
2.07874654539058,1.29978484003719,0.714804364530551,2.48429522580661
1.83012900898006,1.33562024863752,0.707956738725152,2.40548104478665
2.17940723460407,2.08219223353454,1.25022148071047,1.79818031215844
2.17510883502409,1.84282654284006,0.806573017746996,1.94551523844056
2.15728715895093,1.92524595673778,0.820030004208919,1.92467983976411
1.47471418537413,1.70910287659863,0.851719635200083,2.83307959582965
3.08301914880052,1.965651013744,1.2579524078369,0.954557643260582
2.05400275464141,1.76724750138648,1.42630489984492,2.46965031463551
2.28324115752391,2.70715825915622,0.886399771007948,1.39051468297177
2.44463628953386,2.11404914541536,0.972044067091867,1.3054771677225
1.75288771708148,1.6290156502321,0.977233555176162,1.83502813604271
2.1354259277701,2.05779231632782,1.25898464699926,1.64135635339554
1.97124882347974,1.79210803744361,1.13234446503084,1.60866678837023
2.54667939732841,2.02392213546875,1.02848228154043,1.65550789618792
2.65852482141702,2.38287728150746,0.912120038445528,1.59180211591089
2.00444869277081,2.61231965914371,1.20399755788013,1.42894264917553
1.93917194040904,2.07184945439385,0.639782185309209,2.62584237575787
3.5652171087712,1.94142967595619,1.14610483525928,1.14530629248683
2.08054543727303,2.18316595085826,1.57823617410545,2.11122895449295
4.19421177659473,1.66602156268849,1.19067439049647,1.56133854962454
2.83007505516623,1.96191589110852,1.90633571782395,2.02127300694762
3.53418065053361,2.24600751165014,0.841249418372026,1.72174278399913
2.63724936600483,1.81145085409209,1.38394993196444,1.68860061666488
3.30629827011254,1.89358141026547,0.888632169276943,1.89065641947715
2.68389499088392,1.75758442766466,1.19264556576405,1.40962458436028
2.81594309072152,2.13539894476719,1.23792517201028,1.8261942624138
3.0540618336296,1.87000119075204,1.36867367222366,2.18766672710054
2.11655496225146,1.67291923198252,1.80094055948988,2.17761916793726
2.04605254820332,2.20434769897819,0.70953573587773,1.55401213885331
3.2739680347307,2.12511571673379,1.31561178092215,1.83766954459528
2.26304156145024,1.95888409312934,1.37904504581527,1.96544159661764
1.85175146301764,1.57447850583962,0.790498387167722,1.78397979348321
1.81289755511144,1.54983675567907,0.72450307528902,1.81415619520073
2.52547972147032,2.36550932933182,1.34416351728256,1.34542280549995
1.93429830009137,2.38144369076991,0.657572783111287,1.61298153077384
1.67130268780872,1.99506517552043,1.43009705192095,1.90539577338306
1.65298755117807,2.14111078714251,1.8614778335972,1.8344426045102
2.82713768264078,1.7885383561073,1.10721138622768,1.45081612476065
2.28220672203613,2.17641661981628,0.998093226466736,1.8480492822821
2.09473726832825,2.19251470146845,0.972788290193652,1.6062902974073
2.17064013644088,2.52039938566515,0.88419778333319,1.69700195125712
2.13760663630101,1.78672828853704,0.964999694524246,2.02636918576072
1.54359556080342,2.41991209045378,0.879171111642505,1.32606192059057
2.70390225745148,2.47203400552269,1.15052256495757,1.84118949435591
1.50051574603221,2.02166935528856,0.694553204918717,1.81394947266048
2.40091834773713,1.66667225666473,0.655905109070045,1.92922137997002
2.45104195236228,1.69044724651454,1.81698649056891,1.54124865996178
2.28893221338591,2.51409746675582,0.960324810470884,1.7819260947723
1.82992095824859,2.4011398830551,1.23485689332541,1.47625272708196
2.66443579540105,2.21111371209037,1.21103260900478,1.72102681486001
1.90911434846495,2.10213207931603,1.1665055315472,1.58426473085958
2.45716649071607,2.10397427688857,0.792189861469183,2.22837926796421
2.56609040606536,2.16291778865042,1.45814652454862,1.6627329827449
2.23077927145601,2.33665427037904,0.802507156919374,1.45276682755513
1.62497701312381,1.67005001204595,1.77262153841254,2.17293455968851
2.44154747903116,2.39211317034356,0.876711231563959,1.77551048300718
2.45405929619702,1.74881124740917,1.4163589528178,1.56144195531909
2.17243855563395,1.87881573093095,1.26365898981516,1.93583827747703
2.55913996999115,1.64744244536468,1.19632203960975,1.74985761491134
2.19801948338224,1.59615840901478,1.06203562477527,1.85923004454378
2.07622338853863,2.63289838302928,0.847022563489178,1.45540175885477
2.71904590739461,2.05057685907141,0.756840249966296,1.73063921275776
1.48843484681199,1.77150960098543,0.972041212770121,1.59070282782374
1.71216236246158,1.54957591448073,0.899656199149334,1.47161223778413
2.13793912670224,2.06563900553,1.25316661102591,1.85772048600396
2.31683756671294,2.17918784179972,1.7209047987019,1.88354701041454
2.49680939632767,1.91330556948745,1.2740022035186,1.86494833546918
2.31820954291312,2.08842506223956,0.642398910034113,1.67001794654211
2.22189842323628,1.76498207961071,0.997816237173626,2.05858459220758
2.26981469912876,1.96341735605475,0.976346668527547,1.61106772706354
2.14668869784594,2.30566439292699,1.22750514694295,1.89030626654654
1.88378103268238,2.23418735647276,0.984256239234194,1.53814606334812
2.73340995052002,2.04121937799381,1.08749112090715,1.75721222308239
2.07862605092092,2.10561948117495,0.884392578270703,1.58975747476353
2.19230445963703,1.98526851315997,1.68820645318843,1.9817376170532
1.66172009426404,2.63628652040918,0.880582551455388,1.56223903638467
2.01526408700239,1.84013371937239,1.34831385208754,1.72311364284761
3.36075628563933,1.98490773121409,0.934061845604027,1.37001416398079
2.3450399294508,2.07914785025575,1.26442396430498,1.69166090510912
2.86877222580551,2.05337852760991,1.22136947853103,1.41197995818363
1.8818636392495,1.68702721966241,0.969685022445121,2.01207144227233
2.13402108214746,2.07160125684662,0.898794933514956,1.37047853894947
2.72126101794422,1.75937097340579,1.55768196522303,2.04650422442494
2.40985656512901,2.33760914737664,1.17595264953118,1.37800130557198
2.62528044221818,1.99580611955499,1.31111445613575,1.53413145778492
2.800685482822,1.82522528485367,1.25634568593526,1.92896343764404
2.25374351571047,1.71487025931775,1.48500553141722,1.31875243642976
2.37557367871248,1.87822162060515,1.34106539563806,1.3721748538919
1.82372989184076,1.81311582490352,0.777436592592008,2.20117832078727
2.45884768764066,2.31033941576551,1.42791757653064,1.5774893809652
2.64716555232814,1.82116712746966,1.89446925042134,1.44635445885172
1.99728166866343,2.21450140133688,0.739443868294067,1.86474269783171
1.76304500452888,1.7066285183342,1.6556634625341,1.5419510232108
2.22513750400227,2.5096607980536,0.658561903121421,2.12880156880697
3.52824403380679,1.7055591087379,1.75108389097861,2.04513599556895
1.9530748616365,2.50060199720514,0.797320424280469,1.52149749181972
1.14842703261716,1.98564622101068,1.13410692539699,2.06276416378068
1.60708555160286,2.22401475663138,1.2188653580724,2.11516716593526
2.21358689232999,1.67825014329595,0.801088072704175,2.19033664563417
1.90515479465442,1.46833287927545,0.945770792421898,1.57276980046161
2.16872200397061,2.31940607102535,0.969082167297512,1.41554398104535
2.12416553948956,1.37924093691614,0.907063597560725,1.63280773071835
2.27796200511664,1.47630498551458,0.964776415680132,1.61150055197721
1.72797994939527,1.5177867947851,0.700567957951845,1.67146915526266
1.83237900106301,1.85552334228222,1.58281592182545,1.7010356280334
2.7764436849468,2.32327036893942,0.781240913284049,1.55944062593428
1.9319279890932,2.19261819414689,0.951354519693805,1.46594152449369
2.36889288646171,2.19317255020796,1.02943694246878,1.75189124939531
2.7012654452644,2.00463346471716,1.04018532414694,1.53801209495476
1.85666841479847,1.88407432863152,1.2403796241559,1.74892218509116
2.51149993685347,2.41697148224059,0.913809402379478,1.93495576657279
2.35216113556071,1.5647326934036,1.27602309628349,1.27484551259794
2.153898701452,2.41952431969841,1.16823033453584,2.32882836914476
2.22438286249229,1.45756699058369,1.24086827393452,1.49687085836794
2.13444520726912,2.82308287236194,0.880424819726419,1.78853033573757
1.80671123807005,1.56486225224854,0.893341166378279,1.68540958578507
2.16445789998988,2.15410294685053,1.9135935437111,1.76235891061139
2.10602018559822,1.55031473494187,0.74637292508661,1.72993644128736
2.00817854489475,2.76240099339731,1.17217185151741,1.61809629037063
2.37408498585157,1.81946910807064,1.04489961126411,1.8299215166344
2.82366711359456,1.62781737022212,0.818349150600818,1.44633897386292
2.25476498165009,2.09513758265409,1.13458521757728,2.15439212480508
1.87448467086938,1.74196436908098,1.53910584328787,2.4383791227654
2.42727799120647,2.2914593814615,1.00807716491797,1.26885902096972
2.09281873829262,1.70635360796974,1.15270161200201,2.60524608204277
2.27838739845588,1.75626764220822,1.27363356759039,1.45790951653921
2.91340352326691,2.98338684845515,1.69005581458507,1.32205181566691
2.31501037700865,1.40105304070096,0.944368426382507,1.97518125636595
2.66373349412773,2.47200200900231,0.851679920292196,1.80771581585237
2.49949974744385,1.49706595801388,1.82836995334098,1.57213047525023
3.38898378275224,2.61154376273815,1.68683004476367,1.95750314340343
1.82417487029131,1.59898826624682,0.791327950939108,1.18932469365126
1.55670322316458,2.01549138408756,1.2604132084743,2.12411466469954
2.34737346490777,2.308432734064,1.05731173580932,1.73928320816291
2.37324716430468,1.86168135559558,1.06131040428626,1.54493390864671
1.88739115665094,1.97864968433825,1.08308947797176,1.64129367696692
1.98962536757661,1.78481437087979,1.29973303426318,1.68467649471939
2.20889759710138,1.78280610251252,1.69148440861931,1.70556845078759
2.63031889908092,2.2621487397289,1.07514234695532,1.95042526686523
2.12421941247693,1.83844074209009,1.26080162336897,1.43774375368629
1.52040120790685,1.63434585208212,0.94071133487539,1.80358162607039
2.77844553491805,2.25846746270699,1.3664288035726,1.53454367074184
2.33081351389993,2.27611342082804,1.47119158368372,1.84506523044076
2.56772764552665,1.49646958052752,1.35446484153692,1.22696426557627
1.70316058044472,2.07641921679264,0.804377676032328,2.28737181097541
2.72608645012732,1.73604308104576,1.16654681679267,1.71803795542174
2.05653596257576,2.0080588959532,0.845161777576151,1.80190456442744
1.70156804220639,1.78251048917798,1.08531123144572,1.46927477954639
2.8249103122448,2.1456583300665,1.01112784183119,2.18028551503156
2.10759509736377,1.68186949427338,1.21059422357155,1.44372546290815
2.09708494305214,2.13311023932422,1.05156713365586,1.94494991395542
2.0352946547831,2.37797573430385,0.786158062540406,1.95631952262235
2.93580988109744,1.81360857943794,1.8431609550651,1.34844815442731
2.43090027258911,2.1374584834005,0.953767466303487,1.68405391696376
2.04537656275545,1.9795590886285,1.62967178125452,2.04432833265378
2.32860348204699,1.92978497938912,0.915055025959306,2.35289679746478
2.08970305150465,2.0818362792259,0.644265036303994,2.2092952194175
2.06521558019421,2.90163446861916,0.728413602432438,1.97737376072694
2.93952554178835,1.55293456044204,1.65187906983506,1.46787541506359
2.99474363373577,1.84057806124464,1.48799463416995,1.53445001838635
1.85106311561215,2.38143153888238,0.801135899965239,1.78623726803067
3.00581038504425,1.53979881775185,1.4509375262938,1.9403713800941
1.7475148225308,3.15498538587342,1.14775021093257,2.21382600451615
2.08436223026071,2.03067395773788,1.12952016956333,1.88436924146461
1.82250252730877,2.10248121091899,1.09794535644438,2.04176058044867
2.05763303791799,1.70157541832196,1.20141852500817,1.85860805513391
2.69884024880499,2.34196502167541,1.06499402684074,1.79619763843206
2.31814820634402,2.10023566079521,0.941109175565806,1.87596023371902
2.22312909803679,1.60554022221918,0.824974700199666,1.67239568086434
2.5274626851173,1.95729149461467,1.02872934049431,2.24202055985373
1.81476867595208,1.8496492769422,1.03077635012791,1.67081117154266
2.19197346269922,2.3321994791089,1.02208405752451,1.78777347155324
2.73973784606583,1.88983201755786,0.933597846582929,1.68836037665704
1.40405098383015,1.60728531885408,0.733742454208494,1.48779998719452
1.82386975844602,1.9436205468262,0.836059107856123,1.4908304115955
3.42494218472723,2.1483373902765,1.31534889432309,1.74826306666599
1.99920744185746,1.80430497683684,0.965582728764077,1.53614233622846
1.91297521725176,1.85938756879893,1.15253465897827,2.02645034778671
2.11408880855142,1.94760779028055,1.2641361485563,1.53575359332801
2.22249646543003,1.91350383813936,1.14896686431595,1.76506856546404
1.99601683705955,1.75642778421704,1.29170650309466,1.68218701231057
3.39158008776664,1.56593018204342,1.19247111138803,1.52427345306771
1.49288980587308,1.3776349368605,1.11946653866595,2.42595269017381
2.33783983971697,2.5929520077965,0.964264458935489,1.18936713308555
1.71347389554982,1.86051161779805,1.12380401106763,1.89900991051413
2.85851867113446,2.5504486093296,1.10289060638463,1.7041229033496
2.19558758094175,2.54624612789047,1.1296218343293,1.33921877598781
2.30874941810432,2.29244696613507,1.12274057187698,1.74155895113006
2.38329514368876,2.41590218938569,1.08475248549632,1.61180240856176
2.61723519366417,1.74131940219537,1.21956848039089,1.49743644223004
2.74788928309021,2.45055886305097,0.981456388192037,1.96629627117149
2.47706965680304,2.09827960397553,0.977776166897741,1.98660865515701
1.84909224824339,2.57042763524043,1.7803395748832,1.61074674858857
2.24498087593989,2.05201585588457,1.51872971191531,1.69672887273079
2.50345206754881,2.33423201966409,0.902954398598251,1.95306975783593
2.20607989991816,2.74556609589209,0.995975607897151,1.61725964693685
2.8023732600732,2.63837472370231,0.946870328889657,1.49126577721756
1.87539040510922,2.26037560932457,1.21492149460012,1.82911636846304
2.0629382145725,1.78554787232676,0.956397758565275,1.8223218008527
1.8432893061656,2.36585156059675,1.31219833373376,1.3214378078239
1.52454935373856,2.42357059888665,1.14344610831615,1.92551907762059
3.47299621025602,1.68610267044996,1.40188117122864,1.87035031535887
2.84052424211328,1.86964532796455,1.44028181061998,1.3295363016527
2.52859864135679,2.22241967228489,0.933589017839659,1.45451868201863
2.01336955420651,1.94706562293937,1.10695801420313,1.91856982861809
1.78232847574645,2.22910176076544,1.48278120293097,1.46669370829007
1.68012729269965,1.52556547575803,1.27737518557662,2.25497825699584
2.31690038610182,2.21057791844876,0.836674496989061,1.31043554162165
2.26321457765711,1.89059366342807,1.63904972615759,2.01125302113883
2.24895722324823,2.06022095804356,1.22372772236409,1.32493529637557
1.97453152334337,1.87957929595664,0.948800646333097,1.27142166662418
2.08865992459358,1.71462390427318,1.14997719518364,1.79782664759497
1.70510922237297,2.00399002280209,0.729278528883603,1.55003048470935
1.64444038632704,1.54658251214366,0.808694358396477,1.66475717427316
3.31011532031763,2.36241271334799,0.741372731024187,1.86788460676359
1.94611573907734,2.958032436188,1.26538333094812,2.17302160617721
2.37611562400724,2.2114763301382,0.744415652038687,1.38758093105755
2.72450396605718,1.67401103806707,2.33107031969153,2.12895999298848
2.88669523691734,1.64896346252179,0.832261211754578,1.31179885381166
2.94752789578132,2.25073722662791,1.65433305794941,2.08021260076667
1.79867303170673,1.8075223683079,0.658399515819118,1.34988141069475
2.23685792025328,1.89662101924625,1.22235789360631,1.47026974952445
2.16550046650539,2.33712674508085,1.48434326819541,1.63432995625002
1.87152672789845,1.52068288861179,1.15275382266791,1.45036695923636
2.28746384639825,1.71193765362393,1.04639857824229,2.0991795964727
1.5379192034918,2.30260844669505,1.05025347882912,1.1479123293543
2.5855443833663,1.83170163203603,1.25182170067871,2.08992975059798
3.07696950683639,1.610777331377,1.86036763957175,1.68463886695179
2.1976825878095,2.40581419599006,0.975411054073945,1.16695893332084
3.03272477321331,1.84167053959254,1.26493631755206,1.6064657324491
2.2438238129689,1.87821410018659,1.33792195032934,1.97698108312709
2.15295967110776,1.6753501888572,1.24603629777713,1.70343764552948
2.39620642084807,2.53369136165762,1.37910072390399,1.85835887472727
2.76139694890533,2.18844867651144,1.37959813379102,1.95423835271483
2.84703904668139,1.92782544872613,1.24116474550368,2.00495479184857
2.36280877488408,1.58515611409005,0.805618823011815,2.13420780638425
2.48714558078031,1.77136203056956,1.48027228968333,2.03676202361286
2.46023059964385,1.71322967902635,0.810188264617384,2.05092500842763
1.74035914437435,1.90075263027454,0.961939139118294,2.27278173996239
2.25190392292437,1.85437443100667,0.950406336076527,2.19814765072417
1.99992458178942,2.38042073411035,1.79575884878631,1.39788992141687
2.53241847559476,1.67496172960965,1.20373582537104,1.9176264603297
2.10645487495318,2.21574555111932,1.11723873682496,1.64639516239842
2.23101096743841,1.98307494350818,1.2381582885539,1.24444846520911
1.98687509272515,1.97076192947518,1.27419028378669,1.26733571005724
2.70454711946881,2.07722135642863,1.02315734281444,2.31100589055553
2.19921237824516,2.00589005316976,1.04263273987901,2.01409080654627
2.53910649052571,2.1299633206413,1.71277367566485,1.47025111641987
2.89084594009043,1.63730261271733,1.03930166983945,1.4812309117124
3.11790862762211,2.01806908223347,1.18223290579264,1.89100687034438
2.91907680691312,1.91370184285567,1.13932054304344,1.77629506303765
2.2035698981851,2.47371459835696,1.15558084453459,1.44320869751848
1.70912417263414,1.83772235525397,0.999690994389206,2.07947836887189
3.63226079800559,1.63917961176248,0.981124100279592,1.3809814785415
1.1273256275177,2.4048228538159,1.18281044088705,1.65686906731343
2.34197118465798,2.4323723710309,1.36750898513297,2.05077362403071
2.81462961569803,1.74859928951954,1.09903336548363,1.69860400852741
1.51075173920959,2.05150778070626,1.08147481785287,1.8869601562937
2.72518412393128,2.19499657353436,1.12176309324414,1.68641400475153
2.12842943163965,1.44648130666032,1.06520840603247,1.50998613654272
2.08240595226958,2.36244140901543,1.58751208029969,2.0358292662804
1.49111719439288,1.44436018176532,1.19695042400463,1.70739630461681
2.47462930957278,1.88822541830388,1.23877014374157,1.65997182618121
1.66116383807912,2.12962696527399,0.786285331450129,1.86044951562981
1.97797645423944,2.10408548969778,1.21856612653471,1.54145345516483
2.27052995222642,1.97017545232651,0.76132324315415,1.87270125008322
2.12252603767042,1.93708240976502,1.24975754641477,1.8186842187266
1.8021259331715,2.32513594624442,1.31412638854299,1.69416812688179
2.42876914870607,1.92003906499342,1.16349829707933,2.01798314237127
2.28111289531381,2.19058246041484,0.925282888381935,1.76600104219951
2.18876100887782,1.67724751103335,1.38774409971353,1.53664095812137
3.21671819399448,1.51736312800781,1.21512627916582,1.47007852816855
2.46282128687174,1.70416723199502,0.931123961690397,1.54151920401383
1.90186524619615,2.23320562646839,1.33615884143739,1.95535777092188
2.87255749894704,1.55953498455189,0.730193142840927,1.69301789294701
1.9850362361715,2.90987057852208,1.70519134893188,1.57177375383944
1.58491148560746,2.31039232122587,1.00561799067632,1.71260508964541
2.09831593425782,2.51645894949155,1.28306397759985,1.84616974807131
2.51008803206393,2.08645852055045,1.00054113319638,1.7097255207874
2.30847392099189,2.05942580394662,1.5975662326714,1.87544269418791
1.90463061891155,2.3188483671644,1.24203617406823,1.67654344061731
2.29720173837101,2.18138012417869,0.670867811923759,2.15259846761438
1.90231650491768,1.63240144741575,1.29011875382592,2.21569755088906
2.37316704630007,2.64675139595975,0.975629987529783,1.58994611417114
1.96731582982955,1.85293069908849,1.63929429537879,1.84756465935035
3.32341699651701,2.85217590395721,0.860143113709752,1.47727462842838
2.62907467764706,1.44975589296218,2.53158830356993,1.76683952226837
2.4101040959354,2.33523821949196,1.04951892158993,1.97764727120783
2.54558204772716,1.76686578867503,1.6061445174083,2.10052703680979
2.66604259616765,1.95752309984908,2.04365584245596,1.47709950902042
2.0476412361072,1.84748804682138,1.1154003190357,1.52423684539207
2.54181389499636,2.02869370432146,0.952557750091236,1.69526263677554
2.07981463870679,1.66893170877007,1.07692063189402,1.49598867370908
2.5330547418852,1.60604641281344,1.42056719632552,1.40761792949711
2.37411504221928,2.02667289273287,0.914375799286987,1.94757231998983
2.62662798172361,2.06372138902574,0.872539864701994,1.40755335629163
2.85871268545933,2.0480805260306,1.41495269044704,1.68898298850271
2.44138569705068,1.8873706834449,1.27164428069881,1.79589337909001
3.92197051563167,2.06586080981369,0.903305835586483,2.5403153427581
2.92395110353038,2.42682923640432,1.16343504942834,1.90706671939467
2.27741450061474,2.07138986915703,0.862407639868048,1.28380993446431
1.77186937858945,2.50085800076751,1.09533181172934,1.55941766519184
2.16944533076124,1.92786624422519,0.713602726263636,1.69194064717215
1.95998189984647,1.92657297034034,0.822488870570205,1.68172422310128
2.48697168417123,2.05419944262999,1.26434453228108,1.49650402871624
2.39327567562224,1.81810801087215,0.885977922770219,1.9475899048887
1.83866719229752,2.0430993059002,1.06131026391868,1.46557296894272
2.05395590130149,1.39462515107149,1.31118070111831,1.99795206216014
2.27593569183823,1.47126015009705,1.5477550949821,2.35634281172304
2.39597433558573,2.20484018326236,1.0180827808793,1.23375131219666
3.05260111723459,1.8041553471122,1.7015234017088,1.94230088338792
2.06993457157355,1.96909205883563,0.811855937985536,1.58055571349776
2.27748423973708,1.9515755310414,0.765241359661368,1.47956776290596
1.91619842404956,1.78639165761531,1.05570890096198,2.27058501133873
1.78996397173033,2.4581250057815,0.78103172637141,1.80259449170591
2.15260296876416,2.63165117120089,0.707627686428883,1.46955088241189
2.96429983558297,1.71792601301922,1.37577357556728,2.04503516254869
2.50922563917249,1.85181771013601,1.64819714743979,2.15374443391279
3.02158810784351,2.35160369761271,1.38791138884099,1.78747426848336
2.11937352930933,2.35750519319586,0.931903409605606,1.89431221957936
2.51133525673714,1.57144455656302,1.52276571935197,1.67951203994176
2.35238901370565,2.43510667190381,1.17312645879996,1.68423292747439
1.71639103775732,2.21179871869007,1.02737695123407,1.74779746310283
2.23884757034566,2.1189514311423,0.703041219301291,1.53820717860704
2.49305760457167,2.01855102332875,1.54166455001596,1.51738683653102
2.54317382844595,2.4158001734731,0.857466853810491,2.09766513125474
1.69128555275783,1.64387695166653,1.41975973103399,1.52055129632785
2.96066365529732,2.4230792960818,1.07483558042745,1.9197535525244
2.22966030983983,1.54659506684265,1.29125546759367,1.56762678202736
1.93806902499533,2.11007573822815,1.17712874147834,1.9105160450806
2.13579183468296,1.33143564675145,0.914989097452205,2.43791140197626
2.30466531139717,2.00064356878481,0.821043538706513,2.05819328513888
1.63613815289987,1.57053642298263,1.29035629963186,2.14686940509058
2.41980399490956,1.76173495458639,0.71489404617145,1.90018995069366
2.15305471204847,1.60926986565102,0.819793284984765,1.72564780688642
2.07512471119513,2.16258939086261,1.86883598753732,1.46942758064826
2.04694547064701,2.16708820622609,1.81052263609014,1.34624504101264
2.87834026999898,1.84588171400952,0.803633381289647,2.24783508366357
1.83361839403813,1.70720014478256,1.04258015412204,2.85135403482675
1.86428213903224,1.71297426017504,1.04355470658188,2.8491419011391
1.90097932233288,2.61512552009975,1.1063121894019,1.40491850476083
2.11804605064556,2.12276914615894,0.905767155654703,1.99495080905934
1.74257907589186,2.16209132779065,1.19035863749664,1.7078141763134
2.50142978006138,1.88880726361256,0.784528409724915,1.5628075730681
1.82044611759354,1.57841567101238,1.41726354758624,1.64801495460335
3.56269538862377,2.41848485041708,0.885970859469847,1.65534269889517
1.75304108689264,1.77136275371975,1.31603650352943,1.38410089505114
2.19393150164928,1.80208759953062,1.29039631513124,1.11772595852206
2.13931331796778,1.76196872337488,1.38180185409192,1.01404253396081
1.86159743086696,2.04110289925335,0.883998510432833,2.13018158957917
2.05525610934696,1.8859310431068,0.829115725639045,1.45939880962068
1.96794895302074,1.83231420539111,1.14124690561907,1.70664361504396
1.74386276256973,1.90761050725094,1.04885545804875,1.76296577712457
2.42729964069524,2.03117177771609,1.11419498236122,1.57304163828601
2.16170289985788,1.95992549474707,1.58320846497087,1.53264187154871
2.29196176399755,2.20230210557942,1.45899434101039,1.73465686024553
2.86219164677955,2.3237709648972,1.41054021729904,2.14840856181625
3.12224122080823,2.42323158838179,1.31663892437902,1.91927605851459
1.84684973793267,2.5382606079745,1.43451884751376,1.71814875942404
2.10652735191737,1.65120205114429,0.990783071712363,1.72982976284529
2.45484365229752,2.02237595678925,1.14484546010111,1.77492510666531
2.45660446584447,1.95423504026883,1.3743108202265,1.77739902422045
2.02719358178651,2.2178690743544,1.55630810507022,1.37025619693364
1.80283418696565,2.0767985815429,1.35230519139179,1.64621656444599
2.42978188818281,1.93274657479483,1.43767984855917,1.971636010578
1.83296513018505,1.77997756249149,0.94003751882217,1.68158385350564
2.23865203768884,1.86742103072466,1.31029204776356,1.93674706714358
2.61618442458334,1.71042890421312,1.05701337954477,1.55641945173715
2.32278275934376,2.10456257960485,1.19790768758111,1.80783352382253
2.73382170019548,2.9775286320904,1.06140814058815,1.40203056808977
1.86363985478026,1.44814478410727,0.953209858476235,1.85348449114391
2.15104172887711,2.07744445984271,1.37784074846411,1.50124864119089
2.11189434524055,2.26727112019958,0.762980484070358,1.80047976907695
1.1818437802508,2.27926249297809,0.683986070895269,1.60161959242368
2.62536812370229,3.11436158125488,1.05215220946701,1.65975671981302
1.8515787889828,2.19667151073279,1.00301507290094,1.55190031920261
1.60312496311181,1.70176850732539,0.95049823572969,1.977927658794
2.33565323326832,2.52955928172073,1.13939809414636,1.59027521411591
3.04976511059048,1.45438797124451,2.1214587322137,1.53270347033992
2.82984689589733,2.36173784599599,0.947568535798912,1.68361890663313
2.6574388158652,2.08557512418253,1.06037334805579,1.73751767868883
1.85141623893066,2.16500910463455,0.845743794789691,1.54453398247431
1.87347123573261,1.87978704793844,0.887990848123358,1.71432387922901
2.47049274049699,2.20358487496707,1.09669044790835,1.5548583366334
1.54993687546798,2.159793856774,1.37016947687747,1.51901186754642
2.31880223536531,2.62705834609281,1.32090717564676,1.63961708385987
2.68676358911462,1.66578098351083,1.08530472693889,1.66051061470606
1.95402755278417,2.00080403440732,0.981040369184969,1.14675832783129
2.99288779104842,1.72449586528421,1.27948534649625,0.984531947032109
2.97735338238915,2.15589155206653,0.827611716436092,1.20542721773797
1.94067614476941,1.80214075067997,0.956246760895007,1.80191538599695
2.76891583317901,2.1774407102634,1.22580002874758,1.95135674558215
2.82658752969191,2.02942516945088,0.920526906749676,2.24058975686803
2.80958533491581,2.0249319646786,0.9573667819793,2.21048700831547
2.67273589357179,1.90239536638514,1.13089587179336,1.62524218982687
2.67265157335395,2.08578732260949,1.0750721449716,1.65185418636355
2.80024152109811,2.25187281454146,1.23325261590628,1.67556682818021
2.09960123859276,2.06628936229703,0.845564859299821,1.70003981714481
2.07538557061136,2.21015900627588,0.933361494502709,1.87652274772406
2.39704529845566,1.75089234457715,1.2402180525995,1.83457488644144
2.24119333818936,1.88322868113496,1.02224788346924,1.75193843371457
2.43894587879395,2.24035633954045,1.38613991215745,1.48051549328312
2.46430955488946,1.98159491749136,1.21680749772385,1.59113238818538
2.30072867418051,2.12188295279054,0.857736343307173,1.51548641783312
1.86441479284079,1.75607134231082,0.855847649516258,1.54493290689091
1.43259926739504,1.9607362205624,0.805768382381882,1.94112908477077
2.5320175171291,2.11486944844427,1.36599976524877,1.44157043998143
2.09511237228752,1.62919072569441,1.03967676691789,2.27236380850602
2.52254452536326,1.76523473189585,1.01049195652447,1.31313577563124
2.9435720350381,2.38741075870364,1.28914374977806,1.61706061783688
1.92689969860105,1.61325158874312,1.20621714130214,1.79424563649379
2.3925107574825,1.65704495072239,1.14317531753942,1.98191589666654
1.75658589231897,1.6514729439349,0.798490436323969,1.93858289660111
2.33969576484196,2.07092561429869,1.30885056509353,1.54965359796619
1.63798018760016,2.03398804887508,0.82529102479278,1.56168837420647
2.70430440782529,2.65791299557897,1.49976368522826,1.72963638156403
1.99401053075608,2.34974167928244,1.50007520208761,1.7229524724044
1.88156072621597,2.22344418543172,1.59529553851807,1.67248300660655
2.02506606891523,2.1481275710813,1.64097217259012,1.86848244664007
2.52668592263147,1.60383732686909,1.26578931626889,1.74761325587152
2.55875065078514,1.92442448174619,1.04483783772584,1.51987342593695
3.12962776528568,2.31531186641408,1.49357938225146,2.08588866608001
3.41700758937545,2.30054475542017,0.817526668274169,1.85756240120037
1.23267367882668,2.00670553905101,1.08118419326596,1.37580076792662
2.98124191787898,2.3516327167118,0.800699778362133,1.97275676614865
1.76319316791165,1.88785359209962,1.59860261274009,1.43273948432983
2.73035730412445,2.10946636166595,0.961423248261868,1.41378257807388
1.59407510913628,1.99398781000047,1.35896528713801,1.35314179185831
3.24201313039118,1.96243372563492,1.09980902290712,1.71030896224532
2.96776566717379,2.15491441142768,1.30374973996165,1.70867127015361
1.99216654235309,1.97897306883529,1.01396440915654,1.74568194550822
1.81543055352734,2.41135755808368,1.02050137039434,1.83975156907128
1.9559135333663,1.71372072525622,0.848695124005954,1.53889303775318
2.08231045461682,1.82928448849622,1.0219201114135,2.16172529855583
1.97169620438888,1.64061133370606,0.875889196051241,1.54532733364594
2.83675118946601,2.23239903462175,0.67899042490321,1.36893154097481
2.89316711547456,2.16769154897272,0.721517161759101,1.44999931261169
1.4909562623197,2.28672522317865,1.51031683099666,1.81979246113579
2.95587738289343,1.55616116062359,0.866466641246473,1.98221629551818
2.54560171933625,1.38907872159487,0.745924715971164,2.01071613487899
1.94372332681261,2.34212845449257,1.30378041079908,1.35765312676221
2.15892751737822,1.78075754982296,0.872461885223994,1.9412350527527
2.17996858163121,1.78735792791829,0.873653081222396,1.88293766700671
2.23646592779346,1.59316826538818,1.62073588208273,1.80969161643139
1.61398950562103,1.45459158510671,1.22749394805328,2.16621080601755
1.54886641598841,1.64156576148852,0.833167053623632,2.26388498464056
2.10477820067917,1.43121322859175,0.972220103996776,1.83034781378584
2.59166144433333,2.20800162680549,1.13068323462287,1.5949911331803
2.12156575569807,1.95520232367616,0.884071503325575,2.00648634345684
3.08728268040049,2.54320640699785,1.44430309002131,1.29665879504726
3.39181942952207,2.3622887943633,0.874071573371453,1.93442539529278
1.51978536893819,2.17518139373877,1.76574632130609,1.39157567949179
2.10913552621879,1.76349867927875,1.19991077796198,1.45268900365782
2.14772626517403,1.83869247000216,1.23415546881493,1.66982161912325
2.62805332639819,2.44855867828063,1.18592219549673,1.76286091332391
2.3574915313387,2.01791692241516,1.00380039673084,1.35742508675711
1.80992533157265,2.00432162002042,1.13000462295432,1.30725085946092
2.18979740268831,2.16285332446913,0.970777168337107,1.48681265347605
2.04972153364639,1.88722015926209,1.18511037095319,1.66311667334089
2.87476404951246,1.93444118309861,1.24934032496172,2.01940047064165
1.71134222747944,1.70833259542804,1.00907938102174,1.38007410279197
2.34150854718443,1.91562792872962,0.851537650259326,2.06309127429778
1.96561245034395,2.34456273013808,1.22185148885515,1.5681206989549
2.28584859627363,2.22859974440904,1.97250560053142,1.60395722568193
2.55785701869084,1.92088137339149,0.656592057243585,1.52678648677241
2.22356806712146,2.13440986000055,0.568407026798059,1.72625833751811
2.65798308544789,2.28660386275429,0.706137673219487,1.98533087839585
1.82718247057481,2.04941636792657,1.60998496398889,1.39259479128473
1.45843255820707,1.45016905264284,0.53233701791923,2.3309502060659
1.34567484253454,1.60353877899775,0.793358997324551,2.27773745747552
3.9376057187388,1.93128537357187,1.39812747688366,1.80120022759509
1.77215298288379,1.81514577071906,0.962490328162911,2.48780616762001
2.04756124774514,1.87351145315286,0.989405005687977,1.5838087586898
1.76277106872404,2.13262514572397,1.21684869682589,1.09761964986745
1.53290454118604,1.58134397389348,0.739479504412132,2.67455588682637
2.13177884258137,1.73264125539718,0.887745962548714,1.98104562456961
2.55356783218034,2.16731538702618,1.51214539943772,1.53583772459186
2.03145651225113,1.5837671582877,0.753390000552093,1.66860968297074
2.17850994125799,1.66729939006812,0.807356192658856,1.58905814292392
2.27237890685819,1.55600169353206,0.87909206048975,2.45288053356183
2.09962428505423,2.67537628940952,0.979722737874618,2.20187438014043
4.08715338360725,1.96634694214119,1.55106978459383,1.43044541507299
2.13080995824809,2.37745045100833,1.35224079119502,1.84093564803069
2.90962878801183,1.45513563138351,1.19258148101507,1.58545811531928
2.70204409795944,3.38966049540878,0.942811324895709,1.46545774967562
2.65095471760014,1.46531958075504,1.46166037279183,1.9589486897888
1.99351052831066,2.3938746167973,0.815044564639695,1.68943543135502
1.98054935685778,2.79125935424817,1.09272428286975,1.58030237754447
2.1007291788415,2.1909566563085,1.20732701126256,1.58468792597357
2.07154509009398,2.14068809498105,1.1640618566942,1.53072692643372
1.70199840746659,1.48376413486846,0.882659100536871,1.63382615039046
2.47814608596504,1.73224999307779,1.46853339681578,1.55730315775245
2.68582229378175,2.49439508608954,0.787173996967295,1.77468450080053
3.94933192824017,2.40062267782216,0.969274040006336,1.87999026173202
1.97892201768393,1.63128938061969,1.32570467416766,1.92437004042038
1.92046502943244,2.0733821419412,0.988056401139606,2.5699876345204
1.81499427726426,1.76252237641155,0.812104978561112,2.34859694214197
2.73021420102022,2.49689334471073,1.37945725491529,1.33038020972528
2.96231670081572,2.34243033245884,1.18095000609351,1.08751291145812
3.10321957855931,2.17848072766991,1.10465581102441,1.22614958095461
2.38442019147991,2.05115557523396,1.50800935744997,1.50359212121328
2.59451521025611,2.17106680920984,0.800239214447094,1.52374203442146
2.18205213856795,2.18783735660691,1.14987486711606,1.69093750031496
2.35961113900796,2.38657765008914,1.40059041400413,1.5815528802154
2.40224580909091,1.99447119176358,1.38435120340664,1.53464164917563
3.12189355667494,2.17404148927808,1.17395141219379,2.03008604724331
1.74677045356465,2.0303436816955,1.38375802648581,1.23143357821341
1.58095689418574,1.91869930398055,1.1153137432523,1.18657265987644
1.42104874321622,2.10215800214697,0.971625180790118,1.17804193821972
1.5402442902534,1.90405224852215,1.069783543493,1.15005056183635
1.79758558885079,2.19896932286562,0.707775852820318,1.84109445997532
1.53120020000636,2.40826733177836,0.626490428187775,2.0428039106357
2.45896857496254,1.9884171030221,1.41712792710728,1.50979994108222
2.09038619548962,2.05216223862236,0.811382493885633,1.80224523505624
2.03226464546584,2.16595662159127,1.31609235687072,1.51559864198585
2.62971823943299,1.61130244260912,1.47079078831771,2.33442700104669
2.14952666779851,1.98475963231399,1.18279719813952,1.87916719768042
2.03368771563424,2.39051583748373,1.13583772858187,1.40379090598998
2.19964893035824,1.40013627876683,0.889171237847654,1.62106155865013
3.08919853758334,3.03031612809031,1.17579278546798,1.9061436461626
2.47284860491279,2.61434447637307,1.42481343459054,1.62838213618618
3.32757875221111,1.55933205790909,0.768796909440322,1.68065398245734
1.29819664110974,2.52061224937175,1.80644524219827,1.78445279832457
3.0451820548862,1.9830295246807,1.01714862309857,1.36535095044969
1.99684508023376,1.82208368650952,1.32980914081923,2.00303327959431
1.74782628474345,1.68746163964416,1.2837264734533,1.65242539814364
2.61878930165092,1.96022751694462,0.841624625650323,1.58854208238276
2.84262385739282,1.71948580265466,1.16067739518942,1.57100658324634
2.40579197628861,1.31050507263084,1.11312638475362,1.85339524467602
1.72678239542481,3.87747337531157,1.05947043544729,1.58816224503017
1.64263454167324,2.92314288157425,1.05282933741035,1.68781256255889
2.56253412732323,1.37612113021444,1.1220385355804,1.15365965007106
2.44745238909992,1.2410234806066,1.19917568136112,1.22785458728025
2.28008734465931,1.48496867039457,1.26925604179221,1.76964958484954
1.54480410764997,1.88899638393213,0.672666571330175,1.78789857020715
2.01058340862261,1.75186555062504,1.08861805445102,2.1038120352877
2.20766892597101,1.90742063403214,0.768265899074303,2.25884441840895
1.74525796367809,1.48501387031675,1.26814699553886,1.52783970241635
3.16305496163224,2.25262210609577,1.12254432508583,2.05002495826037
1.67666936416294,1.87710929619769,1.04543466931071,1.31801225689384
2.02708564630554,1.68535517876547,0.861059572569511,1.50194249065801
2.28062286540249,2.58131818580191,0.977833080658199,1.92993406291014
2.07475890537086,1.85386073799647,0.971798305624444,1.66285949419958
2.57574760520407,2.03976874743588,1.20484880230861,1.60683978993787
2.20723454529559,1.71823200974832,1.0886930246997,1.84253640901489
1.66914421383277,1.9590748214967,1.37050285752833,1.5075917179613
2.01344670431518,1.84734584503768,1.02061742404623,1.91877827258148
2.08030658636825,1.80892942616881,0.973478873180873,1.72685676820977
1.72268128391043,2.12865451681511,1.05241033602181,1.77727593550845
1.7041941567796,2.18089458106223,1.20085187778321,1.74898165925176
2.79140349493668,2.22776403353,1.3806747745885,1.28878388259536
1.859922585268,2.02538615766131,0.874247294494328,2.38886873031207
2.20123150746235,1.80525430974349,1.23547902102525,1.67064749926556
2.62521722499325,1.71614027295268,1.03612366615099,2.00276585893521
1.88048487115878,1.99951867678315,1.18479356997672,1.55557811875638
2.10730457570546,2.03200764718322,1.23325446670001,1.37411776415338
2.55135557625134,1.6748995918978,1.08244237571327,1.45710157013815
1.79674492270003,2.14302593147759,0.956896640203313,1.97338381752234
2.7062957302061,1.85170407899189,1.33641843237801,1.29557664042602
1.83240863396377,2.11211359437526,1.23675960953836,1.85499044638773
3.68322550473591,1.82328594868308,0.934499663925264,1.42684519442903
2.8306163497286,1.31134671546138,1.21106984197395,1.25104185302827
1.55776542169358,2.42325748913411,1.00097486551195,2.23189337715761
2.22015409146733,1.61241440142579,0.999692992565469,1.42057696758283
1.91207921026022,2.48381646739507,0.887675730134746,2.53649789237488
3.63801042038415,1.94626360825997,1.17575764752567,1.2835942417425
2.10767341192854,2.73563649653119,0.997279171718431,1.82142396253798
2.51991865132785,2.19307113196003,1.25490993946181,1.52911237037263
2.14163072656014,1.99785472298218,1.37323858896115,1.9747437454649
2.6857271785152,2.19086461888771,1.29325541023809,1.56507266322283
2.05605574578297,1.87669222358682,1.42115097670723,1.55177574487801
1.89869902881455,1.93840508543821,1.42174172449811,2.0029450411754
1.72535999564518,1.8697350136959,1.04049565074414,1.93728296182042
1.80622995525549,1.75785350909099,1.22051825017929,1.72167404652719
1.85082362576248,1.96267386286342,1.02359540874074,1.77272051587522
2.078986758447,1.96434486443276,0.887482501346338,2.03991083799343
2.66356315490174,2.09614986327202,1.09134546888053,1.53402853942995
1.53526474282559,2.72485835731604,1.02993015028692,1.68049503802547
2.15218843164403,2.68947950315668,0.524464813820747,1.91014791514359
1.98467411295251,3.03615621096494,0.629406103010696,2.0925057545239
1.98684567243522,1.91430363833852,1.37455004559433,1.56430335307669
1.79706498402989,2.08016289226509,0.88374417849095,2.06625272058888
2.42231041295384,1.62608698838608,1.07763925248067,2.54959466044184
2.07593278382118,1.73782421729973,1.01282722252101,2.33463228145921
2.13673802940064,2.00482823407966,1.52436185377155,1.3157208058072
2.68996507514074,2.02060152585369,1.42718155500548,1.35675654558149
1.86993576869149,2.28709083654345,0.876964586620957,1.64619036476352
4.05068845390692,2.10934486290875,1.53897318774027,1.48832252662298
1.58023391900673,1.90632125981836,0.900677478848133,2.13509740467774
3.46310184386476,1.89459991621637,1.31381523609439,1.74105494620719
2.96498276821645,2.13576866955971,1.29484546252995,1.53602914048076
2.42288497283018,2.27655606524336,0.933074689112537,1.86692568003474
2.27213143981024,2.47800444739404,0.784422181215879,2.08359025179317
2.12438724819597,1.72794033638096,1.27182276316415,1.32440520026477
1.85318298214956,2.63805015738228,0.749222038754172,2.24279132986693
2.51372213807611,1.60418416443351,1.43193438418279,1.87589229072296
1.68161761600685,2.12718916079293,1.03774393691674,2.05804862780773
3.04544015530101,1.48102281338804,1.34011516694825,2.80353268427532
1.88292896637997,2.49147981326369,0.838820672142517,1.24757195037483
1.75373539829133,2.02525502229425,0.723819785326459,1.17815747581423
2.23367529789568,1.70245091482048,1.39332422954852,2.32031542715963
2.61138054220281,1.4770966350573,0.974158102927803,1.77683412825029
2.61170321763663,1.55016317870161,1.08353806341462,1.63234710040862
1.90668042238989,2.57300448916507,1.12502879848214,1.7487770433729
1.50122078813518,2.34791527712982,1.21303233978498,1.28410790385409
1.35845219086558,2.38734797916525,0.794080345409129,1.3760712156056
1.9849861753195,2.08696915723269,1.10070733437129,2.5139163335184
3.12199520082709,1.48611083588195,1.6016698473141,1.94981493314405
3.28366261691785,1.21030882108065,1.37330434407173,2.12460851113153
2.57251015380371,2.01098154033579,1.17486331296039,1.50765584675007
1.93859062955514,2.23386950887229,0.968591954788185,1.61155539067795
2.55770867977376,2.15384712925553,1.42422817026343,1.78009736003802
1.99735081251137,1.59921982804772,0.998814359893338,1.84197791756745
1.86921761911332,1.61419710787827,0.808662791992947,1.92759539451412
2.3141537343613,2.11036688634059,2.16414567410769,1.68195792195073
2.86524757541698,2.34305192821508,1.01793466396333,1.64536288179714
2.44181565634028,2.1410455226907,1.14867010352405,1.73152882582933
2.46587692373054,2.15063596651118,1.60605413009773,1.89871785004299
2.07753241551452,1.43169418604559,1.73689221401081,1.87470790034434
2.26313811887282,2.33764888095279,0.702597744147278,1.66916393792217
2.09761514372415,1.69162144696683,2.0417802315404,1.52306929834395
2.19945396785154,2.0656161534059,0.720371695472805,1.60565840559586
1.65796565061515,2.00833831866905,1.66663868853788,1.82202097791525
2.22749544604383,1.9600593085757,1.609986666815,1.29765534338495
1.9828010684648,1.99990775651961,0.757692032829007,2.17813317912339
2.48323746359593,2.21486414420206,0.813421935641614,2.13810656122311
2.06988034972082,2.51277656127947,1.08300192878985,2.34349908290542
2.1234010246342,2.38576470471553,1.01712015502957,2.43066418631972
2.21794425185,1.95292560722329,1.09612286849024,1.51740950348566
1.93105774344641,1.96095093314939,1.2715729183602,1.38111948430978
2.04357137600666,2.42867002747971,0.564769547542644,1.38776656621644
2.43549854100204,2.03624110953378,3.36931726886005,1.62180058183067
2.63462497862257,1.86924523618277,0.843089583584588,1.33287102736079
3.66713889878958,1.50112582935638,1.15966026392771,1.32758620136245
3.40874442348949,1.64230285979615,1.37200795135776,1.54878974864096
1.61034431426715,2.02827394402966,1.00794413331495,2.06505325576178
2.78191027310367,2.17609545618227,1.77941066350465,1.55159475171687
2.28946570237127,1.50575699272116,0.83009058951958,2.53210296867923
2.84392656943014,2.55682114895681,0.958545335235045,2.38782249283736
1.85211809925649,1.64189583847137,1.21462078515111,1.41178558405902
2.30557000556249,2.24344289520768,1.0656577097867,1.99803830742078
2.43902213388253,1.7109541755747,0.983016031587732,1.36553583470307
1.86423114272585,1.87143568419944,1.00703192377653,1.23695400896477
2.1599073654058,1.66168235867639,1.00335178354389,1.66195496446685
2.2234784164913,2.42627730551095,0.981730321169928,1.54698057314312
2.01480484793114,2.19884392916863,0.889937000910049,1.58466733853278
2.38603187736644,1.75998105055038,1.0966322046787,1.55813334989868
2.33416594266677,2.08218957854473,0.885382453616966,1.70296970271655
2.56866270924363,1.70391747701547,0.969113689758659,1.96358057500407
1.7496754745845,2.27997403255395,1.33811246408295,1.52116296973564
3.53262192617154,1.95806676522475,0.789549501872324,2.04815382080691
3.83950619148616,2.49135092489558,1.09987854444843,1.50839821766288
1.30825641491986,1.70485153148954,1.05378214059809,1.82283603630353
2.77924460407905,2.09778005605133,0.996735913056112,1.55189867943262
1.86577920993446,1.56447899612831,1.21407946252889,1.99638288179463
2.30367220024098,2.0267752114265,0.971576455825194,1.29563707429498
2.69943934601433,1.65000358333218,0.857070211198105,1.30257805481272
2.75483247216168,2.44108042715989,1.059647247954,2.110473041434
2.60854002549938,1.92416837046949,1.01693910470014,1.96617205135026
1.73708744663781,1.7509291425468,1.30615252300632,2.41426673413941
2.68309193304189,2.07029970748024,0.977046742504157,1.3568548781785
2.4414183060037,1.9524035735351,1.38036144856666,1.54440294663688
1.86048461929329,2.02343277932364,0.90297744247443,2.10851476011387
2.02964546659091,1.83122970515717,1.32325185544179,1.53849998768026
1.39706793295034,1.89477059353007,0.847457341882801,1.87183069865406
2.55891814782933,1.96168611575479,1.21552576594854,2.03405805697188
1.76102055079798,1.8486569079658,0.803164906530091,1.70835336528588
2.08815481634907,1.75979554074661,1.63272770280763,1.93608925392011
2.64161042478618,1.77668873947503,0.841881360017121,1.55154052642624
1.44160958452284,1.69432393523289,1.34280296805211,1.43493076965527
2.91144859045675,1.83371089430718,0.882605963358294,2.63852391306108
1.51291542624419,1.83818726823268,0.892250932749218,1.7212669735387
1.76669720692537,1.70280878296994,0.938127219420886,1.52501177843767
2.6766848191673,2.0195430006338,1.25971451800073,1.8374597466221
3.89697538560505,1.77420799965316,1.09504296397779,1.64096801206298
1.58975117836851,2.27379172009883,0.972675912662794,2.69956089889559
1.92553738158424,1.90002555002382,1.28466460582069,2.03323691553228
1.90650218177051,1.91931589366114,1.25561727390693,2.01747308315761
2.89232150981814,1.86647308799394,1.34200019190401,1.69572398941734
1.66034057454051,2.58396504741179,0.651054383716841,2.12694193625973
2.12567237134601,2.07978646199947,1.09006079891981,1.79375817632028
1.88140960978777,1.74684743586661,0.752051832646191,1.9329114622716
2.58574751444514,2.35262062351525,1.48259896636646,1.65272707898126
2.95756941775664,1.36145117086455,0.780075020677669,1.78367688998938
2.53843315906631,2.84104198377873,1.61620080894648,1.33623074630007
1.80711598250109,2.72572702623404,1.21965257073349,1.53183138256932
2.3314086492958,2.14121625961076,1.13963882616311,2.37662645695203
3.50090482005093,2.1960508358779,1.63102129086072,2.27446932872375
2.05872603218345,1.78150705823809,0.774875456141021,1.49879309980109
1.85973984688118,1.39255100721578,1.656325326272,1.51883482769951
2.96744935705966,3.33652569227909,0.88605918841394,1.75409558961651
3.28946106372126,3.30434000619674,0.923283322368792,1.64674909602483
2.77794947026377,2.28107901114902,1.16342277805192,2.09025517717716
1.94826563186038,2.03683097669042,0.778333502738816,1.67698213220992
3.04941984250026,1.64557335235295,1.53094509183381,1.81609524429114
1.89016407789609,2.09848605178801,0.691197018285566,1.59475529965445
2.49857687574555,2.19013473738326,2.02946487422387,1.80692509369702
2.20821441071866,1.60273398216306,0.883240861839352,1.73267659243225
2.54403694069285,1.76468474936562,1.49976792846898,1.06990598247644
2.43383723135397,2.31771331889881,0.959856214452035,2.40713718175082
1.53946687187934,1.50638733529496,1.37993026993759,2.6361069940971
3.44622496833184,1.93458306279311,0.863492599817949,1.7151388822953
2.62311227563252,2.03177650450016,1.83127982338415,1.99323594745776
3.2439668768894,2.20318581427105,1.5981607585457,1.32930045132628
1.99543576338575,2.61559826173712,0.948923904986208,1.62818988864179
1.80456467365413,2.26047259134607,1.09659878642659,1.71813038369135
2.53858936865391,1.93833419264784,1.16115164393475,2.00624669904556
1.70214818700314,2.24875348379236,1.06525546349245,2.08053371815425
2.0256425691169,1.94852299573307,0.775584983576956,1.82418134744418
2.0894167347867,2.27476226970217,1.09812687785134,1.7314619576183
1.95293883353206,1.92630350249569,1.161776280308,1.86731920237596
2.35262604423794,1.7847598140639,0.793628839882051,2.12203581113608
2.43049903518107,2.00294153394566,0.918672495405119,2.43482645295477
2.67949249708326,1.62721957845118,0.861587002000977,1.24391684491448
2.39566109298332,1.59338406874204,0.863717229312507,1.2984754733657
2.41441713592028,1.43147441318289,0.864445375853423,1.44673985216487
2.90143666295197,2.11864094571119,0.957247538293351,1.79439287215736
2.42830463406698,1.9552639438416,0.883706795222983,1.5201369910506
2.84120334241007,2.59139517219664,1.85842870703286,1.80871374045287
2.42341919446447,1.752773964498,0.670951019651825,1.68494535773531
1.924472463889,2.81281799698799,0.750547441231032,1.76849427611682
1.97822748877051,1.75792100888002,1.5600546934113,1.98314064329368
1.99565614951521,2.12969153295049,0.746894553096374,1.81646515795331
2.64535455368426,2.19501856746884,1.56616716157109,1.81192756989361
2.01680489998687,2.11415406073967,1.01772959801147,2.00913592252606
2.60410204370716,1.62981324060082,0.967413306171577,1.97535133989778
2.06776046471334,2.31700414463768,1.18890233200112,2.05349010379163
2.93797187790049,1.62235482086974,1.65432397845179,1.7231272851085
2.45327172529686,2.43227201391973,1.07024429314648,1.61683809276506
2.50998626666459,1.77312012767873,0.933659659510635,1.88864500936927
1.48696050246757,1.67587112213346,1.37116017324976,1.26365115916651
2.56562412707556,1.55778165284012,1.16099573602377,1.34741528492999
1.84257097347023,1.82322418142926,0.97813673565721,2.1880881023062
2.73146901956624,2.26714408770409,0.531027323223045,1.81419523918074
2.74279645723395,2.23276786791939,0.936392569497681,1.79623688401665
2.31480736738949,1.08387918627163,0.853452706220893,1.75804191252988
1.69820033239971,2.84422546886506,1.20224863130067,1.47429310673642
3.88985461754599,1.686424693952,1.21559227104978,1.78816988817682
3.93113966031979,1.61576607572617,1.08571923337023,1.6239780965837
1.82581428971425,1.98155719104793,1.1653343763531,1.66626207312759
2.55928667842797,2.41158125894626,0.861740696944539,1.81325553924678
2.10737801362715,1.61823982324087,1.29829780533039,1.78404480877803
1.69085142501669,1.3948902640849,1.3048827057647,1.6137999706944
4.57171381084072,2.11851765306721,1.90286598692857,1.38701464661483
1.72319093575907,2.19670091154832,0.681770191451879,2.19275847227626
1.63942112370159,2.10977992937344,0.722885412914447,2.32750221682142
2.00677636148812,2.09090101466508,0.992556820236077,2.14784447333489
2.46244553636854,2.58253262838511,1.51231983236336,1.41968799704158
2.65126286033687,1.37845133577671,1.20205060644879,1.33638176485917
1.83947565803188,2.60333701675515,1.00595654205495,2.13258318736745
2.25809346757057,2.34678049031578,0.899250993216052,1.43161849924206
2.81896606274009,2.09310602921626,1.90892370869919,1.4686735783698
2.23853692168291,1.97074000674033,0.821420029455912,1.93077641862739
1.93814578921316,2.06125755918384,1.22154124878016,1.7293020947457
2.5945659950284,2.08431301200594,1.04001278164692,1.64388517659373
2.04186351372653,2.43422500663588,1.97322652939779,1.45806599504879
2.28528119294277,1.37190507778466,0.48065355359556,1.72062347402098
1.96011867164027,3.03901628182249,2.17590728417767,1.6508644417985
1.88856287252204,1.89543067481211,0.665163860771738,2.0211817601452
2.93627912662735,2.15979397659442,1.3982886446882,1.58332949943616
2.89922060459455,2.0571501498423,1.24893256332215,1.50545141777206
2.7376544496284,1.66986840426308,1.15038641021406,1.60828490045074
1.87738450643348,2.13845131439045,0.861027093151969,1.52898379104188
2.48295345368137,1.64627921259531,1.69148916795398,2.04556282751996
3.00163606836979,2.17443233142749,1.48443246371583,1.54980777921929
2.60753696627013,2.19953716782091,1.10408169000834,1.48311984462408
1.69818025684922,1.93510426955981,0.784509272436078,2.30417045609599
2.5046972795627,2.15170682222685,1.25120322714737,1.25705724076553
2.75078485815408,2.38884690297012,0.856890828539279,1.2715246912949
2.27867484949729,2.123854457496,1.65172231227156,1.7627106818057
2.57873558268585,1.8527748428021,0.699946958006588,1.54100290099857
2.38503210027591,2.50904684697181,1.34713320317849,1.56686834011891
2.4384338544952,1.71009746306346,1.18271493379444,1.43637289703171
2.43475289231296,1.70438320865817,1.0192030800441,1.52795253812409
3.80821076382861,2.51761085094693,0.837447381338199,2.11304538970032
2.15788186306085,1.67384781326246,1.37837007686611,1.42933490417985
1.68822767344592,2.37284744972491,0.733038379465451,2.05144245439522
3.39646538942069,2.10154400125919,2.4290742064225,2.11255585169004
1.77035007678328,1.6729921229528,0.750662180880901,1.55399956952234
1.52647265234159,2.00831171242794,0.851742537139841,1.65511289803331
2.48396148425566,2.36671288741122,1.2611508713849,1.47292177389231
3.63961137878588,2.07009740202831,0.89452428149813,1.41039602559437
3.37768632895383,2.03370016317062,0.934107833811041,1.51061452852304
3.38372697285511,1.85303776363427,0.931782722343153,1.55500186830283
3.3213768149021,1.73162636387319,1.59529184595639,1.3349769440196
2.646029800166,1.4754923643906,1.87923332171343,1.53116194197929
2.53335547980508,2.09329927191769,1.21756475657763,1.61854896100113
2.5803302894723,1.69846289770401,1.0711693639346,1.92114840353323
1.60272327215374,2.15670394627934,0.810423585206507,1.30294870732436
2.71651127403682,1.70663486536587,1.77983023443859,1.87857383419494
1.9863114431797,2.88001961079073,0.798243034265752,1.86582763727108
2.90752371279796,1.57907227093446,1.34643279823616,1.25701021293652
1.71139924263258,2.42072786043232,0.809973455862627,1.95065332335394
2.13264504867595,1.55806484233038,1.06398533634442,2.02377905300454
1.58146398007646,2.7191278543306,0.961728223169778,1.47863863859825
2.53723297187857,2.06640906313769,0.867710864435021,2.0200432954177
2.21497862959874,2.43024861574546,1.09018497721712,2.19958277583351
1.60657362120354,1.74129268400164,0.963899284411077,1.38063408335731
3.2343262262587,2.04114546589681,1.4155965274424,1.74499937646291
1.97526859848535,1.73299716974676,1.10271594713559,1.19440199003629
2.36118901314643,1.67903556261307,1.16174075262191,1.95268307370018
2.6407479027168,2.36396918659032,0.966794706507964,1.35561228791682
2.17872200166075,1.43203187981089,1.59158752160338,2.11022981101544
2.65674884691051,2.40393220541323,1.12383857405933,1.42707414739018
2.68791067993467,2.36237950639279,1.08355562579053,1.45857318989572
2.05334656360977,1.77058505337077,1.34969850133885,1.68038145260478
1.74306540761859,2.45729901253927,0.938209858402304,1.59822913767717
2.65358926066808,1.80303411039093,1.30978049542091,1.92507622223635
2.40785321694377,1.98449016679174,1.87227466395383,2.15198621491397
2.19466017244947,2.55988302147031,0.701781072812491,1.5692397070883
2.05537696502754,1.5578321426186,0.977615199822691,1.90345812017017
1.7124263279157,2.24127210573438,1.10573572143661,2.14587715504418
2.28249468914472,2.54958128908426,1.49730737184153,1.4474014383503
2.76315381261686,1.69497572479675,0.923448849104682,1.3587744396652
1.71119855522954,1.84051852376484,0.87530305942009,1.52390455541637
1.77704776596457,2.12067010663527,1.13785432854245,1.73490519647151
1.78525097668591,2.14774561090972,1.11759313905801,1.74817378439305
2.46358550905943,1.68758837892219,1.38941648402961,1.86185673320328
2.24695949257559,1.67456171396856,1.29282170830904,1.81333080017668
2.24605450940778,1.54662567140672,0.823799002188635,1.51385637910421
2.29709084953905,1.94274310496264,0.809572099838949,1.47466144512313
2.30346968613032,1.94004820408765,0.813431648743135,1.52894837063983
2.59412563604049,1.82771399079889,0.972995901826259,1.65316631541465
1.85627320927154,2.2916344185926,1.62382602400264,1.41604242867692
2.70591953854414,1.88773663409442,0.83222004461571,1.71726983580638
1.88813610243185,2.11308945627251,1.14266201241168,1.46979675227716
1.73899246315784,1.49798743966947,0.882623277828587,1.61267540438468
2.34407435073636,1.43381197228132,0.884919201642721,1.6139632520912
2.0613470013063,2.44090391395473,1.15539149708882,2.02978564087566
3.92077591410541,1.85680549734514,1.5763053856156,1.20799357999906
1.87614240941118,2.19314928712063,1.12603249871395,2.32022513525413
2.09937721507922,1.73105875844486,1.1389522468719,1.54555347943147
2.51260942466551,2.08267877067619,1.39232868629979,1.5566612160542
1.83300596033966,1.72401971346699,1.03713970054425,1.67223848049115
2.03321284310207,1.59724295846031,1.54711647830972,2.21382781926652
2.20823116958402,2.26111942744139,0.797893877678599,1.55026396533686
2.03515017469054,1.53259292158082,1.43709229484704,1.60683876518335
2.12473396718,1.68787502206192,1.2751060855525,2.05740196358558
1.66024269657785,1.73074293633825,1.58298578199269,1.88055623937148
2.95052400807776,1.6605941935848,0.882143212359123,1.43250985291886
2.31204118642417,2.0137564949724,1.11172769226355,1.72235465191051
2.75086481214072,2.09562808927226,1.04651795106673,2.31913794517303
2.08297146251222,2.15098569378676,0.911830027048843,2.24692034767226
2.10509070696273,2.16965786300616,0.974899500033079,1.40090541018353
3.0450764591961,1.83973860997325,1.44154918559475,1.72392847589143
2.11860083694387,1.87912584869508,0.805431084682048,1.57739829639045
2.37772717675797,1.95059379658824,1.06017832906722,1.48042262839515
1.75908159555093,1.93204542840654,0.783173537346516,2.25042137968018
1.9812535699075,2.122269767997,1.14547469834331,2.20110866528668
2.3520584831094,1.74091476971479,1.12464504891636,1.46527008899367
1.95196094580581,2.03682235902555,1.11414224819908,1.9366832149183
1.95235442181569,2.10404010134486,1.10308678395242,1.46299326514341
2.60117967383527,1.67493798018794,0.902843979399602,1.47449615742492
2.42425517995694,1.66795727458528,0.952390769951597,1.24976467986678
2.74914660849059,1.62018722937489,0.931322485356123,1.29204380791046
1.9233247018737,2.03175959985585,1.79620219705665,2.12007981763636
3.22629976332051,1.46738746380306,0.92210220182268,1.48030379350713
2.89675319973135,1.57472697102829,0.997026058089788,1.54182769763876
1.75387988277587,1.8873198813533,1.00665491611643,1.691463380154
2.27162559977021,1.94994396264731,0.771688878824294,1.55191849027204
2.10322643261803,1.69865737565538,0.975799004900775,2.11907356683456
1.66711831802618,1.7354164632824,0.847650706293022,1.75228610473681
2.61613635294594,2.05597835272428,1.03311921045298,2.09587414524203
2.37341931055819,1.94788798961825,1.22567796945609,1.40448967059325
2.01764881628526,2.3295568198065,0.853803740908429,2.12535450214006
1.43964795015266,1.60079582043792,1.44880482236011,2.28848138979273
2.11428986343769,1.93135365876812,1.07296948126208,2.60425830244965
2.80202355653403,1.95979410600207,1.16890879300551,1.18572676043537
1.7246831645772,2.09985279704892,1.10982387864762,1.27336419994907
2.05504727886681,1.8565168026689,1.12619019528858,2.06490373791435
1.69238195887633,1.67052784652947,1.28659499334634,2.10445192559601
2.596078565493,2.52800666549161,1.25260492995853,1.566625622995
2.61515863732076,1.91694501725808,1.37053810421404,1.58449220552642
1.84102258465321,1.88348913085733,0.870736928495201,1.86981667158885
2.25427495499651,1.84211584067192,1.19091203016814,1.49160102624397
1.48313261464778,1.85033388926228,1.11091519773087,1.14222952472706
2.55503197173234,2.04676342267647,1.15008394570269,2.19661175772529
2.18175072352294,2.01178256488207,0.812049791828711,1.33383048490756
1.9560047269563,2.0926997662047,1.51759074425748,1.70879679583953
2.3628438948836,1.7385899685598,1.22706519276006,1.72635596118145
2.53414084516038,2.39739397891654,0.759843915080863,1.42806395446488
2.06259833770723,2.46816904975575,1.16273814391322,1.7368780136109
2.30082155355106,2.32406352657221,0.940840152645411,1.99281984229784
2.21957838570997,2.18973559888626,0.974787843304191,2.07992276196983
1.90505676028129,1.68209613899755,1.0218918876008,1.91425105347196
2.49774375332477,2.263851607973,1.12071362534352,1.45254710318756
4.15637420348224,1.79629977780869,1.42283891405576,1.71066948714939
3.3664027184357,1.88060459947415,0.915976002635046,2.1828025250474
1.88198675937429,1.97826514131104,1.53892407686063,1.21112749741813
2.15866791285027,1.99004624617947,0.993844856913202,1.60814590005043
2.10903335274844,2.19994890425188,1.03604184124172,1.61023771663918
2.10932779911245,2.15421019939631,1.03402547823761,1.48845823904789
1.95201766299582,2.27633241333236,1.03500539694714,1.38593307498131
2.95239236077688,1.69945881277443,0.971928501191536,1.62841778311819
2.84828013002174,2.40163327146783,1.56959355321155,1.70496446813997
2.63782253899974,2.10833773769878,1.7029259848571,1.57934300371327
2.60295300425896,1.88195151744031,1.88598690113662,1.81962608036573
2.52395227956604,2.09036665661945,1.3849561154307,1.89576056550401
2.17024825247407,1.83216874229557,0.883983746584233,1.52882531914277
1.96354852085887,1.85108440092852,0.825274998892632,1.92678112427749
2.51079209774293,2.01917244486298,1.43753371049623,1.57150575444357
2.14823754387583,2.28129136337293,1.44624001370067,1.28296642595783
2.44102645973551,1.7350257994484,1.38307807073523,1.52443393235519
2.12882028710567,2.22744763018887,0.940559942780978,1.4832341049877
2.30210244869234,2.00488890412991,1.04213241806191,1.88496442814301
1.58534424324886,1.7684204002402,1.02620198814019,1.71747514321242
3.24271447166534,2.19398150926784,1.09184672621797,1.58808944656887
2.32018579746281,1.73634850976068,0.952619671579686,1.61855038739541
2.09510901442589,2.45080577490412,1.40164039668513,1.98593760296886
2.84211970223525,1.8522073185592,1.13641512514845,1.33476534522083
1.7114243454844,1.55443205926307,1.60986477947045,1.64486813702019
2.63034164667938,2.52591081306046,0.654308020522136,1.86399520354958
2.19144027549191,2.02393924294541,0.766568338537062,1.54298720549041
2.52111678387712,2.4522500471356,1.19562634910833,1.38927001246749
2.56758211705235,1.53910075623381,0.850115607201765,2.07165955925965
3.16338207745986,2.54986733698527,0.871365953144767,1.16372567190904
2.22530966596407,1.88446252152995,0.828035929131593,1.75245200017273
1.88026949514493,2.11556823843496,1.51346935241729,1.59038681528931
3.44175800653501,2.08964829491724,1.06052858815014,1.93694877643465
1.96251733985164,1.77711324542607,1.07597407204346,1.26564470796415
3.24753535958912,1.74070099144074,1.42187605922984,1.17221729630205
2.37307681863359,1.78471775488511,1.57017735430594,0.98745793480082
2.75953936834169,1.9844182574052,1.19797591168328,1.61699005442885
2.08410501807625,2.00500547256374,1.26598286900179,1.42508626758599
2.1769286718881,2.54438708554698,1.09713214815695,1.7838857705807
2.54863186229358,2.43545158691003,1.13030250995343,1.4810030385203
2.28670921696587,2.73365490643753,1.18932744768436,1.78700208116048
2.33879308715495,1.73476555595349,0.87099891886191,1.4941147890028
2.84106789118849,1.4418590554382,0.831766979415912,1.46234999378626
2.92299399499058,2.20649965463366,1.3293283116391,1.69544890775028
1.63695924932887,1.67402226311675,1.24074204304849,1.56990459929673
2.74082612324006,2.22590648084377,1.31795189886305,1.82387667194436
2.35110413810073,2.18240524205403,1.10586835089744,1.45302044623695
2.00601316796111,2.34885515200438,0.959709899687777,1.67681017531105
2.85822198784448,1.65752384286908,1.05569793104991,1.55322627711547
1.46580463567326,2.18026031491671,0.955051857816962,1.94424894360271
3.14201309577274,2.17022727910419,0.940253058150548,1.9509163154102
3.23206500092738,1.67468837739364,0.994911155925678,1.2943874640125
1.46549077219587,2.37222435437609,0.776292473750385,1.76422779269931
4.38153648399542,1.90844418990849,1.8912513563881,1.60715301901346
1.57381162341772,2.50967522191402,0.750372113952067,2.12219835631958
2.38942618316435,1.94536261259854,1.38843832639095,1.73164471169918
1.88379006809049,2.13217494554726,1.27142329620288,1.58584770435068
1.90275934621762,2.25568487316183,1.43697741890894,1.59395249490542
2.86803113755568,2.02695645895985,1.40599993475349,1.44605338931948
2.21352209739734,1.91041827030287,1.62649936063955,1.7326389624595
2.75649268692126,1.7459399673665,1.48259411165581,1.72595759521079
1.95784175592258,2.12893827533587,1.14753045539997,1.60056138634927
1.82417237318161,2.13114893081864,1.07969646697264,1.48609390963362
2.23927531814598,3.85424031383034,1.19170593697094,1.88537608366159
2.0779219632465,2.17174245045109,1.11174392952338,2.00082568587165
1.78623199454324,2.80701726280349,0.930873745891601,1.56420377861681
3.33758803524622,1.53773141264996,1.36237999654362,1.88483124567115
1.53320301236333,2.58135926397642,0.923987735411589,1.79269062166698
1.68958202014906,2.16360817471494,0.861338589378103,1.77646409637667
2.23464487959838,2.39711906382637,1.06406639681039,1.7574183231219
1.85722420417204,1.91229605772284,1.02619151115578,1.43045691992692
1.61596750333615,1.8317308989947,0.811637013419043,1.96671054122041
2.27527231157164,2.15772856907633,1.52795680163616,1.79767497945517
2.37304761613144,2.124305577624,1.6273589813567,1.97566208813868
2.49781493194162,2.14872936480375,1.63727459677692,1.661180627138
2.26747955998861,2.04122724931563,0.913705093204857,1.87368712634376
1.50569724192394,1.43336845460289,0.928805582140368,1.97032823570771
3.25541477322891,2.30996082949079,0.960583486674762,1.50667196502807
1.59672683627965,1.88094970801717,1.30121824051139,2.21673353631477
3.07482030248939,1.95200898266384,1.17589181885434,1.35842045671504
1.48031291441713,1.7486577901902,0.816294735182002,2.02215221698616
2.01253690130145,1.85270743670882,0.948517997232359,1.66057566219189
2.00113896639795,1.80838252375284,1.29652855111697,2.18294044445909
2.39448026699211,1.75191782984294,0.755373680251455,1.57834776321635
2.46538183136235,2.12098468240807,0.993904763758444,1.8840606435627
2.33766852967854,1.68309014396732,1.24442612686602,1.59307291518279
2.53470522558779,2.18874364572302,0.930946926032857,1.93518473927123
2.15512338947592,1.88300768279636,1.45468723652166,1.46774061836895
2.29941797647857,1.61004969988444,1.34119977020676,1.85677952360687
2.19716375755439,2.09921847192464,1.37562762865305,1.24874590261147
2.64202745086478,1.82841964927761,0.848606130698916,2.2569507376914
1.75405160941492,2.18678500463298,1.72749666492576,1.35735781092428
2.34078874253016,1.34914675362346,0.758472355152492,2.15324032438333
1.99721505515917,3.00694507340281,1.75966616602971,1.22826131976053
2.84623921161991,1.93285523408438,1.06754079999752,2.05295120940231
2.53814281199548,1.69452365090469,1.41537767677217,1.57756889732969
1.98135645445363,1.69989244829649,0.958503853092407,2.18052100514286
2.37095932657471,1.9832121206481,1.40668179235962,1.41423197144527
2.24354749194137,1.69551269576983,0.888927285551284,2.27382815794427
1.58623759390899,2.10806042615605,1.02694786138638,1.1437976975711
3.50997715427533,2.02379804613778,1.10126620083364,2.27795137615691
2.01511194501387,1.61286890529298,1.31216708434544,2.57301401753012
2.11899381794666,2.37247447413776,0.863244025036188,1.31850320351497
1.86100788714052,1.67358892981173,1.13452961755468,1.67249414972067
2.2878560327623,1.34488478174217,1.21458948736031,1.83204828319588
2.34909997372156,1.44071340051418,1.16062605902322,2.12082361618651
1.95623955885732,2.37514247449147,0.885553150677721,1.62085390547413
2.65368057054971,2.39933234661654,1.02480303795865,1.70271593261054
2.38207967809379,1.96531371240056,1.15618510695343,1.50545720667203
2.51869405065078,1.94624763142642,1.08952632750499,1.51901647513321
3.16356257301737,1.76298007865496,1.25478635159073,1.59346966235237
2.37529978785831,1.78880283052141,1.11521377801294,1.90675839180562
2.42409499825057,2.14213508228056,1.35796842495554,1.43163621946015
1.68426942023671,2.36736273869476,1.47992563037319,1.63419089788884
2.20387810291855,2.11620032121959,0.757516912601346,1.90515930286354
1.90277735903249,2.43523442020245,0.91641177462829,1.37086193720215
1.92046160379423,2.11363201981009,0.758353147617497,1.40436155521307
2.07323656965999,2.40917197441182,0.933075078518661,1.78791575704845
1.19654612660415,2.0309186118597,1.15279266332301,1.26183731991555
1.86468619448257,1.9736419467821,0.728610784814241,1.70801981296963
4.40065855170466,2.1569268577112,1.01462856431,1.35423908446102
1.50480469737263,2.09337675696477,0.974286625776422,1.85522277537645
3.21835835903336,2.40684845867849,1.05539414423602,1.58461286292668
1.84498886584748,1.34186520754226,0.96047436951065,1.56681706940787
2.61940923042249,2.3138242824926,1.6383958966445,1.93577942999177
2.04077513772389,2.418656728877,1.04626900408427,1.33771652467556
1.83223993190176,1.75074284149086,0.927243675875261,1.7131411989574
2.89366067929641,1.789263690696,1.28689446826089,1.8929272185537
2.18924928006041,2.47228727681953,1.12789295455887,1.73150424772637
2.34172367746182,2.10160093611404,1.34496757790196,2.12949082406494
1.96746704707352,2.7040584213725,0.91125901786683,1.94690478545719
2.65002312152436,1.80251132860181,1.21001415905799,1.43712905970995
2.15983244347334,1.97144097628197,0.612515889923125,1.90687882110678
3.06829627242445,2.04703412971823,2.1027664051031,1.42213751506678
2.37953954869941,1.69723570369118,0.753092912702344,2.02541534734912
2.19386082473992,2.34210833500614,1.24493153721514,1.36596730364367
2.08598821860442,2.17696159363687,1.03135227571919,1.33310407994857
2.69889511235587,1.69496414036901,1.16847516012199,1.80405730177111
2.36506369055009,2.25983687985234,1.32914988469265,2.136031385817
2.2366664213145,1.6612082130649,0.959146585494036,1.66343132648717
2.50770478742818,2.07130472753418,1.15452518112112,2.0625454604894
2.1015665274777,2.33584312089282,0.844958118731533,1.72921367051191
2.06092603229693,2.28850742004082,0.828129678637414,1.99928822125283
2.13008434388034,2.47972420310716,1.30577478039602,1.49936608745265
3.12727521573663,1.91928654310219,1.08822761164011,2.30186457248549
2.39109813260141,2.24687618438257,1.33925031516246,1.56420954170656
2.70223965753169,1.76180605916283,1.97551084905704,1.64452867211183
3.15887742105583,2.2815604026755,1.382744972202,1.23919283179735
1.82563186668986,2.09744571046484,0.846696794675534,2.37931369558905
2.61868601207211,2.26450180475407,1.07322437364674,1.92542384227351
1.85173014679187,1.76058716087416,1.10426706455676,1.66078717881412
2.07080681831332,1.61653118443236,0.901379189070806,2.19306453300964
2.18900019586487,2.91721087927091,1.22889047916091,1.48781340453081
1.61925315055895,2.15400912096296,1.66954610620489,1.49048389661996
2.52245817038295,2.62293784341808,0.881119082211661,1.53597832000724
2.24225802295687,1.86194613601969,1.71916574696975,1.9913229512638
1.50081105035842,1.53885560498953,1.18043864976685,1.63225945564675
3.37478626191913,3.01016444020218,1.12201534941903,1.58331953803975
2.41927540892191,2.51561253403259,1.46763028215067,1.65646144387761
1.85142565565547,1.43291726528587,0.91443773286003,1.52393054440457
2.58433801324076,2.61240055854926,0.914613289841508,1.48329994238384
3.44526121858992,2.01480862246209,1.15479997780455,1.25666186348113
1.80722082133936,1.9559381660641,1.38023813065402,2.54858924113271
4.07134538570885,2.10757251888804,0.962298798637064,1.16341034997365
3.31834138706347,2.36928670444312,0.999998410398011,1.17115632291062
3.16851652124348,1.96813164345081,1.276726477997,1.24829585126404
1.62251990825339,2.00928851509225,1.30251467101883,2.47894656679637
1.84232606858125,2.12942025948822,1.33484885291776,2.53999128019309
1.59780956363743,1.85187731812322,0.725428280797355,1.72569836228808
2.51287134632361,2.23327966112097,1.2263157760348,1.90320899083477
1.57773197279463,1.5779449900235,0.768016030224025,1.65200007296743
2.24109961633104,2.02129413913685,1.52117640085275,1.40066591560297
3.06157136033908,2.02421959397403,0.913002820254269,1.87918683248013
1.6896804193136,2.18037653628286,0.972985479861951,1.6244328571429
2.51984024607123,1.80306194773966,1.2680117103402,1.78984442701294
2.10973530854682,2.40847063041012,1.56926942860923,2.02230695274025
2.57947932328961,1.71076354991645,1.39403021652812,1.93215791659032
2.35459978753273,2.05759803607872,0.781338852008032,1.46533089263376
1.88474958448359,1.5397025378368,1.25359848063418,1.5785396660145
1.54242901712286,1.58708734284116,0.987027449335669,1.60020119437346
2.5923840043188,2.13387267004239,1.50729222890563,1.69651401266865
3.15786400207002,1.90123306442354,1.01788116005072,1.97327521004297
1.88669814695032,2.20262014560456,1.17228296560131,1.44377201102962
2.24313559619556,1.79232866355423,1.34594455467855,1.46677518361519
2.47473682410875,2.17230380645802,0.9971253687139,1.68040780244491
2.15954783903037,2.04747343451944,1.09413501399083,1.43750845770718
2.17365669168284,1.58723891568545,1.26607317923912,1.50193720460121
1.87789485795445,2.11552903597047,0.922710602902128,1.64914946260288
2.75341830876606,2.08012384230881,1.01497855769965,1.78476729434319
1.82083127398185,1.63502889694165,0.915349677177708,1.67786330371919
2.48365641258322,2.36579985483935,1.21588208372116,1.77196182074305
2.1819142164912,2.11853521828807,0.919490887434944,1.5755828301976
1.92964559115967,1.8854716015983,1.49238133379013,1.86696518261241
1.99599685941391,1.58469399149815,1.78240690748464,1.26259371176471
2.42813927556352,1.75233495391405,0.851940122499538,1.93290842843681
2.7196820501051,2.34386633572856,1.34118353800669,1.31757575906951
1.80844392344686,1.82882822562285,0.795341601500714,2.71563621158454
2.38485406536772,2.65547940590394,1.24341538363228,1.18000267541581
2.13630084183936,2.12944977842524,0.984093038796738,1.70421627556572
2.26794897038201,2.16485884799497,1.06547194239032,1.30277869453159
2.36575052850741,2.07098496131496,1.06641901009261,1.1961026147981
2.37313636322328,2.39536270962649,1.28878064765059,1.45204033571647
2.39280664524748,2.05933903530608,2.11686930225094,2.06828625785598
1.92669265733129,2.30412079383752,0.933707607911853,1.41070364968429
1.51750669772463,2.13030356134729,1.09040748740169,2.25886241558322
3.96446846172175,1.62574151433187,1.17272280028392,1.41800100298667
2.26153982895366,1.26135167871821,0.622964372468811,1.68055631032732
3.20980148645824,2.11826364118873,0.651912351361564,1.42142106120561
2.1887230272389,2.32239188132562,1.68094197933109,1.77901299537449
2.15047939853468,2.24530947416261,1.7597228388531,1.71594741227927
2.16497601786648,2.55526540496019,2.04768953583906,2.32976243586293
2.21976328961876,1.88179035587594,0.775000423124671,1.24052685048899
2.08828658929477,1.74954548865993,1.88366188140314,2.70547952576116
2.83752450006385,1.98675614404092,0.847099895797346,1.40751733340639
3.23082502276348,1.84600072313418,0.832788119612656,1.26000917507289
3.08038913549686,1.90672301625494,0.855924082026605,1.1434761710612
2.10998717456206,2.25551494563299,1.24917904786898,1.66930518464527
2.12654676041545,1.80829010255395,0.982224213544521,1.89511517641417
1.9076195561961,1.9124655766491,1.22729461823665,1.78769567062101
3.18864100316943,1.70146472676527,1.40841536574926,1.88176665609116
1.71504410827699,2.13492688777588,0.937380618068733,1.60905820136147
2.4689907761674,1.81043037649344,1.07381039996357,1.70234761147147
1.97019099188449,1.72921312147743,1.18720705884654,1.86143875912822
2.68138390844083,2.0432111441582,1.00210837401182,1.51716386659735
2.62749509268235,1.99054430435215,1.10654171187327,2.14373345015454
2.14258866361965,1.93282302342058,1.11586648090196,1.37172089887546
2.60210512057557,2.09752757151893,1.47810117923881,2.05517141419124
2.10873969023961,1.69064185827519,1.11698176735308,1.69459702662831
2.62425466537067,2.22081391146001,1.22299521906797,1.73221577038645
1.99355081983734,2.03169490431303,0.787783547512829,1.72021801773025
1.73055318609573,2.09184753437868,0.769599922265481,1.75237023738913
2.04774762001204,1.72987803076433,0.91007727509137,1.62075861835489
2.51661798594144,2.18301409998842,1.40236735392696,1.86411758490801
2.16850325140611,2.06184586798617,1.28862742700785,1.59714926632056
2.10723719212095,1.67404372703686,0.686640114988744,1.5099994118919
2.39995405029326,1.95635715911461,1.46600468641779,1.64431701039459
1.98065657165747,1.87729573589533,1.07361365281639,1.41750679532866
2.33816187466027,1.7765693769382,0.980087112689232,2.0918283483192
1.87982692874223,2.17814777874478,1.23232089942193,1.2380494171998
1.82530667067559,1.6652952393486,0.705664144358859,1.85929578684975
2.03537003882828,1.77991257974159,1.62860221830859,1.66733601341363
2.10696209241968,2.38599109533433,1.01400438576696,1.52860920123561
2.63239723315419,2.56566295273964,0.772897534017042,1.86215799981618
2.68445406965286,1.86134564379872,0.812774721874344,1.79610036668328
2.58013011637049,1.7177157579577,1.08831345361975,1.82042540737773
1.70119435572942,2.20328454348193,1.03154839253228,1.40842963389548
3.10526254682306,1.78992965856195,1.23413094502374,1.56863235739106
2.77414606789211,2.03248172861004,0.848556349120739,1.71403632099922
1.86919282479366,2.14906926350354,0.957314649929353,1.86265983349351
2.31540146090709,2.13848878190671,0.890510361112439,1.94123268067146
3.34463314205439,2.36924338381874,1.45177660916566,1.54482167808605
3.36017318298308,2.4092375838115,1.53417349104034,1.59296766710387
2.36712528413404,2.07263233324876,0.886190688714125,1.95088050766622
2.27024289929802,2.04880794949778,1.41664319304848,1.36693443045038
2.8917832928633,2.22912679680395,0.982446280223547,1.51866084124214
1.5384655350568,1.55726962614607,1.3229867235722,1.60700737299595
2.2533115995233,2.17485011670379,0.930345992958248,1.61825233824032
2.03758477687071,2.04946723462692,1.26995640058627,1.85862837685686
2.18417813084087,1.84121705860299,0.820522557076026,2.08192514835811
2.32525886282158,2.09910664090305,0.888012397672371,1.93837635914308
2.33087808327701,2.07755310121798,0.812128043019266,1.92544664799905
2.12574653297226,1.88209405557324,1.49382521412427,1.74127808420429
2.07527434829418,1.90388415998689,1.38911730037382,2.30650994569756
2.14082626855943,2.15587982710268,1.02030309037141,1.36804713807734
2.9428992831771,1.89495812031937,0.950463447998763,1.77903702368422
2.62452962861022,1.67862749319975,0.822628431516739,1.58402502005472
2.29429847380126,2.24093360908841,1.4773115108861,1.66620342363208
2.42924074055486,1.64745491094381,1.1549485508775,2.18255940366066
1.63699434938006,2.26036814121658,0.822395895055121,1.25334668951848
2.14600667130563,1.67149890484549,0.649078790878449,1.37921778761649
2.18276327338972,1.96726707959141,1.12100230729666,1.87760889412119
2.97348148457542,1.82330359006278,1.27845270505795,1.37370374230994
3.53336089298968,1.92602410001403,1.07580463417813,1.63675141273161
3.42230836642055,1.93702088987254,0.898017269417688,1.98535749355421
1.72299926335422,1.68751731908161,1.88593199549252,1.40889912668582
2.47178508009911,1.71250594146682,1.16958339285409,1.84501497349901
1.84556316295492,1.77494945699224,1.18303335477578,1.36062738836697
2.27553247213649,1.96108865983974,1.16387050328852,1.72401436682108
2.04248755428231,2.53706874035571,1.11876139714741,1.6287462135781
1.78168229619588,1.59840009704134,1.17257490864511,1.93488321681114
3.0523806548342,1.66563126391297,0.844514364154939,2.11373411974159
2.71065669750123,1.72349190927593,0.797528578974362,1.97172152974272
1.68948332438769,2.58925693003346,1.76346201671103,1.28471659837809
2.95536501110744,1.7408660914566,0.726286005431881,2.67472922636156
2.87123682882587,1.80366825913498,0.702520696284902,2.63448261801354
1.77902221263382,2.25494032445845,1.38937923806972,1.70126358242628
2.2101224821484,2.47821970852083,1.57849589926117,1.54029147062045
2.06875113372554,2.79646299476304,1.50956186871162,1.6112130315885
2.45870466249644,2.22268466666324,0.896048402284488,1.57137545680495
2.29721077133602,1.70866764140816,1.35603963679731,1.80919166127335
2.68866855944544,2.47241059358559,1.06280452597606,1.6586450922006
2.24421191488406,1.93504125357948,0.877794112587357,1.87075370335375
2.07933130327195,2.02314772432719,1.29650488755978,1.70061307354505
2.57918298419537,1.86220167845666,1.11967727030593,1.29506245142064
1.64056712177502,2.0610014122611,1.00735327628265,2.04837416545576
3.56265172657986,1.57307674244264,1.35341601380847,1.32951120004401
2.43137815636966,2.21476933995891,1.75832458589182,1.65858556397712
2.20436942061579,2.11951251778077,1.45150892063675,1.36554175792714
2.104322877661,2.2103188612768,0.973144594078917,1.49205388449965
2.19228069367788,2.4553462109749,1.26370105037084,1.82277475455895
2.12214947095847,2.46822785757602,0.982250999179562,1.58595096788324
2.19041930244683,1.78821647925387,1.34846480845527,1.54195049553657
2.29586508016761,1.63413014368673,1.71875636449309,1.95164764612
2.3466705755608,1.89057591809546,1.37579716223774,1.63064938077176
2.31152289226516,2.00703745884684,1.31769989927503,1.81393348730029
2.78039622145533,1.5577612549621,1.45033265352914,1.81084868912506
2.55195641506865,1.74567718046687,1.64782082524924,2.00701671007597
2.03731707282611,2.28997717285744,0.688648475458814,1.34920173131841
2.43352056351226,2.28440839746539,0.746594899817968,1.43653887980654
2.33204695278993,2.0905082101839,1.4360934327764,2.05807607787363
2.23773316589885,1.66962952049838,0.904547498152004,1.64510138078148
3.0161327209567,2.13332629878563,0.826308523686169,1.826995450483
1.56450696609643,2.08676421939703,1.21218461884224,2.36987926609172
2.13049239129029,2.08514505343948,0.78798833527174,1.69402494570334
2.81853297371034,2.02313111890576,1.3985944567757,1.5898605874342
1.70166059877364,1.8670495388391,0.734899529817708,1.79053663572226
2.65172155413374,1.92288232776804,1.08433069629485,1.73174600540771
2.27943285892056,1.88501271902838,1.04962477158559,1.77953726141542
2.25560691345089,2.34067533103828,1.16463272780308,1.58730468791783
2.123793903153,2.05170769917411,1.30579257004246,2.92500443503085
2.3772827252256,2.31094470646908,1.18716041894662,1.59939877125457
3.15990481938091,1.66600733515929,1.34328320923035,1.72657973711893
1.6028424714857,2.0307546022896,1.25267477400319,1.9934673039645
1.40477996164117,2.26284059794372,0.941086340241002,1.65422933038699
2.63123472698889,1.89592001222041,2.0785897782322,1.76953329108247
2.1208887525051,1.7748141272989,2.71938097835643,1.84904344698242
1.98297444642736,1.65427082983306,2.34279339688489,1.6964173988204
4.02646692330054,1.92417362937763,1.25226291398874,1.75612178494426
3.78582823294794,1.7326355825174,1.32725300378507,2.28613587678803
1.17278688075986,2.1767507726129,1.04456804265316,1.29719713494192
3.13259632287253,2.04115429090709,0.97652782373967,1.69595132307757
1.86921273911406,2.12031049085506,1.62863401368443,1.69541122508716
2.76672723461899,1.73565553588162,0.989092723132337,1.46131847762146
1.6240831634052,2.10510946312682,1.32640190338822,2.54687196239492
2.43224126466184,1.76160700400459,0.905153046273023,1.67985604572757
2.43514639661902,2.44358122074532,0.642003064726211,1.52417967879759
2.13718524663036,1.36040122259952,1.39583945899798,1.90342913226117
2.661298379175,2.35592679273103,0.812485500420393,1.4866017817068
2.26799020356304,2.1502833546923,0.948787933036026,1.39531686635144
2.76056811282072,1.68429055353052,0.808387130892402,2.63688276260742
2.58860997782308,1.77451754470945,1.04836984657283,2.44107627395365
1.94984273583129,1.75596401324338,1.10069253547583,1.4527532443301
2.30051197235119,2.24510141222781,0.982342641002484,2.24621595847229
2.04128954256455,1.68918265342526,1.29851446417194,1.61563861094425
2.5443038012719,2.18555248310158,1.39299796119031,1.69704239798568
1.88552285183112,1.76317540745053,1.67014318235575,1.53859933055401
2.28813861468847,2.12951769804313,1.91191106703435,1.22368062076072
2.84538414638571,2.54301893202347,0.980931491930269,2.143723674253
2.95044776728128,2.68388899389988,1.03725482539583,2.09137250552625
1.81662221031351,2.12228966509352,0.948231801237808,2.23233682356607
2.17892277901417,2.11955466438301,1.12857695948614,1.95906983522036
2.26201184718912,2.10743635235231,0.957933023787519,1.7614176466321
1.97412190310231,1.84152420430099,1.46204703033742,1.76583042322947
2.3529627441406,2.04366056620307,0.954228997717796,1.79029681620202
2.54903634095981,1.53324542179044,1.03995400680514,1.91473081587802
2.10636079854601,2.90808727869318,1.08993141985749,1.34979435206869
2.32023538775636,2.50963689947339,1.0952385881654,1.83925568714706
2.76949611716505,2.37966426794442,0.722050277345088,1.46935271225488
1.48102932259169,1.98379917754107,1.06402285159382,1.8491115194827
1.91821173469231,1.73439022427185,1.71890095705851,1.38408451776713
2.07142595956213,2.19541219913548,0.87171466760827,1.88257503038845
2.09018474343177,1.83109081552835,0.812034396780588,1.62021235270247
2.06235440714239,1.79067819268329,1.57830086834314,1.85284748565279
2.42548389950647,2.05482186489403,1.53279507253578,1.91813451821025
2.49971241703803,1.86755404983458,0.830407730413775,1.20558450304461
2.38744830970968,2.30659334275409,1.35678886768505,2.02862243449934
1.93794613557886,2.36738869612408,0.701697047148724,1.3559557290718
2.72412866295789,2.43745491473098,1.16707975456369,2.18211842174233
1.78335653256733,2.37507923104322,1.19114273052105,2.57532089128845
2.48103955059264,1.70245307829304,1.02020505646198,2.59887594907537
2.46189406181783,1.55751177333528,0.71358870754384,1.97305210156417
1.83722494923369,1.90074829004424,1.31564591366361,1.80465620757887
1.93057397665468,1.93699039279652,1.34713175152077,1.73561740830635
2.60768364483591,1.95319138406771,0.918635895050946,1.59887779075034
1.91833748489393,2.13142758519054,1.14881681372458,1.69481435282805
2.27225179730664,1.65959330160985,1.50032349934886,1.73908758536679
2.34320790172342,2.30805204961607,0.797989385226213,1.46473553253991
1.77507456547579,1.61878002936138,1.54141730314128,1.73298012710459
2.94707811381936,2.23736548235468,1.10950932077733,1.66854754700672
1.87761046611534,1.81397587263663,1.12953508342625,1.72591550595184
1.78748397633308,2.05380449775125,0.736503130711178,2.24211879837636
2.02335276808803,1.74257716380209,1.12158464586175,2.09356944548725
2.13314920118668,2.26551067596346,1.10571721134112,1.18010036327804
2.07490811921164,1.68689832574828,0.802342596680615,2.42810916033636
1.61435716385217,1.61895776454828,0.867977966556632,2.25437589508131
2.50050187222788,1.8494569852589,0.88366987712785,2.08659927984383
2.51355949098142,2.10872379651091,1.15238187439072,1.25416295848851
1.93496353948325,1.76534014995289,0.875334947692693,2.00697300325382
2.8403246204411,1.96119862243142,1.37952111576326,1.62206054370186
1.66742990905731,2.02071635095937,0.780622573501574,1.8523125011215
2.12726039180935,2.66298579306796,1.00727981219553,1.50189087253926
3.6589222113916,2.19727575654567,0.964756145578143,2.14017257894578
1.62328951867347,1.88085806957969,1.48420931981748,1.29929085200666
3.00577221129217,2.29947991124684,0.756908309814332,2.18287378506558
1.88992165438747,2.04359318037082,1.11029756364792,1.73464690263801
1.55367693933102,1.6068560091245,1.09320527806921,1.72522239555518
2.87724096270973,1.64297033953155,0.961508241613709,1.95843473312162
1.370132680416,2.16280133869552,1.03557433115553,1.59846945993368
1.35556239026379,2.12395696123458,1.12012826722091,1.80873665364107
2.51684006850934,1.74579514352785,1.05453135760711,2.09078817394176
2.10162247243379,1.71697015337796,0.703419643825444,2.08570039727275
2.01208169847581,1.78979861462694,0.741712449964199,1.75712271698913
2.29407265002342,2.21866875517947,1.37725786088466,1.81216624566575
3.01786689693375,2.58494830476733,1.19432017213896,1.77893405314583
2.05561473507046,1.52952914274282,1.09879659663618,1.76950409152917
2.16685222246738,2.08307535993685,1.0914692518285,1.79232368967284
2.12390734666137,2.16527173352793,1.29044925640412,1.33214343916848
1.94851166852677,2.19431191800832,0.920689216825357,1.57470819414255
2.12672355456677,1.9847032104024,1.71135076020482,2.12854428947136
1.87620239054548,1.65229434692993,0.714610082741457,2.05108290854237
2.16883297710257,2.34347654723288,1.4516050172821,1.68079376768334
2.7841892473233,1.94810545759527,1.5835743946246,1.71226516890392
1.88909821570896,1.78993025985578,1.03680010491158,1.67410522019251
1.95163515530611,1.80705365875806,1.02169067395921,1.42461284869434
2.35819066757302,1.91850963898061,0.873518657639913,1.70219668815992
2.62683979858002,1.89485902195323,1.39375037969441,1.40260731019478
2.19567196657419,1.98440525387016,0.903602085608296,1.33144115502813
1.79560521548144,2.59112864416369,1.1297550078205,1.86052318010525
2.78195422400189,1.92492219012614,0.913691427770208,1.7030945702555
2.87848662719059,1.75450122689655,1.60989764869389,1.58103956208581
3.03695678303859,1.56716426890464,1.62746716447119,1.76009101137269
2.39896177346941,2.21342085901528,1.09831290916633,1.63707848740925
1.70284875523617,1.98338954184754,1.1377671421644,2.03245664935206
1.9082547834065,1.97473435842543,1.5195238803284,1.44816288118614
1.56078380694699,2.0999153491494,1.03555023778019,2.00329199353812
2.07149035067087,1.80196222599826,1.56864575667598,1.57050004675029
2.14732320941582,2.24846452673513,0.804917884311184,1.80175353915301
2.56967853578289,2.19157590692717,1.2016168097226,1.80532675747193
2.82246750162284,2.02009816067012,1.09633694446613,1.85191616850344
2.27686220388268,2.37890456398087,1.75766330832675,1.45505997868849
2.45898646074832,1.942298011275,1.17236460167842,1.50459364532759
1.99860075496267,2.45034542554545,1.15407598193514,1.93020490163319
1.83940437277201,2.41415893508956,2.10153235588989,2.32729141738623
1.97386636444292,2.39559585605048,1.35683601476265,2.13368497039804
2.81928609905097,1.94243491466055,0.904321639944192,1.19916174151101
3.87197869363974,1.77334252158981,0.702251108642381,1.61863641060904
1.77874846943263,1.97896752597667,0.777353327590256,1.00026043170386
3.15450112983793,2.32576025854518,1.35899396859641,2.5552875517504
2.44161952329598,1.92282183915478,1.37364059805422,2.58813589551784
2.53842946344314,1.43585404162024,0.933593037507391,1.76569520027298
2.13798656997882,2.35082937503776,1.68141856950915,2.4813462160283
2.33244016207328,1.83457552814436,0.940560387599843,1.14174736894439
1.96165825089933,1.93975441959868,1.08638936423538,2.8966463046254
2.08801429952062,2.40719639569827,1.15209315375941,1.06650005762071
1.9577680073081,1.92154238854354,0.906875908298993,2.0008538949486
2.04914246410698,1.68244851612805,0.73857885449195,1.73615296551982
1.79385105263773,2.41820515833645,1.32451725175468,1.7484764070117
2.62043755701669,1.71722183790581,0.989641116645177,3.00271067062667
2.12966382968689,2.03102436582113,1.03142142099079,2.18408841487708
2.8062127486532,1.69054757881414,0.882282714028588,2.75981400493081
1.7569275695661,2.16059955419734,1.0881707867666,1.77167550291243
1.8437594353814,2.43135149078004,0.968273637396208,2.99261057065301
2.0235591260328,2.02403053590149,1.08459007863094,2.06137207876794
3.02469391774804,1.83786415561644,1.18979951233304,1.4692836997107
2.88958340902389,2.72696474331033,1.10133839491401,1.57576542798167
2.59128129548599,2.58447475154686,1.07607514038793,1.35302169269207
1.55451831591851,1.57780743233562,0.885450519824256,1.94245313421402
2.87287574625053,2.32132317542744,0.958594163006574,1.68504193859506
2.58591049906907,1.86899062470686,0.990333774701691,2.18160558463074
2.56605579584977,2.1217361427916,0.867801380500129,1.22705053363024
2.01179808832324,1.9929705620719,0.707533134894534,1.15760846121228
2.95076398551184,1.82396581313818,1.89644151527849,2.61171944086267
1.55377729644665,1.48902434196184,1.00277105754274,1.5829593546004
2.82865309935441,2.40844282240911,1.56087708512513,1.89228090443814
3.14979763954017,1.65070826131404,1.60029386231522,1.36924531697324
2.21143943532864,1.40743633407466,1.7313527890579,1.37113851705181
1.76344456407185,2.63601223815244,0.809325513663583,2.01636789663695
1.6164321848622,1.49966350876307,1.25157349310925,1.37369522032372
2.0993301580815,1.68004852478161,0.89359079696251,1.62319957535029
3.4878417195425,2.31635155097862,2.39923411601111,1.5716117276039
2.72847326014074,1.67185651407331,1.72495655651145,1.86481722381804
2.42013540509079,2.450980669505,0.854466040896968,1.64739337703288
1.62413937093686,2.36671555676378,1.25293330671666,1.6909924251699
2.91430695983133,2.30332182673334,1.06040404463549,1.55973332563338
1.98974627193832,1.80563817977352,1.47699296904339,1.86044316914142
1.90962788070892,2.06384228026198,1.35271676692707,1.69905755881022
2.47445648122261,1.7194326157046,1.57842244054524,1.70197066984321
2.10434811695362,1.68884927754037,1.01833871684344,1.46537799330713
1.9447919512354,2.11095607733308,0.905810674252219,1.93352042339977
2.20130970848711,2.25380981806456,0.772459404087573,1.64966329439716
1.63906166644446,1.92090200277862,1.10723954585484,1.19718177515806
2.17725818380064,1.7531001177668,0.690252669420108,1.62863426845394
1.84822541705149,1.7269130986849,0.730465783517219,1.79599570788214
1.6648671426153,1.58370117286253,0.939501067692606,1.52608369556453
2.2742926767655,1.88633095151782,1.10938122583817,1.85452349198712
2.16789323052452,1.69154412855926,1.15830087809735,1.72099086357757
2.02097279074947,2.38610305629783,0.667513396998209,1.89346009968669
1.48125663208981,2.48826730656451,0.882123385017792,1.86493093232908
2.3579090022795,3.03489406991778,0.897510936105256,2.00123921238352
2.34690528265821,1.65128730133097,1.08933261400967,1.93841258183327
1.94544447575619,2.73473439274524,1.04890187761604,1.67925118660433
2.22866099906405,2.07478540957842,0.803266922173475,1.55890243693562
2.58959037641691,2.26909818976343,0.953299058697134,1.52521256273301
2.26381214823103,2.44878513530951,1.55815679131997,1.54235977752136
2.22751865387823,1.82016735358628,1.25100078370959,1.9569479858246
1.85434795365319,1.57521006197066,1.14249334381222,1.86889493331534
2.23825284683328,2.18571866438834,0.960800208763739,1.45668553513886
3.19111871341219,2.06714588719035,0.807297520622385,1.88630573057055
2.2295955445989,1.88370492160115,1.51159711592879,1.84351922392625
2.48476856004451,2.20677724096328,1.35326324922811,1.73284389017339
1.37917407280311,1.62793957736683,1.2613420915084,1.3087036320167
1.76664970429398,1.63162617375333,1.40631221226502,1.43643222177228
2.39797918628592,1.65670382829318,1.76914324340174,1.36426036579542
2.21139951052251,1.86328536240397,1.44469799906241,1.56936303453419
2.89687134447854,1.96911611419972,1.90456694935688,1.54883188304289
1.6713911534222,2.1591716950645,0.862075013036264,1.56984423540037
2.14054493330734,1.84012784389987,0.856574725594212,2.51358839221544
2.35961361108203,2.14599654793536,0.949428794656381,2.08200596855956
2.32252688347038,1.92993483248191,0.980736299974286,2.06459094654954
2.4476345060756,2.73957618180897,0.681685668316197,1.24892578079887
2.42827864085628,2.56144278396049,0.877059600722068,1.40294978450817
1.96124056027637,1.61545104627638,1.69518132224706,2.09006484674626
2.76633891766187,2.68985344967228,0.829520308871824,1.84974886805599
2.35153050446509,1.56562813715309,1.47761831931195,1.84278435425544
3.02597905954485,2.33230764622249,1.55900088691799,1.46147799662463
3.30632260337628,2.37428377273122,1.52659504676038,1.3797376537652
2.33215250044297,2.13535853430282,1.44685946086064,2.41903287223016
1.96745699853366,2.35284434744746,1.90214336901712,2.2182901988563
2.65106718282622,1.6832671132303,0.717401072509741,1.47670174809298
2.66359388170654,1.66394927089329,0.733555436132882,1.48125763935122
1.69425492766719,2.24721135528779,1.69436839305053,2.28679594403157
2.9508074410368,2.06228955046739,1.05600878302216,1.76076687892236
2.02542630160619,2.17631102637074,1.25179676246511,1.37547744807113
2.34074886993987,2.28320742825489,1.2291568424005,1.50922107646607
2.58157670122723,1.41198397429762,1.33344145655302,1.75360570758886
1.80897147222943,1.89500613847313,1.05696320577499,2.09944027497486
2.3642382354492,1.77731833358681,0.995559647541907,2.07613933668396
2.13894216425888,2.41857435820441,0.995642698685117,1.56060133018394
1.92933635017087,2.62179934471826,1.18120337152175,1.70811510760107
2.74488996350228,1.8704474652752,1.15102126155338,1.53427055997086
1.87341602538881,1.79678449012448,0.79126675872588,1.27650740924359
2.15651592679193,1.77309363187814,1.48158554065826,1.93478899361486
2.05839556116074,1.48036836258972,1.53499513893195,2.19581359937214
2.15603700741441,2.42515535071777,0.723513986337542,1.33056551988986
2.40228348356848,1.59354707688875,1.17954487181606,1.92106070153207
2.25958236143957,2.53772124046808,1.38947330163089,1.51192576263879
2.58423504464983,2.62473224606565,1.07833934363813,1.5938722098238
2.336059878352,2.43635357355467,0.826084907211829,2.1820063847501
2.24474870848977,1.89379783120215,0.796596664261888,2.22212105298134
3.94841023945353,1.93380127834656,0.978391995862718,1.47605628250466
1.60735315526701,1.84928271937252,2.18458962021602,2.19471184691638
1.50914165500892,2.02592231944402,2.02648906222644,2.13963618909269
2.28304311823121,1.80294448703137,1.09467486076429,1.89427054870266
2.16313096266819,1.97918279578721,1.02749985549491,1.91164621945188
2.3528891371211,2.49256393992606,1.00009455144385,1.54081011645584
1.90470000727,1.87881745103482,1.27831775576399,2.04877628964603
2.05204192027964,1.67896425567601,1.04046564829623,1.90189586868218
1.72137153869001,1.64945506288101,0.713621110471127,1.50143335748911
2.31179596522923,1.85322252644313,1.32026514163027,1.80091008949961
2.46730082737051,1.87285674810341,1.33516413911999,1.59673276369759
2.28882046254135,1.82568843081702,1.56427338308063,1.5203603349574
1.48447547291208,1.84402926125491,0.765490296810385,1.59687773461058
2.45159212658376,3.11347098930991,1.09289851873977,1.97290056525173
1.49528691606624,1.34284127075489,0.959552028620688,1.63795049954433
2.63607019897805,2.51925085585343,0.981261651648755,1.42042444986983
2.68602767871265,2.14420998389343,1.06640817722765,1.16548752387893
2.74634169201744,2.06849149310875,0.870293243536877,1.20489117137182
3.31837159162689,2.13848976384964,0.850311918070511,1.33623067327828
1.52071814747077,2.24023889202777,0.991082183875391,1.72044959039683
1.85785754653718,2.84908319143115,1.06287433585636,2.24026731204063
1.91767573411282,2.51723395661408,1.08184877139644,2.02506457356593
2.27801841859183,2.08227812190928,0.983525111012507,1.70687525509984
2.38296351549418,2.20939760479063,1.16698241194671,1.73244524558942
2.25727092339143,2.07954114718354,1.50909147651803,1.43498542581996
1.78100322840572,1.90098249535017,0.962216242589655,2.1555223275073
2.27352049061977,1.60941902656963,0.689505999711857,1.81333752332519
1.62300191876962,2.5024754765007,1.51087969068938,1.83856053587521
3.05223247058892,1.85317317270087,1.38236739571799,1.49485844178887
1.95460971216195,1.62119917529466,0.769923909562474,1.62901538745584
2.02316771059235,2.17939155433915,1.47329454797583,1.98772545030541
1.75186860079685,2.12639436590322,0.905281746073287,1.50334498097621
2.13148762772599,2.69829185637291,1.18676999989868,1.5452449815863
2.22282470171315,1.59238486275433,1.44114358427191,1.47935749668944
2.34210434059704,2.23531292451908,0.736646478415209,1.81168595687671
2.53409570167705,2.05344085079238,1.37599580240403,1.68126849606339
2.60145321953247,2.05165183500889,0.925696203853067,1.66731671765695
2.74444102810638,2.05495700722074,1.11489448573084,1.69066900958056
2.1648451159033,2.35874131040489,0.969016494963696,2.05434320817474
2.20683371044669,2.25226235523172,1.13541839324153,2.02533987125708
1.9838894308796,2.76691318439739,0.926122500996722,1.71228824756135
2.56924788314873,2.15215377056665,1.02355723499207,1.96658104269564
2.54592501744044,1.90570486263334,1.14580695525336,1.89846808741221
2.03288403107516,2.33632752268648,1.29900726700122,1.39048859373605
2.12564209129988,1.80517305228801,0.891320605471007,1.48882479338274
2.64830761933389,2.38129274768026,1.52620813356096,1.99448188004851
2.65760706511275,2.02210640524819,1.41133087984468,2.1540095599444
3.42665680400128,2.16596328145946,0.903801601492508,1.87067297251355
2.59091113161306,2.36135458462475,1.44941747167961,1.48196909340502
2.33854376449769,2.4953676044049,1.13527379105466,1.47743575157141
1.91938483784756,1.9250578598523,1.08688077255534,1.53946846510383
3.06741536764858,1.88144679087501,1.36489048411052,1.93127138080988
2.15416940777924,2.55205894289105,0.994541300794841,1.84444000126375
2.37891811494623,2.21172672652993,1.21654822544659,1.4200398084034
2.41911176276218,2.4712370084022,1.07249541242534,1.43661910154699
2.0662622393894,1.83297903135586,1.17118132072339,2.02864559372479
2.22262449131275,1.63129755108452,0.974207589292213,1.36720710839746
2.11511611212132,2.01158151731706,1.28634518978965,1.9316432644993
3.01987130216059,1.70450160422639,1.24638207947647,1.23893362687053
2.56052031214355,1.81203394425159,1.3170404686342,1.24967101041098
1.91863310130499,1.82872073627061,1.24364953067523,2.21231679810927
2.10529585126582,1.78487480252119,1.05966703854005,1.81299842724141
2.45945742584547,2.49221803003669,1.05627253356967,1.4774335244951
2.94467780905891,1.86185436906617,0.891997683347965,2.1237311225415
2.87652834254541,1.77739871756811,0.917136738000101,1.39557598563745
2.45314544306148,1.78698940343663,1.24544622442109,1.45728479959057
2.47608918165848,2.13428381898365,0.790839008759754,1.5226726252217
2.45988683947666,2.52956321744715,0.99081738375788,1.36893385134003
1.61776223805444,1.7763393710578,1.54826116165078,1.82980121410555
2.74927533037367,2.51493068518832,1.02430658262665,1.40250651028599
1.48590220354888,1.65657008749082,1.24060324769264,1.81454236641066
3.24328190895367,2.68926499055895,1.1128868765772,1.73948344514711
1.65141100344331,1.67284598590294,1.23418959322565,2.50998315192056
2.28730030527252,1.69245155434934,0.658059419906941,1.93570205082408
1.9678470856267,1.70491562203653,1.43422527267608,1.88532499759241
2.59170263034562,1.7747373670339,1.47683530906027,1.68122543101095
2.21400872046793,2.51037010928297,1.22264360483339,1.56847197157299
2.62279336951504,2.67395095670488,0.9353258901845,1.69809505216305
2.42066749536752,1.97116446109749,1.29318996352924,1.60307367467199
1.77199880700477,1.8160848931442,1.05693002958228,1.95146100579782
2.19622005363618,2.05189399071199,1.06479954706007,1.39540452518613
2.24120244029812,1.8099505161888,1.09023739204566,1.95673753084547
2.51769114128501,2.14044379839005,1.54737988991485,1.83360857911937
1.62585080980701,1.93462240544358,0.929996961111941,1.68762370164911
2.94555614489782,2.58216228208164,1.15282499510821,1.80402088789476
1.9603027389832,2.01974391173855,1.00136418592816,1.78743616560896
2.08334402773467,1.94210988373992,1.06721716087267,1.76560917388584
1.97774164619636,2.26014559242541,0.762984450995008,1.67243999824951
2.44715032885934,2.06598235072937,1.1955121699912,2.09857399449744
1.83804744711631,2.17190759487252,1.14664348423199,1.78821950284525
2.20437098768507,1.95072032494404,0.890856683890239,1.64578361109438
3.26979281659357,1.84764265593942,1.3455228703407,1.4473109580856
2.31659613960628,2.26641381088275,1.04631095754891,1.8674180482463
2.21265858387395,2.27318790681793,1.24982252438168,1.85606839505872
1.68683684793897,1.83695262574241,1.76843529965111,1.80820141580049
2.60370020029149,2.20297202187021,0.942845958550249,1.49641739411076
2.37312162966426,1.56953625916383,1.14419554514882,1.45060243427885
1.8792841901695,2.9563206993007,0.777504813580962,1.40791038642366
2.50065962994871,1.94486717892744,1.34396428677139,1.6283094929946
2.97187851386232,2.26958457081099,0.71164662887765,1.54268936362052
2.03575034076008,2.01775049596218,1.32060397356966,1.83981818087982
2.8634848796372,2.35080989528056,1.14299898386665,1.34086223024333
2.2647952297489,2.08146782475958,1.49918537861697,1.43413360429089
2.25051229265997,2.47916167373816,1.05107419089656,1.82817730009116
2.13066400353174,2.0418156813903,1.68978887956288,1.56498488018241
1.62379580113398,1.93017719338029,0.807325802220067,1.86969932315368
2.61779506657209,2.47620080244774,1.10115958984823,1.80148735164885
2.81564754408793,2.27275217099519,0.966885958340702,2.05966162288853
1.68177545611433,2.1922960034175,1.33591937839441,1.44477574634126
2.72437245790684,2.18226915144389,0.999224202133567,1.80478160749658
2.4767607841999,2.17890055113946,1.00694205731533,1.80635675918471
2.63615328355641,2.07114677737462,0.961174295616724,1.89584850070089
2.64619344505728,2.10921611367176,0.983925029034352,2.04058144562954
3.31634787490291,2.70837383911436,1.10559080810048,1.24456539353262
2.20011161742754,1.67968182263358,1.35653555889193,1.67503769647588
2.75842233151191,2.01675063064565,0.999908920026589,2.02520772454502
2.71773547126861,2.30714041963099,1.07183551519449,2.06555977229936
2.83522104940832,2.23890870254204,0.975621602808604,1.94604298110454
1.65182086135098,2.09762254308245,1.17958546001061,1.82385345265697
1.69058669784836,1.63095199617951,1.1287830842927,1.87644712286064
2.73650166710526,1.98207155692394,1.07841365420991,1.40367228196613
2.47113649584833,2.16029543457806,0.962162101280154,1.42003760337734
2.05473451365601,2.17747462926155,0.588811362885279,1.77851027087421
1.82569840136322,1.65677751429748,1.8139835902136,1.73800322315758
2.20752005287687,1.82066183684447,2.09814515213549,1.97428535150015
2.31485009858098,2.11329546808601,1.9748203266007,1.65807211030619
1.63671149869878,1.85273573430158,1.48289438529673,1.72367697375623
1.55036369561355,2.85060794256673,0.835215344078002,1.3763120165528
3.23078546164809,1.17574864971908,0.974060664285904,1.96157625618974
2.41809383904274,1.30682201606341,0.957370063179879,1.66080949045932
3.11788715761757,2.16462796069796,1.3978494069631,1.49608316736437
2.22207846078041,2.10816195829506,1.62410417246364,1.83308174231669
2.12156290757297,1.90938452855133,0.749985178253703,1.6217672245715
1.79996828529764,2.1212070743627,1.41581828342174,1.25531974610248
1.78833500632999,2.27065029460859,1.37045754369579,1.21222777122622
2.26981112026297,2.33466720302551,1.58153776420139,1.55415539132021
2.0985125489325,2.16279397044965,1.5486866984914,1.45099659279481
2.52940224945912,1.65449042860408,0.965017417352889,1.9662698102471
1.90940350920807,1.81335143702166,1.10967558641768,1.63331213228597
4.00117324685662,1.933163218586,1.34846628840724,1.83366746729312
3.61069326008753,1.68204002045231,1.2746306387289,1.75180545700392
1.16147454242623,2.00457332370567,1.23871684635723,1.63903695469597
3.30766028955858,2.3842161501677,0.759627552808759,1.7354512182303
2.88830394092617,2.48649254547991,0.787134891737644,1.50134257650785
1.49519169220239,1.26469535676008,1.16348927909964,1.8317896499602
1.75909417658844,3.20095832281109,0.965114218998721,1.48100171193135
2.19108622323915,2.66826699028352,0.985848319220166,1.58702619680884
2.33760992424862,1.51141990067704,1.11430498660774,1.94534631450152
2.47621648857796,2.33541159310001,0.957935274689792,1.41486858157239
2.58708583936497,2.33659956762828,0.951213570731191,1.37139161497816
2.47508610668875,1.80675032501758,0.983647516823283,1.48537609164203
1.94965979178286,2.3164219490945,0.974173160523108,2.23014401442751
1.9083596468222,2.09475561618866,0.83286827450322,2.04288091430874
2.96582387924242,1.73720612074171,1.6220671648228,1.52773584425002
1.90216177760667,2.33131792252656,0.659356709641272,2.0333625042471
3.26821035733132,2.06308303848121,1.44919049268738,1.45295760605121
1.5038557201674,1.61810763643157,0.967919691172762,1.92009715009622
2.16442390227229,2.00253857646111,0.675213243858094,1.74793101908324
2.7879649038265,2.38192297438586,1.80606982107708,1.60934819208813
2.31120980973502,1.97971087625336,0.981493241494703,1.96070166072066
2.30430001129091,2.18665616114113,0.98575768734299,1.96082699688448
2.26376006700807,2.6039099467583,1.25481873225579,1.58275633025108
1.43483158187681,1.77933683490702,1.21017661783135,1.59336248049698
1.79242095931215,1.67943360686735,0.832145271338478,1.25588098217507
1.8901277560996,1.83112280791498,1.2427826254726,2.20704147430907
2.72348931545821,2.03069630114773,0.903787415620475,1.33468910431781
1.85065960894577,1.56955326925822,1.55674787387107,2.02924291237435
2.36775598573813,2.64587256783323,0.72192599398673,1.2886570831387
1.90748744597359,1.79535515037321,1.28848698520079,1.98242388289236
2.88028809022393,1.8922157537633,1.05009593982212,1.9785248036427
3.41431681961279,1.78709865743611,1.32162441050961,1.38583519880709
2.77033663555829,1.88051849775033,1.49981290685501,1.3087484759236
1.74948151004735,2.15274410397686,0.758812623742265,2.04193528441266
2.14468348661755,1.74401776391074,0.872528020192565,1.26156519479795
2.13418689681272,1.98435920397687,0.903484444706776,1.17132054243593
2.4213099015674,1.85132189301785,0.816867685532579,1.21312585266029
2.28255532883829,2.19551674256003,1.63820503233624,2.28282999089358
3.05830677254529,2.15321862042107,0.961637952364481,1.27372115760164
2.19020869176007,1.94104291892137,1.55974785863981,2.11466527302063
2.55455510808594,2.06900451894555,1.04032637191995,1.68863928890682
1.74187546081965,2.24009877176894,1.03379469447334,2.2223211716
3.17408535521694,1.66687166240017,1.30013326833859,1.16011731356983
2.75848370056879,2.15681445195768,0.856100651349157,1.42064638640878
2.21932735241458,2.12223586504491,1.3953813220477,1.65883491232262
2.03404797383851,2.1097060011516,1.11932153362452,1.60879376086071
2.17672172607917,2.26552776001412,1.31374686479309,1.52596635566438
2.08064494212048,1.99162327403986,1.57743902261986,1.81324452000085
2.2323282353509,1.99793633265034,2.11165766610644,1.50931002484917
2.66944467082915,2.27960039325474,0.758910282554892,1.97833503498954
2.55141170225943,1.71927784390454,1.20444964148271,1.40619772341767
1.97526732452325,1.96487392468174,0.899739734854396,2.37362600867067
1.85292772203369,1.82813229844357,1.39551617943431,1.41393109988844
1.63168539931874,1.88979604339133,1.05143652764665,1.34469385145282
2.72640371307833,1.56643577144388,0.976169497967065,3.09884344189948
2.66178223025681,2.02056311945728,1.19021586520361,1.11458870570719
2.54571602939569,1.9765003894296,0.91862023362562,1.47614452874808
1.96579039889051,2.00045287640627,1.29444002922388,2.27643437623282
2.72270388898313,2.010625178653,1.2789388388631,1.21620259305997
2.80532985085177,2.16893440104275,1.85305136166845,1.17119495205075
1.79676781403745,1.7176508965684,0.699978353362236,2.47173944855019
2.75229182401223,2.17871410518629,1.54275981044877,1.45359630517951
1.84112926308284,2.06194230577067,0.806160618300641,2.64214710025747
1.78949366926188,2.09080055820601,0.858212894367974,2.50580654849431
2.14911574111265,2.35407521616349,0.741893386382281,2.56645170661303
2.31422991716924,2.29515704955164,0.718941126624884,2.53898703870364
3.34608593693899,2.15909266827633,1.24499916426006,1.99563022606495
1.65170249011226,2.02111386069346,1.25851033338972,1.79441102053394
2.59317240089098,1.84202883077823,1.37430581032357,1.69182739733893
1.96266989516084,2.13096532377581,0.807273809980093,2.11250803802147
1.55424366126337,1.90032860078071,0.853638090958369,1.86974050292022
2.41143465042184,1.95576599267975,1.01084456965783,1.72992351810446
2.48083276465747,2.35258409771104,1.0053309977073,1.578600985668
2.41784506720527,1.42721877878496,1.12357635959857,2.19773911297606
3.08098379730184,1.94529918588797,1.07755777271574,1.54602759465479
1.81711928008925,1.99651264746967,1.88441792063608,1.68601140213168
2.94881887715989,2.02419314724191,1.00668513135253,1.18773434955289
1.74199169892666,2.05299297269973,1.36962544656756,2.14378454596041
1.86081615149561,1.3025807712191,0.642708824002813,1.16756880986479
3.16915321264247,2.5434389748837,2.02664426348496,2.36197180559527
2.27289304363666,1.83219357367342,1.52476394326833,1.32405449090486
2.3452040817924,1.97461777341862,0.853733478165907,2.03182475592956
1.90857063593487,2.02981801837632,0.888879326337426,2.28328475430647
2.05973078657763,1.93860596778364,0.878886897556799,2.17995539714853
2.38969838202168,2.15458124929583,1.29856874334466,1.28148820576119
1.86119091016952,2.05539287093994,0.909685023502408,1.87475384746731
2.47372607886376,1.2039410916574,1.33663746353626,1.41486515720895
2.97892417721102,2.43265489830339,0.990809030430652,1.7755132350687
2.70164005453305,2.12071470175245,0.872806675533687,1.83228686762319
2.10993209168741,1.90323730296894,1.21514679094918,1.78944948933518
2.73045634602153,2.61644449559241,1.26127309024901,1.92222787970725
2.86594590852695,1.65450672015728,0.908055402035585,1.88976056158913
2.20685284515935,2.0072010469162,0.894875950834234,2.55265180253826
2.03102893701622,2.13389742681181,1.0083723491984,2.65340325156215
1.941551972993,1.66032611926062,1.04804162869261,2.21509552195305
1.76646293039897,1.94866586955722,0.982403930190707,2.19372120990924
2.53534342253971,1.6836310158997,1.11505756878456,1.6285047406861
2.31232388984791,2.54122433919588,0.819588038265018,1.61271478097632
2.23193033493919,2.30378138283886,1.32611134228809,2.33128011805988
3.1763931489265,2.06304815133465,0.957395831361129,1.63549755060944
5.2131275436911,1.78286724602098,1.52094979774285,1.76246071838344
3.71767921985256,1.44504618194426,1.07507151317456,2.15426801464855
1.54694994681331,2.61367554634541,1.43444170970037,1.58462211611813
3.46381927840023,1.37536410664242,1.24289262016671,1.45552666801766
3.16735112733406,1.62539718588104,0.881025241306611,1.86598452017418
2.46108051913923,2.33032666260441,1.05152868236399,2.0068493953849
2.76311037250666,2.00120499648459,0.790182019219753,1.62453899268926
2.68569935173566,1.81957235747356,1.37015073972819,1.54547904597912
2.52997225339369,1.88540250360511,1.28079561632366,1.5797875170621
1.7805354591201,2.18817685248499,0.846432482011571,2.0550323226847
2.70287545917747,2.01385857279558,1.4211432702578,1.96637929160562
2.66607682106528,1.86556713977262,0.955233989197927,1.65125104310426
1.9399240854474,1.99060063575686,0.932350834833069,1.98752605732463
1.98824517716708,1.93640941589538,0.918271988953979,2.10887351834157
2.73723982171635,2.45340884769886,1.29214830892434,2.01909088667758
1.81516589084507,1.86789437428488,1.08135501213928,1.45963101536711
2.46451947743197,2.21937306030463,1.44266756185102,1.68374389381
2.27830875550182,2.24944864532744,0.847330835520012,1.69033269859824
2.69737030625817,1.98263980933029,1.33957112298219,1.94914503147146
1.64645366983829,1.58885046556231,0.901483086629549,1.64925250273197
2.04766092880548,2.1704479451417,1.34949703328344,2.2961354138543
2.65683067262964,2.37926036461088,1.01045750697688,2.64140246735519
2.06395680380646,1.71463218558166,0.932774319834882,2.14413563454668
2.88753939548306,2.1066733232756,0.957750101714578,1.4869395627848
2.00243119678912,1.78336172407758,1.2166357011055,1.64679670564256
1.85765209093012,2.22453948343104,0.743380357307727,1.71160389846674
2.26776092494367,1.83387802699814,0.668870259330544,2.18371880429962
2.34474855880367,2.20768914343951,1.07176720189096,1.39991366466874
1.59328740338514,1.76204872950449,0.90325941781911,2.29129759782582
3.65157423591436,2.02054700879408,1.31399379910992,1.31476888860562
1.63848364212764,1.58195745523245,0.691475303594603,1.95658754729795
2.71828290941481,1.57251085247628,1.69175462334593,1.72023855261135
2.00371468675027,2.36641722372592,0.921714944269947,2.0196847534492
2.662315074255,1.86852919601862,1.12081228389788,1.46061032408789
2.40673191047729,2.10186879791162,1.37576102829105,1.95852223380815
2.41913427323541,1.91084911971543,1.09163100741426,1.69134239501821
2.1187574165648,1.96441216365103,0.950942400504105,1.26362017900684
2.10788849267727,1.6814621983413,1.13239673270588,1.31244817047344
2.11554657489782,2.27905669297822,0.986539025911678,2.36181946265428
1.96034534119826,1.66566414252397,1.30941532965768,1.35277087752827
2.07942541627021,2.30726800112154,0.803269016007923,2.05017646160091
2.18917123226426,2.16037081510017,1.18647586493939,1.66976665183288
2.04741071607708,2.05199757302285,1.02809876831,1.2935939095114
1.90180753116217,2.22168008520394,1.52946619022886,1.80434208749398
1.89401924924658,1.89688167246698,1.06075523159418,1.52503182706853
1.76401282373725,1.88868079348898,0.724967254740265,2.45198678593159
1.59368497628141,1.98476408505394,0.702696242249844,1.92691902380538
2.75474195766202,1.66760934586658,1.82422520799613,1.87102248438334
1.70973885135392,1.58805096397274,1.09006001080465,2.61414128781589
2.31424927539403,1.66861788939981,1.04882552327029,2.2997194605411
1.44503084945767,1.70725451411814,0.980669664824873,2.71224996584969
2.17108256559689,1.85202781177883,1.35073939961071,1.17457971315627
1.89775473278704,1.87476962062939,0.725635856435437,2.14130983379016
2.18222739506104,1.83307460119472,1.32821395450222,1.5976582234528
2.17130260805865,1.87101784656884,0.922721532483877,1.92509934197884
2.39270978774486,2.10930931319269,1.28595769313565,1.34983979981798
2.81916696651128,1.87369394986646,1.27157076454098,1.65762834085102
1.57465206377204,1.84691503148772,0.884019165086888,1.76741408534965
1.835198796756,1.7663681743383,0.808274788984059,1.86825065483236
1.8295669755533,1.86364791884245,0.980057973423602,1.79494853458705
1.66047539900956,2.05265835299155,0.658778175334779,1.36635847348971
2.73509641856632,1.72411873086504,1.01452303009429,2.28179211204492
1.84315587464378,1.88400842663654,1.14838979148676,1.47827499679301
2.83628131726815,2.27478320558159,1.12351691064287,1.88207993229946
2.66674216883889,2.32088093449221,1.20994160850303,1.20796834601354
2.21227621337897,2.22553235182866,1.28448558244023,1.36731449835652
1.88795344643552,1.70968206995913,0.977587743600316,1.58006491422042
2.99604158814655,2.46210024298939,0.952872771598529,1.79573133904253
2.16948995614358,1.73774222253972,0.989108221422843,1.69914278582096
2.24164389873803,2.12278139055375,1.07648110278033,1.51624723464272
2.11922414634369,1.45531110664629,1.48539516778123,2.0367379215156
2.05936165457366,1.4500622845384,1.57814569969209,2.06613113956214
2.04879925276805,1.39733799976279,1.381299810862,2.02430653757197
2.27402930970956,2.88608212319489,1.00189185887874,1.33207442007927
2.41940138793306,1.54435357948237,1.34885656357066,2.2665528014412
2.18739916497826,1.9909290277869,0.941259006720524,1.5620678781685
1.97454285341485,1.8983586510732,1.0144000735994,1.55728643755631
3.24747113684944,1.71122452045687,1.28381363625558,1.71269498279701
1.99920115855188,1.93399254425426,1.6150765962222,1.21342410502103
2.36514023838263,2.58524970492012,1.39711704686149,1.19294211015952
1.84482909456189,2.60024273699741,0.697403745299037,1.78288148776967
2.76405106015934,1.55409113777563,2.2737385606994,2.31032122971957
2.63725979226605,1.94852367640849,1.29011939009207,1.77043601070888
2.81610399701706,2.11566438072919,1.19075401023831,1.91230051615642
2.02737031436256,2.13929856823095,1.65395942483937,1.81676243166688
2.40383587525733,1.76927575694101,1.09929953065118,1.8459770828597
2.68432467589289,2.46278298342513,0.927386985228198,1.50990309606896
2.15644863716479,1.83353068896409,1.22529477560122,1.97661343277327
1.8864447574088,1.81228004605537,1.1487026809236,1.82387254602013
2.58953491482849,1.82941578707088,1.07145332486082,2.35604112687991
2.85594095033448,2.07872155596577,1.17059505894668,1.52142384401522
2.93031226008861,2.01684382093155,1.47571265753625,1.35482712341237
2.80586463437179,2.15370696350608,0.968852501370925,1.40013151653454
3.39301607552943,1.76828539076303,1.16394865466424,1.80916963329396
1.80628305732559,1.89582071817539,1.01979733405753,2.1971365275887
2.02806031765798,1.82761260538971,1.23447495352367,2.09124426976562
1.94122572502526,2.35261466979182,1.24225208757841,1.71456047558244
1.96462639630156,2.00604742639458,1.0170390182341,1.42408707603955
2.43531385092336,1.85671724673251,1.22816082325277,1.73036736675693
2.48856982510584,1.86279118682598,1.08216388462087,1.2787193212006
1.91241489817757,2.19986767568479,0.971820794998505,1.98406498026545
2.69721736032131,1.83909943295439,1.22579505888173,1.68515219228448
2.17839761048916,2.13886680005664,1.01107897323318,1.76129801049061
1.55429114885903,1.3310732431256,1.05974885062296,1.68966753676459
2.63348313015066,1.80234436296153,1.18673157397733,1.62140001824935
2.79579412211779,1.97375063280926,1.18310021275564,1.49673131077489
1.89144771285631,2.72978174155591,0.879277518175705,1.87783120469735
2.61432190304925,2.12863153502754,1.40523033601771,1.48970196401356
1.91858936003429,1.84161474779296,0.578452558449949,2.07704746568114
1.8506692713418,1.89070093016694,0.734888045790363,2.01064477360903
2.43056823690825,2.69426836358595,1.72892487644887,1.39535662402667
2.40633193184974,2.7294506942785,1.69144744615669,1.50197337908767
2.79828956603849,1.95436849690264,0.959339805214973,1.70014732692247
2.58272974251457,2.14932439828934,0.83295726238998,2.10674070006394
2.26934694467963,2.01547192148305,1.425917193065,1.25432606433365
2.35098541657235,2.2633306197477,0.916645558726908,1.76602596971834
2.09267004492547,1.86243860966996,2.16305145625166,1.39773341788915
2.31509701991026,2.60464909703319,0.745612968039927,1.8060352025768
2.32098456988586,2.7616162329918,1.10180007577075,1.61323537522137
1.90698397530254,1.87560566996313,1.3518962899009,1.34965621043319
2.0575822313934,1.54956004557395,1.50335554632966,1.36544499220848
2.07602693937029,1.6516653873752,1.73473382142638,1.46712416282835
1.92820288685462,2.20409169822314,0.734794395071284,1.65063042651107
2.00840527454788,1.70218261904829,1.10729667108623,1.75530762198257
2.33438917608518,2.05440260880571,0.832491254628144,1.192706271022
2.17139630530905,1.67851305520178,1.20403583241927,1.70071237086395
2.50515508014699,2.1912255568665,1.07212817681087,1.3103353956506
1.7305208189372,2.21445294753024,0.872560436442218,1.88379174289862
4.12778723642267,1.86727357897956,1.4888390228865,1.5658836078512
1.54518421648267,1.6344446687152,1.3127955361744,2.0648662116635
2.24973824243766,2.49978025212548,1.05091162370244,1.92856811798579
2.52845750132177,1.84099455012555,0.954797195983591,1.33668503174062
2.92330892143553,1.73996425720501,0.888605255552172,1.4300842191469
1.6047688613156,2.54233173227412,1.29434866725058,2.14118614696391
1.97706761451823,1.73083447140541,1.00366870428842,1.58591441009316
2.24835814749843,2.18627135309456,0.906166827836737,1.26870571320844
2.16212010228679,2.09070363291828,0.801477688508743,1.31527347659023
2.47375781514459,1.96986347208161,1.41248956926116,1.667681396329
2.02558427130286,1.41237862443815,1.02691730654588,1.44444484682632
2.29027704555719,2.1137732311678,0.927037149533549,1.3027533739924
1.56321843382777,1.24542189300083,0.942134596280316,2.04301512127967
2.32273393494899,2.09439064203158,1.26129490307669,1.46762610915912
1.78999564397353,1.6066679054991,1.07939508201045,1.50336389034925
2.34124155517413,1.77747595078859,0.885256996326879,1.86531263265923
2.11620070478081,1.57495887051142,1.0660592295076,1.69143123240523
2.04614150851926,2.20658077663648,1.12815683655874,1.99322798983743
3.3722027676222,1.9812828965427,1.3279047605225,1.73915321063938
1.97909059112961,2.05971975823579,1.05063520173389,1.58686835343265
2.9855685671702,1.89302921351826,1.67591568306773,1.50792816081575
1.94294919373537,2.31178088690598,1.01891811835857,1.80892258884858
2.53511281303199,1.57737498885953,1.55598985824783,1.70772496090804
1.72346230728598,1.56144294478458,1.16816917715061,1.79620991963934
2.30376389388329,1.66184559573281,1.15075637615067,1.9362974330466
2.26312592460909,1.6920285005665,1.1440446568397,1.9140903986403
2.39589327093237,2.28512307345415,1.11027022423078,1.62411995007762
2.3520805400486,2.22977935403742,0.944014643595219,1.5448338701715
2.31241495231741,2.27153524142625,0.818608515418214,1.36281731639531
2.35674707377977,1.9423101405795,1.78821267718195,1.40163843068844
2.50162067199784,2.06187133336014,1.70750128893199,1.48167487916218
2.09205997736725,1.90545185161676,0.9018964960994,1.75448913085492
3.1665833665534,2.81213746625838,1.20718917366868,1.71398975192305
1.32861531682075,1.84894133457082,1.38706509598594,2.21846143482817
3.13864694291984,2.64033714135472,1.0002660816982,1.37689949312212
2.47125227290802,2.19930280692204,1.00546158825458,1.55054732051979
2.2745570107447,2.32614659036488,1.277289362432,1.84667775460511
1.93318867816691,2.34176997006563,0.805082284058923,1.50888679454151
2.42893317895506,1.74885194340894,1.24473222085721,1.67245100503593
2.29173625881301,2.87462739526287,0.754321689958459,1.55138643460981
2.04029152554813,1.69696432356623,1.22248519611702,1.70755883886112
2.83646660633484,2.26648700213802,1.14293782343132,1.58229489996916
2.14518517441573,1.68126197478548,0.945390600554485,1.54793885436803
2.46244932331539,1.84892881933676,0.784885194872306,1.48054083479918
1.89310368096432,2.85665544369908,1.0010776023474,1.99781936467127
2.65737987053232,1.70383783497159,0.897037662686822,1.65441207633787
1.79280258331737,2.42369132839635,0.998668207926933,1.82732177078017
2.58635139799684,1.90428442537425,0.904094015714074,1.87865038171885
2.73365961909241,1.65677053717429,1.62353927644743,1.50423327768674
2.13322507832392,1.95581369311115,1.58334560537455,1.66025007404013
3.11871833554467,2.04131552301357,1.04986968659964,1.7633432273814
2.04294500600613,1.96493588305028,1.55975260805171,1.76935757940288
2.51493094142477,2.31578206817872,1.08603100978259,1.67481128840333
1.84210558714929,1.91501411296613,1.27812680129551,1.32441023129236
2.40473627181132,2.04738381117416,0.928984753227334,2.02967602995572
3.32475153699156,1.63473392612793,1.0659515407554,1.80294126893075
2.2231788345979,2.07503264541613,1.10887602686309,2.25933952546903
1.91591724018474,1.91337307064736,1.1700341730529,1.10603773431876
2.36108801925865,2.18218873003619,1.30059601722171,1.90394691352956
1.81186939837565,2.20566139386911,1.48088173036558,1.96863416844962
1.98182392047692,1.96069225354063,1.54833553672236,1.9296264119631
2.43841021848921,2.10128181156699,0.914355721667696,1.40313731920157
2.51415255723655,1.76106920174177,0.940980162732856,1.60097949630301
2.20550449019537,2.00526479275901,0.96433924932417,1.76453687566388
2.17222759276645,2.00586029005421,0.85661611684155,1.9041133845364
2.67095364396549,2.03668627754122,1.96919732125452,1.48309012381921
1.75389417522269,1.82784558908991,0.858048340811883,2.12793616489313
2.0451221661685,2.12240785691512,1.06567264500846,1.34869824497573
2.93892020448525,1.87306752648696,1.2967296412994,2.01821227631833
2.7595607000264,1.74066899427116,1.30934813643285,1.75716744089697
1.95799700507773,2.30007857147297,0.951534243611227,1.7362477276162
2.1077131086417,2.29904087162994,1.06560543642545,1.37193662033657
2.27865459733025,2.14627727282631,0.946902144039835,1.73687378822139
2.12574379673735,2.18359612311791,1.47434790308067,1.81867144490084
1.95443552900466,2.35062013198291,1.35715536021916,1.92188966116408
2.17796598023495,2.33948297964317,0.925660516089316,1.52545542822769
1.88988471792657,1.8116488075177,1.16507447936648,1.2692597500706
2.0375276724301,1.79871230131924,0.769114678981592,2.10366315908239
1.56115645194122,1.74174941179766,1.42893724570676,1.31629670967209
2.4894836804283,1.78269232181707,1.79593066586584,1.75011928597362
1.5135369115973,2.54727480920057,0.715113494294246,1.72221750970161
4.51335518261205,1.68512736091307,2.05555634818336,1.40668108749197
1.48281073818338,2.0371013897022,0.666771985206224,1.62962978632295
2.35007708041319,1.66378691206186,1.34199771127416,1.22800255835512
3.1579968812702,1.5932441636971,1.41509805030936,2.35754435918005
1.46668637398044,2.11420744426869,0.951469731183577,1.03747380767444
2.287726366842,2.20089502751887,0.723013595703312,1.85325213280793
2.83339546565295,1.88846081662814,1.64211250399029,1.74949475683103
1.91909800371288,2.09625147669176,0.762188620424273,1.35943173548102
1.97222840347692,1.54996973764502,1.17133516024575,1.73835524559947
1.98445045191256,2.18983148050207,0.993850622861375,2.36207260716337
3.15669678045608,1.95913396731719,1.62977688474761,1.71303063896533
1.69957307819663,1.73182182551184,0.904376628277505,2.06768366267986
2.62337429872844,2.32992270373166,1.12471381915967,1.67055044395097
2.36218321609648,1.6950238680867,0.8986144063154,1.38155374871959
1.92456209639376,2.330050408027,0.943296526846948,1.95914735435723
2.09912763591216,2.09154407899745,0.961595846365381,2.21522594779427
2.56150247274465,1.93544541059834,0.963945313871106,1.52328937257193
2.16115210981973,1.97209644710923,0.846931799063438,1.89611033121998
1.95832206322599,2.11226841597745,0.98992267896803,2.01229676833897
2.53935254856178,2.39968757230387,1.09443521947063,1.41143833909647
1.85003996793963,1.89030719177082,1.22079382964263,1.44947653259014
1.98820575374272,2.04585674958456,0.97872911595083,1.98996736516209
2.01931905436325,1.8184594561498,1.60888491116301,1.61922205033168
2.49882458993485,2.37344576506737,1.14747928522467,1.88315258422607
1.81791837130572,1.6406672825952,1.11369101561307,1.49019667236267
1.95355833711415,1.65003813376932,1.17839405217928,1.8758224878016
2.30607079211987,2.23501063089661,0.949871003119381,1.62106443797682
2.20372398440684,2.03798865556569,1.3815681333556,2.05420461731062
3.06999818350648,2.38972834627557,0.754762226387588,1.36064281378915
3.5603525531669,2.43462399086276,0.79997263567675,1.2457630658625
2.57942003911042,1.56278163426848,1.43238616178352,2.03155955789605
2.24812304649852,1.46475991992151,0.758614718818338,1.68583009120483
2.22559093275127,1.83041434468984,0.781369560492522,1.58519270038223
2.08076210692577,1.67938510105915,0.604656303836058,1.50276245378862
1.96905300141643,2.20618139565727,0.982365673578498,1.62150337911736
2.2363142535612,2.06079395769236,1.47593183712243,1.81246556917205
2.37089093869053,2.07609312366754,2.11298953378278,1.71362454326481
2.73660122321354,2.26006357446615,1.97540239790245,1.86874842548423
2.51409562872057,1.60788427978411,0.622560822264092,1.58884207425044
2.26724312395169,2.22938375481086,1.15872020259036,1.82104304529075
1.99701353585613,1.66745425150933,1.08141634236768,1.98158903024818
2.15043196986519,2.53161412169785,1.14006852666494,1.57401557412712
2.12919605216895,1.686827253982,0.842427570311086,1.97262748105983
1.78346377636151,1.48818645875536,1.16342049359811,1.80575383609001
2.97916221383858,2.117656707266,1.30205034155051,1.75851674508251
1.99208445601414,1.68091588946641,0.872303854975692,2.14613040098905
1.5105603014437,1.842233920694,0.666739613421668,2.191572054236
2.23703507186986,1.93074568791157,1.17839036078886,1.29388303530673
2.16363690723805,1.99372817471638,1.14349088007826,1.44727180185843
2.61000950970358,1.82556456458254,0.998767736235831,2.26641142229585
2.07516187667164,1.66457743278874,1.25916767393842,1.29124613602886
1.78334787410939,1.68905544649806,1.85014906027691,1.25998589830375
2.00664602356878,1.65544602807225,2.0799319155546,1.67549528387166
2.06031873045997,1.78199022071911,1.60403492329339,1.63030940643483
3.4508206343266,2.21056381925534,1.35598977057866,1.65605403814158
2.55783729991969,2.20929918963506,0.993099171333131,1.68733980621513
2.01339960650725,1.78690866745686,0.915163358841917,1.94471874295318
2.008250184314,2.09410384436282,1.37957474673654,1.59471829961344
2.09746822570578,2.24272360696404,0.950011097326893,1.41394468714483
3.50340243493432,2.08094519133371,0.951981410174955,1.59181137845673
3.1991766768949,2.14547207581067,0.892238638078463,1.55501204300292
2.6901256155198,2.09753941778772,0.91286405775958,1.56627228987297
1.68978817432804,2.63377359522715,1.05111782293904,1.44098382259535
2.44056188478796,1.74295815930497,1.02937402889603,2.13840191624461
1.92509660776894,2.10386213115796,0.654431981822512,1.37613862985564
2.34150642712093,2.01310691315466,1.02751293774732,1.93258446089508
2.03846968547321,2.0254298647304,1.22802238623691,1.38753716128093
3.16937626934977,2.11807125083324,0.967047507534616,1.74150651542495
2.47527515809911,1.99595966314172,0.841786503906893,1.89603899881157
2.38219082320661,2.19053767002321,1.17532333663211,1.66113397719586
1.96850324287337,1.80027347576247,0.951701728480509,2.00866702705351
2.00302715690642,1.7167753788788,1.1288022769986,2.12766238688924
2.64487261692908,1.78445883236508,1.65068457310687,2.29187830850969
2.43344777685135,1.88115608867941,0.908740239146619,1.26994611258358
1.84336980810897,1.76458726069722,1.00598389734598,1.70734624589584
1.61385319043743,2.1838284730191,1.1554507220348,1.71209682802221
2.16051014873718,2.64299510055153,0.984133900131971,1.54972206960819
1.69812585541907,2.76297636785499,0.981909657745865,1.52886391236255
1.78176503553796,2.56182717749031,1.19876419733511,1.51736491961754
1.91551096340762,1.66620338774246,1.41878831714895,1.70011384892212
2.41663545158099,2.0280265417816,1.30086830267811,1.26310930989234
2.06196737331121,2.03778382427615,0.993723926744035,1.52533031001169
1.93584146553941,2.63035128973396,1.30128179958657,1.65851254353578
2.12849220214217,2.12356504792297,1.33441403854744,1.77998714843223
2.09223071043358,2.70475490844922,0.687935505248804,1.75682554701896
2.72402083751234,1.81384591783534,1.42667211572989,1.70600106988981
2.6872546528279,1.42147245340624,1.34239039516909,1.92754718146301
1.75055034379937,2.51836665152385,0.858084265647655,1.46233484871766
3.00976614557733,1.64441801739043,1.15015294658286,1.93661177785461
2.66363737876815,1.8488422338116,1.26325622317679,1.72226282181796
2.23120684651262,1.93512660130702,1.10872095091029,1.72558927476984
2.04830520120473,1.99469317725123,1.15382685292183,1.53391055836329
1.91929020523179,1.8879441306955,1.47805852012702,2.31414697256933
2.97221225022087,1.79915348332053,0.609674403778028,1.34714747881955
1.7406188741751,2.09656293132082,1.66212835462278,2.17864300786343
2.83789615472722,1.83724121537462,0.701895409853274,2.12160134999902
1.86493863505067,1.96826453852722,0.727705689583331,1.739962604695
3.05785116800856,2.22279723305184,0.81113789363299,1.53075281381548
2.39858405516716,1.9666965136634,1.63454303714432,1.75355086318436
2.35122894401924,2.10845817685018,1.395783748372,2.20086391606197
1.78346029345289,1.74610393651859,1.02437928797139,1.43939311068662
2.56242011903745,2.16713764138562,1.27070167733646,1.80334612764651
3.00839938693931,2.4276129236299,1.19722259276723,1.9631286251393
1.42713730303036,2.33387912553416,1.42776417379446,1.53582708968932
2.55506137115686,1.5064405586538,0.889807339913729,2.75431368864724
2.01601689836587,1.455640229802,1.21552299923239,2.37883891537092
2.80285150996166,2.07665529965785,1.05421091502305,2.37954566724189
3.05579492325799,2.2374608718483,1.1532312713511,2.9326504266831
2.50118426689346,2.70714611077535,1.04303439407804,2.34836529900238
1.8594976047003,1.94218846879406,1.05640967371926,1.8066501520848
2.19650417652945,1.65763852386955,0.746864607692516,1.82916038698087
1.83982290891762,1.48868833267253,1.18292010125817,1.45635317339944
2.02525348636399,1.92533670633598,1.12233283253306,1.78236950057834
2.73245471308473,1.64680785763839,1.14184014975807,1.52015184054159
1.97743235503496,1.9223416178478,0.68396856872579,1.66918375497867
1.69993800879958,1.68271532506631,0.727200494089628,1.61682209301772
2.49760941546627,2.42915143794981,1.34514021895857,1.75862771883656
2.28281102275485,2.33848771688378,1.04740033448686,1.75310155783168
2.12615813996144,1.87871645940154,0.921330581472684,1.63303874961653
1.79295503667722,1.75947511667336,0.697669099321554,1.70248895598565
2.12181315165917,1.96353448041812,1.64037296583288,1.69279817290268
1.91222712234472,1.86827335223285,1.64580609630422,1.78442881717965
2.34286973332566,2.21896237415559,0.945690732439499,1.86392413266021
2.39355188080372,2.37297801517305,1.11948012413936,1.62966376421641
2.27154376175602,1.82152832876258,0.866570925088574,2.00832335397647
2.19987426675678,1.8677634071573,1.50257389878641,1.45682590401228
2.57768391048001,2.62244420637542,0.943095318651893,1.78801941214624
1.89679911060128,2.2675665714895,0.785623455865539,1.59552011295309
1.90266429197402,2.21860551281831,0.940620815514141,1.03912561504206
2.10297796168762,1.81173218789564,1.01541760102511,1.97815176133326
1.85602619018523,1.59355882268069,0.815381055205853,1.77989942788641
1.79525341258192,1.88866596184626,1.0549004702871,1.72109583535092
2.56779195195366,1.55066054681186,1.52779383976905,1.65811635908549
2.09528781244699,2.7164512996111,1.42472022423431,2.05549856934996
2.88763663534216,1.68134692676541,0.770398679789419,1.2847878983168
2.16485451792138,2.2558569712951,1.5540166896507,2.46508569796596
2.11376839568952,1.64841267353801,0.775419070849709,1.46797095099668
2.09096081846895,1.64039498448017,0.716208667147494,1.45982580950899
2.56184076827631,1.81165543583194,1.52137978182389,1.87686829047026
2.50730756271432,2.12267562306624,1.12186334934591,1.57048729023389
2.51759435721043,2.43298707327379,1.18940728457897,2.1757100209076
2.60357307665633,1.7474113685687,1.16140688380128,1.79535276361298
2.45190421657203,2.5549288128433,1.20822851515686,1.34107860995406
3.030473592067,2.40593380197157,0.823622828686745,1.80803590504492
1.42100301782342,2.31559601764114,0.961141675726873,2.24050718719599
1.92766987831224,2.36254840310387,0.801092457137347,1.68732193588739
3.42486273577972,1.92267027644267,1.135411295726,1.33391862360441
1.81896314321211,2.64122057795363,1.09912569239286,1.51844670969726
2.38413525057702,2.22312599763981,1.08481632825979,1.84108299498108
2.17872970874564,1.86718810574945,1.00547924846659,2.20984198047609
2.53668123241048,1.93909042339659,1.45583005039531,1.22068914173995
2.49429203023168,2.04222849656074,1.01866038701514,2.15331642107408
2.22284180087649,1.99481229543427,1.60117899610731,1.44113148122308
3.19016605486451,1.90273551523992,1.14281242122281,1.55073284025538
3.00447944453752,1.83883919213232,0.879084976807589,1.64928274037996
2.47279334119048,2.04811444857083,1.04360954240396,1.92739706771139
2.42018817511856,1.73006397926249,0.887749835157747,1.38901448093974
2.56121312610462,2.07491376522369,1.38846481702139,1.92522901315847
1.87570460399618,2.04054034868574,1.00174158433652,2.23772646356889
2.31763074245502,2.07251098692171,1.20471827617031,1.85383401646736
1.84215336509044,1.73595057167299,0.907522792429462,1.99895758441826
1.89885553776803,2.3131589054457,0.837260429770627,1.77611612985307
2.10934734243254,1.78865433205533,1.265914938017,1.76716169358849
1.72368045899683,1.46083095401563,1.22336526843604,1.56473899475333
2.77619886743097,2.0111046043098,0.838009768297008,1.61110540038015
1.55511328259311,2.16848582301758,0.946436480291259,1.49101253581168
2.87666988791488,1.73864728052679,1.79466721570134,1.28703361609359
3.18036672726118,1.82838612406566,1.72969343888968,1.30995192081479
3.07694014906419,1.95689889125029,1.55411228305066,2.01264248689551
3.91602648699852,1.99215406644898,1.27643824792958,1.68889831310819
2.49765121044421,1.8579646783018,1.25497987131747,1.3085479498827
2.57447073638534,2.52844446058323,1.10061136173197,2.0626443452033
2.02478065782926,1.68066227651631,1.16171599234841,1.19158047338968
2.21901205199347,2.05529699747871,1.10886153264405,2.72494241027216
1.78703910130031,1.70024052607184,1.12389099536735,2.80378710633947
1.5746356479266,1.73285492523387,1.03578545755033,3.02242779778514
2.439464423145,2.17718427848428,1.29702790024884,2.63694779133244
2.66622342875571,2.22351702228057,1.23857526201723,2.47737115586323
1.75453978492736,1.80042001136813,0.938666703868968,1.38303074694859
1.85440193597567,1.98256457862347,1.04652095729548,1.42892113438755
2.50603531762447,2.18455433714686,0.98258608022235,1.71870781158163
2.5652640221437,2.21051765926537,0.856328629441136,1.59957244719063
1.55270585620551,2.11362646824142,0.850487891901945,1.57766113729295
2.26671957055878,1.98000981060157,1.51602148032504,1.68667893905266
1.85673438963286,1.56544352480952,1.61085595202636,2.05009526436525
2.51165914903822,2.17203413200304,1.08784909453906,1.3744638604279
1.90644115401097,2.29090499784168,1.53069810339631,1.47894077839692
2.31841495879014,1.7683680692583,0.86515453014107,2.11848025171488
2.088923316783,1.53648501726447,1.60427418626128,1.34651972673598
2.03574023795015,2.27005969893555,0.880057352956867,1.82180069780122
1.66819514500372,2.71262103636726,0.898928973413083,1.70059805766874
1.88824408567999,2.24650358651075,1.01732652663391,1.42756987744386
2.77050626299252,2.08762098675686,0.937911588115735,1.73391427161947
2.64566071406119,1.46500959868299,1.18745054469355,1.62995800540255
2.40202974950774,2.36753237444556,1.44565071282151,1.55973035493596
1.69431333502368,1.55066881699885,1.73694589099638,1.33505796188986
2.46969887453432,2.30706333878139,0.893586403302583,1.43603881932047
1.79246848793641,2.07591468881041,0.845984232818418,1.7868050339582
1.63196361183784,2.3789224530227,0.970909615372375,1.95488123538638
1.51265205979816,2.37438772502671,1.18616244193991,1.86399442082866
3.38087916662317,1.72151125360873,0.933340111107336,1.52478627497414
1.4088857432716,2.2894049838996,1.05734687245789,1.32753932952142
1.99673466270283,2.35465642341261,1.14266699211773,1.25210968865754
2.46022766855077,1.61443028472729,0.830141365812276,2.40486971191815
1.65054055007566,1.78419764210966,0.91548242398426,1.5200605178667
2.43519213402837,1.84673229182891,1.27870336564151,2.03721375713107
1.48454118151241,2.12728906724029,1.48017929883291,2.05760105722374
1.90708861641782,1.89355306286574,1.26913807994548,2.44021710546334
2.48328395335838,1.90154808542202,1.08762019460633,1.5178786635228
3.11542181792321,1.53530603478149,1.08980944088474,1.812877022671
2.45794861878874,1.91932395544831,1.0015412017672,1.21152802899068
2.91060291134531,1.82832037424224,1.1649638373454,1.42314201056404
3.35106271256773,1.3741872895734,1.09914448933541,1.7998151680264
1.68170429549049,2.52142390914816,1.05248237871931,1.70198223324418
2.03002513021239,2.39832123343236,0.694723950330258,1.19440061082442
2.12599978067485,1.70699945698632,1.59860456292257,1.62512952188499
1.95401440790518,1.66631973798005,1.00602552080437,1.79970771785179
2.04253699801147,2.08381563189354,1.30216197644679,2.44173741535581
1.89433834006046,1.67611694788484,0.936356816418029,1.14689450041775
2.87075190750969,2.04048112893147,1.52386938797882,1.81841064224113
1.85655348416863,1.88142435630713,0.965110901791953,1.51259024321876
1.9713155265322,2.22206189287679,1.05330719238172,1.6977539120659
2.44521715720514,1.98206866819184,0.868345527231543,1.99631694485066
2.74608477918574,2.14614972336037,1.12136772335702,1.66619766865021
1.73780046490806,1.49830479418874,1.5882643052844,1.74247405562
2.01533740924546,1.71857372258392,1.75744980895671,2.14597879846433
2.53857873548137,2.01958938076004,0.792711302448054,1.67069078156269
2.29851881616732,1.70249792010762,1.16338844252868,1.58079375734761
2.19333816560989,1.95218502152213,0.858003850055894,2.66056128015015
2.50556979185628,2.25869338943798,1.03911236043873,2.64777305362562
2.21442541061219,1.70411667452036,1.0769147277684,2.45431570550468
2.36651264954398,1.29823361010459,1.07828897760535,2.11731861262002
2.84015937005158,2.72088097908705,0.931688376441663,1.65793191960612
2.37544596691949,1.60442035613919,1.3412664598522,1.46572545553463
1.97458158498298,2.46622310407448,0.881718273357804,2.00741827599288
1.93324087542319,1.7747418705295,1.74310129380931,1.71344291114497
3.60133377104098,1.60759327884649,0.608868516928544,1.6100747826972
1.92077098714929,2.15751045121249,1.5924304332651,1.9481546927936
1.98753409047424,2.58567976596676,1.50915649238353,1.92372626079822
4.0611876075963,1.50824431779948,1.6016999417256,1.25213227697051
1.78863962258396,2.32841948481845,0.915857016971653,2.49341334644695
2.36315427816504,2.01931974518912,0.881933280155971,1.48461676147551
2.37369112216093,2.20207139298028,1.52804469889854,1.70104998090065
1.69740335977268,1.75751385593638,0.90771688084781,1.66052442891378
2.8072871766984,2.39343957222516,1.6144891366978,1.33982828114907
1.97614211567718,1.97022582059218,0.802224383126901,1.4944127734576
1.8810558881842,2.50424981031376,1.19440072180631,1.97059636792428
2.0522290514244,2.23416877677875,1.41808762458477,1.67272837111634
1.8672329054271,1.80760577657103,0.65175241677134,1.55023431988597
2.43555523871331,2.07657489156365,1.24560340443384,1.08561852709133
2.58115809508798,3.0872496800373,0.913550815738627,2.21842460230587
2.2482313658961,1.46703888846815,1.04883243139097,1.07475108023362
2.25518000498998,1.97082158673861,1.12799329939172,1.49865168686573
2.37641232573453,1.62204846541374,0.784993858742253,1.49061317945313
2.59612105790419,2.11392763496656,1.84581514429082,2.14186921607726
1.83424756488129,1.60647652594884,0.882025632787204,1.95513977831457
1.91632994847553,2.08932891748808,0.895102725071295,1.25449738209687
1.7722073864512,1.55906725618111,0.83887330591655,2.1748582078271
1.79415110272823,1.77847149649596,0.894939255121985,2.07317455058756
2.43200161778602,1.57536148974377,1.24632443350847,1.58803794645049
3.14523488923812,2.40771893478409,1.01569382214993,1.54880746918225
3.34551003652629,2.40412218676233,1.10341783403828,1.58237013869324
2.71995126130907,2.50318381602221,1.1021008864366,1.57585478161023
1.87961363331193,3.13901474376014,0.954739951361881,1.23673061334656
2.39667231963614,1.31371024107945,1.23510863768481,2.30608461243345
2.59604465412669,2.38481728826472,1.13884576614745,1.83590571026039
2.05182108505688,1.49348677109625,0.992321414538583,2.04695889808581
2.04741669804768,2.28909301758782,1.09132960712029,1.53479124773803
2.51395753905279,1.77391494423697,1.03133410507913,1.95697775662298
2.04011403769269,1.93823403708918,1.04813722075149,1.56142183498865
2.01429428202314,2.17779068700339,1.21857593278586,1.92434822570537
2.10516141787409,2.08260581162435,1.27560469842382,1.91477830412743
3.1164948495075,2.00613789332732,1.69852684063127,1.92439626648822
1.72788431687735,1.85471639227591,1.20380682405517,1.3467341395475
4.72429825622651,1.82283546299976,0.803552105490362,1.05250280007601
2.93380800358231,1.99928303650736,1.08606326239253,1.88081113294997
3.16798172695286,2.00342430649111,0.795838295951191,1.61247933564499
2.36682919927574,1.96133595407572,1.4427595629612,2.13133726581581
1.98558576426387,1.78243267550501,1.06071152421749,1.61277340006483
1.92496482708157,2.16356257802145,0.815146448019583,1.44246887018393
3.16193076949931,1.65375262963388,0.957313720641225,1.4330676548717
1.87653990038607,2.25526311169146,1.0242416448478,2.34661411813688
2.55287326819778,1.91672221456727,0.768959662952124,2.62073062291291
2.26333861196664,1.9811771238266,0.715556275949486,2.42449303489768
2.16573675530291,2.12723541415307,1.40504510332904,1.29255038451924
2.13669136912982,1.6214820656248,0.762929942487246,1.90047312830083
2.47139529133859,2.29319499326474,1.36905415251012,1.55126809149742
2.85578942120544,2.39270583599806,2.93775337235875,1.689983897571
2.40848416963252,2.28123935815978,0.77726084433968,1.43486249516124
1.77956210843783,2.55765869562785,0.920105666270927,1.54332945606425
2.59530818750336,2.25342412483633,1.1400997754205,1.46726781375863
2.00106076070655,2.17483441700029,1.06619062732756,1.08727946333936
3.05885831907787,2.21295443882881,1.31757372243006,2.01122756205116
2.57022839120027,1.63373863865857,1.20756618074266,1.25537622827547
3.25570521352891,2.27730341416245,3.06358586861894,1.92150729394679
2.35528445975877,2.25634939705008,1.98323176091578,1.59198050113312
1.91835767224276,1.67450130705817,0.705401982133123,1.87799873610888
1.90970256851764,1.39639153740355,0.611392772392704,1.7355586617819
1.73667791673333,2.66558812105879,1.98780617213522,1.5608072973396
2.11079850632418,2.21605813896276,1.25818766406347,1.88274655412194
1.75666105384121,1.88165982053816,1.48441096959408,1.42049974343707
2.14371650595766,2.08212584672725,1.40676551384032,1.69234922388623
2.06674339163276,1.69770293316172,0.850723977420596,1.65247141157
2.63498590661003,1.5388987082295,1.69217826234991,1.92743021834368
2.21414505799278,2.18815650078823,0.831055571853571,1.55318424650045
2.04742549074033,1.56600667840277,1.31274603970637,1.80287159416001
1.79262224057321,2.48426301805663,0.831059676482328,1.42771107254293
2.25844863110121,2.51168953507732,1.09194679822652,1.63295290371241
2.34603399961978,1.58669018280614,1.4140972096766,2.20774200743313
2.50423888537548,1.50713128884806,1.29625244564013,1.89275426587073
2.338458822807,2.53379221385966,0.8516583352207,1.68622688406658
2.55926692190366,2.59555842995401,1.10243705110966,1.5867679400155
2.80724731665943,1.93075934826302,1.29110468746797,1.56247459483732
2.78441171068949,2.11554839628231,1.61752881690406,1.44031695383608
1.978389631083,2.11721037453633,0.746285663034055,1.99338654981654
1.87747086562115,1.92598306703565,0.546982422963454,2.21659617959729
2.02271013437105,1.96624894398337,0.604226421109125,1.88800066070716
2.68165829084804,2.27118039056155,1.44299647907883,1.37044709758085
3.06911976777001,2.20407360889168,1.49145426449727,1.36670678485825
2.65361334002566,2.02544890981334,1.86817079918703,1.28776804440969
2.51559534617129,1.86744525103638,1.32807221822192,1.4951638989118
2.51863273691628,2.88886557701456,1.21641630345711,1.36573665440708
2.30929119286845,2.23414774399145,1.7331658824307,1.34485487991971
2.61191948480274,2.24750766856533,2.40826498017536,1.42466624037969
2.81679531832091,2.04701080747394,0.941536928563443,1.3640112003915
1.87948802391588,2.0963771327072,1.48086653977428,2.01374669772775
2.29208143351048,2.32468284192379,1.16814482681064,1.64566794164493
2.40894836066061,2.27551306133754,1.27931762095264,1.43070597171433
2.14562147283055,1.98169703715941,1.06569310695442,1.63149626378464
2.13418942044164,1.98312001519874,1.03843558860653,1.60206540609788
3.0083682326372,2.08313913001385,0.932021400626644,2.00243420702274
1.56034024134083,1.69105311369198,1.0095142472659,1.42123074415728
2.5636842139742,2.08175433363296,1.67575184351376,1.8395012618355
2.4794092046731,1.91077589012008,1.13688767737877,1.53222736366237
1.61687204802557,2.20759163156015,1.19960158680402,1.73722374181616
1.61600484688244,2.17781536587438,1.12201965524624,1.77535845994992
3.45165772672854,2.43610572290119,0.98481727701926,2.52238057823664
2.78001204809994,1.83849278262005,1.3486755398112,1.74602096352862
2.45610982327497,1.71783726765571,2.16737103456405,2.27096040435884
2.05194712464628,1.61555261809851,0.72124383801992,1.61675902034861
1.98078891907746,1.35222769851751,1.08983518689125,1.03137143757811
2.07917198912815,2.08235659866109,0.831408255155407,2.37408689329783
1.71007298349912,1.62058156555054,0.755574025805005,1.56349770685402
2.27000661132992,2.21878970065624,1.25113699237781,1.79672508945067
2.29999876639292,1.84252728813646,1.16672697625742,1.57025459407225
1.91180738545385,1.96066315109927,1.10117711901352,1.7095580832503
2.64254562172727,2.0943041320934,1.34339171981922,1.45698947942159
2.33657433293841,1.53424422965641,1.38451122266903,2.06652040613712
3.24902367670984,2.9060633833286,0.948122921129301,1.27970053723526
2.98965309649241,2.52946895726818,0.897236340452543,1.41860783365262
1.6442488066417,1.47891598833264,1.07184869969712,1.93622946370574
2.04757247333912,1.85393483092956,0.74719760785615,2.11538496398933
1.55043019005573,1.94110018860679,1.29311516044197,1.88121553453629
2.57786198065687,2.14231362756579,0.806066653456782,1.63854744749946
2.03758051772198,1.88532050691048,0.924493892258597,1.35399271947911
1.81222218755599,2.19218098903082,1.1142458040781,1.94015160681081
2.8382836482457,1.66314413664558,1.28065354378176,1.39759732073856
2.61651256632622,2.25553650351453,0.980008137807788,1.80063365595489
2.31595217824327,1.90386401487427,1.17156315031523,2.12574507267673
2.5593952167613,2.04096464657739,0.860654478562485,1.4178588334344
2.09466947152532,1.98212688127253,0.832958226068604,1.34036978424649
1.66716140863117,2.01131279313305,0.91592911243756,1.25317138818693
2.04151100254882,1.60945752934663,1.55030457171043,1.67500466023766
3.34526979490103,2.83208339790357,1.18452692890965,1.63874052595578
2.00980845227145,1.66560526862429,1.32078382778042,1.26683698416164
2.08568212857002,1.65035464718305,1.35326355682471,1.31446879992926
2.10536831480101,2.50659593869628,0.881460765772685,2.0709064291884
1.95250036897473,1.40633654941047,0.911873156642005,1.69042292446741
1.92482111363622,2.33771374192527,1.1506428664491,1.43721912234683
3.38257272866307,1.96929892499334,1.0026879419339,1.46195767994873
3.88443105277726,1.61466796846816,0.981095509723405,1.66036127477024
3.97119944858236,1.68126984963929,0.980348492828043,1.68829889085501
1.89407006550421,2.4545750774043,1.09445652250806,1.3409716168024
2.33247400972027,2.26049150437807,1.11689791736014,1.68245955638035
2.34371631578718,2.45217990191964,0.841073896610048,1.539589510274
2.00896878929205,1.66829216426987,1.52938514755739,1.95091653925844
3.19386772462149,2.29314253842486,0.899610808972374,1.49800880606855
1.63870047342895,1.5747198504436,1.12167158510196,1.87749996613394
2.6068725944314,2.17068705134378,0.899468070884612,2.05043919979124
2.3987988910497,2.25376779265987,0.809215412498856,2.13816466795212
2.31758222116595,2.10088445086405,0.598722694879864,2.16235919241502
1.57438754816428,1.86388644822024,1.64707600987542,1.56789931397105
1.69961959870558,1.95646884072967,1.04674116982173,1.95131908634646
3.13488738215873,1.79294794746374,1.40436893115011,1.61928870694458
2.0967142381272,1.83690339703391,1.42919355295449,1.4293291776543
3.15278596176571,1.99376304311263,1.05282168309432,2.21035511360068
2.42541499011914,1.88988586114123,1.71624386019524,1.44523719090484
2.59136171422446,2.10392740699925,0.703581735072663,1.79348217096945
1.80722173227142,2.36610669249506,1.39822510226218,1.75619914571949
2.51871062634696,1.88303573747956,0.949953075117013,1.66972131244643
2.71606910525507,2.00796134073972,1.17919569479358,1.60883729346378
2.44068460202133,1.86284742807021,1.12593524669046,1.79273331675869
2.41649746273294,1.9221308888609,1.03794524900009,1.72823727703981
2.28126074689778,2.1302702472273,0.780619700568713,0.954198009810253
3.50440929060487,2.3044152865408,1.80451688324596,2.63042454953493
2.2434249320752,1.45308155688995,1.09687696985187,0.982303529196576
2.318317001283,1.98833858670872,1.41615614818032,1.91073310327896
2.29534115493128,1.96997985274007,1.24677737171477,1.41954914308744
2.26139111566284,1.69749625167366,1.00093996768311,1.54849311649129
1.93447081825728,2.30989758222007,1.25074513468471,2.07042714762908
2.66318565703434,1.64372509420711,1.15965705949184,1.66372513086059
1.97775917254051,1.77254604326601,1.1929066632975,2.05092201957655
1.9228883455114,2.12656816675692,1.07669265768579,1.59604326760759
2.27759356477313,2.18735769284911,0.61317654960806,1.23786062208454
2.04835868329916,1.75832699121207,1.33254730095847,2.18611640854303
2.44451445158733,1.73610185650926,1.12840877272131,1.1836599354294
1.58843276098415,2.56815506311557,1.03917761974869,2.58163903072799
1.9361255408074,1.81105869126498,1.12412220969725,2.06088464253859
1.34351766478162,2.12421233056256,1.18873242479135,1.95620428871565
2.79954999709013,1.8566328223971,0.826417503298389,1.58944474963359
1.76745669442645,1.82570649909191,1.70916317436195,2.08160680974286
2.64622977439626,1.99642280587777,0.725736172720114,1.46286567792031
2.43369343728098,2.12821995679493,1.04904502212706,1.97490276741432
2.00352598290797,2.43046198866453,1.04789463110786,1.2983635956228
2.26754169121835,1.64863543692252,1.40646450137211,1.79074669760055
2.09613512298125,2.51051691761707,1.18475798540939,1.4368478231334
2.56975925653527,2.04157858475564,0.952068312738668,2.37986004713064
2.73280995233825,2.13495030605042,0.937022535860792,1.58535296655491
2.6843087719644,2.11950791554862,0.932304216968036,1.58696494303939
2.83727235963718,1.95393673405002,0.914814521279246,1.30768872675984
1.77104242903493,1.66798120668351,1.8624462395372,2.33784932909654
1.56195498042966,1.64633366053989,1.57599671286441,2.28224668338671
2.01444756498678,1.83055861299321,1.52800104922283,1.62256762282045
2.37118754956171,2.33883308239674,0.79648334133024,1.79725526866536
2.21294702098674,1.76067825274388,0.767845223964296,2.04042003192079
1.39750772015447,2.28337090215498,1.26669656638633,1.57389040275967
2.09279200532899,1.84124531181153,1.96990069637352,1.80096653708868
4.1988848643985,2.59419000391979,1.16876401339901,1.42165142970275
1.22093593222052,1.52204085288429,0.796061484933965,1.7320987063518
2.2307849165413,2.06396540777942,0.990939874312182,1.44198332316463
2.09416394109246,1.88927694915775,1.13226755132819,1.87774265072751
1.85792146839362,2.31138984389952,1.04079971908745,2.31932742322185
1.95734055157912,2.25783703099823,0.870354922537996,2.14051653775179
2.72413741661897,1.7479638362775,0.973431464835093,1.68625780170208
2.02848592810496,2.52050595973584,0.977075072594849,1.73104886179276
1.76834922846094,2.31646038587529,1.06160400645314,1.47428703608736
2.08369400682501,1.52231119967547,1.29446730168687,1.91463728739596
2.6647134549628,1.87261411092411,1.26318282881323,1.37535762682989
2.19861779512534,2.47766671392686,0.768639036557613,1.93138968684129
3.16623128920974,1.96093509755021,0.916284841528891,1.51833766594774
3.01323244781852,1.79217442719887,0.883819524342673,1.20202017582835
2.26987192201715,1.68669908735786,0.895026768848223,1.51470945635842
2.80392135868104,1.62931856824648,0.813560034208226,1.657610488588
2.49790034012169,2.11909431809197,1.25280069558298,1.84827300864097
1.39842983018499,1.82500250176471,1.01494789589261,1.67106886786455
3.12332193724753,1.99385162571927,1.09389024208826,1.91523557018864
1.48074769681122,1.99942605827791,1.06864676262694,1.50589422231202
2.42186347839979,2.43085398260394,1.21610606111575,1.91064778208923
3.98509114699631,1.92490087196946,1.20316723327368,1.23546087371702
3.28120355920881,2.27588919149203,1.03755608716192,1.76574577766621
1.76972760852275,1.49195101326583,1.08845353980099,1.54454954621844
2.44459094848034,2.53248287610309,0.804074117082539,1.5336762274682
2.22754484433258,1.590951639314,1.36145583993625,1.75654264717316
1.8032105833975,1.92488841369555,0.790585008914958,1.57002076273686
2.22708176940054,2.4706553103126,0.899156793388481,1.33747541578057
2.48469979537879,1.61768693953778,1.35116625531961,1.78003503438547
2.98671398810401,2.50102717891944,1.30685011048818,1.59958164395533
2.51555864930804,1.52842897191528,1.72563196894014,1.94315245084602
2.61220317543928,1.51219837348202,1.7070945022912,1.62877541459996
2.95768797070452,1.63987990739217,0.866790493946916,1.60306819333836
1.67925079445999,2.32738315694807,1.15317904053461,1.63390790253947
2.75165944192523,2.15541539201628,1.24001546910889,1.57300391746191
2.40849994400677,2.26019342402379,1.34221603260705,1.87060810566858
1.88177543759891,1.99047966222623,0.917679197551592,1.8729885342504
2.80535247538922,2.07271375195723,1.76046170953279,1.5650257286889
2.83154970699355,2.01620705966073,1.60011782713658,1.43501808409397
2.32024354461178,2.20182671823181,1.28142682581619,1.1951381416541
2.07858751704132,1.70564464909508,0.84679469801917,2.59867814208433
2.29417087212069,2.08045254572454,1.62151572215592,1.28929701764698
3.23762098708177,2.22217162998067,1.26313071087833,1.76243417534826
1.58766673935984,2.044312461006,0.844471178473601,1.69262196031527
2.65928087798926,1.64720161637988,1.24542795921197,1.42283776391216
1.76990671920371,2.2483179662956,1.16055022834426,2.10096192709024
2.40565001403673,1.90752137680812,1.48811772513707,1.58793562857746
2.47684737297029,1.76685351840294,1.3325584694273,1.61105831331507
2.38070319195084,2.01347573614023,0.65776737649021,1.41498210638697
2.46062710688079,1.69921387683921,2.15898126020419,2.64227027987759
2.60620336555205,2.16375264766804,0.732187038347729,1.20613207653672
1.50832347982614,2.54138219388923,1.36203182273183,2.47939665378525
1.80019876354504,1.45631268730252,0.784871278657925,1.29890952705709
3.47639174751805,2.76082116866049,0.894835707807071,1.66032989421569
1.89956424292444,1.53746787454823,0.988585265290624,1.51456243016002
1.91280813726224,1.85389919778401,0.996248334589766,1.68431027702809
2.72764480537415,1.64711528425775,1.6323328424614,1.3363434730022
2.03006478502774,1.69279350279053,1.89511091352608,1.76474748535572
2.77633018164778,1.94617400729787,0.67147125031033,1.50533005282179
1.88721162579846,1.89404010608759,0.855901603460193,1.7789420613035
1.90916476376779,1.72846322728327,1.31236414831889,1.68221314928653
2.26479893517782,2.24680772349222,1.24657466986741,1.30706048102682
2.36664712678792,1.82488627267629,1.42741341130165,1.48936484447521
2.62930880046345,1.69053647985764,1.41442136107523,1.59267569657659
2.81981581718117,1.95013590473012,1.95078976243171,1.49682404668196
1.64494448382797,2.0123659571923,0.811455940592022,1.69013657993914
2.49335265192386,1.75543354922795,1.44789611123225,2.16749371324738
1.90588059704356,2.05218437509325,0.942645713048216,1.73052720637141
2.79063682392566,1.93876288296244,1.36439459323486,1.9107430007769
2.36415132086866,2.22796590478893,1.32421990911362,1.49063244653512
1.93151794424207,2.04676498550082,1.31481038563981,1.83699488620471
2.91560456501336,2.30410330702712,1.05936601231407,1.79132776302352
2.16545580523091,1.64009549159653,1.45992115738947,1.67478069416858
2.27872031440622,2.44574843751309,0.731273524955353,2.0978153909884
2.45806711086682,2.07111051200998,1.46886520805287,1.52161850163035
2.39104569969718,1.67223250070936,1.06965233801897,1.8815682778883
2.48352594315795,1.7813525318409,1.12820754872366,1.49818525815597
2.06376450981224,1.82937937214286,1.07567409223878,1.81672201330658
2.30969420532825,1.91638597592343,1.76247421845562,1.87687516824721
1.97086302712663,1.67937305332356,0.649505946652826,1.97301690837707
2.34691295773634,2.05820538268892,1.97060083400081,1.51873182023454
2.20152730570705,1.8134008011713,0.672452548593273,1.88380364769314
2.01025359720283,2.00527891346677,0.683462661642676,2.05986139298466
1.85086668571714,2.18485038728152,0.697545436127621,2.1606010791144
2.86533579194494,1.51164538133856,1.38113731607921,1.25936338232478
2.45642165745967,2.31053996164744,0.942294334483893,2.0464956822059
1.627679503789,2.04860876602038,1.24498348677484,1.65318796914707
1.71834735367636,2.07491964546794,1.41733905187633,1.68418247329001
2.09252976415823,2.14180867223421,0.943565274477474,1.97438017701481
2.09361144000399,2.12288188295097,1.39234827624176,1.41197119017221
1.6037637270104,2.01351908792238,1.01386536741083,1.68631585462072
1.53632358462839,1.88952757325246,1.8570194491525,1.41064443994943
2.10496728888554,1.97181505017176,0.985807634142708,1.67108940753543
2.5861868733475,2.16430252185442,1.24582573595524,1.78402713378513
2.20506924835362,1.63442196023622,1.53826618804946,1.78106915477898
2.39626576130826,2.6976731093388,1.2802841576613,1.83713678265069
1.94955578835412,1.68951912388457,1.07043812032616,1.76038775459875
1.6605567915766,1.69983953408263,1.11189488548141,1.58567830888818
1.65914863033612,2.50138491461556,0.686213161512711,2.25719202921075
2.23797938264876,1.98128669539416,0.959312956526481,1.77359635655498
1.48952288036507,1.90724909236521,1.07713029597398,1.85790180282517
2.81198699753644,2.38199637186698,0.933554432257939,1.47857149891104
2.15270062831905,1.93188637627517,0.999645821411576,1.75463818102138
2.05230761704545,2.11615612036429,1.21458594155938,1.67539016661049
1.98437212596321,2.00161959427293,0.88912626818136,1.38486097966143
1.19904554368229,2.18620246465632,0.896880450197783,1.60630071746924
1.20298991193803,2.36225714039597,0.843461201664625,1.72012899073671
2.07916044745187,2.56831796223685,1.56138631496971,1.6113445661342
2.22184768764486,2.00767287325889,1.35499306565408,1.26034776276906
1.33244524590995,1.57760944604289,1.00986708020924,1.45396469356303
2.63392611925217,2.61512549502387,1.3401426861238,1.86738542998704
2.83937621793031,1.94192312293211,1.5908859273924,1.20762661547721
2.08366852159531,1.9773120830177,0.903584339819638,2.44922435269076
1.55756519088789,1.75970055740752,0.8635609260237,2.10601514721179
3.44416536294378,2.23170080985095,1.3660956701792,1.29712752613202
2.66187455805922,1.89332811879615,1.00507920674852,1.8229730536793
1.53537331431679,1.95162067975946,1.18295484367175,1.46198454748379
2.59662864031734,1.86657514969734,0.91398519069341,2.2702303486727
2.30368586454382,2.11042002535298,1.10616239394421,1.31972506145615
2.61917007919263,1.56418979018665,1.52576046291159,1.85980779172024
2.42824501418389,1.97821008689501,1.17827973641697,1.9058072496543
1.79688642562435,2.89066672818423,0.813817575247512,1.61578298555137
1.82444351345102,1.30020460605375,1.77734321205193,2.00036381023464
2.33508154440597,1.88444399179964,0.997389950306441,1.53854777860405
2.39728772084528,1.73263490941699,1.65075284478017,1.34394811280718
2.34057251223478,2.31543118957977,0.786058072172837,2.00517697941647
3.08588626029805,2.05968545746552,1.44723430478348,1.83523206962904
3.12502203618907,1.97232846852393,1.42992325693685,1.62830746672577
2.02696838615302,2.27171537591309,0.921069597285991,1.64922059894985
1.40032436599643,1.63881932113201,0.815069361867608,2.10410012584236
1.50164887684191,1.38480292803414,0.773564747661274,2.34692010188251
1.61016486445849,2.02826731126139,0.628223094548496,2.18206845137385
2.42694551865271,1.73282761798047,0.660257070057545,1.73892141250842
2.25121361198222,2.15887328459761,0.644493724654772,2.51793975836354
3.28407372963128,1.84460315597714,1.195834830706,1.88257160416756
1.8754626818301,1.94595732391121,0.920068656192351,2.48672922302154
2.15039845420812,1.76644986732704,1.27942536437884,1.42077655305934
1.90935159948956,2.33280217205012,0.872964067669423,1.78576640178979
1.75041284474674,1.92145427493506,1.21985650410929,1.67681795932598
1.80861506112136,1.88579732620372,1.66592987138117,1.86448647983126
2.38467322321871,1.90061299896667,0.807067415155542,1.48315036858093
1.85129103896466,2.01969108649467,1.33468970906819,1.97125549147992
2.25450206562557,1.88818806463475,0.869458907853972,1.429306819014
1.74034772193154,1.81285700809418,0.978194744965841,1.84679795984828
1.91414826828193,1.82855210857702,0.892959544322379,1.80385629713785
3.14823757915352,2.01288842362277,1.36014687343607,1.64054498705701
2.54516678815466,2.02936045922172,1.25078471390691,1.55913613172199
1.9706604134423,2.41557633286667,1.00369232141009,1.37518015166001
2.77481470267215,1.86429150146669,1.4698288072856,1.75595001667941
1.88563605984353,2.03407992429908,0.825391689124777,1.63890942017892
1.82572350406975,1.97901856524932,0.805888207492527,1.6260133724021
2.64156215540139,1.74623625720581,0.747079293603252,1.63552321798892
2.37726108924461,1.68936332556848,1.22446362486573,1.7553980330617
2.70661722876339,1.72384048080785,1.30490022013741,1.68402357868705
2.44776429602485,1.88517380217917,1.32201510579944,1.77915473139684
2.62940576823452,2.14218740847648,1.30788304163546,2.12911672341438
1.80270368678,2.44536301912682,0.864341857382922,2.25952768962493
2.02397682926995,1.65277155048115,1.32145858983272,1.7580423465285
2.36669501323407,2.83419191306034,0.825042804615059,1.05575654242714
2.17012488902585,2.81038735335726,0.843415105924277,1.10444859267604
2.40023007204709,1.95737150272252,1.46704120849457,1.67792890087497
2.06165161470548,1.75925804700531,1.05222327694063,1.786945611261
1.58309926623347,2.11584261547614,0.996464763378076,1.78836776965214
2.75443169509484,1.90247113984896,1.26186167325652,2.06131864968419
2.00724451515766,1.79918163929012,1.11138657516193,2.17658311330557
2.79536318281748,1.62191185718776,1.06210397554696,2.2183427368096
2.32267581102194,1.94178894401399,0.995722011686013,1.78184427109688
2.75777197419217,2.0363722521419,1.28898076248584,1.71282301932531
2.80658262853163,2.03181611470216,1.22039725244992,1.78825756096845
1.74840855865023,2.02122816449875,1.02644861505001,1.53371795476358
2.32828553051658,2.34452188295508,0.900122444427602,1.65019495005754
2.48810208062542,2.4570147282649,1.45835392563111,1.92388500722443
1.65469813830475,1.70649643916716,0.98512368234597,1.25724704013057
2.93245465105908,1.86927670938637,1.57020733074415,2.10532582418751
3.36159760685874,2.4309727595657,0.972216662143463,1.89795522866101
3.87063008241585,2.24240893615839,1.52763465503376,1.66261434674548
2.71847471291486,2.53942340315991,0.922405611647047,1.8967217958082
2.33242056132458,1.94153018623582,1.10185985897544,2.45383073921463
2.01348812372744,2.5827592416839,0.915047860814059,2.41647815276236
1.63633095429733,2.02850440584018,0.932594144515925,1.91442834971185
2.01079432455331,2.00244951404712,0.861510724332439,1.50142030330801
2.36917794031483,2.48276678969516,1.18248892228035,1.69496161767633
2.25978354687778,1.27110346399629,1.47077247361439,1.75819169323064
3.01038701451126,2.7327067358534,0.918668943781018,1.69454930409435
2.40660751909165,1.25476639314324,2.80257082747676,1.66671169510344
2.32434775325901,2.6029621818985,1.4415709497311,2.37196384360874
2.54105896182261,1.41812422645347,1.63617052523205,1.35057614345906
2.29009801588463,2.66862510236021,0.916857871636672,1.98506262542179
2.30799353293077,2.16488942891481,1.22795859663881,1.7721594446052
3.15375468066673,1.5169970041226,1.61266547133988,2.17007478235105
1.84502173850951,2.39606686892894,0.855382634380582,1.26204958311477
2.38745334551633,2.097405184374,0.88561553226927,1.67701888221133
2.10802522914482,2.529971477245,0.799641542861995,1.23141651600813
2.44373707814634,1.83133911397176,1.35017715516644,2.31432429639251
2.53920951502833,2.02056393967789,1.33705584565917,2.24010102509801
2.44372914793681,1.51974662681538,1.39238647212994,1.49934506003752
2.36933504656902,1.53398718510196,1.39706403274538,1.40209486157332
1.99763797920878,2.60071924501372,0.708905951048097,2.14214621610238
1.45204520969833,1.69597728734423,0.924893574145138,1.51663264559763
1.61608258845692,1.79876965766707,0.72626024598717,1.69898463823251
3.26555438654422,1.54834548731028,1.24082610246461,1.75451098368514
2.22319332049418,2.70943426080225,0.651544489785645,1.44211531902862
1.7951919783895,1.34187989478479,1.50132251723063,2.40796611624958
2.35148720917155,2.32809971147717,0.933487321110963,1.84082841167705
2.12226869170887,2.25295456469033,0.822369369443155,1.78155337956194
2.07919250274259,2.66940429253903,0.794714003572741,1.46724814240647
2.5153968411869,1.89272411969686,1.10420150494146,1.68918962989623
1.89132642398736,1.7546547430184,1.02217498812955,1.81244790040832
2.42595359986877,2.34214438954121,1.15015640818769,1.66175642381775
1.71661274091255,1.99380706350383,0.788646749766063,1.39452443683796
2.25688562290066,1.79688843829082,1.60372740460902,2.59722867210169
1.51665681105607,2.36483519751917,0.717603802166535,1.19368476765075
2.62418396582975,2.09304595793813,1.28891659981525,2.24485187646017
2.82079341482328,2.29990183502065,1.1806047478971,2.32420070453706
1.33282740387462,1.32220588887055,1.1657489926996,1.27010297420871
2.66019845272243,2.30900507004802,0.802502878878871,1.7663979790387
2.11730126878674,1.67869660172434,1.61527679380685,1.794796209034
1.73268135897399,1.68803814432058,1.59965203408024,1.40814090116327
2.17902240629555,1.99874308430291,1.20680608497964,1.87880601486175
2.59470445984974,1.97485356550156,1.13239820079933,1.52812679574892
2.6673329289723,1.91346551287522,1.04369368461211,1.4776025465459
2.58872687726381,2.46937622776276,0.982099931172565,1.75004184711351
2.35459448439188,1.80097222060276,1.3026592612758,2.1204968938513
2.07961543447799,2.0462531074998,1.05917998050724,1.64399064111244
2.33391692786668,2.39779452917443,0.695396395493645,1.52849193077709
1.80354219771164,1.94919237519984,1.53691866045928,1.72077776313676
2.1618993495864,2.50875541384251,1.3296780592344,1.52896396757472
2.53524002484899,2.13039209193084,1.4630587781299,1.55639080412109
2.69636620074207,2.191706789185,0.821103557273891,2.19303703487176
1.98606962640112,1.65504409657867,1.38278695742038,1.73824950183958
2.06283151792968,1.63139249676709,1.91788632317127,1.3955047245833
2.66381156792138,2.30047161133552,0.742901335312025,1.5530075325402
1.62771400701794,1.88778196503932,1.7747360577629,1.98505853633923
2.39938924824171,1.817489240732,1.36991377882354,1.8710515470061
2.29272615839956,1.92232944675661,1.44663400039027,1.90533642069027
1.91822884539466,1.6806099467221,1.164120724873,1.84809462782624
3.36943892681054,2.04188007480996,0.9942719895207,1.50623863124089
1.98386826242912,1.95742601726681,0.701661865227005,2.06401844845094
2.8369261237284,1.92769458338963,1.94189063595494,1.41042868202799
2.88231114135466,1.91493009634785,0.86300496779722,2.16288359177285
1.982430437066,2.23855448610204,0.774346218755334,1.20707018151871
1.97579091572529,2.2231841504166,1.37689427683809,2.17879584082682
1.82668809862393,2.32409012605725,0.628196162648721,1.75602866773344
2.54517335794636,1.96201674816021,2.043089795335,1.45040489145068
2.50860270292079,1.74217131242044,0.826262951636451,2.34041521781839
1.81891601721372,2.04496711109014,1.07276157761467,1.78386614467558
2.34589924049662,2.11462645862767,1.12182591662716,1.77010739644931
3.03069038383021,2.69927240600252,0.992503497275944,1.75955076300861
2.65785347001268,1.45979640888506,1.21781398619834,1.66301335913366
2.25815122857479,2.81764199412487,1.00048620343088,1.59408412005018
1.97178510233356,1.95898031760323,0.878739338622652,2.05069164526422
2.80103933544181,2.88254355225627,1.5455862801369,1.41431588970725
2.09640889769708,1.48874244524247,0.829299843621507,2.14176916865298
1.41004634842813,1.8387523716231,1.08504026586261,1.56050244402005
1.78143729568105,1.92448971179231,1.06017927420781,1.61417293720598
2.06843729055033,1.98562435942477,0.924208075601481,1.72096004407533
1.95231553944512,1.92260994113587,1.17548939072977,1.73037929110924
2.54349248818496,2.73090030824054,0.961572712038112,2.41487910820913
1.85364310772315,1.68142747124491,1.10247308733475,1.3722176939526
2.49704378073981,2.24083016862355,0.814523287362785,1.88604557823922
2.67555859511708,2.12029713944764,1.47893137276869,1.86945399876624
2.71739488525569,1.73128055127065,0.895142780086107,1.59871880763488
2.51484596073402,1.48779723071317,1.14195443425787,2.16195357363511
1.67715745631518,2.10082642145329,1.04134091620587,1.70540991246447
1.59932016400989,2.30365637464601,1.20611505341116,2.09074434493294
3.04237759083191,2.91511491755808,0.904005401606353,1.25959231783945
3.30660164670718,2.64709793073585,0.713395935692562,1.41631273759675
2.3347764700585,1.61456493811174,1.57886959605288,1.66014296963936
4.33655229094157,2.23624256250538,1.10829520577272,2.49073526400843
1.4817247201685,1.82507311830399,1.57864845583867,1.56740901546045
1.63490974012705,1.95570765582321,1.28662128846062,1.67939735608754
2.32925964945337,1.5018289421559,1.48243785435124,1.97567091755818
2.41736527593772,2.67766584346333,1.09900957589789,1.35576229494453
3.07251574190327,1.57737983844582,1.62391097455768,2.13102410165946
2.88914572644819,1.65442759567948,1.69916074228168,2.15568173032103
1.57831554913169,2.02284833997294,1.02916284375157,1.57351880519342
2.08219068627698,2.07239496614152,1.13328529103327,2.15979850122091
2.10914508678652,2.32423530073328,1.2613207738173,1.83958619844661
1.81967233149497,1.63524692438213,0.896379109530402,1.64885393455376
2.42735482585418,2.0737408186373,0.993826751028455,1.66534788275843
2.17053317122781,1.90474817150336,0.770341916754885,1.48079643142266
2.43604880766652,1.66708411510475,1.62576453843045,1.70209628464725
